query_id,target_gene,exclusion_gene,disease_context,profile,max_exclusion_penalty,DepMap_ID,cell_line,lineage,primary_disease,exclusion_evidence_observed,exclusion_expression_std_mean,exclusion_scaled_within_query,rna_score,protein_score,biological_score,confidence_score,exclusion_penalty,final_score,production_ordinal_rank,score_tie_rank_min,score_tie_rank_max,score_tie_rank_mid,final_score_tie_size,full_comparator_tie_size,p00_final_score,p00_score_tie_rank_mid,realised_score_drop_vs_P00,rank_change_vs_P00_positive_is_down,in_top10_with_ties,in_P00_top10_with_ties,score_clipped_to_zero
Q01_FGFR2_MET_GASTRIC,FGFR2,MET,gastric,P00_no_penalty,0.0,ACH-000581,SNU16,gastric,Gastric Cancer,True,0.3190376392449971,0.45685033719802876,1.0,,1.0,0.5875,0.0,0.9381,1,1,1,1.0,1,1,0.9381,1.0,0.0,0.0,True,True,False
Q01_FGFR2_MET_GASTRIC,FGFR2,MET,gastric,P00_no_penalty,0.0,ACH-000793,KATOIII,gastric,Gastric Cancer,True,1.078912486862736,0.6288964489999341,0.9858,,0.9858,0.5875,0.0,0.926,2,2,2,2.0,1,1,0.926,2.0,0.0,0.0,True,True,False
Q01_FGFR2_MET_GASTRIC,FGFR2,MET,gastric,P00_no_penalty,0.0,ACH-000144,RERFGC1B,gastric,Gastric Cancer,True,1.0624062322741605,0.6251592060430449,0.7606,,0.7606,0.5875,0.0,0.7347,3,3,3,3.0,1,1,0.7347,3.0,0.0,0.0,True,True,False
Q01_FGFR2_MET_GASTRIC,FGFR2,MET,gastric,P00_no_penalty,0.0,ACH-000633,FU97,gastric,Gastric Cancer,True,-0.8833576665655151,0.18461151015683175,0.5041,,0.5041,0.5875,0.0,0.5166,4,4,4,4.0,1,1,0.5166,4.0,0.0,0.0,True,True,False
Q01_FGFR2_MET_GASTRIC,FGFR2,MET,gastric,P00_no_penalty,0.0,ACH-000247,OCUM1,gastric,Gastric Cancer,True,0.6585242683849536,0.5337147770928037,0.4807,,0.4807,0.5875,0.0,0.4967,5,5,5,5.0,1,1,0.4967,5.0,0.0,0.0,True,True,False
Q01_FGFR2_MET_GASTRIC,FGFR2,MET,gastric,P00_no_penalty,0.0,ACH-000538,HUTU80,gastric,Gastric Cancer,True,-1.56247710535402,0.030849533090535185,0.4871,,0.4871,0.5,0.0,0.489,6,6,6,6.0,1,1,0.489,6.0,0.0,0.0,True,True,False
Q01_FGFR2_MET_GASTRIC,FGFR2,MET,gastric,P00_no_penalty,0.0,ACH-000674,NUGC4,gastric,Gastric Cancer,True,1.8219928205211326,0.7971400519605925,0.4484,,0.4484,0.5875,0.0,0.4692,7,7,7,7.0,1,1,0.4692,7.0,0.0,0.0,True,True,False
Q01_FGFR2_MET_GASTRIC,FGFR2,MET,gastric,P00_no_penalty,0.0,ACH-000761,NUGC2,gastric,Gastric Cancer,True,0.2741172852587982,0.4466797515176108,0.4494,,0.4494,0.5,0.0,0.457,8,8,8,8.0,1,1,0.457,8.0,0.0,0.0,True,True,False
Q01_FGFR2_MET_GASTRIC,FGFR2,MET,gastric,P00_no_penalty,0.0,ACH-000110,NCCSTCK140,gastric,Gastric Cancer,True,0.3839281101377026,0.4715424318832064,0.447,,0.447,0.5,0.0,0.4549,9,9,9,9.0,1,1,0.4549,9.0,0.0,0.0,True,True,False
Q01_FGFR2_MET_GASTRIC,FGFR2,MET,gastric,P00_no_penalty,0.0,ACH-000239,HUG1N,gastric,Gastric Cancer,True,0.6098812064903589,0.5227013191643811,0.4411,,0.4411,0.5,0.0,0.45,10,10,10,10.0,1,1,0.45,10.0,0.0,0.0,True,True,False
Q01_FGFR2_MET_GASTRIC,FGFR2,MET,gastric,P00_no_penalty,0.0,ACH-001015,AZ521,gastric,Gastric Cancer,True,-1.3430976872986289,0.08052004923424347,0.4448,,0.4448,0.4125,0.0,0.4399,11,11,11,11.0,1,1,0.4399,11.0,0.0,0.0,False,False,False
Q01_FGFR2_MET_GASTRIC,FGFR2,MET,gastric,P00_no_penalty,0.0,ACH-000485,GSU,gastric,Gastric Cancer,True,0.8116317821084148,0.56838042302958,0.4164,,0.4164,0.5,0.0,0.4289,12,12,12,12.0,1,1,0.4289,12.0,0.0,0.0,False,False,False
Q01_FGFR2_MET_GASTRIC,FGFR2,MET,gastric,P00_no_penalty,0.0,ACH-000466,SNU216,gastric,Gastric Cancer,True,0.8252608659893396,0.5714662349846491,0.3898,,0.3898,0.5875,0.0,0.4195,13,13,13,13.0,1,1,0.4195,13.0,0.0,0.0,False,False,False
Q01_FGFR2_MET_GASTRIC,FGFR2,MET,gastric,P00_no_penalty,0.0,ACH-000507,KE39,gastric,Gastric Cancer,True,0.47471379628200483,0.4920975592931516,0.386,,0.386,0.5,0.0,0.4031,14,14,14,14.0,1,1,0.4031,14.0,0.0,0.0,False,False,False
Q01_FGFR2_MET_GASTRIC,FGFR2,MET,gastric,P00_no_penalty,0.0,ACH-000356,MKN45,gastric,Gastric Cancer,True,2.366261419467912,0.9203699450386827,0.3673,,0.3673,0.5875,0.0,0.4003,15,15,15,15.0,1,1,0.4003,15.0,0.0,0.0,False,False,False
Q01_FGFR2_MET_GASTRIC,FGFR2,MET,gastric,P00_no_penalty,0.0,ACH-000847,HGC27,gastric,Gastric Cancer,True,-0.5876300265078397,0.2515683133511802,0.3429,,0.3429,0.5875,0.0,0.3796,16,16,16,16.0,1,1,0.3796,16.0,0.0,0.0,False,False,False
Q01_FGFR2_MET_GASTRIC,FGFR2,MET,gastric,P00_no_penalty,0.0,ACH-000880,AGS,gastric,Gastric Cancer,True,0.20693519654434636,0.4314688030538098,0.3353,,0.3353,0.5875,0.0,0.3731,17,17,17,17.0,1,1,0.3731,17.0,0.0,0.0,False,False,False
Q01_FGFR2_MET_GASTRIC,FGFR2,MET,gastric,P00_no_penalty,0.0,ACH-000908,SNU520,gastric,Gastric Cancer,True,1.209358540939925,0.6584312289367106,0.3353,,0.3353,0.5,0.0,0.36,18,18,18,18.0,1,1,0.36,18.0,0.0,0.0,False,False,False
Q01_FGFR2_MET_GASTRIC,FGFR2,MET,gastric,P00_no_penalty,0.0,ACH-000325,SNU620,gastric,Gastric Cancer,True,2.1934093963404067,0.8812338707372201,0.3183,,0.3183,0.5875,0.0,0.3587,19,19,19,19.0,1,1,0.3587,19.0,0.0,0.0,False,False,False
Q01_FGFR2_MET_GASTRIC,FGFR2,MET,gastric,P00_no_penalty,0.0,ACH-000758,MKN74,gastric,Gastric Cancer,True,-0.08220823972678769,0.36600275411239813,0.3031,,0.3031,0.5875,0.0,0.3458,20,20,20,20.0,1,1,0.3458,20.0,0.0,0.0,False,False,False
Q01_FGFR2_MET_GASTRIC,FGFR2,MET,gastric,P00_no_penalty,0.0,ACH-000898,SNU719,gastric,Gastric Cancer,True,1.3701238869482986,0.6948307133780521,0.2999,,0.2999,0.5875,0.0,0.3431,21,21,21,21.0,1,1,0.3431,21.0,0.0,0.0,False,False,False
Q01_FGFR2_MET_GASTRIC,FGFR2,MET,gastric,P00_no_penalty,0.0,ACH-000919,IM95,gastric,Gastric Cancer,True,0.4921902302798982,0.49605446420575205,0.2978,,0.2978,0.5875,0.0,0.3412,22,22,22,22.0,1,1,0.3412,22.0,0.0,0.0,False,False,False
Q01_FGFR2_MET_GASTRIC,FGFR2,MET,gastric,P00_no_penalty,0.0,ACH-001653,SKGT2,gastric,Gastric Cancer,True,-0.058664682807265854,0.3713333390616031,0.3181,,0.3181,0.4125,0.0,0.3323,23,23,23,23.0,1,1,0.3323,23.0,0.0,0.0,False,False,False
Q01_FGFR2_MET_GASTRIC,FGFR2,MET,gastric,P00_no_penalty,0.0,ACH-000746,GSS,gastric,Gastric Cancer,True,-0.1552770493896924,0.34945897109877705,0.2834,,0.2834,0.5,0.0,0.3159,24,24,24,24.0,1,1,0.3159,24.0,0.0,0.0,False,False,False
Q01_FGFR2_MET_GASTRIC,FGFR2,MET,gastric,P00_no_penalty,0.0,ACH-000047,GCIY,gastric,Gastric Cancer,True,0.8530708135563844,0.5777627894282196,0.2988,,0.2988,0.4125,0.0,0.3158,25,25,25,25.0,1,1,0.3158,25.0,0.0,0.0,False,False,False
Q01_FGFR2_MET_GASTRIC,FGFR2,MET,gastric,P00_no_penalty,0.0,ACH-000949,TGBC11TKB,gastric,Gastric Cancer,True,0.04710874821706276,0.39528189795486623,0.2736,,0.2736,0.5,0.0,0.3076,26,26,26,26.0,1,1,0.3076,26.0,0.0,0.0,False,False,False
Q01_FGFR2_MET_GASTRIC,FGFR2,MET,gastric,P00_no_penalty,0.0,ACH-000932,SNU1,gastric,Gastric Cancer,True,-1.6987300204053046,0.0,0.2439,,0.2439,0.5875,0.0,0.2954,27,27,27,27.0,1,1,0.2954,27.0,0.0,0.0,False,False,False
Q01_FGFR2_MET_GASTRIC,FGFR2,MET,gastric,P00_no_penalty,0.0,ACH-000736,SNU601,gastric,Gastric Cancer,True,0.41062202238205486,0.47758630058713847,0.2388,,0.2388,0.5875,0.0,0.2911,28,28,28,28.0,1,1,0.2911,28.0,0.0,0.0,False,False,False
Q01_FGFR2_MET_GASTRIC,FGFR2,MET,gastric,P00_no_penalty,0.0,ACH-000427,NCIN87,gastric,Gastric Cancer,True,0.1871530531754737,0.42698985384211735,0.2105,,0.2105,0.5875,0.0,0.2671,29,29,29,29.0,1,1,0.2671,29.0,0.0,0.0,False,False,False
Q01_FGFR2_MET_GASTRIC,FGFR2,MET,gastric,P00_no_penalty,0.0,ACH-000948,2313287,gastric,Gastric Cancer,True,0.27546691723596967,0.4469853267511691,0.178,,0.178,0.5875,0.0,0.2394,30,30,30,30.0,1,1,0.2394,30.0,0.0,0.0,False,False,False
Q01_FGFR2_MET_GASTRIC,FGFR2,MET,gastric,P00_no_penalty,0.0,ACH-000678,MKN7,gastric,Gastric Cancer,True,0.8949990795616151,0.5872559252563248,0.1694,,0.1694,0.5875,0.0,0.2321,31,31,31,31.0,1,1,0.2321,31.0,0.0,0.0,False,False,False
Q01_FGFR2_MET_GASTRIC,FGFR2,MET,gastric,P00_no_penalty,0.0,ACH-002446,CCLFUPGI0005T,gastric,Gastric Cancer,True,-0.16162204683312367,0.348022376450385,0.1597,,0.1597,0.4125,0.0,0.1976,32,32,32,32.0,1,1,0.1976,32.0,0.0,0.0,False,False,False
Q01_FGFR2_MET_GASTRIC,FGFR2,MET,gastric,P00_no_penalty,0.0,ACH-000911,NUGC3,gastric,Gastric Cancer,True,0.6645000215710603,0.53506776976519,0.0624,,0.0624,0.5875,0.0,0.1412,33,33,33,33.0,1,1,0.1412,33.0,0.0,0.0,False,False,False
Q01_FGFR2_MET_GASTRIC,FGFR2,MET,gastric,P00_no_penalty,0.0,ACH-002647,CCC5,gastric,Gastric Cancer,True,0.2818909942684927,0.44843982610567007,0.0832,,0.0832,0.4125,0.0,0.1326,34,34,34,34.0,1,1,0.1326,34.0,0.0,0.0,False,False,False
Q01_FGFR2_MET_GASTRIC,FGFR2,MET,gastric,P00_no_penalty,0.0,ACH-000351,MKN1,gastric,Gastric Cancer,True,0.20889235917898108,0.43191193158018293,0.0397,,0.0397,0.5875,0.0,0.1219,35,35,35,35.0,1,1,0.1219,35.0,0.0,0.0,False,False,False
Q01_FGFR2_MET_GASTRIC,FGFR2,MET,gastric,P00_no_penalty,0.0,ACH-001664,SNU638,gastric,Gastric Cancer,True,1.4127202486113328,0.7044751152476603,0.0274,,0.0274,0.5875,0.0,0.1114,36,36,36,36.0,1,1,0.1114,36.0,0.0,0.0,False,False,False
Q01_FGFR2_MET_GASTRIC,FGFR2,MET,gastric,P00_no_penalty,0.0,ACH-000616,HS746T,gastric,Gastric Cancer,True,2.717962921151329,1.0,0.0225,,0.0225,0.5875,0.0,0.1072,37,37,37,37.0,1,1,0.1072,37.0,0.0,0.0,False,False,False
Q01_FGFR2_MET_GASTRIC,FGFR2,MET,gastric,P00_no_penalty,0.0,ACH-000303,SNU5,gastric,Gastric Cancer,True,2.4136291202258042,0.9310946436728599,0.0169,,0.0169,0.5875,0.0,0.1025,38,38,38,38.0,1,1,0.1025,38.0,0.0,0.0,False,False,False
Q01_FGFR2_MET_GASTRIC,FGFR2,MET,gastric,P00_no_penalty,0.0,ACH-000225,ECC12,gastric,Gastric Cancer,True,-0.42643872262085863,0.28806424051205054,0.0205,,0.0205,0.5,0.0,0.0924,39,39,39,39.0,1,1,0.0924,39.0,0.0,0.0,False,False,False
Q01_FGFR2_MET_GASTRIC,FGFR2,MET,gastric,P00_no_penalty,0.0,ACH-000764,SH10TC,gastric,Gastric Cancer,True,0.5535644281824192,0.5099504263463508,0.0202,,0.0202,0.5,0.0,0.0922,40,40,40,40.0,1,1,0.0922,40.0,0.0,0.0,False,False,False
Q01_FGFR2_MET_GASTRIC,FGFR2,MET,gastric,P00_no_penalty,0.0,ACH-000560,ECC10,gastric,Gastric Cancer,True,0.15434038047110563,0.419560613653008,0.0197,,0.0197,0.5,0.0,0.0917,41,41,41,41.0,1,1,0.0917,41.0,0.0,0.0,False,False,False
Q01_FGFR2_MET_GASTRIC,FGFR2,MET,gastric,P00_no_penalty,0.0,ACH-000344,SNU668,gastric,Gastric Cancer,True,0.6695705052082935,0.5362157969666115,0.0,,0.0,0.5875,0.0,0.0881,42,42,42,42.0,1,1,0.0881,42.0,0.0,0.0,False,False,False
Q01_FGFR2_MET_GASTRIC,FGFR2,MET,gastric,P00_no_penalty,0.0,ACH-000255,LMSU,gastric,Gastric Cancer,True,0.5869505230637913,0.5175094971993962,0.0061,,0.0061,0.5,0.0,0.0802,43,43,43,43.0,1,1,0.0802,43.0,0.0,0.0,False,False,False
Q01_FGFR2_MET_GASTRIC,FGFR2,MET,gastric,P15_weak,0.15,ACH-000581,SNU16,gastric,Gastric Cancer,True,0.3190376392449971,0.45685033719802876,1.0,,1.0,0.5875,0.0685,0.8696,1,1,1,1.0,1,1,0.9381,1.0,0.0685,0.0,True,True,False
Q01_FGFR2_MET_GASTRIC,FGFR2,MET,gastric,P15_weak,0.15,ACH-000793,KATOIII,gastric,Gastric Cancer,True,1.078912486862736,0.6288964489999341,0.9858,,0.9858,0.5875,0.0943,0.8317,2,2,2,2.0,1,1,0.926,2.0,0.0943,0.0,True,True,False
Q01_FGFR2_MET_GASTRIC,FGFR2,MET,gastric,P15_weak,0.15,ACH-000144,RERFGC1B,gastric,Gastric Cancer,True,1.0624062322741605,0.6251592060430449,0.7606,,0.7606,0.5875,0.0938,0.6409,3,3,3,3.0,1,1,0.7347,3.0,0.0938,0.0,True,True,False
Q01_FGFR2_MET_GASTRIC,FGFR2,MET,gastric,P15_weak,0.15,ACH-000633,FU97,gastric,Gastric Cancer,True,-0.8833576665655151,0.18461151015683175,0.5041,,0.5041,0.5875,0.0277,0.4889,4,4,4,4.0,1,1,0.5166,4.0,0.0277,0.0,True,True,False
Q01_FGFR2_MET_GASTRIC,FGFR2,MET,gastric,P15_weak,0.15,ACH-000538,HUTU80,gastric,Gastric Cancer,True,-1.56247710535402,0.030849533090535185,0.4871,,0.4871,0.5,0.0046,0.4844,5,5,5,5.0,1,1,0.489,6.0,0.0046,-1.0,True,True,False
Q01_FGFR2_MET_GASTRIC,FGFR2,MET,gastric,P15_weak,0.15,ACH-001015,AZ521,gastric,Gastric Cancer,True,-1.3430976872986289,0.08052004923424347,0.4448,,0.4448,0.4125,0.0121,0.4278,6,6,6,6.0,1,1,0.4399,11.0,0.0121,-5.0,True,False,False
Q01_FGFR2_MET_GASTRIC,FGFR2,MET,gastric,P15_weak,0.15,ACH-000247,OCUM1,gastric,Gastric Cancer,True,0.6585242683849536,0.5337147770928037,0.4807,,0.4807,0.5875,0.0801,0.4166,7,7,7,7.0,1,1,0.4967,5.0,0.0801,2.0,True,True,False
Q01_FGFR2_MET_GASTRIC,FGFR2,MET,gastric,P15_weak,0.15,ACH-000761,NUGC2,gastric,Gastric Cancer,True,0.2741172852587982,0.4466797515176108,0.4494,,0.4494,0.5,0.067,0.39,8,8,8,8.0,1,1,0.457,8.0,0.067,0.0,True,True,False
Q01_FGFR2_MET_GASTRIC,FGFR2,MET,gastric,P15_weak,0.15,ACH-000110,NCCSTCK140,gastric,Gastric Cancer,True,0.3839281101377026,0.4715424318832064,0.447,,0.447,0.5,0.0707,0.3842,9,9,9,9.0,1,1,0.4549,9.0,0.0707,0.0,True,True,False
Q01_FGFR2_MET_GASTRIC,FGFR2,MET,gastric,P15_weak,0.15,ACH-000239,HUG1N,gastric,Gastric Cancer,True,0.6098812064903589,0.5227013191643811,0.4411,,0.4411,0.5,0.0784,0.3716,10,10,10,10.0,1,1,0.45,10.0,0.0784,0.0,True,True,False
Q01_FGFR2_MET_GASTRIC,FGFR2,MET,gastric,P15_weak,0.15,ACH-000674,NUGC4,gastric,Gastric Cancer,True,1.8219928205211326,0.7971400519605925,0.4484,,0.4484,0.5875,0.1196,0.3497,11,11,11,11.0,1,1,0.4692,7.0,0.1195,4.0,False,True,False
Q01_FGFR2_MET_GASTRIC,FGFR2,MET,gastric,P15_weak,0.15,ACH-000485,GSU,gastric,Gastric Cancer,True,0.8116317821084148,0.56838042302958,0.4164,,0.4164,0.5,0.0853,0.3437,12,12,12,12.0,1,1,0.4289,12.0,0.0852,0.0,False,False,False
Q01_FGFR2_MET_GASTRIC,FGFR2,MET,gastric,P15_weak,0.15,ACH-000847,HGC27,gastric,Gastric Cancer,True,-0.5876300265078397,0.2515683133511802,0.3429,,0.3429,0.5875,0.0377,0.3419,13,13,13,13.0,1,1,0.3796,16.0,0.0377,-3.0,False,False,False
Q01_FGFR2_MET_GASTRIC,FGFR2,MET,gastric,P15_weak,0.15,ACH-000466,SNU216,gastric,Gastric Cancer,True,0.8252608659893396,0.5714662349846491,0.3898,,0.3898,0.5875,0.0857,0.3337,14,14,14,14.0,1,1,0.4195,13.0,0.0858,1.0,False,False,False
Q01_FGFR2_MET_GASTRIC,FGFR2,MET,gastric,P15_weak,0.15,ACH-000507,KE39,gastric,Gastric Cancer,True,0.47471379628200483,0.4920975592931516,0.386,,0.386,0.5,0.0738,0.3293,15,15,15,15.0,1,1,0.4031,14.0,0.0738,1.0,False,False,False
Q01_FGFR2_MET_GASTRIC,FGFR2,MET,gastric,P15_weak,0.15,ACH-000880,AGS,gastric,Gastric Cancer,True,0.20693519654434636,0.4314688030538098,0.3353,,0.3353,0.5875,0.0647,0.3084,16,16,16,16.0,1,1,0.3731,17.0,0.0647,-1.0,False,False,False
Q01_FGFR2_MET_GASTRIC,FGFR2,MET,gastric,P15_weak,0.15,ACH-000932,SNU1,gastric,Gastric Cancer,True,-1.6987300204053046,0.0,0.2439,,0.2439,0.5875,0.0,0.2954,17,17,17,17.0,1,1,0.2954,27.0,0.0,-10.0,False,False,False
Q01_FGFR2_MET_GASTRIC,FGFR2,MET,gastric,P15_weak,0.15,ACH-000758,MKN74,gastric,Gastric Cancer,True,-0.08220823972678769,0.36600275411239813,0.3031,,0.3031,0.5875,0.0549,0.2909,18,18,18,18.0,1,1,0.3458,20.0,0.0549,-2.0,False,False,False
Q01_FGFR2_MET_GASTRIC,FGFR2,MET,gastric,P15_weak,0.15,ACH-001653,SKGT2,gastric,Gastric Cancer,True,-0.058664682807265854,0.3713333390616031,0.3181,,0.3181,0.4125,0.0557,0.2766,19,19,19,19.0,1,1,0.3323,23.0,0.0557,-4.0,False,False,False
Q01_FGFR2_MET_GASTRIC,FGFR2,MET,gastric,P15_weak,0.15,ACH-000919,IM95,gastric,Gastric Cancer,True,0.4921902302798982,0.49605446420575205,0.2978,,0.2978,0.5875,0.0744,0.2668,20,20,20,20.0,1,1,0.3412,22.0,0.0744,-2.0,False,False,False
Q01_FGFR2_MET_GASTRIC,FGFR2,MET,gastric,P15_weak,0.15,ACH-000746,GSS,gastric,Gastric Cancer,True,-0.1552770493896924,0.34945897109877705,0.2834,,0.2834,0.5,0.0524,0.2634,21,21,21,21.0,1,1,0.3159,24.0,0.0525,-3.0,False,False,False
Q01_FGFR2_MET_GASTRIC,FGFR2,MET,gastric,P15_weak,0.15,ACH-000356,MKN45,gastric,Gastric Cancer,True,2.366261419467912,0.9203699450386827,0.3673,,0.3673,0.5875,0.1381,0.2623,22,22,22,22.0,1,1,0.4003,15.0,0.138,7.0,False,False,False
Q01_FGFR2_MET_GASTRIC,FGFR2,MET,gastric,P15_weak,0.15,ACH-000908,SNU520,gastric,Gastric Cancer,True,1.209358540939925,0.6584312289367106,0.3353,,0.3353,0.5,0.0988,0.2613,23,23,23,23.0,1,1,0.36,18.0,0.0987,5.0,False,False,False
Q01_FGFR2_MET_GASTRIC,FGFR2,MET,gastric,P15_weak,0.15,ACH-000949,TGBC11TKB,gastric,Gastric Cancer,True,0.04710874821706276,0.39528189795486623,0.2736,,0.2736,0.5,0.0593,0.2483,24,24,24,24.0,1,1,0.3076,26.0,0.0593,-2.0,False,False,False
Q01_FGFR2_MET_GASTRIC,FGFR2,MET,gastric,P15_weak,0.15,ACH-000898,SNU719,gastric,Gastric Cancer,True,1.3701238869482986,0.6948307133780521,0.2999,,0.2999,0.5875,0.1042,0.2389,25,25,25,25.0,1,1,0.3431,21.0,0.1042,4.0,False,False,False
Q01_FGFR2_MET_GASTRIC,FGFR2,MET,gastric,P15_weak,0.15,ACH-000047,GCIY,gastric,Gastric Cancer,True,0.8530708135563844,0.5777627894282196,0.2988,,0.2988,0.4125,0.0867,0.2292,26,26,26,26.0,1,1,0.3158,25.0,0.0866,1.0,False,False,False
Q01_FGFR2_MET_GASTRIC,FGFR2,MET,gastric,P15_weak,0.15,ACH-000325,SNU620,gastric,Gastric Cancer,True,2.1934093963404067,0.8812338707372201,0.3183,,0.3183,0.5875,0.1322,0.2265,27,27,27,27.0,1,1,0.3587,19.0,0.1322,8.0,False,False,False
Q01_FGFR2_MET_GASTRIC,FGFR2,MET,gastric,P15_weak,0.15,ACH-000736,SNU601,gastric,Gastric Cancer,True,0.41062202238205486,0.47758630058713847,0.2388,,0.2388,0.5875,0.0716,0.2195,28,28,28,28.0,1,1,0.2911,28.0,0.0716,0.0,False,False,False
Q01_FGFR2_MET_GASTRIC,FGFR2,MET,gastric,P15_weak,0.15,ACH-000427,NCIN87,gastric,Gastric Cancer,True,0.1871530531754737,0.42698985384211735,0.2105,,0.2105,0.5875,0.064,0.203,29,29,29,29.0,1,1,0.2671,29.0,0.0641,0.0,False,False,False
Q01_FGFR2_MET_GASTRIC,FGFR2,MET,gastric,P15_weak,0.15,ACH-000948,2313287,gastric,Gastric Cancer,True,0.27546691723596967,0.4469853267511691,0.178,,0.178,0.5875,0.067,0.1724,30,30,30,30.0,1,1,0.2394,30.0,0.067,0.0,False,False,False
Q01_FGFR2_MET_GASTRIC,FGFR2,MET,gastric,P15_weak,0.15,ACH-002446,CCLFUPGI0005T,gastric,Gastric Cancer,True,-0.16162204683312367,0.348022376450385,0.1597,,0.1597,0.4125,0.0522,0.1454,31,31,31,31.0,1,1,0.1976,32.0,0.0522,-1.0,False,False,False
Q01_FGFR2_MET_GASTRIC,FGFR2,MET,gastric,P15_weak,0.15,ACH-000678,MKN7,gastric,Gastric Cancer,True,0.8949990795616151,0.5872559252563248,0.1694,,0.1694,0.5875,0.0881,0.144,32,32,32,32.0,1,1,0.2321,31.0,0.0881,1.0,False,False,False
Q01_FGFR2_MET_GASTRIC,FGFR2,MET,gastric,P15_weak,0.15,ACH-002647,CCC5,gastric,Gastric Cancer,True,0.2818909942684927,0.44843982610567007,0.0832,,0.0832,0.4125,0.0673,0.0654,33,33,33,33.0,1,1,0.1326,34.0,0.0672,-1.0,False,False,False
Q01_FGFR2_MET_GASTRIC,FGFR2,MET,gastric,P15_weak,0.15,ACH-000911,NUGC3,gastric,Gastric Cancer,True,0.6645000215710603,0.53506776976519,0.0624,,0.0624,0.5875,0.0803,0.0609,34,34,34,34.0,1,1,0.1412,33.0,0.0803,1.0,False,False,False
Q01_FGFR2_MET_GASTRIC,FGFR2,MET,gastric,P15_weak,0.15,ACH-000351,MKN1,gastric,Gastric Cancer,True,0.20889235917898108,0.43191193158018293,0.0397,,0.0397,0.5875,0.0648,0.0571,35,35,35,35.0,1,1,0.1219,35.0,0.0648,0.0,False,False,False
Q01_FGFR2_MET_GASTRIC,FGFR2,MET,gastric,P15_weak,0.15,ACH-000225,ECC12,gastric,Gastric Cancer,True,-0.42643872262085863,0.28806424051205054,0.0205,,0.0205,0.5,0.0432,0.0492,36,36,36,36.0,1,1,0.0924,39.0,0.0432,-3.0,False,False,False
Q01_FGFR2_MET_GASTRIC,FGFR2,MET,gastric,P15_weak,0.15,ACH-000560,ECC10,gastric,Gastric Cancer,True,0.15434038047110563,0.419560613653008,0.0197,,0.0197,0.5,0.0629,0.0288,37,37,37,37.0,1,1,0.0917,41.0,0.0629,-4.0,False,False,False
Q01_FGFR2_MET_GASTRIC,FGFR2,MET,gastric,P15_weak,0.15,ACH-000764,SH10TC,gastric,Gastric Cancer,True,0.5535644281824192,0.5099504263463508,0.0202,,0.0202,0.5,0.0765,0.0157,38,38,38,38.0,1,1,0.0922,40.0,0.0765,-2.0,False,False,False
Q01_FGFR2_MET_GASTRIC,FGFR2,MET,gastric,P15_weak,0.15,ACH-000344,SNU668,gastric,Gastric Cancer,True,0.6695705052082935,0.5362157969666115,0.0,,0.0,0.5875,0.0804,0.0077,39,39,39,39.0,1,1,0.0881,42.0,0.0804,-3.0,False,False,False
Q01_FGFR2_MET_GASTRIC,FGFR2,MET,gastric,P15_weak,0.15,ACH-001664,SNU638,gastric,Gastric Cancer,True,1.4127202486113328,0.7044751152476603,0.0274,,0.0274,0.5875,0.1057,0.0057,40,40,40,40.0,1,1,0.1114,36.0,0.1057,4.0,False,False,False
Q01_FGFR2_MET_GASTRIC,FGFR2,MET,gastric,P15_weak,0.15,ACH-000255,LMSU,gastric,Gastric Cancer,True,0.5869505230637913,0.5175094971993962,0.0061,,0.0061,0.5,0.0776,0.0026,41,41,41,41.0,1,1,0.0802,43.0,0.0776,-2.0,False,False,False
Q01_FGFR2_MET_GASTRIC,FGFR2,MET,gastric,P15_weak,0.15,ACH-000303,SNU5,gastric,Gastric Cancer,True,2.4136291202258042,0.9310946436728599,0.0169,,0.0169,0.5875,0.1397,0.0,42,42,43,42.5,2,2,0.1025,38.0,0.1025,4.5,False,False,True
Q01_FGFR2_MET_GASTRIC,FGFR2,MET,gastric,P15_weak,0.15,ACH-000616,HS746T,gastric,Gastric Cancer,True,2.717962921151329,1.0,0.0225,,0.0225,0.5875,0.15,0.0,43,42,43,42.5,2,2,0.1072,37.0,0.1072,5.5,False,False,True
Q01_FGFR2_MET_GASTRIC,FGFR2,MET,gastric,P30_team_baseline,0.3,ACH-000581,SNU16,gastric,Gastric Cancer,True,0.3190376392449971,0.45685033719802876,1.0,,1.0,0.5875,0.1371,0.8011,1,1,1,1.0,1,1,0.9381,1.0,0.137,0.0,True,True,False
Q01_FGFR2_MET_GASTRIC,FGFR2,MET,gastric,P30_team_baseline,0.3,ACH-000793,KATOIII,gastric,Gastric Cancer,True,1.078912486862736,0.6288964489999341,0.9858,,0.9858,0.5875,0.1887,0.7373,2,2,2,2.0,1,1,0.926,2.0,0.1887,0.0,True,True,False
Q01_FGFR2_MET_GASTRIC,FGFR2,MET,gastric,P30_team_baseline,0.3,ACH-000144,RERFGC1B,gastric,Gastric Cancer,True,1.0624062322741605,0.6251592060430449,0.7606,,0.7606,0.5875,0.1875,0.5471,3,3,3,3.0,1,1,0.7347,3.0,0.1876,0.0,True,True,False
Q01_FGFR2_MET_GASTRIC,FGFR2,MET,gastric,P30_team_baseline,0.3,ACH-000538,HUTU80,gastric,Gastric Cancer,True,-1.56247710535402,0.030849533090535185,0.4871,,0.4871,0.5,0.0093,0.4798,4,4,4,4.0,1,1,0.489,6.0,0.0092,-2.0,True,True,False
Q01_FGFR2_MET_GASTRIC,FGFR2,MET,gastric,P30_team_baseline,0.3,ACH-000633,FU97,gastric,Gastric Cancer,True,-0.8833576665655151,0.18461151015683175,0.5041,,0.5041,0.5875,0.0554,0.4612,5,5,5,5.0,1,1,0.5166,4.0,0.0554,1.0,True,True,False
Q01_FGFR2_MET_GASTRIC,FGFR2,MET,gastric,P30_team_baseline,0.3,ACH-001015,AZ521,gastric,Gastric Cancer,True,-1.3430976872986289,0.08052004923424347,0.4448,,0.4448,0.4125,0.0242,0.4158,6,6,6,6.0,1,1,0.4399,11.0,0.0241,-5.0,True,False,False
Q01_FGFR2_MET_GASTRIC,FGFR2,MET,gastric,P30_team_baseline,0.3,ACH-000247,OCUM1,gastric,Gastric Cancer,True,0.6585242683849536,0.5337147770928037,0.4807,,0.4807,0.5875,0.1601,0.3366,7,7,7,7.0,1,1,0.4967,5.0,0.1601,2.0,True,True,False
Q01_FGFR2_MET_GASTRIC,FGFR2,MET,gastric,P30_team_baseline,0.3,ACH-000761,NUGC2,gastric,Gastric Cancer,True,0.2741172852587982,0.4466797515176108,0.4494,,0.4494,0.5,0.134,0.323,8,8,8,8.0,1,1,0.457,8.0,0.134,0.0,True,True,False
Q01_FGFR2_MET_GASTRIC,FGFR2,MET,gastric,P30_team_baseline,0.3,ACH-000110,NCCSTCK140,gastric,Gastric Cancer,True,0.3839281101377026,0.4715424318832064,0.447,,0.447,0.5,0.1415,0.3135,9,9,9,9.0,1,1,0.4549,9.0,0.1414,0.0,True,True,False
Q01_FGFR2_MET_GASTRIC,FGFR2,MET,gastric,P30_team_baseline,0.3,ACH-000847,HGC27,gastric,Gastric Cancer,True,-0.5876300265078397,0.2515683133511802,0.3429,,0.3429,0.5875,0.0755,0.3041,10,10,10,10.0,1,1,0.3796,16.0,0.0755,-6.0,True,False,False
Q01_FGFR2_MET_GASTRIC,FGFR2,MET,gastric,P30_team_baseline,0.3,ACH-000932,SNU1,gastric,Gastric Cancer,True,-1.6987300204053046,0.0,0.2439,,0.2439,0.5875,0.0,0.2954,11,11,11,11.0,1,1,0.2954,27.0,0.0,-16.0,False,False,False
Q01_FGFR2_MET_GASTRIC,FGFR2,MET,gastric,P30_team_baseline,0.3,ACH-000239,HUG1N,gastric,Gastric Cancer,True,0.6098812064903589,0.5227013191643811,0.4411,,0.4411,0.5,0.1568,0.2931,12,12,12,12.0,1,1,0.45,10.0,0.1569,2.0,False,True,False
Q01_FGFR2_MET_GASTRIC,FGFR2,MET,gastric,P30_team_baseline,0.3,ACH-000485,GSU,gastric,Gastric Cancer,True,0.8116317821084148,0.56838042302958,0.4164,,0.4164,0.5,0.1705,0.2584,13,13,13,13.0,1,1,0.4289,12.0,0.1705,1.0,False,False,False
Q01_FGFR2_MET_GASTRIC,FGFR2,MET,gastric,P30_team_baseline,0.3,ACH-000507,KE39,gastric,Gastric Cancer,True,0.47471379628200483,0.4920975592931516,0.386,,0.386,0.5,0.1476,0.2555,14,14,14,14.0,1,1,0.4031,14.0,0.1476,0.0,False,False,False
Q01_FGFR2_MET_GASTRIC,FGFR2,MET,gastric,P30_team_baseline,0.3,ACH-000466,SNU216,gastric,Gastric Cancer,True,0.8252608659893396,0.5714662349846491,0.3898,,0.3898,0.5875,0.1714,0.248,15,15,15,15.0,1,1,0.4195,13.0,0.1715,2.0,False,False,False
Q01_FGFR2_MET_GASTRIC,FGFR2,MET,gastric,P30_team_baseline,0.3,ACH-000880,AGS,gastric,Gastric Cancer,True,0.20693519654434636,0.4314688030538098,0.3353,,0.3353,0.5875,0.1294,0.2437,16,16,16,16.0,1,1,0.3731,17.0,0.1294,-1.0,False,False,False
Q01_FGFR2_MET_GASTRIC,FGFR2,MET,gastric,P30_team_baseline,0.3,ACH-000758,MKN74,gastric,Gastric Cancer,True,-0.08220823972678769,0.36600275411239813,0.3031,,0.3031,0.5875,0.1098,0.236,17,17,17,17.0,1,1,0.3458,20.0,0.1098,-3.0,False,False,False
Q01_FGFR2_MET_GASTRIC,FGFR2,MET,gastric,P30_team_baseline,0.3,ACH-000674,NUGC4,gastric,Gastric Cancer,True,1.8219928205211326,0.7971400519605925,0.4484,,0.4484,0.5875,0.2391,0.2301,18,18,18,18.0,1,1,0.4692,7.0,0.2391,11.0,False,True,False
Q01_FGFR2_MET_GASTRIC,FGFR2,MET,gastric,P30_team_baseline,0.3,ACH-001653,SKGT2,gastric,Gastric Cancer,True,-0.058664682807265854,0.3713333390616031,0.3181,,0.3181,0.4125,0.1114,0.2209,19,19,19,19.0,1,1,0.3323,23.0,0.1114,-4.0,False,False,False
Q01_FGFR2_MET_GASTRIC,FGFR2,MET,gastric,P30_team_baseline,0.3,ACH-000746,GSS,gastric,Gastric Cancer,True,-0.1552770493896924,0.34945897109877705,0.2834,,0.2834,0.5,0.1048,0.211,20,20,20,20.0,1,1,0.3159,24.0,0.1049,-4.0,False,False,False
Q01_FGFR2_MET_GASTRIC,FGFR2,MET,gastric,P30_team_baseline,0.3,ACH-000919,IM95,gastric,Gastric Cancer,True,0.4921902302798982,0.49605446420575205,0.2978,,0.2978,0.5875,0.1488,0.1924,21,21,21,21.0,1,1,0.3412,22.0,0.1488,-1.0,False,False,False
Q01_FGFR2_MET_GASTRIC,FGFR2,MET,gastric,P30_team_baseline,0.3,ACH-000949,TGBC11TKB,gastric,Gastric Cancer,True,0.04710874821706276,0.39528189795486623,0.2736,,0.2736,0.5,0.1186,0.189,22,22,22,22.0,1,1,0.3076,26.0,0.1186,-4.0,False,False,False
Q01_FGFR2_MET_GASTRIC,FGFR2,MET,gastric,P30_team_baseline,0.3,ACH-000908,SNU520,gastric,Gastric Cancer,True,1.209358540939925,0.6584312289367106,0.3353,,0.3353,0.5,0.1975,0.1625,23,23,23,23.0,1,1,0.36,18.0,0.1975,5.0,False,False,False
Q01_FGFR2_MET_GASTRIC,FGFR2,MET,gastric,P30_team_baseline,0.3,ACH-000736,SNU601,gastric,Gastric Cancer,True,0.41062202238205486,0.47758630058713847,0.2388,,0.2388,0.5875,0.1433,0.1478,24,24,24,24.0,1,1,0.2911,28.0,0.1433,-4.0,False,False,False
Q01_FGFR2_MET_GASTRIC,FGFR2,MET,gastric,P30_team_baseline,0.3,ACH-000047,GCIY,gastric,Gastric Cancer,True,0.8530708135563844,0.5777627894282196,0.2988,,0.2988,0.4125,0.1733,0.1425,25,25,25,25.0,1,1,0.3158,25.0,0.1733,0.0,False,False,False
Q01_FGFR2_MET_GASTRIC,FGFR2,MET,gastric,P30_team_baseline,0.3,ACH-000427,NCIN87,gastric,Gastric Cancer,True,0.1871530531754737,0.42698985384211735,0.2105,,0.2105,0.5875,0.1281,0.139,26,26,26,26.0,1,1,0.2671,29.0,0.1281,-3.0,False,False,False
Q01_FGFR2_MET_GASTRIC,FGFR2,MET,gastric,P30_team_baseline,0.3,ACH-000898,SNU719,gastric,Gastric Cancer,True,1.3701238869482986,0.6948307133780521,0.2999,,0.2999,0.5875,0.2084,0.1346,27,27,27,27.0,1,1,0.3431,21.0,0.2085,6.0,False,False,False
Q01_FGFR2_MET_GASTRIC,FGFR2,MET,gastric,P30_team_baseline,0.3,ACH-000356,MKN45,gastric,Gastric Cancer,True,2.366261419467912,0.9203699450386827,0.3673,,0.3673,0.5875,0.2761,0.1242,28,28,28,28.0,1,1,0.4003,15.0,0.2761,13.0,False,False,False
Q01_FGFR2_MET_GASTRIC,FGFR2,MET,gastric,P30_team_baseline,0.3,ACH-000948,2313287,gastric,Gastric Cancer,True,0.27546691723596967,0.4469853267511691,0.178,,0.178,0.5875,0.1341,0.1053,29,29,29,29.0,1,1,0.2394,30.0,0.1341,-1.0,False,False,False
Q01_FGFR2_MET_GASTRIC,FGFR2,MET,gastric,P30_team_baseline,0.3,ACH-000325,SNU620,gastric,Gastric Cancer,True,2.1934093963404067,0.8812338707372201,0.3183,,0.3183,0.5875,0.2644,0.0943,30,30,30,30.0,1,1,0.3587,19.0,0.2644,11.0,False,False,False
Q01_FGFR2_MET_GASTRIC,FGFR2,MET,gastric,P30_team_baseline,0.3,ACH-002446,CCLFUPGI0005T,gastric,Gastric Cancer,True,-0.16162204683312367,0.348022376450385,0.1597,,0.1597,0.4125,0.1044,0.0932,31,31,31,31.0,1,1,0.1976,32.0,0.1044,-1.0,False,False,False
Q01_FGFR2_MET_GASTRIC,FGFR2,MET,gastric,P30_team_baseline,0.3,ACH-000678,MKN7,gastric,Gastric Cancer,True,0.8949990795616151,0.5872559252563248,0.1694,,0.1694,0.5875,0.1762,0.0559,32,32,32,32.0,1,1,0.2321,31.0,0.1762,1.0,False,False,False
Q01_FGFR2_MET_GASTRIC,FGFR2,MET,gastric,P30_team_baseline,0.3,ACH-000225,ECC12,gastric,Gastric Cancer,True,-0.42643872262085863,0.28806424051205054,0.0205,,0.0205,0.5,0.0864,0.006,33,33,33,33.0,1,1,0.0924,39.0,0.0864,-6.0,False,False,False
Q01_FGFR2_MET_GASTRIC,FGFR2,MET,gastric,P30_team_baseline,0.3,ACH-000303,SNU5,gastric,Gastric Cancer,True,2.4136291202258042,0.9310946436728599,0.0169,,0.0169,0.5875,0.2793,0.0,34,34,43,38.5,10,6,0.1025,38.0,0.1025,0.5,False,False,True
Q01_FGFR2_MET_GASTRIC,FGFR2,MET,gastric,P30_team_baseline,0.3,ACH-000344,SNU668,gastric,Gastric Cancer,True,0.6695705052082935,0.5362157969666115,0.0,,0.0,0.5875,0.1609,0.0,35,34,43,38.5,10,6,0.0881,42.0,0.0881,-3.5,False,False,True
Q01_FGFR2_MET_GASTRIC,FGFR2,MET,gastric,P30_team_baseline,0.3,ACH-000351,MKN1,gastric,Gastric Cancer,True,0.20889235917898108,0.43191193158018293,0.0397,,0.0397,0.5875,0.1296,0.0,36,34,43,38.5,10,6,0.1219,35.0,0.1219,3.5,False,False,True
Q01_FGFR2_MET_GASTRIC,FGFR2,MET,gastric,P30_team_baseline,0.3,ACH-000616,HS746T,gastric,Gastric Cancer,True,2.717962921151329,1.0,0.0225,,0.0225,0.5875,0.3,0.0,37,34,43,38.5,10,6,0.1072,37.0,0.1072,1.5,False,False,True
Q01_FGFR2_MET_GASTRIC,FGFR2,MET,gastric,P30_team_baseline,0.3,ACH-000911,NUGC3,gastric,Gastric Cancer,True,0.6645000215710603,0.53506776976519,0.0624,,0.0624,0.5875,0.1605,0.0,38,34,43,38.5,10,6,0.1412,33.0,0.1412,5.5,False,False,True
Q01_FGFR2_MET_GASTRIC,FGFR2,MET,gastric,P30_team_baseline,0.3,ACH-001664,SNU638,gastric,Gastric Cancer,True,1.4127202486113328,0.7044751152476603,0.0274,,0.0274,0.5875,0.2113,0.0,39,34,43,38.5,10,6,0.1114,36.0,0.1114,2.5,False,False,True
Q01_FGFR2_MET_GASTRIC,FGFR2,MET,gastric,P30_team_baseline,0.3,ACH-000255,LMSU,gastric,Gastric Cancer,True,0.5869505230637913,0.5175094971993962,0.0061,,0.0061,0.5,0.1553,0.0,40,34,43,38.5,10,3,0.0802,43.0,0.0802,-4.5,False,False,True
Q01_FGFR2_MET_GASTRIC,FGFR2,MET,gastric,P30_team_baseline,0.3,ACH-000560,ECC10,gastric,Gastric Cancer,True,0.15434038047110563,0.419560613653008,0.0197,,0.0197,0.5,0.1259,0.0,41,34,43,38.5,10,3,0.0917,41.0,0.0917,-2.5,False,False,True
Q01_FGFR2_MET_GASTRIC,FGFR2,MET,gastric,P30_team_baseline,0.3,ACH-000764,SH10TC,gastric,Gastric Cancer,True,0.5535644281824192,0.5099504263463508,0.0202,,0.0202,0.5,0.153,0.0,42,34,43,38.5,10,3,0.0922,40.0,0.0922,-1.5,False,False,True
Q01_FGFR2_MET_GASTRIC,FGFR2,MET,gastric,P30_team_baseline,0.3,ACH-002647,CCC5,gastric,Gastric Cancer,True,0.2818909942684927,0.44843982610567007,0.0832,,0.0832,0.4125,0.1345,0.0,43,34,43,38.5,10,1,0.1326,34.0,0.1326,4.5,False,False,True
Q01_FGFR2_MET_GASTRIC,FGFR2,MET,gastric,P45_stress,0.45,ACH-000581,SNU16,gastric,Gastric Cancer,True,0.3190376392449971,0.45685033719802876,1.0,,1.0,0.5875,0.2056,0.7325,1,1,1,1.0,1,1,0.9381,1.0,0.2056,0.0,True,True,False
Q01_FGFR2_MET_GASTRIC,FGFR2,MET,gastric,P45_stress,0.45,ACH-000793,KATOIII,gastric,Gastric Cancer,True,1.078912486862736,0.6288964489999341,0.9858,,0.9858,0.5875,0.283,0.643,2,2,2,2.0,1,1,0.926,2.0,0.283,0.0,True,True,False
Q01_FGFR2_MET_GASTRIC,FGFR2,MET,gastric,P45_stress,0.45,ACH-000538,HUTU80,gastric,Gastric Cancer,True,-1.56247710535402,0.030849533090535185,0.4871,,0.4871,0.5,0.0139,0.4752,3,3,3,3.0,1,1,0.489,6.0,0.0138,-3.0,True,True,False
Q01_FGFR2_MET_GASTRIC,FGFR2,MET,gastric,P45_stress,0.45,ACH-000144,RERFGC1B,gastric,Gastric Cancer,True,1.0624062322741605,0.6251592060430449,0.7606,,0.7606,0.5875,0.2813,0.4533,4,4,4,4.0,1,1,0.7347,3.0,0.2814,1.0,True,True,False
Q01_FGFR2_MET_GASTRIC,FGFR2,MET,gastric,P45_stress,0.45,ACH-000633,FU97,gastric,Gastric Cancer,True,-0.8833576665655151,0.18461151015683175,0.5041,,0.5041,0.5875,0.0831,0.4335,5,5,5,5.0,1,1,0.5166,4.0,0.0831,1.0,True,True,False
Q01_FGFR2_MET_GASTRIC,FGFR2,MET,gastric,P45_stress,0.45,ACH-001015,AZ521,gastric,Gastric Cancer,True,-1.3430976872986289,0.08052004923424347,0.4448,,0.4448,0.4125,0.0362,0.4037,6,6,6,6.0,1,1,0.4399,11.0,0.0362,-5.0,True,False,False
Q01_FGFR2_MET_GASTRIC,FGFR2,MET,gastric,P45_stress,0.45,ACH-000932,SNU1,gastric,Gastric Cancer,True,-1.6987300204053046,0.0,0.2439,,0.2439,0.5875,0.0,0.2954,7,7,7,7.0,1,1,0.2954,27.0,0.0,-20.0,True,False,False
Q01_FGFR2_MET_GASTRIC,FGFR2,MET,gastric,P45_stress,0.45,ACH-000847,HGC27,gastric,Gastric Cancer,True,-0.5876300265078397,0.2515683133511802,0.3429,,0.3429,0.5875,0.1132,0.2664,8,8,8,8.0,1,1,0.3796,16.0,0.1132,-8.0,True,False,False
Q01_FGFR2_MET_GASTRIC,FGFR2,MET,gastric,P45_stress,0.45,ACH-000247,OCUM1,gastric,Gastric Cancer,True,0.6585242683849536,0.5337147770928037,0.4807,,0.4807,0.5875,0.2402,0.2565,9,9,9,9.0,1,1,0.4967,5.0,0.2402,4.0,True,True,False
Q01_FGFR2_MET_GASTRIC,FGFR2,MET,gastric,P45_stress,0.45,ACH-000761,NUGC2,gastric,Gastric Cancer,True,0.2741172852587982,0.4466797515176108,0.4494,,0.4494,0.5,0.201,0.256,10,10,10,10.0,1,1,0.457,8.0,0.201,2.0,True,True,False
Q01_FGFR2_MET_GASTRIC,FGFR2,MET,gastric,P45_stress,0.45,ACH-000110,NCCSTCK140,gastric,Gastric Cancer,True,0.3839281101377026,0.4715424318832064,0.447,,0.447,0.5,0.2122,0.2427,11,11,11,11.0,1,1,0.4549,9.0,0.2122,2.0,False,True,False
Q01_FGFR2_MET_GASTRIC,FGFR2,MET,gastric,P45_stress,0.45,ACH-000239,HUG1N,gastric,Gastric Cancer,True,0.6098812064903589,0.5227013191643811,0.4411,,0.4411,0.5,0.2352,0.2147,12,12,12,12.0,1,1,0.45,10.0,0.2353,2.0,False,True,False
Q01_FGFR2_MET_GASTRIC,FGFR2,MET,gastric,P45_stress,0.45,ACH-000507,KE39,gastric,Gastric Cancer,True,0.47471379628200483,0.4920975592931516,0.386,,0.386,0.5,0.2214,0.1817,13,13,13,13.0,1,1,0.4031,14.0,0.2214,-1.0,False,False,False
Q01_FGFR2_MET_GASTRIC,FGFR2,MET,gastric,P45_stress,0.45,ACH-000758,MKN74,gastric,Gastric Cancer,True,-0.08220823972678769,0.36600275411239813,0.3031,,0.3031,0.5875,0.1647,0.1811,14,14,14,14.0,1,1,0.3458,20.0,0.1647,-6.0,False,False,False
Q01_FGFR2_MET_GASTRIC,FGFR2,MET,gastric,P45_stress,0.45,ACH-000880,AGS,gastric,Gastric Cancer,True,0.20693519654434636,0.4314688030538098,0.3353,,0.3353,0.5875,0.1942,0.179,15,15,15,15.0,1,1,0.3731,17.0,0.1941,-2.0,False,False,False
Q01_FGFR2_MET_GASTRIC,FGFR2,MET,gastric,P45_stress,0.45,ACH-000485,GSU,gastric,Gastric Cancer,True,0.8116317821084148,0.56838042302958,0.4164,,0.4164,0.5,0.2558,0.1731,16,16,16,16.0,1,1,0.4289,12.0,0.2558,4.0,False,False,False
Q01_FGFR2_MET_GASTRIC,FGFR2,MET,gastric,P45_stress,0.45,ACH-001653,SKGT2,gastric,Gastric Cancer,True,-0.058664682807265854,0.3713333390616031,0.3181,,0.3181,0.4125,0.1671,0.1652,17,17,17,17.0,1,1,0.3323,23.0,0.1671,-6.0,False,False,False
Q01_FGFR2_MET_GASTRIC,FGFR2,MET,gastric,P45_stress,0.45,ACH-000466,SNU216,gastric,Gastric Cancer,True,0.8252608659893396,0.5714662349846491,0.3898,,0.3898,0.5875,0.2572,0.1623,18,18,18,18.0,1,1,0.4195,13.0,0.2572,5.0,False,False,False
Q01_FGFR2_MET_GASTRIC,FGFR2,MET,gastric,P45_stress,0.45,ACH-000746,GSS,gastric,Gastric Cancer,True,-0.1552770493896924,0.34945897109877705,0.2834,,0.2834,0.5,0.1573,0.1586,19,19,19,19.0,1,1,0.3159,24.0,0.1573,-5.0,False,False,False
Q01_FGFR2_MET_GASTRIC,FGFR2,MET,gastric,P45_stress,0.45,ACH-000949,TGBC11TKB,gastric,Gastric Cancer,True,0.04710874821706276,0.39528189795486623,0.2736,,0.2736,0.5,0.1779,0.1297,20,20,20,20.0,1,1,0.3076,26.0,0.1779,-6.0,False,False,False
Q01_FGFR2_MET_GASTRIC,FGFR2,MET,gastric,P45_stress,0.45,ACH-000919,IM95,gastric,Gastric Cancer,True,0.4921902302798982,0.49605446420575205,0.2978,,0.2978,0.5875,0.2232,0.118,21,21,21,21.0,1,1,0.3412,22.0,0.2232,-1.0,False,False,False
Q01_FGFR2_MET_GASTRIC,FGFR2,MET,gastric,P45_stress,0.45,ACH-000674,NUGC4,gastric,Gastric Cancer,True,1.8219928205211326,0.7971400519605925,0.4484,,0.4484,0.5875,0.3587,0.1105,22,22,22,22.0,1,1,0.4692,7.0,0.3587,15.0,False,True,False
Q01_FGFR2_MET_GASTRIC,FGFR2,MET,gastric,P45_stress,0.45,ACH-000736,SNU601,gastric,Gastric Cancer,True,0.41062202238205486,0.47758630058713847,0.2388,,0.2388,0.5875,0.2149,0.0762,23,23,23,23.0,1,1,0.2911,28.0,0.2149,-5.0,False,False,False
Q01_FGFR2_MET_GASTRIC,FGFR2,MET,gastric,P45_stress,0.45,ACH-000427,NCIN87,gastric,Gastric Cancer,True,0.1871530531754737,0.42698985384211735,0.2105,,0.2105,0.5875,0.1921,0.0749,24,24,24,24.0,1,1,0.2671,29.0,0.1922,-5.0,False,False,False
Q01_FGFR2_MET_GASTRIC,FGFR2,MET,gastric,P45_stress,0.45,ACH-000908,SNU520,gastric,Gastric Cancer,True,1.209358540939925,0.6584312289367106,0.3353,,0.3353,0.5,0.2963,0.0637,25,25,25,25.0,1,1,0.36,18.0,0.2963,7.0,False,False,False
Q01_FGFR2_MET_GASTRIC,FGFR2,MET,gastric,P45_stress,0.45,ACH-000047,GCIY,gastric,Gastric Cancer,True,0.8530708135563844,0.5777627894282196,0.2988,,0.2988,0.4125,0.26,0.0558,26,26,26,26.0,1,1,0.3158,25.0,0.26,1.0,False,False,False
Q01_FGFR2_MET_GASTRIC,FGFR2,MET,gastric,P45_stress,0.45,ACH-002446,CCLFUPGI0005T,gastric,Gastric Cancer,True,-0.16162204683312367,0.348022376450385,0.1597,,0.1597,0.4125,0.1566,0.041,27,27,27,27.0,1,1,0.1976,32.0,0.1566,-5.0,False,False,False
Q01_FGFR2_MET_GASTRIC,FGFR2,MET,gastric,P45_stress,0.45,ACH-000948,2313287,gastric,Gastric Cancer,True,0.27546691723596967,0.4469853267511691,0.178,,0.178,0.5875,0.2011,0.0383,28,28,28,28.0,1,1,0.2394,30.0,0.2011,-2.0,False,False,False
Q01_FGFR2_MET_GASTRIC,FGFR2,MET,gastric,P45_stress,0.45,ACH-000898,SNU719,gastric,Gastric Cancer,True,1.3701238869482986,0.6948307133780521,0.2999,,0.2999,0.5875,0.3127,0.0304,29,29,29,29.0,1,1,0.3431,21.0,0.3127,8.0,False,False,False
Q01_FGFR2_MET_GASTRIC,FGFR2,MET,gastric,P45_stress,0.45,ACH-000303,SNU5,gastric,Gastric Cancer,True,2.4136291202258042,0.9310946436728599,0.0169,,0.0169,0.5875,0.419,0.0,30,30,43,36.5,14,9,0.1025,38.0,0.1025,-1.5,False,False,True
Q01_FGFR2_MET_GASTRIC,FGFR2,MET,gastric,P45_stress,0.45,ACH-000325,SNU620,gastric,Gastric Cancer,True,2.1934093963404067,0.8812338707372201,0.3183,,0.3183,0.5875,0.3966,0.0,31,30,43,36.5,14,9,0.3587,19.0,0.3587,17.5,False,False,True
Q01_FGFR2_MET_GASTRIC,FGFR2,MET,gastric,P45_stress,0.45,ACH-000344,SNU668,gastric,Gastric Cancer,True,0.6695705052082935,0.5362157969666115,0.0,,0.0,0.5875,0.2413,0.0,32,30,43,36.5,14,9,0.0881,42.0,0.0881,-5.5,False,False,True
Q01_FGFR2_MET_GASTRIC,FGFR2,MET,gastric,P45_stress,0.45,ACH-000351,MKN1,gastric,Gastric Cancer,True,0.20889235917898108,0.43191193158018293,0.0397,,0.0397,0.5875,0.1944,0.0,33,30,43,36.5,14,9,0.1219,35.0,0.1219,1.5,False,False,True
Q01_FGFR2_MET_GASTRIC,FGFR2,MET,gastric,P45_stress,0.45,ACH-000356,MKN45,gastric,Gastric Cancer,True,2.366261419467912,0.9203699450386827,0.3673,,0.3673,0.5875,0.4142,0.0,34,30,43,36.5,14,9,0.4003,15.0,0.4003,21.5,False,False,True
Q01_FGFR2_MET_GASTRIC,FGFR2,MET,gastric,P45_stress,0.45,ACH-000616,HS746T,gastric,Gastric Cancer,True,2.717962921151329,1.0,0.0225,,0.0225,0.5875,0.45,0.0,35,30,43,36.5,14,9,0.1072,37.0,0.1072,-0.5,False,False,True
Q01_FGFR2_MET_GASTRIC,FGFR2,MET,gastric,P45_stress,0.45,ACH-000678,MKN7,gastric,Gastric Cancer,True,0.8949990795616151,0.5872559252563248,0.1694,,0.1694,0.5875,0.2643,0.0,36,30,43,36.5,14,9,0.2321,31.0,0.2321,5.5,False,False,True
Q01_FGFR2_MET_GASTRIC,FGFR2,MET,gastric,P45_stress,0.45,ACH-000911,NUGC3,gastric,Gastric Cancer,True,0.6645000215710603,0.53506776976519,0.0624,,0.0624,0.5875,0.2408,0.0,37,30,43,36.5,14,9,0.1412,33.0,0.1412,3.5,False,False,True
Q01_FGFR2_MET_GASTRIC,FGFR2,MET,gastric,P45_stress,0.45,ACH-001664,SNU638,gastric,Gastric Cancer,True,1.4127202486113328,0.7044751152476603,0.0274,,0.0274,0.5875,0.317,0.0,38,30,43,36.5,14,9,0.1114,36.0,0.1114,0.5,False,False,True
Q01_FGFR2_MET_GASTRIC,FGFR2,MET,gastric,P45_stress,0.45,ACH-000225,ECC12,gastric,Gastric Cancer,True,-0.42643872262085863,0.28806424051205054,0.0205,,0.0205,0.5,0.1296,0.0,39,30,43,36.5,14,4,0.0924,39.0,0.0924,-2.5,False,False,True
Q01_FGFR2_MET_GASTRIC,FGFR2,MET,gastric,P45_stress,0.45,ACH-000255,LMSU,gastric,Gastric Cancer,True,0.5869505230637913,0.5175094971993962,0.0061,,0.0061,0.5,0.2329,0.0,40,30,43,36.5,14,4,0.0802,43.0,0.0802,-6.5,False,False,True
Q01_FGFR2_MET_GASTRIC,FGFR2,MET,gastric,P45_stress,0.45,ACH-000560,ECC10,gastric,Gastric Cancer,True,0.15434038047110563,0.419560613653008,0.0197,,0.0197,0.5,0.1888,0.0,41,30,43,36.5,14,4,0.0917,41.0,0.0917,-4.5,False,False,True
Q01_FGFR2_MET_GASTRIC,FGFR2,MET,gastric,P45_stress,0.45,ACH-000764,SH10TC,gastric,Gastric Cancer,True,0.5535644281824192,0.5099504263463508,0.0202,,0.0202,0.5,0.2295,0.0,42,30,43,36.5,14,4,0.0922,40.0,0.0922,-3.5,False,False,True
Q01_FGFR2_MET_GASTRIC,FGFR2,MET,gastric,P45_stress,0.45,ACH-002647,CCC5,gastric,Gastric Cancer,True,0.2818909942684927,0.44843982610567007,0.0832,,0.0832,0.4125,0.2018,0.0,43,30,43,36.5,14,1,0.1326,34.0,0.1326,2.5,False,False,True
Q02_ERBB2_ESR1_BREAST,ERBB2,ESR1,breast,P00_no_penalty,0.0,ACH-000117,EFM192A,breast,Breast Cancer,True,2.2710356355093686,0.4210417316764737,0.968,0.9853,0.9741,0.9957,0.0,0.9773,1,1,1,1.0,1,1,0.9773,1.0,0.0,0.0,True,True,False
Q02_ERBB2_ESR1_BREAST,ERBB2,ESR1,breast,P00_no_penalty,0.0,ACH-000859,HCC1954,breast,Breast Cancer,True,1.1731116103024815,0.2806769781481977,0.9379,0.8632,0.9115,0.9813,0.0,0.922,2,2,2,2.0,1,1,0.922,2.0,0.0,0.0,True,True,False
Q02_ERBB2_ESR1_BREAST,ERBB2,ESR1,breast,P00_no_penalty,0.0,ACH-000755,HCC2218,breast,Breast Cancer,True,-0.13282519817827987,0.11371870595685561,0.8596,1.0,0.9091,0.9649,0.0,0.9175,3,3,3,3.0,1,1,0.9175,3.0,0.0,0.0,True,True,False
Q02_ERBB2_ESR1_BREAST,ERBB2,ESR1,breast,P00_no_penalty,0.0,ACH-001393,SUM190PT,breast,Breast Cancer,True,-0.45016462470865554,0.07314825721260201,1.0,,1.0,0.4125,0.0,0.9119,4,4,4,4.0,1,1,0.9119,4.0,0.0,0.0,True,True,False
Q02_ERBB2_ESR1_BREAST,ERBB2,ESR1,breast,P00_no_penalty,0.0,ACH-000828,ZR7530,breast,Breast Cancer,True,3.312720926959573,0.5542166106585472,0.9646,,0.9646,0.5875,0.0,0.9081,5,5,5,5.0,1,1,0.9081,5.0,0.0,0.0,True,True,False
Q02_ERBB2_ESR1_BREAST,ERBB2,ESR1,breast,P00_no_penalty,0.0,ACH-000930,HCC1569,breast,Breast Cancer,True,-0.17926353537758732,0.1077817689688746,0.9372,,0.9372,0.5875,0.0,0.8847,6,6,6,6.0,1,1,0.8847,6.0,0.0,0.0,True,True,False
Q02_ERBB2_ESR1_BREAST,ERBB2,ESR1,breast,P00_no_penalty,0.0,ACH-000248,AU565,breast,Breast Cancer,True,-0.21740922982920033,0.10290500985172472,0.8957,0.8102,0.8655,0.9786,0.0,0.8825,7,7,7,7.0,1,1,0.8825,7.0,0.0,0.0,True,True,False
Q02_ERBB2_ESR1_BREAST,ERBB2,ESR1,breast,P00_no_penalty,0.0,ACH-000277,HCC1419,breast,Breast Cancer,True,3.054609973436326,0.5212182614627439,0.9168,,0.9168,0.5875,0.0,0.8674,8,8,8,8.0,1,1,0.8674,8.0,0.0,0.0,True,True,False
Q02_ERBB2_ESR1_BREAST,ERBB2,ESR1,breast,P00_no_penalty,0.0,ACH-000554,UACC893,breast,Breast Cancer,True,1.0099132475051242,0.2598127858686339,0.9142,,0.9142,0.5875,0.0,0.8652,9,9,9,9.0,1,1,0.8652,9.0,0.0,0.0,True,True,False
Q02_ERBB2_ESR1_BREAST,ERBB2,ESR1,breast,P00_no_penalty,0.0,ACH-000725,HCC202,breast,Breast Cancer,True,-0.06237773345459744,0.12272510420992991,0.8836,,0.8836,0.5875,0.0,0.8392,10,10,10,10.0,1,1,0.8392,10.0,0.0,0.0,True,True,False
Q02_ERBB2_ESR1_BREAST,ERBB2,ESR1,breast,P00_no_penalty,0.0,ACH-000568,UACC812,breast,Breast Cancer,True,3.363071655078438,0.5606537296031316,0.8584,,0.8584,0.5875,0.0,0.8178,11,11,11,11.0,1,1,0.8178,11.0,0.0,0.0,False,False,False
Q02_ERBB2_ESR1_BREAST,ERBB2,ESR1,breast,P00_no_penalty,0.0,ACH-000017,SKBR3,breast,Breast Cancer,True,-0.1269837687139794,0.11446550699971907,0.8576,,0.8576,0.5875,0.0,0.8171,12,12,12,12.0,1,1,0.8171,12.0,0.0,0.0,False,False,False
Q02_ERBB2_ESR1_BREAST,ERBB2,ESR1,breast,P00_no_penalty,0.0,ACH-001358,MDAMB330,breast,Breast Cancer,True,5.556320944335743,0.8410509964856535,0.8787,,0.8787,0.4125,0.0,0.8088,13,13,13,13.0,1,1,0.8088,13.0,0.0,0.0,False,False,False
Q02_ERBB2_ESR1_BREAST,ERBB2,ESR1,breast,P00_no_penalty,0.0,ACH-000927,BT474,breast,Breast Cancer,True,3.2717450598762183,0.5489780264289338,0.821,,0.821,0.5875,0.0,0.786,14,14,14,14.0,1,1,0.786,14.0,0.0,0.0,False,False,False
Q02_ERBB2_ESR1_BREAST,ERBB2,ESR1,breast,P00_no_penalty,0.0,ACH-001397,SUM225CWN,breast,Breast Cancer,True,-0.706872739677384,0.04032925475065655,0.8124,,0.8124,0.4125,0.0,0.7524,15,15,15,15.0,1,1,0.7524,15.0,0.0,0.0,False,False,False
Q02_ERBB2_ESR1_BREAST,ERBB2,ESR1,breast,P00_no_penalty,0.0,ACH-000711,JIMT1,breast,Breast Cancer,True,1.626702064887431,0.3386665210481245,0.6869,0.6902,0.688,0.9992,0.0,0.7347,16,16,16,16.0,1,1,0.7347,16.0,0.0,0.0,False,False,False
Q02_ERBB2_ESR1_BREAST,ERBB2,ESR1,breast,P00_no_penalty,0.0,ACH-000934,MDAMB361,breast,Breast Cancer,True,3.90051577893915,0.6293635949936025,0.7493,,0.7493,0.5875,0.0,0.7251,17,17,17,17.0,1,1,0.7251,17.0,0.0,0.0,False,False,False
Q02_ERBB2_ESR1_BREAST,ERBB2,ESR1,breast,P00_no_penalty,0.0,ACH-000910,MDAMB453,breast,Breast Cancer,True,-0.3492976357078801,0.08604365773684619,0.5708,0.614,0.586,0.9892,0.0,0.6465,18,18,18,18.0,1,1,0.6465,18.0,0.0,0.0,False,False,False
Q02_ERBB2_ESR1_BREAST,ERBB2,ESR1,breast,P00_no_penalty,0.0,ACH-000330,EFM19,breast,Breast Cancer,True,4.794423157809123,0.7436457183750882,0.5192,0.5394,0.5263,0.9949,0.0,0.5966,19,19,19,19.0,1,1,0.5966,19.0,0.0,0.0,False,False,False
Q02_ERBB2_ESR1_BREAST,ERBB2,ESR1,breast,P00_no_penalty,0.0,ACH-000818,BT483,breast,Breast Cancer,True,4.304231101491651,0.6809768218150049,0.5835,,0.5835,0.5875,0.0,0.5841,20,20,20,20.0,1,1,0.5841,20.0,0.0,0.0,False,False,False
Q02_ERBB2_ESR1_BREAST,ERBB2,ESR1,breast,P00_no_penalty,0.0,ACH-001249,YMB1,breast,Breast Cancer,True,0.3103970952685756,0.1703827250962328,0.6133,,0.6133,0.4125,0.0,0.5831,21,21,21,21.0,1,1,0.5831,21.0,0.0,0.0,False,False,False
Q02_ERBB2_ESR1_BREAST,ERBB2,ESR1,breast,P00_no_penalty,0.0,ACH-000902,CAL148,breast,Breast Cancer,True,0.07465383917508313,0.1402439875535499,0.5679,,0.5679,0.5875,0.0,0.5709,22,22,22,22.0,1,1,0.5709,22.0,0.0,0.0,False,False,False
Q02_ERBB2_ESR1_BREAST,ERBB2,ESR1,breast,P00_no_penalty,0.0,ACH-000759,MDAMB175VII,breast,Breast Cancer,True,2.677537316495725,0.47301118215801125,0.5425,,0.5425,0.5875,0.0,0.5493,23,23,23,23.0,1,1,0.5493,23.0,0.0,0.0,False,False,False
Q02_ERBB2_ESR1_BREAST,ERBB2,ESR1,breast,P00_no_penalty,0.0,ACH-000276,HCC38,breast,Breast Cancer,True,-0.5374046422541524,0.061995005002578936,0.415,0.567,0.4687,0.962,0.0,0.5427,24,24,24,24.0,1,1,0.5427,24.0,0.0,0.0,False,False,False
Q02_ERBB2_ESR1_BREAST,ERBB2,ESR1,breast,P00_no_penalty,0.0,ACH-000111,HCC1187,breast,Breast Cancer,True,0.34045489718890387,0.17422548275640293,0.4696,0.4413,0.4596,0.9929,0.0,0.5396,25,25,25,25.0,1,1,0.5396,25.0,0.0,0.0,False,False,False
Q02_ERBB2_ESR1_BREAST,ERBB2,ESR1,breast,P00_no_penalty,0.0,ACH-000643,HDQP1,breast,Breast Cancer,True,1.5151199075232882,0.32440123341711574,0.4174,0.5403,0.4608,0.9693,0.0,0.5371,26,26,26,26.0,1,1,0.5371,26.0,0.0,0.0,False,False,False
Q02_ERBB2_ESR1_BREAST,ERBB2,ESR1,breast,P00_no_penalty,0.0,ACH-000783,CAMA1,breast,Breast Cancer,True,3.450472754286223,0.571827575394592,0.4306,0.5082,0.458,0.9806,0.0,0.5364,27,27,27,27.0,1,1,0.5364,27.0,0.0,0.0,False,False,False
Q02_ERBB2_ESR1_BREAST,ERBB2,ESR1,breast,P00_no_penalty,0.0,ACH-000097,ZR751,breast,Breast Cancer,True,3.9451131857227146,0.6350651771317616,0.4668,0.3898,0.4396,0.9807,0.0,0.5208,28,28,28,28.0,1,1,0.5208,28.0,0.0,0.0,False,False,False
Q02_ERBB2_ESR1_BREAST,ERBB2,ESR1,breast,P00_no_penalty,0.0,ACH-000536,BT20,breast,Breast Cancer,True,1.2477704790982418,0.29022178587316033,0.3702,0.5079,0.4188,0.9656,0.0,0.5008,29,29,29,29.0,1,1,0.5008,29.0,0.0,0.0,False,False,False
Q02_ERBB2_ESR1_BREAST,ERBB2,ESR1,breast,P00_no_penalty,0.0,ACH-000691,HCC2157,breast,Breast Cancer,True,-0.5292415274837386,0.06303862329170076,0.4831,,0.4831,0.5,0.0,0.4856,30,30,30,30.0,1,1,0.4856,30.0,0.0,0.0,False,False,False
Q02_ERBB2_ESR1_BREAST,ERBB2,ESR1,breast,P00_no_penalty,0.0,ACH-000147,T47D,breast,Breast Cancer,True,4.395535283798473,0.6926496595991886,0.3867,0.3797,0.3842,0.9982,0.0,0.4763,31,31,31,31.0,1,1,0.4763,31.0,0.0,0.0,False,False,False
Q02_ERBB2_ESR1_BREAST,ERBB2,ESR1,breast,P00_no_penalty,0.0,ACH-001419,VP229,breast,Breast Cancer,True,1.471337798774096,0.31880388354368483,0.475,,0.475,0.4125,0.0,0.4656,32,32,32,32.0,1,1,0.4656,32.0,0.0,0.0,False,False,False
Q02_ERBB2_ESR1_BREAST,ERBB2,ESR1,breast,P00_no_penalty,0.0,ACH-000028,KPL1,breast,Breast Cancer,True,3.975977518092908,0.6390110461595758,0.3787,0.3263,0.3602,0.9869,0.0,0.4542,33,33,33,33.0,1,1,0.4542,33.0,0.0,0.0,False,False,False
Q02_ERBB2_ESR1_BREAST,ERBB2,ESR1,breast,P00_no_penalty,0.0,ACH-000857,CAL851,breast,Breast Cancer,True,0.6504277883355182,0.21385415237955194,0.3596,0.3513,0.3567,0.9979,0.0,0.4529,34,34,34,34.0,1,1,0.4529,34.0,0.0,0.0,False,False,False
Q02_ERBB2_ESR1_BREAST,ERBB2,ESR1,breast,P00_no_penalty,0.0,ACH-000768,MDAMB231,breast,Breast Cancer,True,-0.05672543167567612,0.12344772611076336,0.2881,0.4619,0.3494,0.9565,0.0,0.4405,35,35,35,35.0,1,1,0.4405,35.0,0.0,0.0,False,False,False
Q02_ERBB2_ESR1_BREAST,ERBB2,ESR1,breast,P00_no_penalty,0.0,ACH-002323,HCC2688,breast,Breast Cancer,True,0.851294731847329,0.2395341068852388,0.4447,,0.4447,0.4125,0.0,0.4399,36,36,36,36.0,1,1,0.4399,36.0,0.0,0.0,False,False,False
Q02_ERBB2_ESR1_BREAST,ERBB2,ESR1,breast,P00_no_penalty,0.0,ACH-001065,EVSAT,breast,Breast Cancer,True,-0.2379562833803233,0.10027815950395845,0.4283,,0.4283,0.5,0.0,0.439,37,37,37,37.0,1,1,0.439,37.0,0.0,0.0,False,False,False
Q02_ERBB2_ESR1_BREAST,ERBB2,ESR1,breast,P00_no_penalty,0.0,ACH-000856,CAL51,breast,Breast Cancer,True,-0.10798258267058476,0.11689472499157731,0.3968,0.2323,0.3387,0.9589,0.0,0.4318,38,38,38,38.0,1,1,0.4318,38.0,0.0,0.0,False,False,False
Q02_ERBB2_ESR1_BREAST,ERBB2,ESR1,breast,P00_no_penalty,0.0,ACH-000223,HCC1937,breast,Breast Cancer,True,1.443268525312482,0.31521535049339944,0.3109,0.3456,0.3232,0.9913,0.0,0.4234,39,39,39,39.0,1,1,0.4234,39.0,0.0,0.0,False,False,False
Q02_ERBB2_ESR1_BREAST,ERBB2,ESR1,breast,P00_no_penalty,0.0,ACH-001820,COLO824,breast,Breast Cancer,True,0.09303258168181083,0.14259362887926036,0.4018,,0.4018,0.5,0.0,0.4165,40,40,40,40.0,1,1,0.4165,40.0,0.0,0.0,False,False,False
Q02_ERBB2_ESR1_BREAST,ERBB2,ESR1,breast,P00_no_penalty,0.0,ACH-001819,MFM223,breast,Breast Cancer,True,0.6941833137029544,0.2194481036846462,0.3769,,0.3769,0.5875,0.0,0.4085,41,41,41,41.0,1,1,0.4085,41.0,0.0,0.0,False,False,False
Q02_ERBB2_ESR1_BREAST,ERBB2,ESR1,breast,P00_no_penalty,0.0,ACH-000196,HCC1599,breast,Breast Cancer,True,1.306564097598723,0.2977382911871783,0.389,,0.389,0.5,0.0,0.4056,42,42,42,42.0,1,1,0.4056,42.0,0.0,0.0,False,False,False
Q02_ERBB2_ESR1_BREAST,ERBB2,ESR1,breast,P00_no_penalty,0.0,ACH-000212,CAL120,breast,Breast Cancer,True,0.3986497702166974,0.18166544109743324,0.2865,0.3262,0.3005,0.9901,0.0,0.4039,43,43,43,43.0,1,1,0.4039,43.0,0.0,0.0,False,False,False
Q02_ERBB2_ESR1_BREAST,ERBB2,ESR1,breast,P00_no_penalty,0.0,ACH-001396,SUM52PE,breast,Breast Cancer,True,-0.40841794490882516,0.07848538645487618,0.3701,,0.3701,0.5875,0.0,0.4027,44,44,44,44.0,1,1,0.4027,44.0,0.0,0.0,False,False,False
Q02_ERBB2_ESR1_BREAST,ERBB2,ESR1,breast,P00_no_penalty,0.0,ACH-000624,HCC1806,breast,Breast Cancer,True,0.6943472454075978,0.21946906163145258,0.2769,0.3288,0.2952,0.987,0.0,0.399,45,45,45,45.0,1,1,0.399,45.0,0.0,0.0,False,False,False
Q02_ERBB2_ESR1_BREAST,ERBB2,ESR1,breast,P00_no_penalty,0.0,ACH-000876,MDAMB415,breast,Breast Cancer,True,2.539350092171294,0.4553445538324308,0.3654,,0.3654,0.5875,0.0,0.3987,46,46,46,46.0,1,1,0.3987,46.0,0.0,0.0,False,False,False
Q02_ERBB2_ESR1_BREAST,ERBB2,ESR1,breast,P00_no_penalty,0.0,ACH-000349,HCC1500,breast,Breast Cancer,True,5.426896875992501,0.8245046990765931,0.3189,0.2418,0.2917,0.9807,0.0,0.395,47,47,47,47.0,1,1,0.395,47.0,0.0,0.0,False,False,False
Q02_ERBB2_ESR1_BREAST,ERBB2,ESR1,breast,P00_no_penalty,0.0,ACH-000642,HMEL,breast,Non-Cancerous,True,-0.2054747919082625,0.10443077520416366,0.3729,,0.3729,0.5,0.0,0.3919,48,48,48,48.0,1,1,0.3919,48.0,0.0,0.0,False,False,False
Q02_ERBB2_ESR1_BREAST,ERBB2,ESR1,breast,P00_no_penalty,0.0,ACH-000019,MCF7,breast,Breast Cancer,True,4.904009167909112,0.7576558073654749,0.3514,0.1789,0.2905,0.9569,0.0,0.3905,49,49,49,49.0,1,1,0.3905,49.0,0.0,0.0,False,False,False
Q02_ERBB2_ESR1_BREAST,ERBB2,ESR1,breast,P00_no_penalty,0.0,ACH-000621,MDAMB157,breast,Breast Cancer,True,-0.38337207138527446,0.08168739113217717,0.256,0.2545,0.2555,0.9996,0.0,0.3671,50,50,50,50.0,1,1,0.3671,50.0,0.0,0.0,False,False,False
Q02_ERBB2_ESR1_BREAST,ERBB2,ESR1,breast,P00_no_penalty,0.0,ACH-002328,MX1,breast,Breast Cancer,True,-0.40209149015072776,0.07929419584645571,0.3416,,0.3416,0.5,0.0,0.3654,51,51,51,51.0,1,1,0.3654,51.0,0.0,0.0,False,False,False
Q02_ERBB2_ESR1_BREAST,ERBB2,ESR1,breast,P00_no_penalty,0.0,ACH-000374,HCC1143,breast,Breast Cancer,True,1.4531408889717519,0.3164774887287968,0.2705,0.2117,0.2497,0.9853,0.0,0.3601,52,52,52,52.0,1,1,0.3601,52.0,0.0,0.0,False,False,False
Q02_ERBB2_ESR1_BREAST,ERBB2,ESR1,breast,P00_no_penalty,0.0,ACH-000352,HCC1428,breast,Breast Cancer,True,4.868956810606947,0.7531745177859193,0.3106,,0.3106,0.5875,0.0,0.3521,53,53,53,53.0,1,1,0.3521,53.0,0.0,0.0,False,False,False
Q02_ERBB2_ESR1_BREAST,ERBB2,ESR1,breast,P00_no_penalty,0.0,ACH-000288,BT549,breast,Breast Cancer,True,-0.3827965935609929,0.08176096343874094,0.2319,0.227,0.2301,0.9988,0.0,0.3454,54,54,54,54.0,1,1,0.3454,54.0,0.0,0.0,False,False,False
Q02_ERBB2_ESR1_BREAST,ERBB2,ESR1,breast,P00_no_penalty,0.0,ACH-001357,MCF10A,breast,Non-Cancerous,True,0.29733851876737805,0.16871324357479933,0.3062,,0.3062,0.5,0.0,0.3352,55,55,55,55.0,1,1,0.3352,55.0,0.0,0.0,False,False,False
Q02_ERBB2_ESR1_BREAST,ERBB2,ESR1,breast,P00_no_penalty,0.0,ACH-000668,HCC70,breast,Breast Cancer,True,0.6904894405522762,0.2189758582628722,0.3067,0.0659,0.2217,0.9398,0.0,0.3294,56,56,56,56.0,1,1,0.3294,56.0,0.0,0.0,False,False,False
Q02_ERBB2_ESR1_BREAST,ERBB2,ESR1,breast,P00_no_penalty,0.0,ACH-001392,SUM185PE,breast,Breast Cancer,True,-0.659000853517363,0.04644946466273934,0.2924,,0.2924,0.5,0.0,0.3235,57,57,57,57.0,1,1,0.3235,57.0,0.0,0.0,False,False,False
Q02_ERBB2_ESR1_BREAST,ERBB2,ESR1,breast,P00_no_penalty,0.0,ACH-000044,MDAMB134VI,breast,Breast Cancer,True,5.373997088915721,0.8177416941652729,0.2725,,0.2725,0.5875,0.0,0.3198,58,58,58,58.0,1,1,0.3198,58.0,0.0,0.0,False,False,False
Q02_ERBB2_ESR1_BREAST,ERBB2,ESR1,breast,P00_no_penalty,0.0,ACH-000849,MDAMB468,breast,Breast Cancer,True,0.47401553032621285,0.19130062176510276,0.2172,0.1431,0.1911,0.9815,0.0,0.3096,59,59,59,59.0,1,1,0.3096,59.0,0.0,0.0,False,False,False
Q02_ERBB2_ESR1_BREAST,ERBB2,ESR1,breast,P00_no_penalty,0.0,ACH-001391,SUM159PT,breast,Breast Cancer,True,-0.6226952004672072,0.05109098258663025,0.2595,,0.2595,0.5875,0.0,0.3087,60,60,60,60.0,1,1,0.3087,60.0,0.0,0.0,False,False,False
Q02_ERBB2_ESR1_BREAST,ERBB2,ESR1,breast,P00_no_penalty,0.0,ACH-000148,HS578T,breast,Breast Cancer,True,-0.35916874768654933,0.08478167952330375,0.259,,0.259,0.5875,0.0,0.3083,61,61,61,61.0,1,1,0.3083,61.0,0.0,0.0,False,False,False
Q02_ERBB2_ESR1_BREAST,ERBB2,ESR1,breast,P00_no_penalty,0.0,ACH-000699,HCC1395,breast,Breast Cancer,True,-0.20239321616350345,0.10482474109794242,0.26,0.0608,0.1897,0.9502,0.0,0.3038,62,62,62,62.0,1,1,0.3038,62.0,0.0,0.0,False,False,False
Q02_ERBB2_ESR1_BREAST,ERBB2,ESR1,breast,P00_no_penalty,0.0,ACH-001394,SUM229PE,breast,Breast Cancer,True,0.20221642664936837,0.15655230282780871,0.2734,,0.2734,0.4125,0.0,0.2942,63,63,63,63.0,1,1,0.2942,63.0,0.0,0.0,False,False,False
Q02_ERBB2_ESR1_BREAST,ERBB2,ESR1,breast,P00_no_penalty,0.0,ACH-001389,SUM1315MO2,breast,Breast Cancer,True,-0.5729230860698231,0.057454128313998334,0.2182,,0.2182,0.5875,0.0,0.2736,64,64,64,64.0,1,1,0.2736,64.0,0.0,0.0,False,False,False
Q02_ERBB2_ESR1_BREAST,ERBB2,ESR1,breast,P00_no_penalty,0.0,ACH-001395,SUM44PE,breast,Breast Cancer,True,6.799609771156073,1.0,0.2458,,0.2458,0.4125,0.0,0.2708,65,65,65,65.0,1,1,0.2708,65.0,0.0,0.0,False,False,False
Q02_ERBB2_ESR1_BREAST,ERBB2,ESR1,breast,P00_no_penalty,0.0,ACH-002319,184A1,breast,Breast Cancer,True,-1.0223255623870044,0.0,0.2312,,0.2312,0.4125,0.0,0.2584,66,66,66,66.0,1,1,0.2584,66.0,0.0,0.0,False,False,False
Q02_ERBB2_ESR1_BREAST,ERBB2,ESR1,breast,P00_no_penalty,0.0,ACH-000721,HMC18,breast,Breast Cancer,True,-0.5201328793488921,0.06420312385919914,0.2123,,0.2123,0.5,0.0,0.2554,67,67,67,67.0,1,1,0.2554,67.0,0.0,0.0,False,False,False
Q02_ERBB2_ESR1_BREAST,ERBB2,ESR1,breast,P00_no_penalty,0.0,ACH-000573,MDAMB436,breast,Breast Cancer,True,-0.36338267275449004,0.08424294775319181,0.2037,0.0,0.1318,0.9491,0.0,0.2544,68,68,68,68.0,1,1,0.2544,68.0,0.0,0.0,False,False,False
Q02_ERBB2_ESR1_BREAST,ERBB2,ESR1,breast,P00_no_penalty,0.0,ACH-001390,SUM149PT,breast,Breast Cancer,True,-0.09429065176324142,0.11864517808579146,0.1662,,0.1662,0.5875,0.0,0.2294,69,69,69,69.0,1,1,0.2294,69.0,0.0,0.0,False,False,False
Q02_ERBB2_ESR1_BREAST,ERBB2,ESR1,breast,P00_no_penalty,0.0,ACH-001827,184B5,breast,Non-Cancerous,True,-0.3430486479400495,0.08684256331473211,0.192,,0.192,0.4125,0.0,0.2251,70,70,70,70.0,1,1,0.2251,70.0,0.0,0.0,False,False,False
Q02_ERBB2_ESR1_BREAST,ERBB2,ESR1,breast,P00_no_penalty,0.0,ACH-000258,DU4475,breast,Breast Cancer,True,-0.23053495093301155,0.10122694418841967,0.1586,,0.1586,0.5875,0.0,0.2229,71,71,71,71.0,1,1,0.2229,71.0,0.0,0.0,False,False,False
Q02_ERBB2_ESR1_BREAST,ERBB2,ESR1,breast,P00_no_penalty,0.0,ACH-002327,MCF12A,breast,Breast Cancer,True,-0.38612745012722327,0.0813351280892787,0.1513,,0.1513,0.4125,0.0,0.1905,72,72,72,72.0,1,1,0.1905,72.0,0.0,0.0,False,False,False
Q02_ERBB2_ESR1_BREAST,ERBB2,ESR1,breast,P00_no_penalty,0.0,ACH-001388,SUM102PT,breast,Breast Cancer,True,-0.48606945411521196,0.06855798282710761,0.0,,0.0,0.4125,0.0,0.0619,73,73,73,73.0,1,1,0.0619,73.0,0.0,0.0,False,False,False
Q02_ERBB2_ESR1_BREAST,ERBB2,ESR1,breast,P15_weak,0.15,ACH-000117,EFM192A,breast,Breast Cancer,True,2.2710356355093686,0.4210417316764737,0.968,0.9853,0.9741,0.9957,0.0632,0.9142,1,1,1,1.0,1,1,0.9773,1.0,0.0631,0.0,True,True,False
Q02_ERBB2_ESR1_BREAST,ERBB2,ESR1,breast,P15_weak,0.15,ACH-001393,SUM190PT,breast,Breast Cancer,True,-0.45016462470865554,0.07314825721260201,1.0,,1.0,0.4125,0.011,0.9009,2,2,2,2.0,1,1,0.9119,4.0,0.011,-2.0,True,True,False
Q02_ERBB2_ESR1_BREAST,ERBB2,ESR1,breast,P15_weak,0.15,ACH-000755,HCC2218,breast,Breast Cancer,True,-0.13282519817827987,0.11371870595685561,0.8596,1.0,0.9091,0.9649,0.0171,0.9004,3,3,3,3.0,1,1,0.9175,3.0,0.0171,0.0,True,True,False
Q02_ERBB2_ESR1_BREAST,ERBB2,ESR1,breast,P15_weak,0.15,ACH-000859,HCC1954,breast,Breast Cancer,True,1.1731116103024815,0.2806769781481977,0.9379,0.8632,0.9115,0.9813,0.0421,0.8799,4,4,4,4.0,1,1,0.922,2.0,0.0421,2.0,True,True,False
Q02_ERBB2_ESR1_BREAST,ERBB2,ESR1,breast,P15_weak,0.15,ACH-000930,HCC1569,breast,Breast Cancer,True,-0.17926353537758732,0.1077817689688746,0.9372,,0.9372,0.5875,0.0162,0.8686,5,5,5,5.0,1,1,0.8847,6.0,0.0161,-1.0,True,True,False
Q02_ERBB2_ESR1_BREAST,ERBB2,ESR1,breast,P15_weak,0.15,ACH-000248,AU565,breast,Breast Cancer,True,-0.21740922982920033,0.10290500985172472,0.8957,0.8102,0.8655,0.9786,0.0154,0.867,6,6,6,6.0,1,1,0.8825,7.0,0.0155,-1.0,True,True,False
Q02_ERBB2_ESR1_BREAST,ERBB2,ESR1,breast,P15_weak,0.15,ACH-000554,UACC893,breast,Breast Cancer,True,1.0099132475051242,0.2598127858686339,0.9142,,0.9142,0.5875,0.039,0.8262,7,7,7,7.0,1,1,0.8652,9.0,0.039,-2.0,True,True,False
Q02_ERBB2_ESR1_BREAST,ERBB2,ESR1,breast,P15_weak,0.15,ACH-000828,ZR7530,breast,Breast Cancer,True,3.312720926959573,0.5542166106585472,0.9646,,0.9646,0.5875,0.0831,0.8249,8,8,8,8.0,1,1,0.9081,5.0,0.0832,3.0,True,True,False
Q02_ERBB2_ESR1_BREAST,ERBB2,ESR1,breast,P15_weak,0.15,ACH-000725,HCC202,breast,Breast Cancer,True,-0.06237773345459744,0.12272510420992991,0.8836,,0.8836,0.5875,0.0184,0.8208,9,9,9,9.0,1,1,0.8392,10.0,0.0184,-1.0,True,True,False
Q02_ERBB2_ESR1_BREAST,ERBB2,ESR1,breast,P15_weak,0.15,ACH-000017,SKBR3,breast,Breast Cancer,True,-0.1269837687139794,0.11446550699971907,0.8576,,0.8576,0.5875,0.0172,0.7999,10,10,10,10.0,1,1,0.8171,12.0,0.0172,-2.0,True,False,False
Q02_ERBB2_ESR1_BREAST,ERBB2,ESR1,breast,P15_weak,0.15,ACH-000277,HCC1419,breast,Breast Cancer,True,3.054609973436326,0.5212182614627439,0.9168,,0.9168,0.5875,0.0782,0.7892,11,11,11,11.0,1,1,0.8674,8.0,0.0782,3.0,False,True,False
Q02_ERBB2_ESR1_BREAST,ERBB2,ESR1,breast,P15_weak,0.15,ACH-001397,SUM225CWN,breast,Breast Cancer,True,-0.706872739677384,0.04032925475065655,0.8124,,0.8124,0.4125,0.006,0.7463,12,12,12,12.0,1,1,0.7524,15.0,0.0061,-3.0,False,False,False
Q02_ERBB2_ESR1_BREAST,ERBB2,ESR1,breast,P15_weak,0.15,ACH-000568,UACC812,breast,Breast Cancer,True,3.363071655078438,0.5606537296031316,0.8584,,0.8584,0.5875,0.0841,0.7337,13,13,13,13.0,1,1,0.8178,11.0,0.0841,2.0,False,False,False
Q02_ERBB2_ESR1_BREAST,ERBB2,ESR1,breast,P15_weak,0.15,ACH-000927,BT474,breast,Breast Cancer,True,3.2717450598762183,0.5489780264289338,0.821,,0.821,0.5875,0.0823,0.7036,14,14,14,14.0,1,1,0.786,14.0,0.0824,0.0,False,False,False
Q02_ERBB2_ESR1_BREAST,ERBB2,ESR1,breast,P15_weak,0.15,ACH-000711,JIMT1,breast,Breast Cancer,True,1.626702064887431,0.3386665210481245,0.6869,0.6902,0.688,0.9992,0.0508,0.6839,15,15,15,15.0,1,1,0.7347,16.0,0.0508,-1.0,False,False,False
Q02_ERBB2_ESR1_BREAST,ERBB2,ESR1,breast,P15_weak,0.15,ACH-001358,MDAMB330,breast,Breast Cancer,True,5.556320944335743,0.8410509964856535,0.8787,,0.8787,0.4125,0.1262,0.6826,16,16,16,16.0,1,1,0.8088,13.0,0.1262,3.0,False,False,False
Q02_ERBB2_ESR1_BREAST,ERBB2,ESR1,breast,P15_weak,0.15,ACH-000910,MDAMB453,breast,Breast Cancer,True,-0.3492976357078801,0.08604365773684619,0.5708,0.614,0.586,0.9892,0.0129,0.6336,17,17,17,17.0,1,1,0.6465,18.0,0.0129,-1.0,False,False,False
Q02_ERBB2_ESR1_BREAST,ERBB2,ESR1,breast,P15_weak,0.15,ACH-000934,MDAMB361,breast,Breast Cancer,True,3.90051577893915,0.6293635949936025,0.7493,,0.7493,0.5875,0.0944,0.6307,18,18,18,18.0,1,1,0.7251,17.0,0.0944,1.0,False,False,False
Q02_ERBB2_ESR1_BREAST,ERBB2,ESR1,breast,P15_weak,0.15,ACH-001249,YMB1,breast,Breast Cancer,True,0.3103970952685756,0.1703827250962328,0.6133,,0.6133,0.4125,0.0256,0.5576,19,19,19,19.0,1,1,0.5831,21.0,0.0255,-2.0,False,False,False
Q02_ERBB2_ESR1_BREAST,ERBB2,ESR1,breast,P15_weak,0.15,ACH-000902,CAL148,breast,Breast Cancer,True,0.07465383917508313,0.1402439875535499,0.5679,,0.5679,0.5875,0.021,0.5498,20,20,20,20.0,1,1,0.5709,22.0,0.0211,-2.0,False,False,False
Q02_ERBB2_ESR1_BREAST,ERBB2,ESR1,breast,P15_weak,0.15,ACH-000276,HCC38,breast,Breast Cancer,True,-0.5374046422541524,0.061995005002578936,0.415,0.567,0.4687,0.962,0.0093,0.5334,21,21,21,21.0,1,1,0.5427,24.0,0.0093,-3.0,False,False,False
Q02_ERBB2_ESR1_BREAST,ERBB2,ESR1,breast,P15_weak,0.15,ACH-000111,HCC1187,breast,Breast Cancer,True,0.34045489718890387,0.17422548275640293,0.4696,0.4413,0.4596,0.9929,0.0261,0.5135,22,22,22,22.0,1,1,0.5396,25.0,0.0261,-3.0,False,False,False
Q02_ERBB2_ESR1_BREAST,ERBB2,ESR1,breast,P15_weak,0.15,ACH-000643,HDQP1,breast,Breast Cancer,True,1.5151199075232882,0.32440123341711574,0.4174,0.5403,0.4608,0.9693,0.0487,0.4884,23,23,23,23.0,1,1,0.5371,26.0,0.0487,-3.0,False,False,False
Q02_ERBB2_ESR1_BREAST,ERBB2,ESR1,breast,P15_weak,0.15,ACH-000330,EFM19,breast,Breast Cancer,True,4.794423157809123,0.7436457183750882,0.5192,0.5394,0.5263,0.9949,0.1115,0.4851,24,24,24,24.0,1,1,0.5966,19.0,0.1115,5.0,False,False,False
Q02_ERBB2_ESR1_BREAST,ERBB2,ESR1,breast,P15_weak,0.15,ACH-000818,BT483,breast,Breast Cancer,True,4.304231101491651,0.6809768218150049,0.5835,,0.5835,0.5875,0.1021,0.482,25,25,25,25.0,1,1,0.5841,20.0,0.1021,5.0,False,False,False
Q02_ERBB2_ESR1_BREAST,ERBB2,ESR1,breast,P15_weak,0.15,ACH-000759,MDAMB175VII,breast,Breast Cancer,True,2.677537316495725,0.47301118215801125,0.5425,,0.5425,0.5875,0.071,0.4783,26,26,26,26.0,1,1,0.5493,23.0,0.071,3.0,False,False,False
Q02_ERBB2_ESR1_BREAST,ERBB2,ESR1,breast,P15_weak,0.15,ACH-000691,HCC2157,breast,Breast Cancer,True,-0.5292415274837386,0.06303862329170076,0.4831,,0.4831,0.5,0.0095,0.4762,27,27,27,27.0,1,1,0.4856,30.0,0.0094,-3.0,False,False,False
Q02_ERBB2_ESR1_BREAST,ERBB2,ESR1,breast,P15_weak,0.15,ACH-000536,BT20,breast,Breast Cancer,True,1.2477704790982418,0.29022178587316033,0.3702,0.5079,0.4188,0.9656,0.0435,0.4573,28,28,28,28.0,1,1,0.5008,29.0,0.0435,-1.0,False,False,False
Q02_ERBB2_ESR1_BREAST,ERBB2,ESR1,breast,P15_weak,0.15,ACH-000783,CAMA1,breast,Breast Cancer,True,3.450472754286223,0.571827575394592,0.4306,0.5082,0.458,0.9806,0.0858,0.4506,29,29,29,29.0,1,1,0.5364,27.0,0.0858,2.0,False,False,False
Q02_ERBB2_ESR1_BREAST,ERBB2,ESR1,breast,P15_weak,0.15,ACH-000097,ZR751,breast,Breast Cancer,True,3.9451131857227146,0.6350651771317616,0.4668,0.3898,0.4396,0.9807,0.0953,0.4255,30,30,30,30.0,1,1,0.5208,28.0,0.0953,2.0,False,False,False
Q02_ERBB2_ESR1_BREAST,ERBB2,ESR1,breast,P15_weak,0.15,ACH-001065,EVSAT,breast,Breast Cancer,True,-0.2379562833803233,0.10027815950395845,0.4283,,0.4283,0.5,0.015,0.424,31,31,31,31.0,1,1,0.439,37.0,0.015,-6.0,False,False,False
Q02_ERBB2_ESR1_BREAST,ERBB2,ESR1,breast,P15_weak,0.15,ACH-000768,MDAMB231,breast,Breast Cancer,True,-0.05672543167567612,0.12344772611076336,0.2881,0.4619,0.3494,0.9565,0.0185,0.422,32,32,32,32.0,1,1,0.4405,35.0,0.0185,-3.0,False,False,False
Q02_ERBB2_ESR1_BREAST,ERBB2,ESR1,breast,P15_weak,0.15,ACH-000857,CAL851,breast,Breast Cancer,True,0.6504277883355182,0.21385415237955194,0.3596,0.3513,0.3567,0.9979,0.0321,0.4208,33,33,33,33.0,1,1,0.4529,34.0,0.0321,-1.0,False,False,False
Q02_ERBB2_ESR1_BREAST,ERBB2,ESR1,breast,P15_weak,0.15,ACH-001419,VP229,breast,Breast Cancer,True,1.471337798774096,0.31880388354368483,0.475,,0.475,0.4125,0.0478,0.4178,34,34,34,34.0,1,1,0.4656,32.0,0.0478,2.0,False,False,False
Q02_ERBB2_ESR1_BREAST,ERBB2,ESR1,breast,P15_weak,0.15,ACH-000856,CAL51,breast,Breast Cancer,True,-0.10798258267058476,0.11689472499157731,0.3968,0.2323,0.3387,0.9589,0.0175,0.4142,35,35,35,35.0,1,1,0.4318,38.0,0.0176,-3.0,False,False,False
Q02_ERBB2_ESR1_BREAST,ERBB2,ESR1,breast,P15_weak,0.15,ACH-002323,HCC2688,breast,Breast Cancer,True,0.851294731847329,0.2395341068852388,0.4447,,0.4447,0.4125,0.0359,0.404,36,36,36,36.0,1,1,0.4399,36.0,0.0359,0.0,False,False,False
Q02_ERBB2_ESR1_BREAST,ERBB2,ESR1,breast,P15_weak,0.15,ACH-001820,COLO824,breast,Breast Cancer,True,0.09303258168181083,0.14259362887926036,0.4018,,0.4018,0.5,0.0214,0.3951,37,37,37,37.0,1,1,0.4165,40.0,0.0214,-3.0,False,False,False
Q02_ERBB2_ESR1_BREAST,ERBB2,ESR1,breast,P15_weak,0.15,ACH-001396,SUM52PE,breast,Breast Cancer,True,-0.40841794490882516,0.07848538645487618,0.3701,,0.3701,0.5875,0.0118,0.3909,38,38,38,38.0,1,1,0.4027,44.0,0.0118,-6.0,False,False,False
Q02_ERBB2_ESR1_BREAST,ERBB2,ESR1,breast,P15_weak,0.15,ACH-000212,CAL120,breast,Breast Cancer,True,0.3986497702166974,0.18166544109743324,0.2865,0.3262,0.3005,0.9901,0.0272,0.3767,39,39,39,39.0,1,1,0.4039,43.0,0.0272,-4.0,False,False,False
Q02_ERBB2_ESR1_BREAST,ERBB2,ESR1,breast,P15_weak,0.15,ACH-000642,HMEL,breast,Non-Cancerous,True,-0.2054747919082625,0.10443077520416366,0.3729,,0.3729,0.5,0.0157,0.3763,40,40,40,40.0,1,1,0.3919,48.0,0.0156,-8.0,False,False,False
Q02_ERBB2_ESR1_BREAST,ERBB2,ESR1,breast,P15_weak,0.15,ACH-000223,HCC1937,breast,Breast Cancer,True,1.443268525312482,0.31521535049339944,0.3109,0.3456,0.3232,0.9913,0.0473,0.3761,41,41,41,41.0,1,1,0.4234,39.0,0.0473,2.0,False,False,False
Q02_ERBB2_ESR1_BREAST,ERBB2,ESR1,breast,P15_weak,0.15,ACH-001819,MFM223,breast,Breast Cancer,True,0.6941833137029544,0.2194481036846462,0.3769,,0.3769,0.5875,0.0329,0.3756,42,42,42,42.0,1,1,0.4085,41.0,0.0329,1.0,False,False,False
Q02_ERBB2_ESR1_BREAST,ERBB2,ESR1,breast,P15_weak,0.15,ACH-000147,T47D,breast,Breast Cancer,True,4.395535283798473,0.6926496595991886,0.3867,0.3797,0.3842,0.9982,0.1039,0.3724,43,43,43,43.0,1,1,0.4763,31.0,0.1039,12.0,False,False,False
Q02_ERBB2_ESR1_BREAST,ERBB2,ESR1,breast,P15_weak,0.15,ACH-000624,HCC1806,breast,Breast Cancer,True,0.6943472454075978,0.21946906163145258,0.2769,0.3288,0.2952,0.987,0.0329,0.3661,44,44,44,44.0,1,1,0.399,45.0,0.0329,-1.0,False,False,False
Q02_ERBB2_ESR1_BREAST,ERBB2,ESR1,breast,P15_weak,0.15,ACH-000196,HCC1599,breast,Breast Cancer,True,1.306564097598723,0.2977382911871783,0.389,,0.389,0.5,0.0447,0.3609,45,45,45,45.0,1,1,0.4056,42.0,0.0447,3.0,False,False,False
Q02_ERBB2_ESR1_BREAST,ERBB2,ESR1,breast,P15_weak,0.15,ACH-000028,KPL1,breast,Breast Cancer,True,3.975977518092908,0.6390110461595758,0.3787,0.3263,0.3602,0.9869,0.0959,0.3583,46,46,46,46.0,1,1,0.4542,33.0,0.0959,13.0,False,False,False
Q02_ERBB2_ESR1_BREAST,ERBB2,ESR1,breast,P15_weak,0.15,ACH-000621,MDAMB157,breast,Breast Cancer,True,-0.38337207138527446,0.08168739113217717,0.256,0.2545,0.2555,0.9996,0.0123,0.3548,47,47,47,47.0,1,1,0.3671,50.0,0.0123,-3.0,False,False,False
Q02_ERBB2_ESR1_BREAST,ERBB2,ESR1,breast,P15_weak,0.15,ACH-002328,MX1,breast,Breast Cancer,True,-0.40209149015072776,0.07929419584645571,0.3416,,0.3416,0.5,0.0119,0.3535,48,48,48,48.0,1,1,0.3654,51.0,0.0119,-3.0,False,False,False
Q02_ERBB2_ESR1_BREAST,ERBB2,ESR1,breast,P15_weak,0.15,ACH-000288,BT549,breast,Breast Cancer,True,-0.3827965935609929,0.08176096343874094,0.2319,0.227,0.2301,0.9988,0.0123,0.3332,49,49,49,49.0,1,1,0.3454,54.0,0.0122,-5.0,False,False,False
Q02_ERBB2_ESR1_BREAST,ERBB2,ESR1,breast,P15_weak,0.15,ACH-000876,MDAMB415,breast,Breast Cancer,True,2.539350092171294,0.4553445538324308,0.3654,,0.3654,0.5875,0.0683,0.3304,50,50,50,50.0,1,1,0.3987,46.0,0.0683,4.0,False,False,False
Q02_ERBB2_ESR1_BREAST,ERBB2,ESR1,breast,P15_weak,0.15,ACH-001392,SUM185PE,breast,Breast Cancer,True,-0.659000853517363,0.04644946466273934,0.2924,,0.2924,0.5,0.007,0.3166,51,51,51,51.0,1,1,0.3235,57.0,0.0069,-6.0,False,False,False
Q02_ERBB2_ESR1_BREAST,ERBB2,ESR1,breast,P15_weak,0.15,ACH-000374,HCC1143,breast,Breast Cancer,True,1.4531408889717519,0.3164774887287968,0.2705,0.2117,0.2497,0.9853,0.0475,0.3126,52,52,52,52.0,1,1,0.3601,52.0,0.0475,0.0,False,False,False
Q02_ERBB2_ESR1_BREAST,ERBB2,ESR1,breast,P15_weak,0.15,ACH-001357,MCF10A,breast,Non-Cancerous,True,0.29733851876737805,0.16871324357479933,0.3062,,0.3062,0.5,0.0253,0.3099,53,53,53,53.0,1,1,0.3352,55.0,0.0253,-2.0,False,False,False
Q02_ERBB2_ESR1_BREAST,ERBB2,ESR1,breast,P15_weak,0.15,ACH-001391,SUM159PT,breast,Breast Cancer,True,-0.6226952004672072,0.05109098258663025,0.2595,,0.2595,0.5875,0.0077,0.301,54,54,54,54.0,1,1,0.3087,60.0,0.0077,-6.0,False,False,False
Q02_ERBB2_ESR1_BREAST,ERBB2,ESR1,breast,P15_weak,0.15,ACH-000668,HCC70,breast,Breast Cancer,True,0.6904894405522762,0.2189758582628722,0.3067,0.0659,0.2217,0.9398,0.0328,0.2966,55,55,55,55.0,1,1,0.3294,56.0,0.0328,-1.0,False,False,False
Q02_ERBB2_ESR1_BREAST,ERBB2,ESR1,breast,P15_weak,0.15,ACH-000148,HS578T,breast,Breast Cancer,True,-0.35916874768654933,0.08478167952330375,0.259,,0.259,0.5875,0.0127,0.2955,56,56,56,56.0,1,1,0.3083,61.0,0.0128,-5.0,False,False,False
Q02_ERBB2_ESR1_BREAST,ERBB2,ESR1,breast,P15_weak,0.15,ACH-000699,HCC1395,breast,Breast Cancer,True,-0.20239321616350345,0.10482474109794242,0.26,0.0608,0.1897,0.9502,0.0157,0.2881,57,57,57,57.0,1,1,0.3038,62.0,0.0157,-5.0,False,False,False
Q02_ERBB2_ESR1_BREAST,ERBB2,ESR1,breast,P15_weak,0.15,ACH-000849,MDAMB468,breast,Breast Cancer,True,0.47401553032621285,0.19130062176510276,0.2172,0.1431,0.1911,0.9815,0.0287,0.2809,58,58,58,58.0,1,1,0.3096,59.0,0.0287,-1.0,False,False,False
Q02_ERBB2_ESR1_BREAST,ERBB2,ESR1,breast,P15_weak,0.15,ACH-000019,MCF7,breast,Breast Cancer,True,4.904009167909112,0.7576558073654749,0.3514,0.1789,0.2905,0.9569,0.1136,0.2768,59,59,59,59.0,1,1,0.3905,49.0,0.1137,10.0,False,False,False
Q02_ERBB2_ESR1_BREAST,ERBB2,ESR1,breast,P15_weak,0.15,ACH-000349,HCC1500,breast,Breast Cancer,True,5.426896875992501,0.8245046990765931,0.3189,0.2418,0.2917,0.9807,0.1237,0.2714,60,60,60,60.0,1,1,0.395,47.0,0.1236,13.0,False,False,False
Q02_ERBB2_ESR1_BREAST,ERBB2,ESR1,breast,P15_weak,0.15,ACH-001394,SUM229PE,breast,Breast Cancer,True,0.20221642664936837,0.15655230282780871,0.2734,,0.2734,0.4125,0.0235,0.2708,61,61,61,61.0,1,1,0.2942,63.0,0.0234,-2.0,False,False,False
Q02_ERBB2_ESR1_BREAST,ERBB2,ESR1,breast,P15_weak,0.15,ACH-001389,SUM1315MO2,breast,Breast Cancer,True,-0.5729230860698231,0.057454128313998334,0.2182,,0.2182,0.5875,0.0086,0.2649,62,62,62,62.0,1,1,0.2736,64.0,0.0087,-2.0,False,False,False
Q02_ERBB2_ESR1_BREAST,ERBB2,ESR1,breast,P15_weak,0.15,ACH-002319,184A1,breast,Breast Cancer,True,-1.0223255623870044,0.0,0.2312,,0.2312,0.4125,0.0,0.2584,63,63,63,63.0,1,1,0.2584,66.0,0.0,-3.0,False,False,False
Q02_ERBB2_ESR1_BREAST,ERBB2,ESR1,breast,P15_weak,0.15,ACH-000721,HMC18,breast,Breast Cancer,True,-0.5201328793488921,0.06420312385919914,0.2123,,0.2123,0.5,0.0096,0.2458,64,64,64,64.0,1,1,0.2554,67.0,0.0096,-3.0,False,False,False
Q02_ERBB2_ESR1_BREAST,ERBB2,ESR1,breast,P15_weak,0.15,ACH-000573,MDAMB436,breast,Breast Cancer,True,-0.36338267275449004,0.08424294775319181,0.2037,0.0,0.1318,0.9491,0.0126,0.2418,65,65,65,65.0,1,1,0.2544,68.0,0.0126,-3.0,False,False,False
Q02_ERBB2_ESR1_BREAST,ERBB2,ESR1,breast,P15_weak,0.15,ACH-000352,HCC1428,breast,Breast Cancer,True,4.868956810606947,0.7531745177859193,0.3106,,0.3106,0.5875,0.113,0.2392,66,66,66,66.0,1,1,0.3521,53.0,0.1129,13.0,False,False,False
Q02_ERBB2_ESR1_BREAST,ERBB2,ESR1,breast,P15_weak,0.15,ACH-001827,184B5,breast,Non-Cancerous,True,-0.3430486479400495,0.08684256331473211,0.192,,0.192,0.4125,0.013,0.212,67,67,67,67.0,1,1,0.2251,70.0,0.0131,-3.0,False,False,False
Q02_ERBB2_ESR1_BREAST,ERBB2,ESR1,breast,P15_weak,0.15,ACH-001390,SUM149PT,breast,Breast Cancer,True,-0.09429065176324142,0.11864517808579146,0.1662,,0.1662,0.5875,0.0178,0.2116,68,68,68,68.0,1,1,0.2294,69.0,0.0178,-1.0,False,False,False
Q02_ERBB2_ESR1_BREAST,ERBB2,ESR1,breast,P15_weak,0.15,ACH-000258,DU4475,breast,Breast Cancer,True,-0.23053495093301155,0.10122694418841967,0.1586,,0.1586,0.5875,0.0152,0.2077,69,69,69,69.0,1,1,0.2229,71.0,0.0152,-2.0,False,False,False
Q02_ERBB2_ESR1_BREAST,ERBB2,ESR1,breast,P15_weak,0.15,ACH-000044,MDAMB134VI,breast,Breast Cancer,True,5.373997088915721,0.8177416941652729,0.2725,,0.2725,0.5875,0.1227,0.1971,70,70,70,70.0,1,1,0.3198,58.0,0.1227,12.0,False,False,False
Q02_ERBB2_ESR1_BREAST,ERBB2,ESR1,breast,P15_weak,0.15,ACH-002327,MCF12A,breast,Breast Cancer,True,-0.38612745012722327,0.0813351280892787,0.1513,,0.1513,0.4125,0.0122,0.1783,71,71,71,71.0,1,1,0.1905,72.0,0.0122,-1.0,False,False,False
Q02_ERBB2_ESR1_BREAST,ERBB2,ESR1,breast,P15_weak,0.15,ACH-001395,SUM44PE,breast,Breast Cancer,True,6.799609771156073,1.0,0.2458,,0.2458,0.4125,0.15,0.1208,72,72,72,72.0,1,1,0.2708,65.0,0.15,7.0,False,False,False
Q02_ERBB2_ESR1_BREAST,ERBB2,ESR1,breast,P15_weak,0.15,ACH-001388,SUM102PT,breast,Breast Cancer,True,-0.48606945411521196,0.06855798282710761,0.0,,0.0,0.4125,0.0103,0.0516,73,73,73,73.0,1,1,0.0619,73.0,0.0103,0.0,False,False,False
Q02_ERBB2_ESR1_BREAST,ERBB2,ESR1,breast,P30_team_baseline,0.3,ACH-001393,SUM190PT,breast,Breast Cancer,True,-0.45016462470865554,0.07314825721260201,1.0,,1.0,0.4125,0.0219,0.8899,1,1,1,1.0,1,1,0.9119,4.0,0.022,-3.0,True,True,False
Q02_ERBB2_ESR1_BREAST,ERBB2,ESR1,breast,P30_team_baseline,0.3,ACH-000755,HCC2218,breast,Breast Cancer,True,-0.13282519817827987,0.11371870595685561,0.8596,1.0,0.9091,0.9649,0.0341,0.8834,2,2,2,2.0,1,1,0.9175,3.0,0.0341,-1.0,True,True,False
Q02_ERBB2_ESR1_BREAST,ERBB2,ESR1,breast,P30_team_baseline,0.3,ACH-000930,HCC1569,breast,Breast Cancer,True,-0.17926353537758732,0.1077817689688746,0.9372,,0.9372,0.5875,0.0323,0.8524,3,3,3,3.0,1,1,0.8847,6.0,0.0323,-3.0,True,True,False
Q02_ERBB2_ESR1_BREAST,ERBB2,ESR1,breast,P30_team_baseline,0.3,ACH-000248,AU565,breast,Breast Cancer,True,-0.21740922982920033,0.10290500985172472,0.8957,0.8102,0.8655,0.9786,0.0309,0.8516,4,4,4,4.0,1,1,0.8825,7.0,0.0309,-3.0,True,True,False
Q02_ERBB2_ESR1_BREAST,ERBB2,ESR1,breast,P30_team_baseline,0.3,ACH-000117,EFM192A,breast,Breast Cancer,True,2.2710356355093686,0.4210417316764737,0.968,0.9853,0.9741,0.9957,0.1263,0.851,5,5,5,5.0,1,1,0.9773,1.0,0.1263,4.0,True,True,False
Q02_ERBB2_ESR1_BREAST,ERBB2,ESR1,breast,P30_team_baseline,0.3,ACH-000859,HCC1954,breast,Breast Cancer,True,1.1731116103024815,0.2806769781481977,0.9379,0.8632,0.9115,0.9813,0.0842,0.8378,6,6,6,6.0,1,1,0.922,2.0,0.0842,4.0,True,True,False
Q02_ERBB2_ESR1_BREAST,ERBB2,ESR1,breast,P30_team_baseline,0.3,ACH-000725,HCC202,breast,Breast Cancer,True,-0.06237773345459744,0.12272510420992991,0.8836,,0.8836,0.5875,0.0368,0.8024,7,7,7,7.0,1,1,0.8392,10.0,0.0368,-3.0,True,True,False
Q02_ERBB2_ESR1_BREAST,ERBB2,ESR1,breast,P30_team_baseline,0.3,ACH-000554,UACC893,breast,Breast Cancer,True,1.0099132475051242,0.2598127858686339,0.9142,,0.9142,0.5875,0.0779,0.7872,8,8,8,8.0,1,1,0.8652,9.0,0.078,-1.0,True,True,False
Q02_ERBB2_ESR1_BREAST,ERBB2,ESR1,breast,P30_team_baseline,0.3,ACH-000017,SKBR3,breast,Breast Cancer,True,-0.1269837687139794,0.11446550699971907,0.8576,,0.8576,0.5875,0.0343,0.7827,9,9,9,9.0,1,1,0.8171,12.0,0.0344,-3.0,True,False,False
Q02_ERBB2_ESR1_BREAST,ERBB2,ESR1,breast,P30_team_baseline,0.3,ACH-000828,ZR7530,breast,Breast Cancer,True,3.312720926959573,0.5542166106585472,0.9646,,0.9646,0.5875,0.1663,0.7418,10,10,10,10.0,1,1,0.9081,5.0,0.1663,5.0,True,True,False
Q02_ERBB2_ESR1_BREAST,ERBB2,ESR1,breast,P30_team_baseline,0.3,ACH-001397,SUM225CWN,breast,Breast Cancer,True,-0.706872739677384,0.04032925475065655,0.8124,,0.8124,0.4125,0.0121,0.7403,11,11,11,11.0,1,1,0.7524,15.0,0.0121,-4.0,False,False,False
Q02_ERBB2_ESR1_BREAST,ERBB2,ESR1,breast,P30_team_baseline,0.3,ACH-000277,HCC1419,breast,Breast Cancer,True,3.054609973436326,0.5212182614627439,0.9168,,0.9168,0.5875,0.1564,0.7111,12,12,12,12.0,1,1,0.8674,8.0,0.1563,4.0,False,True,False
Q02_ERBB2_ESR1_BREAST,ERBB2,ESR1,breast,P30_team_baseline,0.3,ACH-000568,UACC812,breast,Breast Cancer,True,3.363071655078438,0.5606537296031316,0.8584,,0.8584,0.5875,0.1682,0.6496,13,13,13,13.0,1,1,0.8178,11.0,0.1682,2.0,False,False,False
Q02_ERBB2_ESR1_BREAST,ERBB2,ESR1,breast,P30_team_baseline,0.3,ACH-000711,JIMT1,breast,Breast Cancer,True,1.626702064887431,0.3386665210481245,0.6869,0.6902,0.688,0.9992,0.1016,0.6331,14,14,14,14.0,1,1,0.7347,16.0,0.1016,-2.0,False,False,False
Q02_ERBB2_ESR1_BREAST,ERBB2,ESR1,breast,P30_team_baseline,0.3,ACH-000927,BT474,breast,Breast Cancer,True,3.2717450598762183,0.5489780264289338,0.821,,0.821,0.5875,0.1647,0.6213,15,15,15,15.0,1,1,0.786,14.0,0.1647,1.0,False,False,False
Q02_ERBB2_ESR1_BREAST,ERBB2,ESR1,breast,P30_team_baseline,0.3,ACH-000910,MDAMB453,breast,Breast Cancer,True,-0.3492976357078801,0.08604365773684619,0.5708,0.614,0.586,0.9892,0.0258,0.6207,16,16,16,16.0,1,1,0.6465,18.0,0.0258,-2.0,False,False,False
Q02_ERBB2_ESR1_BREAST,ERBB2,ESR1,breast,P30_team_baseline,0.3,ACH-001358,MDAMB330,breast,Breast Cancer,True,5.556320944335743,0.8410509964856535,0.8787,,0.8787,0.4125,0.2523,0.5565,17,17,17,17.0,1,1,0.8088,13.0,0.2523,4.0,False,False,False
Q02_ERBB2_ESR1_BREAST,ERBB2,ESR1,breast,P30_team_baseline,0.3,ACH-000934,MDAMB361,breast,Breast Cancer,True,3.90051577893915,0.6293635949936025,0.7493,,0.7493,0.5875,0.1888,0.5363,18,18,18,18.0,1,1,0.7251,17.0,0.1888,1.0,False,False,False
Q02_ERBB2_ESR1_BREAST,ERBB2,ESR1,breast,P30_team_baseline,0.3,ACH-001249,YMB1,breast,Breast Cancer,True,0.3103970952685756,0.1703827250962328,0.6133,,0.6133,0.4125,0.0511,0.532,19,19,19,19.0,1,1,0.5831,21.0,0.0511,-2.0,False,False,False
Q02_ERBB2_ESR1_BREAST,ERBB2,ESR1,breast,P30_team_baseline,0.3,ACH-000902,CAL148,breast,Breast Cancer,True,0.07465383917508313,0.1402439875535499,0.5679,,0.5679,0.5875,0.0421,0.5288,20,20,20,20.0,1,1,0.5709,22.0,0.0421,-2.0,False,False,False
Q02_ERBB2_ESR1_BREAST,ERBB2,ESR1,breast,P30_team_baseline,0.3,ACH-000276,HCC38,breast,Breast Cancer,True,-0.5374046422541524,0.061995005002578936,0.415,0.567,0.4687,0.962,0.0186,0.5241,21,21,21,21.0,1,1,0.5427,24.0,0.0186,-3.0,False,False,False
Q02_ERBB2_ESR1_BREAST,ERBB2,ESR1,breast,P30_team_baseline,0.3,ACH-000111,HCC1187,breast,Breast Cancer,True,0.34045489718890387,0.17422548275640293,0.4696,0.4413,0.4596,0.9929,0.0523,0.4873,22,22,22,22.0,1,1,0.5396,25.0,0.0523,-3.0,False,False,False
Q02_ERBB2_ESR1_BREAST,ERBB2,ESR1,breast,P30_team_baseline,0.3,ACH-000691,HCC2157,breast,Breast Cancer,True,-0.5292415274837386,0.06303862329170076,0.4831,,0.4831,0.5,0.0189,0.4667,23,23,23,23.0,1,1,0.4856,30.0,0.0189,-7.0,False,False,False
Q02_ERBB2_ESR1_BREAST,ERBB2,ESR1,breast,P30_team_baseline,0.3,ACH-000643,HDQP1,breast,Breast Cancer,True,1.5151199075232882,0.32440123341711574,0.4174,0.5403,0.4608,0.9693,0.0973,0.4397,24,24,24,24.0,1,1,0.5371,26.0,0.0974,-2.0,False,False,False
Q02_ERBB2_ESR1_BREAST,ERBB2,ESR1,breast,P30_team_baseline,0.3,ACH-000536,BT20,breast,Breast Cancer,True,1.2477704790982418,0.29022178587316033,0.3702,0.5079,0.4188,0.9656,0.0871,0.4137,25,25,25,25.0,1,1,0.5008,29.0,0.0871,-4.0,False,False,False
Q02_ERBB2_ESR1_BREAST,ERBB2,ESR1,breast,P30_team_baseline,0.3,ACH-001065,EVSAT,breast,Breast Cancer,True,-0.2379562833803233,0.10027815950395845,0.4283,,0.4283,0.5,0.0301,0.4089,26,26,26,26.0,1,1,0.439,37.0,0.0301,-11.0,False,False,False
Q02_ERBB2_ESR1_BREAST,ERBB2,ESR1,breast,P30_team_baseline,0.3,ACH-000759,MDAMB175VII,breast,Breast Cancer,True,2.677537316495725,0.47301118215801125,0.5425,,0.5425,0.5875,0.1419,0.4074,27,27,27,27.0,1,1,0.5493,23.0,0.1419,4.0,False,False,False
Q02_ERBB2_ESR1_BREAST,ERBB2,ESR1,breast,P30_team_baseline,0.3,ACH-000768,MDAMB231,breast,Breast Cancer,True,-0.05672543167567612,0.12344772611076336,0.2881,0.4619,0.3494,0.9565,0.037,0.4035,28,28,28,28.0,1,1,0.4405,35.0,0.037,-7.0,False,False,False
Q02_ERBB2_ESR1_BREAST,ERBB2,ESR1,breast,P30_team_baseline,0.3,ACH-000856,CAL51,breast,Breast Cancer,True,-0.10798258267058476,0.11689472499157731,0.3968,0.2323,0.3387,0.9589,0.0351,0.3967,29,29,29,29.0,1,1,0.4318,38.0,0.0351,-9.0,False,False,False
Q02_ERBB2_ESR1_BREAST,ERBB2,ESR1,breast,P30_team_baseline,0.3,ACH-000857,CAL851,breast,Breast Cancer,True,0.6504277883355182,0.21385415237955194,0.3596,0.3513,0.3567,0.9979,0.0642,0.3887,30,30,30,30.0,1,1,0.4529,34.0,0.0642,-4.0,False,False,False
Q02_ERBB2_ESR1_BREAST,ERBB2,ESR1,breast,P30_team_baseline,0.3,ACH-000818,BT483,breast,Breast Cancer,True,4.304231101491651,0.6809768218150049,0.5835,,0.5835,0.5875,0.2043,0.3798,31,31,31,31.0,1,1,0.5841,20.0,0.2043,11.0,False,False,False
Q02_ERBB2_ESR1_BREAST,ERBB2,ESR1,breast,P30_team_baseline,0.3,ACH-001396,SUM52PE,breast,Breast Cancer,True,-0.40841794490882516,0.07848538645487618,0.3701,,0.3701,0.5875,0.0235,0.3791,32,32,32,32.0,1,1,0.4027,44.0,0.0236,-12.0,False,False,False
Q02_ERBB2_ESR1_BREAST,ERBB2,ESR1,breast,P30_team_baseline,0.3,ACH-001820,COLO824,breast,Breast Cancer,True,0.09303258168181083,0.14259362887926036,0.4018,,0.4018,0.5,0.0428,0.3738,33,33,33,33.0,1,1,0.4165,40.0,0.0427,-7.0,False,False,False
Q02_ERBB2_ESR1_BREAST,ERBB2,ESR1,breast,P30_team_baseline,0.3,ACH-000330,EFM19,breast,Breast Cancer,True,4.794423157809123,0.7436457183750882,0.5192,0.5394,0.5263,0.9949,0.2231,0.3735,34,34,34,34.0,1,1,0.5966,19.0,0.2231,15.0,False,False,False
Q02_ERBB2_ESR1_BREAST,ERBB2,ESR1,breast,P30_team_baseline,0.3,ACH-001419,VP229,breast,Breast Cancer,True,1.471337798774096,0.31880388354368483,0.475,,0.475,0.4125,0.0956,0.37,35,35,35,35.0,1,1,0.4656,32.0,0.0956,3.0,False,False,False
Q02_ERBB2_ESR1_BREAST,ERBB2,ESR1,breast,P30_team_baseline,0.3,ACH-002323,HCC2688,breast,Breast Cancer,True,0.851294731847329,0.2395341068852388,0.4447,,0.4447,0.4125,0.0719,0.368,36,36,36,36.0,1,1,0.4399,36.0,0.0719,0.0,False,False,False
Q02_ERBB2_ESR1_BREAST,ERBB2,ESR1,breast,P30_team_baseline,0.3,ACH-000783,CAMA1,breast,Breast Cancer,True,3.450472754286223,0.571827575394592,0.4306,0.5082,0.458,0.9806,0.1715,0.3648,37,37,37,37.0,1,1,0.5364,27.0,0.1716,10.0,False,False,False
Q02_ERBB2_ESR1_BREAST,ERBB2,ESR1,breast,P30_team_baseline,0.3,ACH-000642,HMEL,breast,Non-Cancerous,True,-0.2054747919082625,0.10443077520416366,0.3729,,0.3729,0.5,0.0313,0.3606,38,38,38,38.0,1,1,0.3919,48.0,0.0313,-10.0,False,False,False
Q02_ERBB2_ESR1_BREAST,ERBB2,ESR1,breast,P30_team_baseline,0.3,ACH-000212,CAL120,breast,Breast Cancer,True,0.3986497702166974,0.18166544109743324,0.2865,0.3262,0.3005,0.9901,0.0545,0.3494,39,39,39,39.0,1,1,0.4039,43.0,0.0545,-4.0,False,False,False
Q02_ERBB2_ESR1_BREAST,ERBB2,ESR1,breast,P30_team_baseline,0.3,ACH-001819,MFM223,breast,Breast Cancer,True,0.6941833137029544,0.2194481036846462,0.3769,,0.3769,0.5875,0.0658,0.3427,40,40,40,40.0,1,1,0.4085,41.0,0.0658,-1.0,False,False,False
Q02_ERBB2_ESR1_BREAST,ERBB2,ESR1,breast,P30_team_baseline,0.3,ACH-000621,MDAMB157,breast,Breast Cancer,True,-0.38337207138527446,0.08168739113217717,0.256,0.2545,0.2555,0.9996,0.0245,0.3426,41,41,41,41.0,1,1,0.3671,50.0,0.0245,-9.0,False,False,False
Q02_ERBB2_ESR1_BREAST,ERBB2,ESR1,breast,P30_team_baseline,0.3,ACH-002328,MX1,breast,Breast Cancer,True,-0.40209149015072776,0.07929419584645571,0.3416,,0.3416,0.5,0.0238,0.3416,42,42,42,42.0,1,1,0.3654,51.0,0.0238,-9.0,False,False,False
Q02_ERBB2_ESR1_BREAST,ERBB2,ESR1,breast,P30_team_baseline,0.3,ACH-000624,HCC1806,breast,Breast Cancer,True,0.6943472454075978,0.21946906163145258,0.2769,0.3288,0.2952,0.987,0.0658,0.3332,43,43,43,43.0,1,1,0.399,45.0,0.0658,-2.0,False,False,False
Q02_ERBB2_ESR1_BREAST,ERBB2,ESR1,breast,P30_team_baseline,0.3,ACH-000097,ZR751,breast,Breast Cancer,True,3.9451131857227146,0.6350651771317616,0.4668,0.3898,0.4396,0.9807,0.1905,0.3303,44,44,44,44.0,1,1,0.5208,28.0,0.1905,16.0,False,False,False
Q02_ERBB2_ESR1_BREAST,ERBB2,ESR1,breast,P30_team_baseline,0.3,ACH-000223,HCC1937,breast,Breast Cancer,True,1.443268525312482,0.31521535049339944,0.3109,0.3456,0.3232,0.9913,0.0946,0.3288,45,45,45,45.0,1,1,0.4234,39.0,0.0946,6.0,False,False,False
Q02_ERBB2_ESR1_BREAST,ERBB2,ESR1,breast,P30_team_baseline,0.3,ACH-000288,BT549,breast,Breast Cancer,True,-0.3827965935609929,0.08176096343874094,0.2319,0.227,0.2301,0.9988,0.0245,0.3209,46,46,46,46.0,1,1,0.3454,54.0,0.0245,-8.0,False,False,False
Q02_ERBB2_ESR1_BREAST,ERBB2,ESR1,breast,P30_team_baseline,0.3,ACH-000196,HCC1599,breast,Breast Cancer,True,1.306564097598723,0.2977382911871783,0.389,,0.389,0.5,0.0893,0.3163,47,47,47,47.0,1,1,0.4056,42.0,0.0893,5.0,False,False,False
Q02_ERBB2_ESR1_BREAST,ERBB2,ESR1,breast,P30_team_baseline,0.3,ACH-001392,SUM185PE,breast,Breast Cancer,True,-0.659000853517363,0.04644946466273934,0.2924,,0.2924,0.5,0.0139,0.3096,48,48,48,48.0,1,1,0.3235,57.0,0.0139,-9.0,False,False,False
Q02_ERBB2_ESR1_BREAST,ERBB2,ESR1,breast,P30_team_baseline,0.3,ACH-001391,SUM159PT,breast,Breast Cancer,True,-0.6226952004672072,0.05109098258663025,0.2595,,0.2595,0.5875,0.0153,0.2934,49,49,49,49.0,1,1,0.3087,60.0,0.0153,-11.0,False,False,False
Q02_ERBB2_ESR1_BREAST,ERBB2,ESR1,breast,P30_team_baseline,0.3,ACH-001357,MCF10A,breast,Non-Cancerous,True,0.29733851876737805,0.16871324357479933,0.3062,,0.3062,0.5,0.0506,0.2846,50,50,50,50.0,1,1,0.3352,55.0,0.0506,-5.0,False,False,False
Q02_ERBB2_ESR1_BREAST,ERBB2,ESR1,breast,P30_team_baseline,0.3,ACH-000148,HS578T,breast,Breast Cancer,True,-0.35916874768654933,0.08478167952330375,0.259,,0.259,0.5875,0.0254,0.2828,51,51,51,51.0,1,1,0.3083,61.0,0.0255,-10.0,False,False,False
Q02_ERBB2_ESR1_BREAST,ERBB2,ESR1,breast,P30_team_baseline,0.3,ACH-000699,HCC1395,breast,Breast Cancer,True,-0.20239321616350345,0.10482474109794242,0.26,0.0608,0.1897,0.9502,0.0314,0.2723,52,52,52,52.0,1,1,0.3038,62.0,0.0315,-10.0,False,False,False
Q02_ERBB2_ESR1_BREAST,ERBB2,ESR1,breast,P30_team_baseline,0.3,ACH-000147,T47D,breast,Breast Cancer,True,4.395535283798473,0.6926496595991886,0.3867,0.3797,0.3842,0.9982,0.2078,0.2685,53,53,53,53.0,1,1,0.4763,31.0,0.2078,22.0,False,False,False
Q02_ERBB2_ESR1_BREAST,ERBB2,ESR1,breast,P30_team_baseline,0.3,ACH-000374,HCC1143,breast,Breast Cancer,True,1.4531408889717519,0.3164774887287968,0.2705,0.2117,0.2497,0.9853,0.0949,0.2651,54,54,54,54.0,1,1,0.3601,52.0,0.095,2.0,False,False,False
Q02_ERBB2_ESR1_BREAST,ERBB2,ESR1,breast,P30_team_baseline,0.3,ACH-000668,HCC70,breast,Breast Cancer,True,0.6904894405522762,0.2189758582628722,0.3067,0.0659,0.2217,0.9398,0.0657,0.2637,55,55,55,55.0,1,1,0.3294,56.0,0.0657,-1.0,False,False,False
Q02_ERBB2_ESR1_BREAST,ERBB2,ESR1,breast,P30_team_baseline,0.3,ACH-000028,KPL1,breast,Breast Cancer,True,3.975977518092908,0.6390110461595758,0.3787,0.3263,0.3602,0.9869,0.1917,0.2625,56,56,56,56.0,1,1,0.4542,33.0,0.1917,23.0,False,False,False
Q02_ERBB2_ESR1_BREAST,ERBB2,ESR1,breast,P30_team_baseline,0.3,ACH-000876,MDAMB415,breast,Breast Cancer,True,2.539350092171294,0.4553445538324308,0.3654,,0.3654,0.5875,0.1366,0.2621,57,57,57,57.0,1,1,0.3987,46.0,0.1366,11.0,False,False,False
Q02_ERBB2_ESR1_BREAST,ERBB2,ESR1,breast,P30_team_baseline,0.3,ACH-002319,184A1,breast,Breast Cancer,True,-1.0223255623870044,0.0,0.2312,,0.2312,0.4125,0.0,0.2584,58,58,58,58.0,1,1,0.2584,66.0,0.0,-8.0,False,False,False
Q02_ERBB2_ESR1_BREAST,ERBB2,ESR1,breast,P30_team_baseline,0.3,ACH-001389,SUM1315MO2,breast,Breast Cancer,True,-0.5729230860698231,0.057454128313998334,0.2182,,0.2182,0.5875,0.0172,0.2563,59,59,59,59.0,1,1,0.2736,64.0,0.0173,-5.0,False,False,False
Q02_ERBB2_ESR1_BREAST,ERBB2,ESR1,breast,P30_team_baseline,0.3,ACH-000849,MDAMB468,breast,Breast Cancer,True,0.47401553032621285,0.19130062176510276,0.2172,0.1431,0.1911,0.9815,0.0574,0.2522,60,60,60,60.0,1,1,0.3096,59.0,0.0574,1.0,False,False,False
Q02_ERBB2_ESR1_BREAST,ERBB2,ESR1,breast,P30_team_baseline,0.3,ACH-001394,SUM229PE,breast,Breast Cancer,True,0.20221642664936837,0.15655230282780871,0.2734,,0.2734,0.4125,0.047,0.2473,61,61,61,61.0,1,1,0.2942,63.0,0.0469,-2.0,False,False,False
Q02_ERBB2_ESR1_BREAST,ERBB2,ESR1,breast,P30_team_baseline,0.3,ACH-000721,HMC18,breast,Breast Cancer,True,-0.5201328793488921,0.06420312385919914,0.2123,,0.2123,0.5,0.0193,0.2362,62,62,62,62.0,1,1,0.2554,67.0,0.0192,-5.0,False,False,False
Q02_ERBB2_ESR1_BREAST,ERBB2,ESR1,breast,P30_team_baseline,0.3,ACH-000573,MDAMB436,breast,Breast Cancer,True,-0.36338267275449004,0.08424294775319181,0.2037,0.0,0.1318,0.9491,0.0253,0.2291,63,63,63,63.0,1,1,0.2544,68.0,0.0253,-5.0,False,False,False
Q02_ERBB2_ESR1_BREAST,ERBB2,ESR1,breast,P30_team_baseline,0.3,ACH-001827,184B5,breast,Non-Cancerous,True,-0.3430486479400495,0.08684256331473211,0.192,,0.192,0.4125,0.0261,0.199,64,64,64,64.0,1,1,0.2251,70.0,0.0261,-6.0,False,False,False
Q02_ERBB2_ESR1_BREAST,ERBB2,ESR1,breast,P30_team_baseline,0.3,ACH-001390,SUM149PT,breast,Breast Cancer,True,-0.09429065176324142,0.11864517808579146,0.1662,,0.1662,0.5875,0.0356,0.1938,65,65,65,65.0,1,1,0.2294,69.0,0.0356,-4.0,False,False,False
Q02_ERBB2_ESR1_BREAST,ERBB2,ESR1,breast,P30_team_baseline,0.3,ACH-000258,DU4475,breast,Breast Cancer,True,-0.23053495093301155,0.10122694418841967,0.1586,,0.1586,0.5875,0.0304,0.1926,66,66,66,66.0,1,1,0.2229,71.0,0.0303,-5.0,False,False,False
Q02_ERBB2_ESR1_BREAST,ERBB2,ESR1,breast,P30_team_baseline,0.3,ACH-002327,MCF12A,breast,Breast Cancer,True,-0.38612745012722327,0.0813351280892787,0.1513,,0.1513,0.4125,0.0244,0.1661,67,67,67,67.0,1,1,0.1905,72.0,0.0244,-5.0,False,False,False
Q02_ERBB2_ESR1_BREAST,ERBB2,ESR1,breast,P30_team_baseline,0.3,ACH-000019,MCF7,breast,Breast Cancer,True,4.904009167909112,0.7576558073654749,0.3514,0.1789,0.2905,0.9569,0.2273,0.1632,68,68,68,68.0,1,1,0.3905,49.0,0.2273,19.0,False,False,False
Q02_ERBB2_ESR1_BREAST,ERBB2,ESR1,breast,P30_team_baseline,0.3,ACH-000349,HCC1500,breast,Breast Cancer,True,5.426896875992501,0.8245046990765931,0.3189,0.2418,0.2917,0.9807,0.2474,0.1477,69,69,69,69.0,1,1,0.395,47.0,0.2473,22.0,False,False,False
Q02_ERBB2_ESR1_BREAST,ERBB2,ESR1,breast,P30_team_baseline,0.3,ACH-000352,HCC1428,breast,Breast Cancer,True,4.868956810606947,0.7531745177859193,0.3106,,0.3106,0.5875,0.226,0.1262,70,70,70,70.0,1,1,0.3521,53.0,0.2259,17.0,False,False,False
Q02_ERBB2_ESR1_BREAST,ERBB2,ESR1,breast,P30_team_baseline,0.3,ACH-000044,MDAMB134VI,breast,Breast Cancer,True,5.373997088915721,0.8177416941652729,0.2725,,0.2725,0.5875,0.2453,0.0745,71,71,71,71.0,1,1,0.3198,58.0,0.2453,13.0,False,False,False
Q02_ERBB2_ESR1_BREAST,ERBB2,ESR1,breast,P30_team_baseline,0.3,ACH-001388,SUM102PT,breast,Breast Cancer,True,-0.48606945411521196,0.06855798282710761,0.0,,0.0,0.4125,0.0206,0.0413,72,72,72,72.0,1,1,0.0619,73.0,0.0206,-1.0,False,False,False
Q02_ERBB2_ESR1_BREAST,ERBB2,ESR1,breast,P30_team_baseline,0.3,ACH-001395,SUM44PE,breast,Breast Cancer,True,6.799609771156073,1.0,0.2458,,0.2458,0.4125,0.3,0.0,73,73,73,73.0,1,1,0.2708,65.0,0.2708,8.0,False,False,True
Q02_ERBB2_ESR1_BREAST,ERBB2,ESR1,breast,P45_stress,0.45,ACH-001393,SUM190PT,breast,Breast Cancer,True,-0.45016462470865554,0.07314825721260201,1.0,,1.0,0.4125,0.0329,0.879,1,1,1,1.0,1,1,0.9119,4.0,0.0329,-3.0,True,True,False
Q02_ERBB2_ESR1_BREAST,ERBB2,ESR1,breast,P45_stress,0.45,ACH-000755,HCC2218,breast,Breast Cancer,True,-0.13282519817827987,0.11371870595685561,0.8596,1.0,0.9091,0.9649,0.0512,0.8663,2,2,2,2.0,1,1,0.9175,3.0,0.0512,-1.0,True,True,False
Q02_ERBB2_ESR1_BREAST,ERBB2,ESR1,breast,P45_stress,0.45,ACH-000248,AU565,breast,Breast Cancer,True,-0.21740922982920033,0.10290500985172472,0.8957,0.8102,0.8655,0.9786,0.0463,0.8362,3,3,4,3.5,2,1,0.8825,7.0,0.0463,-3.5,True,True,False
Q02_ERBB2_ESR1_BREAST,ERBB2,ESR1,breast,P45_stress,0.45,ACH-000930,HCC1569,breast,Breast Cancer,True,-0.17926353537758732,0.1077817689688746,0.9372,,0.9372,0.5875,0.0485,0.8362,4,3,4,3.5,2,1,0.8847,6.0,0.0485,-2.5,True,True,False
Q02_ERBB2_ESR1_BREAST,ERBB2,ESR1,breast,P45_stress,0.45,ACH-000859,HCC1954,breast,Breast Cancer,True,1.1731116103024815,0.2806769781481977,0.9379,0.8632,0.9115,0.9813,0.1263,0.7957,5,5,5,5.0,1,1,0.922,2.0,0.1263,3.0,True,True,False
Q02_ERBB2_ESR1_BREAST,ERBB2,ESR1,breast,P45_stress,0.45,ACH-000117,EFM192A,breast,Breast Cancer,True,2.2710356355093686,0.4210417316764737,0.968,0.9853,0.9741,0.9957,0.1895,0.7879,6,6,6,6.0,1,1,0.9773,1.0,0.1894,5.0,True,True,False
Q02_ERBB2_ESR1_BREAST,ERBB2,ESR1,breast,P45_stress,0.45,ACH-000725,HCC202,breast,Breast Cancer,True,-0.06237773345459744,0.12272510420992991,0.8836,,0.8836,0.5875,0.0552,0.784,7,7,7,7.0,1,1,0.8392,10.0,0.0552,-3.0,True,True,False
Q02_ERBB2_ESR1_BREAST,ERBB2,ESR1,breast,P45_stress,0.45,ACH-000017,SKBR3,breast,Breast Cancer,True,-0.1269837687139794,0.11446550699971907,0.8576,,0.8576,0.5875,0.0515,0.7655,8,8,8,8.0,1,1,0.8171,12.0,0.0516,-4.0,True,False,False
Q02_ERBB2_ESR1_BREAST,ERBB2,ESR1,breast,P45_stress,0.45,ACH-000554,UACC893,breast,Breast Cancer,True,1.0099132475051242,0.2598127858686339,0.9142,,0.9142,0.5875,0.1169,0.7483,9,9,9,9.0,1,1,0.8652,9.0,0.1169,0.0,True,True,False
Q02_ERBB2_ESR1_BREAST,ERBB2,ESR1,breast,P45_stress,0.45,ACH-001397,SUM225CWN,breast,Breast Cancer,True,-0.706872739677384,0.04032925475065655,0.8124,,0.8124,0.4125,0.0181,0.7342,10,10,10,10.0,1,1,0.7524,15.0,0.0182,-5.0,True,False,False
Q02_ERBB2_ESR1_BREAST,ERBB2,ESR1,breast,P45_stress,0.45,ACH-000828,ZR7530,breast,Breast Cancer,True,3.312720926959573,0.5542166106585472,0.9646,,0.9646,0.5875,0.2494,0.6587,11,11,11,11.0,1,1,0.9081,5.0,0.2494,6.0,False,True,False
Q02_ERBB2_ESR1_BREAST,ERBB2,ESR1,breast,P45_stress,0.45,ACH-000277,HCC1419,breast,Breast Cancer,True,3.054609973436326,0.5212182614627439,0.9168,,0.9168,0.5875,0.2345,0.6329,12,12,12,12.0,1,1,0.8674,8.0,0.2345,4.0,False,True,False
Q02_ERBB2_ESR1_BREAST,ERBB2,ESR1,breast,P45_stress,0.45,ACH-000910,MDAMB453,breast,Breast Cancer,True,-0.3492976357078801,0.08604365773684619,0.5708,0.614,0.586,0.9892,0.0387,0.6078,13,13,13,13.0,1,1,0.6465,18.0,0.0387,-5.0,False,False,False
Q02_ERBB2_ESR1_BREAST,ERBB2,ESR1,breast,P45_stress,0.45,ACH-000711,JIMT1,breast,Breast Cancer,True,1.626702064887431,0.3386665210481245,0.6869,0.6902,0.688,0.9992,0.1524,0.5823,14,14,14,14.0,1,1,0.7347,16.0,0.1524,-2.0,False,False,False
Q02_ERBB2_ESR1_BREAST,ERBB2,ESR1,breast,P45_stress,0.45,ACH-000568,UACC812,breast,Breast Cancer,True,3.363071655078438,0.5606537296031316,0.8584,,0.8584,0.5875,0.2523,0.5655,15,15,15,15.0,1,1,0.8178,11.0,0.2523,4.0,False,False,False
Q02_ERBB2_ESR1_BREAST,ERBB2,ESR1,breast,P45_stress,0.45,ACH-000927,BT474,breast,Breast Cancer,True,3.2717450598762183,0.5489780264289338,0.821,,0.821,0.5875,0.247,0.5389,16,16,16,16.0,1,1,0.786,14.0,0.2471,2.0,False,False,False
Q02_ERBB2_ESR1_BREAST,ERBB2,ESR1,breast,P45_stress,0.45,ACH-000276,HCC38,breast,Breast Cancer,True,-0.5374046422541524,0.061995005002578936,0.415,0.567,0.4687,0.962,0.0279,0.5148,17,17,17,17.0,1,1,0.5427,24.0,0.0279,-7.0,False,False,False
Q02_ERBB2_ESR1_BREAST,ERBB2,ESR1,breast,P45_stress,0.45,ACH-000902,CAL148,breast,Breast Cancer,True,0.07465383917508313,0.1402439875535499,0.5679,,0.5679,0.5875,0.0631,0.5078,18,18,18,18.0,1,1,0.5709,22.0,0.0631,-4.0,False,False,False
Q02_ERBB2_ESR1_BREAST,ERBB2,ESR1,breast,P45_stress,0.45,ACH-001249,YMB1,breast,Breast Cancer,True,0.3103970952685756,0.1703827250962328,0.6133,,0.6133,0.4125,0.0767,0.5065,19,19,19,19.0,1,1,0.5831,21.0,0.0766,-2.0,False,False,False
Q02_ERBB2_ESR1_BREAST,ERBB2,ESR1,breast,P45_stress,0.45,ACH-000111,HCC1187,breast,Breast Cancer,True,0.34045489718890387,0.17422548275640293,0.4696,0.4413,0.4596,0.9929,0.0784,0.4612,20,20,20,20.0,1,1,0.5396,25.0,0.0784,-5.0,False,False,False
Q02_ERBB2_ESR1_BREAST,ERBB2,ESR1,breast,P45_stress,0.45,ACH-000691,HCC2157,breast,Breast Cancer,True,-0.5292415274837386,0.06303862329170076,0.4831,,0.4831,0.5,0.0284,0.4573,21,21,21,21.0,1,1,0.4856,30.0,0.0283,-9.0,False,False,False
Q02_ERBB2_ESR1_BREAST,ERBB2,ESR1,breast,P45_stress,0.45,ACH-000934,MDAMB361,breast,Breast Cancer,True,3.90051577893915,0.6293635949936025,0.7493,,0.7493,0.5875,0.2832,0.4418,22,22,22,22.0,1,1,0.7251,17.0,0.2833,5.0,False,False,False
Q02_ERBB2_ESR1_BREAST,ERBB2,ESR1,breast,P45_stress,0.45,ACH-001358,MDAMB330,breast,Breast Cancer,True,5.556320944335743,0.8410509964856535,0.8787,,0.8787,0.4125,0.3785,0.4303,23,23,23,23.0,1,1,0.8088,13.0,0.3785,10.0,False,False,False
Q02_ERBB2_ESR1_BREAST,ERBB2,ESR1,breast,P45_stress,0.45,ACH-001065,EVSAT,breast,Breast Cancer,True,-0.2379562833803233,0.10027815950395845,0.4283,,0.4283,0.5,0.0451,0.3939,24,24,24,24.0,1,1,0.439,37.0,0.0451,-13.0,False,False,False
Q02_ERBB2_ESR1_BREAST,ERBB2,ESR1,breast,P45_stress,0.45,ACH-000643,HDQP1,breast,Breast Cancer,True,1.5151199075232882,0.32440123341711574,0.4174,0.5403,0.4608,0.9693,0.146,0.3911,25,25,25,25.0,1,1,0.5371,26.0,0.146,-1.0,False,False,False
Q02_ERBB2_ESR1_BREAST,ERBB2,ESR1,breast,P45_stress,0.45,ACH-000768,MDAMB231,breast,Breast Cancer,True,-0.05672543167567612,0.12344772611076336,0.2881,0.4619,0.3494,0.9565,0.0556,0.3849,26,26,26,26.0,1,1,0.4405,35.0,0.0556,-9.0,False,False,False
Q02_ERBB2_ESR1_BREAST,ERBB2,ESR1,breast,P45_stress,0.45,ACH-000856,CAL51,breast,Breast Cancer,True,-0.10798258267058476,0.11689472499157731,0.3968,0.2323,0.3387,0.9589,0.0526,0.3792,27,27,27,27.0,1,1,0.4318,38.0,0.0526,-11.0,False,False,False
Q02_ERBB2_ESR1_BREAST,ERBB2,ESR1,breast,P45_stress,0.45,ACH-000536,BT20,breast,Breast Cancer,True,1.2477704790982418,0.29022178587316033,0.3702,0.5079,0.4188,0.9656,0.1306,0.3702,28,28,28,28.0,1,1,0.5008,29.0,0.1306,-1.0,False,False,False
Q02_ERBB2_ESR1_BREAST,ERBB2,ESR1,breast,P45_stress,0.45,ACH-001396,SUM52PE,breast,Breast Cancer,True,-0.40841794490882516,0.07848538645487618,0.3701,,0.3701,0.5875,0.0353,0.3674,29,29,29,29.0,1,1,0.4027,44.0,0.0353,-15.0,False,False,False
Q02_ERBB2_ESR1_BREAST,ERBB2,ESR1,breast,P45_stress,0.45,ACH-000857,CAL851,breast,Breast Cancer,True,0.6504277883355182,0.21385415237955194,0.3596,0.3513,0.3567,0.9979,0.0962,0.3567,30,30,30,30.0,1,1,0.4529,34.0,0.0962,-4.0,False,False,False
Q02_ERBB2_ESR1_BREAST,ERBB2,ESR1,breast,P45_stress,0.45,ACH-001820,COLO824,breast,Breast Cancer,True,0.09303258168181083,0.14259362887926036,0.4018,,0.4018,0.5,0.0642,0.3524,31,31,31,31.0,1,1,0.4165,40.0,0.0641,-9.0,False,False,False
Q02_ERBB2_ESR1_BREAST,ERBB2,ESR1,breast,P45_stress,0.45,ACH-000642,HMEL,breast,Non-Cancerous,True,-0.2054747919082625,0.10443077520416366,0.3729,,0.3729,0.5,0.047,0.3449,32,32,32,32.0,1,1,0.3919,48.0,0.047,-16.0,False,False,False
Q02_ERBB2_ESR1_BREAST,ERBB2,ESR1,breast,P45_stress,0.45,ACH-000759,MDAMB175VII,breast,Breast Cancer,True,2.677537316495725,0.47301118215801125,0.5425,,0.5425,0.5875,0.2129,0.3364,33,33,33,33.0,1,1,0.5493,23.0,0.2129,10.0,False,False,False
Q02_ERBB2_ESR1_BREAST,ERBB2,ESR1,breast,P45_stress,0.45,ACH-002323,HCC2688,breast,Breast Cancer,True,0.851294731847329,0.2395341068852388,0.4447,,0.4447,0.4125,0.1078,0.3321,34,34,34,34.0,1,1,0.4399,36.0,0.1078,-2.0,False,False,False
Q02_ERBB2_ESR1_BREAST,ERBB2,ESR1,breast,P45_stress,0.45,ACH-000621,MDAMB157,breast,Breast Cancer,True,-0.38337207138527446,0.08168739113217717,0.256,0.2545,0.2555,0.9996,0.0368,0.3303,35,35,35,35.0,1,1,0.3671,50.0,0.0368,-15.0,False,False,False
Q02_ERBB2_ESR1_BREAST,ERBB2,ESR1,breast,P45_stress,0.45,ACH-002328,MX1,breast,Breast Cancer,True,-0.40209149015072776,0.07929419584645571,0.3416,,0.3416,0.5,0.0357,0.3297,36,36,36,36.0,1,1,0.3654,51.0,0.0357,-15.0,False,False,False
Q02_ERBB2_ESR1_BREAST,ERBB2,ESR1,breast,P45_stress,0.45,ACH-000212,CAL120,breast,Breast Cancer,True,0.3986497702166974,0.18166544109743324,0.2865,0.3262,0.3005,0.9901,0.0817,0.3222,37,37,38,37.5,2,1,0.4039,43.0,0.0817,-5.5,False,False,False
Q02_ERBB2_ESR1_BREAST,ERBB2,ESR1,breast,P45_stress,0.45,ACH-001419,VP229,breast,Breast Cancer,True,1.471337798774096,0.31880388354368483,0.475,,0.475,0.4125,0.1435,0.3222,38,37,38,37.5,2,1,0.4656,32.0,0.1434,5.5,False,False,False
Q02_ERBB2_ESR1_BREAST,ERBB2,ESR1,breast,P45_stress,0.45,ACH-001819,MFM223,breast,Breast Cancer,True,0.6941833137029544,0.2194481036846462,0.3769,,0.3769,0.5875,0.0988,0.3097,39,39,39,39.0,1,1,0.4085,41.0,0.0988,-2.0,False,False,False
Q02_ERBB2_ESR1_BREAST,ERBB2,ESR1,breast,P45_stress,0.45,ACH-000288,BT549,breast,Breast Cancer,True,-0.3827965935609929,0.08176096343874094,0.2319,0.227,0.2301,0.9988,0.0368,0.3086,40,40,40,40.0,1,1,0.3454,54.0,0.0368,-14.0,False,False,False
Q02_ERBB2_ESR1_BREAST,ERBB2,ESR1,breast,P45_stress,0.45,ACH-001392,SUM185PE,breast,Breast Cancer,True,-0.659000853517363,0.04644946466273934,0.2924,,0.2924,0.5,0.0209,0.3026,41,41,41,41.0,1,1,0.3235,57.0,0.0209,-16.0,False,False,False
Q02_ERBB2_ESR1_BREAST,ERBB2,ESR1,breast,P45_stress,0.45,ACH-000624,HCC1806,breast,Breast Cancer,True,0.6943472454075978,0.21946906163145258,0.2769,0.3288,0.2952,0.987,0.0988,0.3003,42,42,42,42.0,1,1,0.399,45.0,0.0987,-3.0,False,False,False
Q02_ERBB2_ESR1_BREAST,ERBB2,ESR1,breast,P45_stress,0.45,ACH-001391,SUM159PT,breast,Breast Cancer,True,-0.6226952004672072,0.05109098258663025,0.2595,,0.2595,0.5875,0.023,0.2857,43,43,43,43.0,1,1,0.3087,60.0,0.023,-17.0,False,False,False
Q02_ERBB2_ESR1_BREAST,ERBB2,ESR1,breast,P45_stress,0.45,ACH-000223,HCC1937,breast,Breast Cancer,True,1.443268525312482,0.31521535049339944,0.3109,0.3456,0.3232,0.9913,0.1418,0.2816,44,44,44,44.0,1,1,0.4234,39.0,0.1418,5.0,False,False,False
Q02_ERBB2_ESR1_BREAST,ERBB2,ESR1,breast,P45_stress,0.45,ACH-000783,CAMA1,breast,Breast Cancer,True,3.450472754286223,0.571827575394592,0.4306,0.5082,0.458,0.9806,0.2573,0.279,45,45,45,45.0,1,1,0.5364,27.0,0.2574,18.0,False,False,False
Q02_ERBB2_ESR1_BREAST,ERBB2,ESR1,breast,P45_stress,0.45,ACH-000818,BT483,breast,Breast Cancer,True,4.304231101491651,0.6809768218150049,0.5835,,0.5835,0.5875,0.3064,0.2777,46,46,46,46.0,1,1,0.5841,20.0,0.3064,26.0,False,False,False
Q02_ERBB2_ESR1_BREAST,ERBB2,ESR1,breast,P45_stress,0.45,ACH-000196,HCC1599,breast,Breast Cancer,True,1.306564097598723,0.2977382911871783,0.389,,0.389,0.5,0.134,0.2716,47,47,47,47.0,1,1,0.4056,42.0,0.134,5.0,False,False,False
Q02_ERBB2_ESR1_BREAST,ERBB2,ESR1,breast,P45_stress,0.45,ACH-000148,HS578T,breast,Breast Cancer,True,-0.35916874768654933,0.08478167952330375,0.259,,0.259,0.5875,0.0382,0.2701,48,48,48,48.0,1,1,0.3083,61.0,0.0382,-13.0,False,False,False
Q02_ERBB2_ESR1_BREAST,ERBB2,ESR1,breast,P45_stress,0.45,ACH-000330,EFM19,breast,Breast Cancer,True,4.794423157809123,0.7436457183750882,0.5192,0.5394,0.5263,0.9949,0.3346,0.262,49,49,49,49.0,1,1,0.5966,19.0,0.3346,30.0,False,False,False
Q02_ERBB2_ESR1_BREAST,ERBB2,ESR1,breast,P45_stress,0.45,ACH-001357,MCF10A,breast,Non-Cancerous,True,0.29733851876737805,0.16871324357479933,0.3062,,0.3062,0.5,0.0759,0.2593,50,50,50,50.0,1,1,0.3352,55.0,0.0759,-5.0,False,False,False
Q02_ERBB2_ESR1_BREAST,ERBB2,ESR1,breast,P45_stress,0.45,ACH-002319,184A1,breast,Breast Cancer,True,-1.0223255623870044,0.0,0.2312,,0.2312,0.4125,0.0,0.2584,51,51,51,51.0,1,1,0.2584,66.0,0.0,-15.0,False,False,False
Q02_ERBB2_ESR1_BREAST,ERBB2,ESR1,breast,P45_stress,0.45,ACH-000699,HCC1395,breast,Breast Cancer,True,-0.20239321616350345,0.10482474109794242,0.26,0.0608,0.1897,0.9502,0.0472,0.2566,52,52,52,52.0,1,1,0.3038,62.0,0.0472,-10.0,False,False,False
Q02_ERBB2_ESR1_BREAST,ERBB2,ESR1,breast,P45_stress,0.45,ACH-001389,SUM1315MO2,breast,Breast Cancer,True,-0.5729230860698231,0.057454128313998334,0.2182,,0.2182,0.5875,0.0259,0.2477,53,53,53,53.0,1,1,0.2736,64.0,0.0259,-11.0,False,False,False
Q02_ERBB2_ESR1_BREAST,ERBB2,ESR1,breast,P45_stress,0.45,ACH-000097,ZR751,breast,Breast Cancer,True,3.9451131857227146,0.6350651771317616,0.4668,0.3898,0.4396,0.9807,0.2858,0.235,54,54,54,54.0,1,1,0.5208,28.0,0.2858,26.0,False,False,False
Q02_ERBB2_ESR1_BREAST,ERBB2,ESR1,breast,P45_stress,0.45,ACH-000668,HCC70,breast,Breast Cancer,True,0.6904894405522762,0.2189758582628722,0.3067,0.0659,0.2217,0.9398,0.0985,0.2309,55,55,55,55.0,1,1,0.3294,56.0,0.0985,-1.0,False,False,False
Q02_ERBB2_ESR1_BREAST,ERBB2,ESR1,breast,P45_stress,0.45,ACH-000721,HMC18,breast,Breast Cancer,True,-0.5201328793488921,0.06420312385919914,0.2123,,0.2123,0.5,0.0289,0.2265,56,56,56,56.0,1,1,0.2554,67.0,0.0289,-11.0,False,False,False
Q02_ERBB2_ESR1_BREAST,ERBB2,ESR1,breast,P45_stress,0.45,ACH-001394,SUM229PE,breast,Breast Cancer,True,0.20221642664936837,0.15655230282780871,0.2734,,0.2734,0.4125,0.0704,0.2238,57,57,57,57.0,1,1,0.2942,63.0,0.0704,-6.0,False,False,False
Q02_ERBB2_ESR1_BREAST,ERBB2,ESR1,breast,P45_stress,0.45,ACH-000849,MDAMB468,breast,Breast Cancer,True,0.47401553032621285,0.19130062176510276,0.2172,0.1431,0.1911,0.9815,0.0861,0.2235,58,58,58,58.0,1,1,0.3096,59.0,0.0861,-1.0,False,False,False
Q02_ERBB2_ESR1_BREAST,ERBB2,ESR1,breast,P45_stress,0.45,ACH-000374,HCC1143,breast,Breast Cancer,True,1.4531408889717519,0.3164774887287968,0.2705,0.2117,0.2497,0.9853,0.1424,0.2177,59,59,59,59.0,1,1,0.3601,52.0,0.1424,7.0,False,False,False
Q02_ERBB2_ESR1_BREAST,ERBB2,ESR1,breast,P45_stress,0.45,ACH-000573,MDAMB436,breast,Breast Cancer,True,-0.36338267275449004,0.08424294775319181,0.2037,0.0,0.1318,0.9491,0.0379,0.2165,60,60,60,60.0,1,1,0.2544,68.0,0.0379,-8.0,False,False,False
Q02_ERBB2_ESR1_BREAST,ERBB2,ESR1,breast,P45_stress,0.45,ACH-000876,MDAMB415,breast,Breast Cancer,True,2.539350092171294,0.4553445538324308,0.3654,,0.3654,0.5875,0.2049,0.1938,61,61,61,61.0,1,1,0.3987,46.0,0.2049,15.0,False,False,False
Q02_ERBB2_ESR1_BREAST,ERBB2,ESR1,breast,P45_stress,0.45,ACH-001827,184B5,breast,Non-Cancerous,True,-0.3430486479400495,0.08684256331473211,0.192,,0.192,0.4125,0.0391,0.186,62,62,62,62.0,1,1,0.2251,70.0,0.0391,-8.0,False,False,False
Q02_ERBB2_ESR1_BREAST,ERBB2,ESR1,breast,P45_stress,0.45,ACH-000258,DU4475,breast,Breast Cancer,True,-0.23053495093301155,0.10122694418841967,0.1586,,0.1586,0.5875,0.0456,0.1774,63,63,63,63.0,1,1,0.2229,71.0,0.0455,-8.0,False,False,False
Q02_ERBB2_ESR1_BREAST,ERBB2,ESR1,breast,P45_stress,0.45,ACH-001390,SUM149PT,breast,Breast Cancer,True,-0.09429065176324142,0.11864517808579146,0.1662,,0.1662,0.5875,0.0534,0.176,64,64,64,64.0,1,1,0.2294,69.0,0.0534,-5.0,False,False,False
Q02_ERBB2_ESR1_BREAST,ERBB2,ESR1,breast,P45_stress,0.45,ACH-000028,KPL1,breast,Breast Cancer,True,3.975977518092908,0.6390110461595758,0.3787,0.3263,0.3602,0.9869,0.2876,0.1666,65,65,65,65.0,1,1,0.4542,33.0,0.2876,32.0,False,False,False
Q02_ERBB2_ESR1_BREAST,ERBB2,ESR1,breast,P45_stress,0.45,ACH-000147,T47D,breast,Breast Cancer,True,4.395535283798473,0.6926496595991886,0.3867,0.3797,0.3842,0.9982,0.3117,0.1646,66,66,66,66.0,1,1,0.4763,31.0,0.3117,35.0,False,False,False
Q02_ERBB2_ESR1_BREAST,ERBB2,ESR1,breast,P45_stress,0.45,ACH-002327,MCF12A,breast,Breast Cancer,True,-0.38612745012722327,0.0813351280892787,0.1513,,0.1513,0.4125,0.0366,0.1539,67,67,67,67.0,1,1,0.1905,72.0,0.0366,-5.0,False,False,False
Q02_ERBB2_ESR1_BREAST,ERBB2,ESR1,breast,P45_stress,0.45,ACH-000019,MCF7,breast,Breast Cancer,True,4.904009167909112,0.7576558073654749,0.3514,0.1789,0.2905,0.9569,0.3409,0.0495,68,68,68,68.0,1,1,0.3905,49.0,0.341,19.0,False,False,False
Q02_ERBB2_ESR1_BREAST,ERBB2,ESR1,breast,P45_stress,0.45,ACH-001388,SUM102PT,breast,Breast Cancer,True,-0.48606945411521196,0.06855798282710761,0.0,,0.0,0.4125,0.0309,0.031,69,69,69,69.0,1,1,0.0619,73.0,0.0309,-4.0,False,False,False
Q02_ERBB2_ESR1_BREAST,ERBB2,ESR1,breast,P45_stress,0.45,ACH-000349,HCC1500,breast,Breast Cancer,True,5.426896875992501,0.8245046990765931,0.3189,0.2418,0.2917,0.9807,0.371,0.024,70,70,70,70.0,1,1,0.395,47.0,0.371,23.0,False,False,False
Q02_ERBB2_ESR1_BREAST,ERBB2,ESR1,breast,P45_stress,0.45,ACH-000352,HCC1428,breast,Breast Cancer,True,4.868956810606947,0.7531745177859193,0.3106,,0.3106,0.5875,0.3389,0.0132,71,71,71,71.0,1,1,0.3521,53.0,0.3389,18.0,False,False,False
Q02_ERBB2_ESR1_BREAST,ERBB2,ESR1,breast,P45_stress,0.45,ACH-000044,MDAMB134VI,breast,Breast Cancer,True,5.373997088915721,0.8177416941652729,0.2725,,0.2725,0.5875,0.368,0.0,72,72,73,72.5,2,1,0.3198,58.0,0.3198,14.5,False,False,True
Q02_ERBB2_ESR1_BREAST,ERBB2,ESR1,breast,P45_stress,0.45,ACH-001395,SUM44PE,breast,Breast Cancer,True,6.799609771156073,1.0,0.2458,,0.2458,0.4125,0.45,0.0,73,72,73,72.5,2,1,0.2708,65.0,0.2708,7.5,False,False,True
Q03_CD3E_CD86_BLOOD,CD3E,CD86,blood,P00_no_penalty,0.0,ACH-000964,MOLT3,blood,Leukemia,True,-0.3657433353478568,0.01925379004487173,1.0,,1.0,0.5,0.0,0.925,1,1,1,1.0,1,1,0.925,1.0,0.0,0.0,True,True,False
Q03_CD3E_CD86_BLOOD,CD3E,CD86,blood,P00_no_penalty,0.0,ACH-000942,HPBALL,blood,Leukemia,True,-0.3887027004104209,0.015483866813925069,0.9881,,0.9881,0.5,0.0,0.9149,2,2,2,2.0,1,1,0.9149,2.0,0.0,0.0,True,True,False
Q03_CD3E_CD86_BLOOD,CD3E,CD86,blood,P00_no_penalty,0.0,ACH-000981,DND41,blood,Leukemia,True,-0.17596187591287216,0.05041586838533468,0.9767,,0.9767,0.5,0.0,0.9052,3,3,3,3.0,1,1,0.9052,3.0,0.0,0.0,True,True,False
Q03_CD3E_CD86_BLOOD,CD3E,CD86,blood,P00_no_penalty,0.0,ACH-000937,PF382,blood,Leukemia,True,-0.36014017168299595,0.020173828417422268,0.9697,,0.9697,0.5,0.0,0.8992,4,4,4,4.0,1,1,0.8992,4.0,0.0,0.0,True,True,False
Q03_CD3E_CD86_BLOOD,CD3E,CD86,blood,P00_no_penalty,0.0,ACH-000918,MOLT16,blood,Leukemia,True,-0.3657433353478568,0.01925379004487173,0.9616,,0.9616,0.5,0.0,0.8924,5,5,5,5.0,1,1,0.8924,5.0,0.0,0.0,True,True,False
Q03_CD3E_CD86_BLOOD,CD3E,CD86,blood,P00_no_penalty,0.0,ACH-001148,OCILY132,lymphocyte,Lymphoma,True,3.1038248533472674,0.5889562047358865,0.9709,,0.9709,0.4125,0.0,0.8871,6,6,6,6.0,1,1,0.8871,6.0,0.0,0.0,True,True,False
Q03_CD3E_CD86_BLOOD,CD3E,CD86,blood,P00_no_penalty,0.0,ACH-001132,MTA,lymphocyte,Lymphoma,True,3.042205164030771,0.5788382638605637,0.963,,0.963,0.4125,0.0,0.8804,7,7,7,7.0,1,1,0.8804,7.0,0.0,0.0,True,True,False
Q03_CD3E_CD86_BLOOD,CD3E,CD86,blood,P00_no_penalty,0.0,ACH-000197,TALL1,blood,Leukemia,True,-0.257626594421581,0.037006537656207,0.9441,,0.9441,0.5,0.0,0.8775,8,8,8,8.0,1,1,0.8775,8.0,0.0,0.0,True,True,False
Q03_CD3E_CD86_BLOOD,CD3E,CD86,blood,P00_no_penalty,0.0,ACH-000101,KE37,blood,Leukemia,True,-0.3467709743158204,0.022369047997592897,0.9367,,0.9367,0.5,0.0,0.8712,9,9,9,9.0,1,1,0.8712,9.0,0.0,0.0,True,True,False
Q03_CD3E_CD86_BLOOD,CD3E,CD86,blood,P00_no_penalty,0.0,ACH-000104,LOUCY,blood,Leukemia,True,-0.2722124834564661,0.03461153754332136,0.9192,,0.9192,0.5,0.0,0.8563,10,10,10,10.0,1,1,0.8563,10.0,0.0,0.0,True,True,False
Q03_CD3E_CD86_BLOOD,CD3E,CD86,blood,P00_no_penalty,0.0,ACH-000372,P12ICHIKAWA,blood,Leukemia,True,-0.3887027004104209,0.015483866813925069,0.9146,,0.9146,0.5,0.0,0.8524,11,11,11,11.0,1,1,0.8524,11.0,0.0,0.0,False,False,False
Q03_CD3E_CD86_BLOOD,CD3E,CD86,blood,P00_no_penalty,0.0,ACH-000636,RPMI8402,blood,Leukemia,True,-0.39458463292776547,0.014518054650584629,0.9134,,0.9134,0.5,0.0,0.8514,12,12,12,12.0,1,1,0.8514,12.0,0.0,0.0,False,False,False
Q03_CD3E_CD86_BLOOD,CD3E,CD86,blood,P00_no_penalty,0.0,ACH-000519,PEER,blood,Leukemia,True,-0.30677596204836227,0.028936221151476635,0.9085,,0.9085,0.5,0.0,0.8472,13,13,13,13.0,1,1,0.8472,13.0,0.0,0.0,False,False,False
Q03_CD3E_CD86_BLOOD,CD3E,CD86,blood,P00_no_penalty,0.0,ACH-001127,MOLT4,blood,Leukemia,True,-0.4056994774464277,0.01269299936507991,0.9115,,0.9115,0.4125,0.0,0.8367,14,14,14,14.0,1,1,0.8367,14.0,0.0,0.0,False,False,False
Q03_CD3E_CD86_BLOOD,CD3E,CD86,blood,P00_no_penalty,0.0,ACH-001097,KARPAS384,lymphocyte,Lymphoma,True,3.7420377969985226,0.6937506446520318,0.911,,0.911,0.4125,0.0,0.8363,15,15,15,15.0,1,1,0.8363,15.0,0.0,0.0,False,False,False
Q03_CD3E_CD86_BLOOD,CD3E,CD86,blood,P00_no_penalty,0.0,ACH-000953,SUPT1,blood,Leukemia,True,-0.2590355545381271,0.036775186681980564,0.8954,,0.8954,0.5,0.0,0.8361,16,16,16,16.0,1,1,0.8361,16.0,0.0,0.0,False,False,False
Q03_CD3E_CD86_BLOOD,CD3E,CD86,blood,P00_no_penalty,0.0,ACH-000105,ALLSIL,blood,Leukemia,True,-0.39458463292776547,0.014518054650584629,0.891,,0.891,0.5,0.0,0.8324,17,17,17,17.0,1,1,0.8324,17.0,0.0,0.0,False,False,False
Q03_CD3E_CD86_BLOOD,CD3E,CD86,blood,P00_no_penalty,0.0,ACH-000122,SUPT11,blood,Leukemia,True,-0.38287871890932146,0.016440163431787475,0.89,,0.89,0.5,0.0,0.8315,18,18,18,18.0,1,1,0.8315,18.0,0.0,0.0,False,False,False
Q03_CD3E_CD86_BLOOD,CD3E,CD86,blood,P00_no_penalty,0.0,ACH-001737,CTV1DM,blood,Leukemia,True,-0.3371007597900634,0.023956895322183407,0.9022,,0.9022,0.4125,0.0,0.8287,19,19,19,19.0,1,1,0.8287,19.0,0.0,0.0,False,False,False
Q03_CD3E_CD86_BLOOD,CD3E,CD86,blood,P00_no_penalty,0.0,ACH-000995,JURKAT,blood,Leukemia,True,-0.4830016367502353,0.0,0.8653,,0.8653,0.5875,0.0,0.8236,20,20,20,20.0,1,1,0.8236,20.0,0.0,0.0,False,False,False
Q03_CD3E_CD86_BLOOD,CD3E,CD86,blood,P00_no_penalty,0.0,ACH-000920,CMLT1,blood,Leukemia,True,0.8382818311939599,0.21695448575755608,0.866,,0.866,0.5,0.0,0.8111,21,21,21,21.0,1,1,0.8111,21.0,0.0,0.0,False,False,False
Q03_CD3E_CD86_BLOOD,CD3E,CD86,blood,P00_no_penalty,0.0,ACH-000795,MOLT13,blood,Leukemia,True,-0.14246221571893572,0.05591650600531232,0.827,,0.827,0.4125,0.0,0.7648,22,22,22,22.0,1,1,0.7648,22.0,0.0,0.0,False,False,False
Q03_CD3E_CD86_BLOOD,CD3E,CD86,blood,P00_no_penalty,0.0,ACH-000612,HUT102,lymphocyte,Lymphoma,True,5.039163908732739,0.9067384972676835,0.8046,,0.8046,0.5,0.0,0.7589,23,23,23,23.0,1,1,0.7589,23.0,0.0,0.0,False,False,False
Q03_CD3E_CD86_BLOOD,CD3E,CD86,blood,P00_no_penalty,0.0,ACH-000077,MJ,lymphocyte,Lymphoma,True,4.278453527081785,0.7818300021070618,0.7716,,0.7716,0.5,0.0,0.7309,24,24,25,24.5,2,2,0.7309,24.5,0.0,0.0,False,False,False
Q03_CD3E_CD86_BLOOD,CD3E,CD86,blood,P00_no_penalty,0.0,ACH-001100,KHYG,lymphocyte,Lymphoma,True,0.010203728775923848,0.08098422408711667,0.7717,,0.7717,0.5,0.0,0.7309,25,24,25,24.5,2,2,0.7309,24.5,0.0,0.0,False,False,False
Q03_CD3E_CD86_BLOOD,CD3E,CD86,blood,P00_no_penalty,0.0,ACH-000509,HUT78,lymphocyte,Lymphoma,True,0.7181876894072575,0.19723505127892121,0.753,,0.753,0.5875,0.0,0.7282,26,26,26,26.0,1,1,0.7282,26.0,0.0,0.0,False,False,False
Q03_CD3E_CD86_BLOOD,CD3E,CD86,blood,P00_no_penalty,0.0,ACH-001197,SMZ1,lymphocyte,Lymphoma,True,-0.3371007597900634,0.023956895322183407,0.7495,,0.7495,0.4125,0.0,0.699,27,27,27,27.0,1,1,0.699,27.0,0.0,0.0,False,False,False
Q03_CD3E_CD86_BLOOD,CD3E,CD86,blood,P00_no_penalty,0.0,ACH-001738,CCRFCEM,blood,Leukemia,True,0.09177541605816043,0.09437827910714154,0.7491,,0.7491,0.4125,0.0,0.6986,28,28,28,28.0,1,1,0.6986,28.0,0.0,0.0,False,False,False
Q03_CD3E_CD86_BLOOD,CD3E,CD86,blood,P00_no_penalty,0.0,ACH-000061,HH,lymphocyte,Lymphoma,True,0.02213879197394312,0.08294395911856987,0.6923,,0.6923,0.5,0.0,0.6634,29,29,29,29.0,1,1,0.6634,29.0,0.0,0.0,False,False,False
Q03_CD3E_CD86_BLOOD,CD3E,CD86,blood,P00_no_penalty,0.0,ACH-000193,KARPAS620,plasma_cell,Myeloma,True,3.049272045613115,0.5799986444274927,0.6686,,0.6686,0.5875,0.0,0.6564,30,30,30,30.0,1,1,0.6564,30.0,0.0,0.0,False,False,False
Q03_CD3E_CD86_BLOOD,CD3E,CD86,blood,P00_no_penalty,0.0,ACH-002222,CTV1,blood,Leukemia,True,-0.15680367537766368,0.05356164114795268,0.6963,,0.6963,0.4125,0.0,0.6538,31,31,31,31.0,1,1,0.6538,31.0,0.0,0.0,False,False,False
Q03_CD3E_CD86_BLOOD,CD3E,CD86,blood,P00_no_penalty,0.0,ACH-001484,CI,blood,Leukemia,True,4.633424473614526,0.8401161617634062,0.628,,0.628,0.4125,0.0,0.5957,32,32,32,32.0,1,1,0.5957,32.0,0.0,0.0,False,False,False
Q03_CD3E_CD86_BLOOD,CD3E,CD86,blood,P00_no_penalty,0.0,ACH-000598,KMS21BM,plasma_cell,Myeloma,True,0.2633245841541821,0.12254661879303615,0.6112,,0.6112,0.5,0.0,0.5945,33,33,33,33.0,1,1,0.5945,33.0,0.0,0.0,False,False,False
Q03_CD3E_CD86_BLOOD,CD3E,CD86,blood,P00_no_penalty,0.0,ACH-000821,EJM,plasma_cell,Myeloma,True,3.257711461149555,0.6142243554928671,0.6097,,0.6097,0.5,0.0,0.5933,34,34,34,34.0,1,1,0.5933,34.0,0.0,0.0,False,False,False
Q03_CD3E_CD86_BLOOD,CD3E,CD86,blood,P00_no_penalty,0.0,ACH-000426,KMS20,plasma_cell,Myeloma,True,0.7921956778008061,0.20938714842795755,0.5673,,0.5673,0.4125,0.0,0.544,35,35,35,35.0,1,1,0.544,35.0,0.0,0.0,False,False,False
Q03_CD3E_CD86_BLOOD,CD3E,CD86,blood,P00_no_penalty,0.0,ACH-000436,OCIMY7,plasma_cell,Myeloma,True,-0.04577030984064717,0.0717932979471518,0.5396,,0.5396,0.5,0.0,0.5336,36,36,36,36.0,1,1,0.5336,36.0,0.0,0.0,False,False,False
Q03_CD3E_CD86_BLOOD,CD3E,CD86,blood,P00_no_penalty,0.0,ACH-001060,DL40,lymphocyte,Lymphoma,True,3.9967972502929725,0.7355820968137476,0.5511,,0.5511,0.4125,0.0,0.5303,37,37,37,37.0,1,1,0.5303,37.0,0.0,0.0,False,False,False
Q03_CD3E_CD86_BLOOD,CD3E,CD86,blood,P00_no_penalty,0.0,ACH-000050,NCIH929,plasma_cell,Myeloma,True,0.30401216468077835,0.12922751151895623,0.5198,,0.5198,0.5875,0.0,0.53,38,38,38,38.0,1,1,0.53,38.0,0.0,0.0,False,False,False
Q03_CD3E_CD86_BLOOD,CD3E,CD86,blood,P00_no_penalty,0.0,ACH-000157,A4FUK,lymphocyte,Lymphoma,True,1.3639098674132981,0.30326250600029253,0.4859,,0.4859,0.5,0.0,0.488,39,39,39,39.0,1,1,0.488,39.0,0.0,0.0,False,False,False
Q03_CD3E_CD86_BLOOD,CD3E,CD86,blood,P00_no_penalty,0.0,ACH-000923,BCP1,lymphocyte,Lymphoma,True,3.4921303369103356,0.6527158888211965,0.477,,0.477,0.5,0.0,0.4804,40,40,40,40.0,1,1,0.4804,40.0,0.0,0.0,False,False,False
Q03_CD3E_CD86_BLOOD,CD3E,CD86,blood,P00_no_penalty,0.0,ACH-000512,INA6,plasma_cell,Myeloma,True,2.655983081786072,0.5154206738622681,0.4423,,0.4423,0.5,0.0,0.4509,41,41,41,41.0,1,1,0.4509,41.0,0.0,0.0,False,False,False
Q03_CD3E_CD86_BLOOD,CD3E,CD86,blood,P00_no_penalty,0.0,ACH-000658,KMS18,plasma_cell,Myeloma,True,2.1443595045520207,0.4314121830325448,0.449,,0.449,0.4125,0.0,0.4435,42,42,42,42.0,1,1,0.4435,42.0,0.0,0.0,False,False,False
Q03_CD3E_CD86_BLOOD,CD3E,CD86,blood,P00_no_penalty,0.0,ACH-001057,DERL2,lymphocyte,Lymphoma,True,2.4933905021314082,0.48872300423815834,0.4306,,0.4306,0.5,0.0,0.441,43,43,43,43.0,1,1,0.441,43.0,0.0,0.0,False,False,False
Q03_CD3E_CD86_BLOOD,CD3E,CD86,blood,P00_no_penalty,0.0,ACH-000386,KG1,blood,Leukemia,True,0.3136292045193034,0.13080662757035397,0.3996,,0.3996,0.5875,0.0,0.4277,44,44,44,44.0,1,1,0.4277,44.0,0.0,0.0,False,False,False
Q03_CD3E_CD86_BLOOD,CD3E,CD86,blood,P00_no_penalty,0.0,ACH-000838,AMO1,plasma_cell,Myeloma,True,-0.2539776255214924,0.03760569763245024,0.3856,,0.3856,0.5875,0.0,0.4159,45,45,45,45.0,1,1,0.4159,45.0,0.0,0.0,False,False,False
Q03_CD3E_CD86_BLOOD,CD3E,CD86,blood,P00_no_penalty,0.0,ACH-000068,REC1,lymphocyte,Lymphoma,True,3.8248345670607673,0.707345858023762,0.3787,,0.3787,0.5875,0.0,0.41,46,46,46,46.0,1,1,0.41,46.0,0.0,0.0,False,False,False
Q03_CD3E_CD86_BLOOD,CD3E,CD86,blood,P00_no_penalty,0.0,ACH-000419,KMS28BM,plasma_cell,Myeloma,True,-0.36014017168299595,0.020173828417422268,0.3686,,0.3686,0.5,0.0,0.3883,47,47,47,47.0,1,1,0.3883,47.0,0.0,0.0,False,False,False
Q03_CD3E_CD86_BLOOD,CD3E,CD86,blood,P00_no_penalty,0.0,ACH-001680,U698M,lymphocyte,Lymphoma,True,2.5902769407070476,0.5046317384106703,0.3651,,0.3651,0.5,0.0,0.3854,48,48,48,48.0,1,1,0.3854,48.0,0.0,0.0,False,False,False
Q03_CD3E_CD86_BLOOD,CD3E,CD86,blood,P00_no_penalty,0.0,ACH-000439,ME1,blood,Leukemia,True,-0.257626594421581,0.037006537656207,0.3634,,0.3634,0.5,0.0,0.3839,49,49,49,49.0,1,1,0.3839,49.0,0.0,0.0,False,False,False
Q03_CD3E_CD86_BLOOD,CD3E,CD86,blood,P00_no_penalty,0.0,ACH-000402,BL70,lymphocyte,Lymphoma,True,2.390803616340177,0.47187825775318554,0.3384,,0.3384,0.5,0.0,0.3626,50,50,50,50.0,1,1,0.3626,50.0,0.0,0.0,False,False,False
Q03_CD3E_CD86_BLOOD,CD3E,CD86,blood,P00_no_penalty,0.0,ACH-001707,WAOSEL,blood,Leukemia,True,4.414371347139317,0.8041476814478551,0.3463,,0.3463,0.4125,0.0,0.3563,51,51,51,51.0,1,1,0.3563,51.0,0.0,0.0,False,False,False
Q03_CD3E_CD86_BLOOD,CD3E,CD86,blood,P00_no_penalty,0.0,ACH-001450,BLUE1,lymphocyte,Lymphoma,True,3.1659205132857653,0.5991522998937969,0.344,,0.344,0.4125,0.0,0.3542,52,52,52,52.0,1,1,0.3542,52.0,0.0,0.0,False,False,False
Q03_CD3E_CD86_BLOOD,CD3E,CD86,blood,P00_no_penalty,0.0,ACH-000371,RL,lymphocyte,Lymphoma,True,4.081935219085241,0.7495617345568195,0.3006,,0.3006,0.5875,0.0,0.3437,53,53,53,53.0,1,1,0.3437,53.0,0.0,0.0,False,False,False
Q03_CD3E_CD86_BLOOD,CD3E,CD86,blood,P00_no_penalty,0.0,ACH-000365,SUDHL4,lymphocyte,Lymphoma,True,3.9500594024724527,0.7279077513872566,0.2989,,0.2989,0.5875,0.0,0.3422,54,54,54,54.0,1,1,0.3422,54.0,0.0,0.0,False,False,False
Q03_CD3E_CD86_BLOOD,CD3E,CD86,blood,P00_no_penalty,0.0,ACH-001577,MUTZ8,blood,Leukemia,True,1.1569101240589332,0.26927318882426843,0.3167,,0.3167,0.4125,0.0,0.331,55,55,55,55.0,1,1,0.331,55.0,0.0,0.0,False,False,False
Q03_CD3E_CD86_BLOOD,CD3E,CD86,blood,P00_no_penalty,0.0,ACH-002236,EB3,lymphocyte,Lymphoma,True,3.554825314189066,0.663010391768586,0.3131,,0.3131,0.4125,0.0,0.328,56,56,56,56.0,1,1,0.328,56.0,0.0,0.0,False,False,False
Q03_CD3E_CD86_BLOOD,CD3E,CD86,blood,P00_no_penalty,0.0,ACH-000299,HNT34,blood,Leukemia,True,2.114813649409648,0.42656075942497157,0.2919,,0.2919,0.5,0.0,0.3231,57,57,57,57.0,1,1,0.3231,57.0,0.0,0.0,False,False,False
Q03_CD3E_CD86_BLOOD,CD3E,CD86,blood,P00_no_penalty,0.0,ACH-001064,EB2,lymphocyte,Lymphoma,True,3.9066330551948187,0.7207771536990806,0.2908,,0.2908,0.5,0.0,0.3221,58,58,58,58.0,1,1,0.3221,58.0,0.0,0.0,False,False,False
Q03_CD3E_CD86_BLOOD,CD3E,CD86,blood,P00_no_penalty,0.0,ACH-000453,MOLP2,plasma_cell,Myeloma,True,2.1262806706655017,0.4284436420615079,0.2542,,0.2542,0.5875,0.0,0.3042,59,59,59,59.0,1,1,0.3042,59.0,0.0,0.0,False,False,False
Q03_CD3E_CD86_BLOOD,CD3E,CD86,blood,P00_no_penalty,0.0,ACH-002272,MHHPREB1,lymphocyte,Lymphoma,True,0.8307946368422007,0.21572508991649544,0.2686,,0.2686,0.5,0.0,0.3033,60,60,60,60.0,1,1,0.3033,60.0,0.0,0.0,False,False,False
Q03_CD3E_CD86_BLOOD,CD3E,CD86,blood,P00_no_penalty,0.0,ACH-001485,CII,blood,Leukemia,True,3.8249273193108455,0.7073610879249957,0.2769,,0.2769,0.4125,0.0,0.2973,61,61,61,61.0,1,1,0.2973,61.0,0.0,0.0,False,False,False
Q03_CD3E_CD86_BLOOD,CD3E,CD86,blood,P00_no_penalty,0.0,ACH-002252,JIYOYEP2003,lymphocyte,Lymphoma,True,3.943396757422914,0.7268137463795674,0.2725,,0.2725,0.4125,0.0,0.2935,62,62,62,62.0,1,1,0.2935,62.0,0.0,0.0,False,False,False
Q03_CD3E_CD86_BLOOD,CD3E,CD86,blood,P00_no_penalty,0.0,ACH-000162,GA10,lymphocyte,Lymphoma,True,2.065396705823264,0.41844650700026254,0.2426,,0.2426,0.5,0.0,0.2812,63,63,63,63.0,1,1,0.2812,63.0,0.0,0.0,False,False,False
Q03_CD3E_CD86_BLOOD,CD3E,CD86,blood,P00_no_penalty,0.0,ACH-001539,KML1,lymphocyte,Lymphoma,True,3.588952608276918,0.6686140867505923,0.2558,,0.2558,0.4125,0.0,0.2793,64,64,64,64.0,1,1,0.2793,64.0,0.0,0.0,False,False,False
Q03_CD3E_CD86_BLOOD,CD3E,CD86,blood,P00_no_penalty,0.0,ACH-000745,MOLP8,plasma_cell,Myeloma,True,-0.31391166383041974,0.027764540321280295,0.2186,,0.2186,0.5875,0.0,0.2739,65,65,65,65.0,1,1,0.2739,65.0,0.0,0.0,False,False,False
Q03_CD3E_CD86_BLOOD,CD3E,CD86,blood,P00_no_penalty,0.0,ACH-001613,OCIAML4,blood,Leukemia,True,-0.34852363784508567,0.02208126099054784,0.2432,,0.2432,0.4125,0.0,0.2686,66,66,66,66.0,1,1,0.2686,66.0,0.0,0.0,False,False,False
Q03_CD3E_CD86_BLOOD,CD3E,CD86,blood,P00_no_penalty,0.0,ACH-000660,SUDHL5,lymphocyte,Lymphoma,True,2.600529324216299,0.5063151777679338,0.212,,0.212,0.5875,0.0,0.2683,67,67,67,67.0,1,1,0.2683,67.0,0.0,0.0,False,False,False
Q03_CD3E_CD86_BLOOD,CD3E,CD86,blood,P00_no_penalty,0.0,ACH-002313,TK,lymphocyte,Lymphoma,True,0.6101678697282149,0.17949821811733316,0.2239,,0.2239,0.5,0.0,0.2653,68,68,68,68.0,1,1,0.2653,68.0,0.0,0.0,False,False,False
Q03_CD3E_CD86_BLOOD,CD3E,CD86,blood,P00_no_penalty,0.0,ACH-000687,CI1,lymphocyte,Lymphoma,True,3.475813760908704,0.6500367102485122,0.2078,,0.2078,0.5875,0.0,0.2648,69,69,69,69.0,1,1,0.2648,69.0,0.0,0.0,False,False,False
Q03_CD3E_CD86_BLOOD,CD3E,CD86,blood,P00_no_penalty,0.0,ACH-000763,MM1S,plasma_cell,Myeloma,True,2.140861736186982,0.43083785015444054,0.2054,,0.2054,0.5875,0.0,0.2627,70,70,70,70.0,1,1,0.2627,70.0,0.0,0.0,False,False,False
Q03_CD3E_CD86_BLOOD,CD3E,CD86,blood,P00_no_penalty,0.0,ACH-000380,KMS12BM,plasma_cell,Myeloma,True,1.4422263753150502,0.31612206120579955,0.2013,,0.2013,0.5875,0.0,0.2593,71,71,71,71.0,1,1,0.2593,71.0,0.0,0.0,False,False,False
Q03_CD3E_CD86_BLOOD,CD3E,CD86,blood,P00_no_penalty,0.0,ACH-000541,KMS34,plasma_cell,Myeloma,True,0.5427247454488804,0.16842407036562304,0.2146,,0.2146,0.5,0.0,0.2574,72,72,72,72.0,1,1,0.2574,72.0,0.0,0.0,False,False,False
Q03_CD3E_CD86_BLOOD,CD3E,CD86,blood,P00_no_penalty,0.0,ACH-000440,CA46,lymphocyte,Lymphoma,True,3.0448379374209065,0.579270564733791,0.2099,,0.2099,0.5,0.0,0.2535,73,73,73,73.0,1,1,0.2535,73.0,0.0,0.0,False,False,False
Q03_CD3E_CD86_BLOOD,CD3E,CD86,blood,P00_no_penalty,0.0,ACH-001121,MEC2,lymphocyte,Lymphoma,True,2.837458681917082,0.5452189317374132,0.2252,,0.2252,0.4125,0.0,0.2533,74,74,74,74.0,1,1,0.2533,74.0,0.0,0.0,False,False,False
Q03_CD3E_CD86_BLOOD,CD3E,CD86,blood,P00_no_penalty,0.0,ACH-000081,GDM1,blood,Leukemia,True,-0.27977906328374164,0.03336910662278297,0.2012,,0.2012,0.5,0.0,0.246,75,75,75,75.0,1,1,0.246,75.0,0.0,0.0,False,False,False
Q03_CD3E_CD86_BLOOD,CD3E,CD86,blood,P00_no_penalty,0.0,ACH-000321,MOLM6,blood,Leukemia,True,2.6152489976006694,0.5087321452447116,0.2002,,0.2002,0.5,0.0,0.2452,76,76,76,76.0,1,1,0.2452,76.0,0.0,0.0,False,False,False
Q03_CD3E_CD86_BLOOD,CD3E,CD86,blood,P00_no_penalty,0.0,ACH-002307,SUDHL16,lymphocyte,Lymphoma,True,3.2215393562502785,0.6082849029775025,0.199,,0.199,0.5,0.0,0.2441,77,77,77,77.0,1,1,0.2441,77.0,0.0,0.0,False,False,False
Q03_CD3E_CD86_BLOOD,CD3E,CD86,blood,P00_no_penalty,0.0,ACH-001647,SHI1,blood,Leukemia,True,1.7229713023831899,0.36222032305409163,0.2139,,0.2139,0.4125,0.0,0.2436,78,78,78,78.0,1,1,0.2436,78.0,0.0,0.0,False,False,False
Q03_CD3E_CD86_BLOOD,CD3E,CD86,blood,P00_no_penalty,0.0,ACH-000583,MC116,lymphocyte,Lymphoma,True,3.977480964896332,0.7324103665479518,0.1814,,0.1814,0.5875,0.0,0.2423,79,79,79,79.0,1,1,0.2423,79.0,0.0,0.0,False,False,False
Q03_CD3E_CD86_BLOOD,CD3E,CD86,blood,P00_no_penalty,0.0,ACH-000405,MEC1,blood,Leukemia,True,2.2867831854626695,0.4547981234467884,0.1813,,0.1813,0.5875,0.0,0.2422,80,80,80,80.0,1,1,0.2422,80.0,0.0,0.0,False,False,False
Q03_CD3E_CD86_BLOOD,CD3E,CD86,blood,P00_no_penalty,0.0,ACH-000271,SUDHL10,lymphocyte,Lymphoma,True,4.063276539122359,0.7464979829740042,0.1802,,0.1802,0.5875,0.0,0.2413,81,81,81,81.0,1,1,0.2413,81.0,0.0,0.0,False,False,False
Q03_CD3E_CD86_BLOOD,CD3E,CD86,blood,P00_no_penalty,0.0,ACH-000653,JJN3,plasma_cell,Myeloma,True,-0.4471068815169485,0.005893911754718169,0.1753,,0.1753,0.5875,0.0,0.2371,82,82,82,82.0,1,1,0.2371,82.0,0.0,0.0,False,False,False
Q03_CD3E_CD86_BLOOD,CD3E,CD86,blood,P00_no_penalty,0.0,ACH-001642,SCC3,lymphocyte,Lymphoma,True,0.026697975853608485,0.08369257621557022,0.1711,,0.1711,0.5875,0.0,0.2336,83,83,83,83.0,1,1,0.2336,83.0,0.0,0.0,False,False,False
Q03_CD3E_CD86_BLOOD,CD3E,CD86,blood,P00_no_penalty,0.0,ACH-001709,WSUNHL,lymphocyte,Lymphoma,True,3.837601547624509,0.7094421937231657,0.1707,,0.1707,0.5875,0.0,0.2332,84,84,84,84.0,1,1,0.2332,84.0,0.0,0.0,False,False,False
Q03_CD3E_CD86_BLOOD,CD3E,CD86,blood,P00_no_penalty,0.0,ACH-000024,OPM2,plasma_cell,Myeloma,True,-0.05046933094087464,0.0710217196060181,0.1685,,0.1685,0.5875,0.0,0.2314,85,85,85,85.0,1,1,0.2314,85.0,0.0,0.0,False,False,False
Q03_CD3E_CD86_BLOOD,CD3E,CD86,blood,P00_no_penalty,0.0,ACH-000069,HS611T,lymphocyte,Lymphoma,True,3.738033072987709,0.6930930697565261,0.1834,,0.1834,0.5,0.0,0.2309,86,86,86,86.0,1,1,0.2309,86.0,0.0,0.0,False,False,False
Q03_CD3E_CD86_BLOOD,CD3E,CD86,blood,P00_no_penalty,0.0,ACH-000338,SR786,lymphocyte,Lymphoma,True,1.3423571603605684,0.29972355573810266,0.1676,,0.1676,0.5875,0.0,0.2306,87,87,87,87.0,1,1,0.2306,87.0,0.0,0.0,False,False,False
Q03_CD3E_CD86_BLOOD,CD3E,CD86,blood,P00_no_penalty,0.0,ACH-001617,OCILY7,lymphocyte,Lymphoma,True,2.6581188358232466,0.515771364255421,0.1674,,0.1674,0.5875,0.0,0.2304,88,88,88,88.0,1,1,0.2304,88.0,0.0,0.0,False,False,False
Q03_CD3E_CD86_BLOOD,CD3E,CD86,blood,P00_no_penalty,0.0,ACH-001634,PGA1,blood,Leukemia,True,4.0555180985110635,0.745224048550437,0.1945,,0.1945,0.4125,0.0,0.2272,89,89,89,89.0,1,1,0.2272,89.0,0.0,0.0,False,False,False
Q03_CD3E_CD86_BLOOD,CD3E,CD86,blood,P00_no_penalty,0.0,ACH-000057,OPM1,plasma_cell,Myeloma,True,0.2675998468858609,0.12324861609333763,0.177,,0.177,0.5,0.0,0.2254,90,90,90,90.0,1,1,0.2254,90.0,0.0,0.0,False,False,False
Q03_CD3E_CD86_BLOOD,CD3E,CD86,blood,P00_no_penalty,0.0,ACH-000697,A3KAW,lymphocyte,Lymphoma,True,0.1529757962436548,0.10442736950556288,0.1593,,0.1593,0.5875,0.0,0.2235,91,91,91,91.0,1,1,0.2235,91.0,0.0,0.0,False,False,False
Q03_CD3E_CD86_BLOOD,CD3E,CD86,blood,P00_no_penalty,0.0,ACH-000346,JVM3,blood,Leukemia,True,4.619648368460783,0.837854128004653,0.159,,0.159,0.5875,0.0,0.2233,92,92,92,92.0,1,1,0.2233,92.0,0.0,0.0,False,False,False
Q03_CD3E_CD86_BLOOD,CD3E,CD86,blood,P00_no_penalty,0.0,ACH-000664,SUDHL1,lymphocyte,Lymphoma,True,-0.025353493992278448,0.07514573509682831,0.1586,,0.1586,0.5875,0.0,0.223,93,93,93,93.0,1,1,0.223,93.0,0.0,0.0,False,False,False
Q03_CD3E_CD86_BLOOD,CD3E,CD86,blood,P00_no_penalty,0.0,ACH-000564,KHM1B,plasma_cell,Myeloma,True,0.3754156324758236,0.14095194689759866,0.1718,,0.1718,0.5,0.0,0.2211,94,94,94,94.0,1,1,0.2211,94.0,0.0,0.0,False,False,False
Q03_CD3E_CD86_BLOOD,CD3E,CD86,blood,P00_no_penalty,0.0,ACH-000334,DB,lymphocyte,Lymphoma,True,3.2415289280873196,0.6115671867444875,0.1525,,0.1525,0.5875,0.0,0.2177,95,95,95,95.0,1,1,0.2177,95.0,0.0,0.0,False,False,False
Q03_CD3E_CD86_BLOOD,CD3E,CD86,blood,P00_no_penalty,0.0,ACH-000388,NUDHL1,lymphocyte,Lymphoma,True,0.19719586788490137,0.11168829657824923,0.15,,0.15,0.5875,0.0,0.2156,96,96,96,96.0,1,1,0.2156,96.0,0.0,0.0,False,False,False
Q03_CD3E_CD86_BLOOD,CD3E,CD86,blood,P00_no_penalty,0.0,ACH-001533,KARPAS1718,lymphocyte,Lymphoma,True,2.4083071672984735,0.4747523373804717,0.163,,0.163,0.5,0.0,0.2136,97,97,97,97.0,1,1,0.2136,97.0,0.0,0.0,False,False,False
Q03_CD3E_CD86_BLOOD,CD3E,CD86,blood,P00_no_penalty,0.0,ACH-000056,DOHH2,lymphocyte,Lymphoma,True,2.1809830317732537,0.4374257590044543,0.1446,,0.1446,0.5875,0.0,0.211,98,98,98,98.0,1,1,0.211,98.0,0.0,0.0,False,False,False
Q03_CD3E_CD86_BLOOD,CD3E,CD86,blood,P00_no_penalty,0.0,ACH-000498,KO52,blood,Leukemia,True,1.9341136843931153,0.3968898606831839,0.1595,,0.1595,0.5,0.0,0.2106,99,99,99,99.0,1,1,0.2106,99.0,0.0,0.0,False,False,False
Q03_CD3E_CD86_BLOOD,CD3E,CD86,blood,P00_no_penalty,0.0,ACH-001106,KOPN8,blood,Leukemia,True,-0.31792967673591166,0.027104783391880008,0.1539,,0.1539,0.5,0.0,0.2058,100,100,101,100.5,2,2,0.2058,100.5,0.0,0.0,False,False,False
Q03_CD3E_CD86_BLOOD,CD3E,CD86,blood,P00_no_penalty,0.0,ACH-002254,KARPAS1106P,lymphocyte,Lymphoma,True,3.452145365210393,0.6461503643265254,0.1539,,0.1539,0.5,0.0,0.2058,101,100,101,100.5,2,2,0.2058,100.5,0.0,0.0,False,False,False
Q03_CD3E_CD86_BLOOD,CD3E,CD86,blood,P00_no_penalty,0.0,ACH-000315,KARPAS422,lymphocyte,Lymphoma,True,1.6016372532008292,0.3422972960247752,0.137,,0.137,0.5875,0.0,0.2046,102,102,102,102.0,1,1,0.2046,102.0,0.0,0.0,False,False,False
Q03_CD3E_CD86_BLOOD,CD3E,CD86,blood,P00_no_penalty,0.0,ACH-000588,KMS26,plasma_cell,Myeloma,True,-0.39458463292776547,0.014518054650584629,0.1512,,0.1512,0.5,0.0,0.2035,103,103,103,103.0,1,1,0.2035,103.0,0.0,0.0,False,False,False
Q03_CD3E_CD86_BLOOD,CD3E,CD86,blood,P00_no_penalty,0.0,ACH-001636,RAMOS,lymphocyte,Lymphoma,True,1.5092491565968897,0.3271271887199333,0.1342,,0.1342,0.5875,0.0,0.2022,104,104,104,104.0,1,1,0.2022,104.0,0.0,0.0,False,False,False
Q03_CD3E_CD86_BLOOD,CD3E,CD86,blood,P00_no_penalty,0.0,ACH-000106,JVM2,lymphocyte,Lymphoma,True,5.09743731591973,0.9163069792750042,0.1332,,0.1332,0.5875,0.0,0.2014,105,105,105,105.0,1,1,0.2014,105.0,0.0,0.0,False,False,False
Q03_CD3E_CD86_BLOOD,CD3E,CD86,blood,P00_no_penalty,0.0,ACH-000487,F36P,blood,Leukemia,True,-0.28951698825334105,0.03177014125662103,0.1331,,0.1331,0.5875,0.0,0.2013,106,106,106,106.0,1,1,0.2013,106.0,0.0,0.0,False,False,False
Q03_CD3E_CD86_BLOOD,CD3E,CD86,blood,P00_no_penalty,0.0,ACH-000702,L1236,lymphocyte,Lymphoma,True,5.286016007944231,0.947271563443052,0.1234,,0.1234,0.5875,0.0,0.1931,107,107,107,107.0,1,1,0.1931,107.0,0.0,0.0,False,False,False
Q03_CD3E_CD86_BLOOD,CD3E,CD86,blood,P00_no_penalty,0.0,ACH-000707,P3HR1,lymphocyte,Lymphoma,True,3.7872679040197803,0.7011774193356084,0.1389,,0.1389,0.5,0.0,0.193,108,108,108,108.0,1,1,0.193,108.0,0.0,0.0,False,False,False
Q03_CD3E_CD86_BLOOD,CD3E,CD86,blood,P00_no_penalty,0.0,ACH-000534,WSUDLCL2,lymphocyte,Lymphoma,True,2.9492511988881733,0.5635752410528873,0.1213,,0.1213,0.5875,0.0,0.1913,109,109,109,109.0,1,1,0.1913,109.0,0.0,0.0,False,False,False
Q03_CD3E_CD86_BLOOD,CD3E,CD86,blood,P00_no_penalty,0.0,ACH-000714,KMS11,plasma_cell,Myeloma,True,-0.24395092356036394,0.03925208012386637,0.1187,,0.1187,0.5875,0.0,0.189,110,110,110,110.0,1,1,0.189,110.0,0.0,0.0,False,False,False
Q03_CD3E_CD86_BLOOD,CD3E,CD86,blood,P00_no_penalty,0.0,ACH-001147,OCILY12,lymphocyte,Lymphoma,True,3.4366439601837047,0.643605036667717,0.1491,,0.1491,0.4125,0.0,0.1886,111,111,111,111.0,1,1,0.1886,111.0,0.0,0.0,False,False,False
Q03_CD3E_CD86_BLOOD,CD3E,CD86,blood,P00_no_penalty,0.0,ACH-000815,KMH2,lymphocyte,Lymphoma,True,2.6107962674846426,0.5080010078347788,0.1178,,0.1178,0.5875,0.0,0.1883,112,112,112,112.0,1,1,0.1883,112.0,0.0,0.0,False,False,False
Q03_CD3E_CD86_BLOOD,CD3E,CD86,blood,P00_no_penalty,0.0,ACH-000167,KE97,plasma_cell,Myeloma,True,2.873318596479089,0.5511071226607547,0.1325,,0.1325,0.5,0.0,0.1876,113,113,113,113.0,1,1,0.1876,113.0,0.0,0.0,False,False,False
Q03_CD3E_CD86_BLOOD,CD3E,CD86,blood,P00_no_penalty,0.0,ACH-000130,NALM19,blood,Leukemia,True,0.1420095535697013,0.10262671461375382,0.1315,,0.1315,0.5,0.0,0.1868,114,114,114,114.0,1,1,0.1868,114.0,0.0,0.0,False,False,False
Q03_CD3E_CD86_BLOOD,CD3E,CD86,blood,P00_no_penalty,0.0,ACH-000140,PFEIFFER,lymphocyte,Lymphoma,True,4.342919835756525,0.7924153573215469,0.1149,,0.1149,0.5875,0.0,0.1858,115,115,115,115.0,1,1,0.1858,115.0,0.0,0.0,False,False,False
Q03_CD3E_CD86_BLOOD,CD3E,CD86,blood,P00_no_penalty,0.0,ACH-000806,L540,lymphocyte,Lymphoma,True,4.345413942308444,0.792824889127192,0.1146,,0.1146,0.5875,0.0,0.1856,116,116,116,116.0,1,1,0.1856,116.0,0.0,0.0,False,False,False
Q03_CD3E_CD86_BLOOD,CD3E,CD86,blood,P00_no_penalty,0.0,ACH-000220,MINO,lymphocyte,Lymphoma,True,3.1177704287902306,0.5912460654828229,0.1143,,0.1143,0.5875,0.0,0.1852,117,117,117,117.0,1,1,0.1852,117.0,0.0,0.0,False,False,False
Q03_CD3E_CD86_BLOOD,CD3E,CD86,blood,P00_no_penalty,0.0,ACH-000854,OCIMY5,plasma_cell,Myeloma,True,-0.29566340487538767,0.030760900855268985,0.1138,,0.1138,0.5875,0.0,0.1849,118,118,119,118.5,2,2,0.1849,118.5,0.0,0.0,False,False,False
Q03_CD3E_CD86_BLOOD,CD3E,CD86,blood,P00_no_penalty,0.0,ACH-001638,RCK8,lymphocyte,Lymphoma,True,2.5830927056620445,0.5034520884282367,0.1139,,0.1139,0.5875,0.0,0.1849,119,118,119,118.5,2,2,0.1849,118.5,0.0,0.0,False,False,False
Q03_CD3E_CD86_BLOOD,CD3E,CD86,blood,P00_no_penalty,0.0,ACH-000626,U266B1,plasma_cell,Myeloma,True,1.8406118816603179,0.3815368830508661,0.1125,,0.1125,0.5875,0.0,0.1838,120,120,120,120.0,1,1,0.1838,120.0,0.0,0.0,False,False,False
Q03_CD3E_CD86_BLOOD,CD3E,CD86,blood,P00_no_penalty,0.0,ACH-000817,RPMI8226,plasma_cell,Myeloma,True,2.7368179353182995,0.5286937409253553,0.1112,,0.1112,0.5875,0.0,0.1826,121,121,121,121.0,1,1,0.1826,121.0,0.0,0.0,False,False,False
Q03_CD3E_CD86_BLOOD,CD3E,CD86,blood,P00_no_penalty,0.0,ACH-000363,SKMM2,plasma_cell,Myeloma,True,-0.4193686098748131,0.010448530506806462,0.1103,,0.1103,0.5875,0.0,0.1819,122,122,122,122.0,1,1,0.1819,122.0,0.0,0.0,False,False,False
Q03_CD3E_CD86_BLOOD,CD3E,CD86,blood,P00_no_penalty,0.0,ACH-000124,OCILY19,lymphocyte,Lymphoma,True,0.26155568023814185,0.12225616511767445,0.1103,,0.1103,0.5875,0.0,0.1818,123,123,123,123.0,1,1,0.1818,123.0,0.0,0.0,False,False,False
Q03_CD3E_CD86_BLOOD,CD3E,CD86,blood,P00_no_penalty,0.0,ACH-000656,SUDHL8,lymphocyte,Lymphoma,True,0.02128055370631184,0.08280303656369895,0.1095,,0.1095,0.5875,0.0,0.1812,124,124,124,124.0,1,1,0.1812,124.0,0.0,0.0,False,False,False
Q03_CD3E_CD86_BLOOD,CD3E,CD86,blood,P00_no_penalty,0.0,ACH-000567,ST486,lymphocyte,Lymphoma,True,0.9775848871406592,0.2398280201660322,0.124,,0.124,0.5,0.0,0.1804,125,125,125,125.0,1,1,0.1804,125.0,0.0,0.0,False,False,False
Q03_CD3E_CD86_BLOOD,CD3E,CD86,blood,P00_no_penalty,0.0,ACH-000287,NUDUL1,lymphocyte,Lymphoma,True,0.48773205832450706,0.15939428194780678,0.108,,0.108,0.5875,0.0,0.1799,126,126,126,126.0,1,1,0.1799,126.0,0.0,0.0,False,False,False
Q03_CD3E_CD86_BLOOD,CD3E,CD86,blood,P00_no_penalty,0.0,ACH-000038,EHEB,lymphocyte,Lymphoma,True,4.113031780919536,0.7546677838984377,0.1076,,0.1076,0.5875,0.0,0.1796,127,127,128,127.5,2,1,0.1796,127.5,0.0,0.0,False,False,False
Q03_CD3E_CD86_BLOOD,CD3E,CD86,blood,P00_no_penalty,0.0,ACH-000576,KMS27,plasma_cell,Myeloma,True,1.5241994163077313,0.3295820184261993,0.1231,,0.1231,0.5,0.0,0.1796,128,127,128,127.5,2,1,0.1796,127.5,0.0,0.0,False,False,False
Q03_CD3E_CD86_BLOOD,CD3E,CD86,blood,P00_no_penalty,0.0,ACH-000151,JM1,blood,Leukemia,True,-0.21031100140374803,0.044775748730549535,0.1221,,0.1221,0.5,0.0,0.1788,129,129,129,129.0,1,1,0.1788,129.0,0.0,0.0,False,False,False
Q03_CD3E_CD86_BLOOD,CD3E,CD86,blood,P00_no_penalty,0.0,ACH-000285,TOLEDO,lymphocyte,Lymphoma,True,0.24175969350842275,0.11900566798726532,0.1065,,0.1065,0.5875,0.0,0.1786,130,130,130,130.0,1,1,0.1786,130.0,0.0,0.0,False,False,False
Q03_CD3E_CD86_BLOOD,CD3E,CD86,blood,P00_no_penalty,0.0,ACH-002061,P2URK562,blood,Leukemia,True,-0.371705923374414,0.018274734262770237,0.136,,0.136,0.4125,0.0,0.1775,131,131,131,131.0,1,1,0.1775,131.0,0.0,0.0,False,False,False
Q03_CD3E_CD86_BLOOD,CD3E,CD86,blood,P00_no_penalty,0.0,ACH-000398,RI1,lymphocyte,Lymphoma,True,3.3535083270940214,0.62995418205348,0.1025,,0.1025,0.5875,0.0,0.1752,132,132,132,132.0,1,1,0.1752,132.0,0.0,0.0,False,False,False
Q03_CD3E_CD86_BLOOD,CD3E,CD86,blood,P00_no_penalty,0.0,ACH-000084,MUTZ3,blood,Leukemia,True,2.159223435683596,0.43385283760306187,0.1024,,0.1024,0.5875,0.0,0.1751,133,133,133,133.0,1,1,0.1751,133.0,0.0,0.0,False,False,False
Q03_CD3E_CD86_BLOOD,CD3E,CD86,blood,P00_no_penalty,0.0,ACH-000914,HT,lymphocyte,Lymphoma,True,3.1300798917706825,0.5932672768849687,0.1009,,0.1009,0.5875,0.0,0.1739,134,134,134,134.0,1,1,0.1739,134.0,0.0,0.0,False,False,False
Q03_CD3E_CD86_BLOOD,CD3E,CD86,blood,P00_no_penalty,0.0,ACH-000611,SUDHL6,lymphocyte,Lymphoma,True,3.7555048509610516,0.6959619322659273,0.1,,0.1,0.5875,0.0,0.1731,135,135,135,135.0,1,1,0.1731,135.0,0.0,0.0,False,False,False
Q03_CD3E_CD86_BLOOD,CD3E,CD86,blood,P00_no_penalty,0.0,ACH-000751,OCIM1,blood,Leukemia,True,0.41245161859673135,0.14703324853977198,0.0985,,0.0985,0.5875,0.0,0.1718,136,136,136,136.0,1,1,0.1718,136.0,0.0,0.0,False,False,False
Q03_CD3E_CD86_BLOOD,CD3E,CD86,blood,P00_no_penalty,0.0,ACH-000983,KCL22,blood,Leukemia,True,-0.27977906328374164,0.03336910662278297,0.1137,,0.1137,0.5,0.0,0.1717,137,137,137,137.0,1,1,0.1717,137.0,0.0,0.0,False,False,False
Q03_CD3E_CD86_BLOOD,CD3E,CD86,blood,P00_no_penalty,0.0,ACH-000602,M07E,blood,Leukemia,True,-0.33289436586988036,0.024647584377172446,0.1129,,0.1129,0.5,0.0,0.171,138,138,138,138.0,1,1,0.171,138.0,0.0,0.0,False,False,False
Q03_CD3E_CD86_BLOOD,CD3E,CD86,blood,P00_no_penalty,0.0,ACH-000944,NAMALWA,lymphocyte,Lymphoma,True,1.556369315540577,0.3348643095577108,0.0967,,0.0967,0.5875,0.0,0.1703,139,139,139,139.0,1,1,0.1703,139.0,0.0,0.0,False,False,False
Q03_CD3E_CD86_BLOOD,CD3E,CD86,blood,P00_no_penalty,0.0,ACH-000245,BL41,lymphocyte,Lymphoma,True,1.7814413267005984,0.3718210895555846,0.1118,,0.1118,0.5,0.0,0.17,140,140,140,140.0,1,1,0.17,140.0,0.0,0.0,False,False,False
Q03_CD3E_CD86_BLOOD,CD3E,CD86,blood,P00_no_penalty,0.0,ACH-000387,TF1,blood,Leukemia,True,-0.012642208186582677,0.07723292572790683,0.0947,,0.0947,0.5875,0.0,0.1686,141,141,141,141.0,1,1,0.1686,141.0,0.0,0.0,False,False,False
Q03_CD3E_CD86_BLOOD,CD3E,CD86,blood,P00_no_penalty,0.0,ACH-000754,L428,lymphocyte,Lymphoma,True,4.501172820914646,0.8184004663822079,0.0941,,0.0941,0.5875,0.0,0.1681,142,142,142,142.0,1,1,0.1681,142.0,0.0,0.0,False,False,False
Q03_CD3E_CD86_BLOOD,CD3E,CD86,blood,P00_no_penalty,0.0,ACH-000166,KASUMI6,blood,Leukemia,True,0.8951062686851433,0.22628504722559892,0.0935,,0.0935,0.5875,0.0,0.1676,143,143,143,143.0,1,1,0.1676,143.0,0.0,0.0,False,False,False
Q03_CD3E_CD86_BLOOD,CD3E,CD86,blood,P00_no_penalty,0.0,ACH-000073,GRANTA519,lymphocyte,Lymphoma,True,1.7368422599783038,0.36449793156507604,0.0934,,0.0934,0.5875,0.0,0.1675,144,144,144,144.0,1,1,0.1675,144.0,0.0,0.0,False,False,False
Q03_CD3E_CD86_BLOOD,CD3E,CD86,blood,P00_no_penalty,0.0,ACH-000034,PLB985,blood,Leukemia,True,2.639336630095557,0.5126873297663014,0.1078,,0.1078,0.5,0.0,0.1667,145,145,145,145.0,1,1,0.1667,145.0,0.0,0.0,False,False,False
Q03_CD3E_CD86_BLOOD,CD3E,CD86,blood,P00_no_penalty,0.0,ACH-000786,DAUDI,lymphocyte,Lymphoma,True,3.3142876202772107,0.6235141497024141,0.0917,,0.0917,0.5875,0.0,0.1661,146,146,146,146.0,1,1,0.1661,146.0,0.0,0.0,False,False,False
Q03_CD3E_CD86_BLOOD,CD3E,CD86,blood,P00_no_penalty,0.0,ACH-000877,EB1,lymphocyte,Lymphoma,True,4.358538601327014,0.794979955558582,0.1069,,0.1069,0.5,0.0,0.1659,147,147,147,147.0,1,1,0.1659,147.0,0.0,0.0,False,False,False
Q03_CD3E_CD86_BLOOD,CD3E,CD86,blood,P00_no_penalty,0.0,ACH-000960,REH,blood,Leukemia,True,0.05017332702130591,0.08754722426357027,0.0907,,0.0907,0.5875,0.0,0.1653,148,148,148,148.0,1,1,0.1653,148.0,0.0,0.0,False,False,False
Q03_CD3E_CD86_BLOOD,CD3E,CD86,blood,P00_no_penalty,0.0,ACH-002392,SC1,lymphocyte,Lymphoma,True,0.8300516235607704,0.21560308728171293,0.1058,,0.1058,0.5,0.0,0.1649,149,149,149,149.0,1,1,0.1649,149.0,0.0,0.0,False,False,False
Q03_CD3E_CD86_BLOOD,CD3E,CD86,blood,P00_no_penalty,0.0,ACH-000002,HL60,blood,Leukemia,True,0.548341627279984,0.16934636125837457,0.0895,,0.0895,0.5875,0.0,0.1642,150,150,150,150.0,1,1,0.1642,150.0,0.0,0.0,False,False,False
Q03_CD3E_CD86_BLOOD,CD3E,CD86,blood,P00_no_penalty,0.0,ACH-000080,BDCM,blood,Leukemia,True,3.5186404106733793,0.6570688377229221,0.1046,,0.1046,0.5,0.0,0.1639,151,151,151,151.0,1,1,0.1639,151.0,0.0,0.0,False,False,False
Q03_CD3E_CD86_BLOOD,CD3E,CD86,blood,P00_no_penalty,0.0,ACH-002062,SLVL,lymphocyte,Lymphoma,True,5.607139635648773,1.0,0.1042,,0.1042,0.5,0.0,0.1636,152,152,152,152.0,1,1,0.1636,152.0,0.0,0.0,False,False,False
Q03_CD3E_CD86_BLOOD,CD3E,CD86,blood,P00_no_penalty,0.0,ACH-000432,BV173,blood,Leukemia,True,-0.20749985548684532,0.04523733833761548,0.0859,,0.0859,0.5875,0.0,0.1611,153,153,153,153.0,1,1,0.1611,153.0,0.0,0.0,False,False,False
Q03_CD3E_CD86_BLOOD,CD3E,CD86,blood,P00_no_penalty,0.0,ACH-000112,SIGM5,blood,Leukemia,True,1.0637164000547912,0.2539707976586475,0.0851,,0.0851,0.5875,0.0,0.1604,154,154,154,154.0,1,1,0.1604,154.0,0.0,0.0,False,False,False
Q03_CD3E_CD86_BLOOD,CD3E,CD86,blood,P00_no_penalty,0.0,ACH-001134,MYLA,lymphocyte,Lymphoma,True,4.453552508348063,0.8105812204178489,0.1145,,0.1145,0.4125,0.0,0.1592,155,155,155,155.0,1,1,0.1592,155.0,0.0,0.0,False,False,False
Q03_CD3E_CD86_BLOOD,CD3E,CD86,blood,P00_no_penalty,0.0,ACH-000889,KMM1,plasma_cell,Myeloma,True,-0.06467005775375916,0.06868996305428697,0.0825,,0.0825,0.5875,0.0,0.1582,156,156,156,156.0,1,1,0.1582,156.0,0.0,0.0,False,False,False
Q03_CD3E_CD86_BLOOD,CD3E,CD86,blood,P00_no_penalty,0.0,ACH-000406,U937,blood,Leukemia,True,0.0032129615809305123,0.07983634148763148,0.082,,0.082,0.5875,0.0,0.1578,157,157,157,157.0,1,1,0.1578,157.0,0.0,0.0,False,False,False
Q03_CD3E_CD86_BLOOD,CD3E,CD86,blood,P00_no_penalty,0.0,ACH-002210,ARH77,blood,Non-Cancerous,True,2.881443147352859,0.5524411723174664,0.1124,,0.1124,0.4125,0.0,0.1574,158,158,158,158.0,1,1,0.1574,158.0,0.0,0.0,False,False,False
Q03_CD3E_CD86_BLOOD,CD3E,CD86,blood,P00_no_penalty,0.0,ACH-000072,MEG01,blood,Leukemia,True,-0.18135593889412624,0.04953016430393671,0.0807,,0.0807,0.5875,0.0,0.1567,159,159,159,159.0,1,1,0.1567,159.0,0.0,0.0,False,False,False
Q03_CD3E_CD86_BLOOD,CD3E,CD86,blood,P00_no_penalty,0.0,ACH-000263,KASUMI1,blood,Leukemia,True,0.005145431686987306,0.08015365269924736,0.0792,,0.0792,0.5875,0.0,0.1554,160,160,160,160.0,1,1,0.1554,160.0,0.0,0.0,False,False,False
Q03_CD3E_CD86_BLOOD,CD3E,CD86,blood,P00_no_penalty,0.0,ACH-000267,HDLM2,lymphocyte,Lymphoma,True,5.305989487011529,0.9505512047804081,0.0771,,0.0771,0.5875,0.0,0.1536,161,161,161,161.0,1,1,0.1536,161.0,0.0,0.0,False,False,False
Q03_CD3E_CD86_BLOOD,CD3E,CD86,blood,P00_no_penalty,0.0,ACH-000204,LP1,plasma_cell,Myeloma,True,-0.32753085056500764,0.0255282725361123,0.0769,,0.0769,0.5875,0.0,0.1535,162,162,162,162.0,1,1,0.1535,162.0,0.0,0.0,False,False,False
Q03_CD3E_CD86_BLOOD,CD3E,CD86,blood,P00_no_penalty,0.0,ACH-001498,FARAGE,lymphocyte,Lymphoma,True,3.477947483621753,0.650387067098643,0.0767,,0.0767,0.5875,0.0,0.1533,163,163,163,163.0,1,1,0.1533,163.0,0.0,0.0,False,False,False
Q03_CD3E_CD86_BLOOD,CD3E,CD86,blood,P00_no_penalty,0.0,ACH-000065,OCIAML5,blood,Leukemia,True,0.4054503592184455,0.14588364312585225,0.0761,,0.0761,0.5875,0.0,0.1528,164,164,164,164.0,1,1,0.1528,164.0,0.0,0.0,False,False,False
Q03_CD3E_CD86_BLOOD,CD3E,CD86,blood,P00_no_penalty,0.0,ACH-000654,RAJI,lymphocyte,Lymphoma,True,3.251275245591946,0.6131675301632514,0.0752,,0.0752,0.5875,0.0,0.152,165,165,165,165.0,1,1,0.152,165.0,0.0,0.0,False,False,False
Q03_CD3E_CD86_BLOOD,CD3E,CD86,blood,P00_no_penalty,0.0,ACH-000551,K562,blood,Leukemia,True,-0.3830601529593341,0.0164103719964336,0.0744,,0.0744,0.5875,0.0,0.1514,166,166,166,166.0,1,1,0.1514,166.0,0.0,0.0,False,False,False
Q03_CD3E_CD86_BLOOD,CD3E,CD86,blood,P00_no_penalty,0.0,ACH-000874,RS411,blood,Leukemia,True,-0.21107807770152062,0.044649794953212876,0.0732,,0.0732,0.5875,0.0,0.1503,167,167,167,167.0,1,1,0.1503,167.0,0.0,0.0,False,False,False
Q03_CD3E_CD86_BLOOD,CD3E,CD86,blood,P00_no_penalty,0.0,ACH-000829,HUNS1,plasma_cell,Myeloma,True,3.8938462311538355,0.7186775597046138,0.0881,,0.0881,0.5,0.0,0.1499,168,168,168,168.0,1,1,0.1499,168.0,0.0,0.0,False,False,False
Q03_CD3E_CD86_BLOOD,CD3E,CD86,blood,P00_no_penalty,0.0,ACH-000113,OCIAML2,blood,Leukemia,True,1.295761927134439,0.2920726275999817,0.0724,,0.0724,0.5875,0.0,0.1497,169,169,170,169.5,2,2,0.1497,169.5,0.0,0.0,False,False,False
Q03_CD3E_CD86_BLOOD,CD3E,CD86,blood,P00_no_penalty,0.0,ACH-000158,OCILY3,lymphocyte,Lymphoma,True,3.4439351066588197,0.644802241485963,0.0725,,0.0725,0.5875,0.0,0.1497,170,169,170,169.5,2,2,0.1497,169.5,0.0,0.0,False,False,False
Q03_CD3E_CD86_BLOOD,CD3E,CD86,blood,P00_no_penalty,0.0,ACH-000369,MOLM16,blood,Leukemia,True,-0.40487765711953366,0.012827942101239184,0.0723,,0.0723,0.5875,0.0,0.1496,171,171,171,171.0,1,1,0.1496,171.0,0.0,0.0,False,False,False
Q03_CD3E_CD86_BLOOD,CD3E,CD86,blood,P00_no_penalty,0.0,ACH-000218,PL21,blood,Leukemia,True,1.1636481266450776,0.27037956752465775,0.0707,,0.0707,0.5875,0.0,0.1482,172,172,172,172.0,1,1,0.1482,172.0,0.0,0.0,False,False,False
Q03_CD3E_CD86_BLOOD,CD3E,CD86,blood,P00_no_penalty,0.0,ACH-000357,JEKO1,lymphocyte,Lymphoma,True,2.430880159347057,0.47845881823845865,0.0705,,0.0705,0.5875,0.0,0.1481,173,173,173,173.0,1,1,0.1481,173.0,0.0,0.0,False,False,False
Q03_CD3E_CD86_BLOOD,CD3E,CD86,blood,P00_no_penalty,0.0,ACH-000604,KYO1,blood,Leukemia,True,-0.3887027004104209,0.015483866813925069,0.0855,,0.0855,0.5,0.0,0.1477,174,174,174,174.0,1,1,0.1477,174.0,0.0,0.0,False,False,False
Q03_CD3E_CD86_BLOOD,CD3E,CD86,blood,P00_no_penalty,0.0,ACH-000492,MUTZ5,blood,Leukemia,True,0.16315344373118926,0.10609853722274874,0.0849,,0.0849,0.5,0.0,0.1472,175,175,175,175.0,1,1,0.1472,175.0,0.0,0.0,False,False,False
Q03_CD3E_CD86_BLOOD,CD3E,CD86,blood,P00_no_penalty,0.0,ACH-000770,P31FUJ,blood,Leukemia,True,0.847843854214138,0.21852456805819398,0.0836,,0.0836,0.5,0.0,0.146,176,176,176,176.0,1,1,0.146,176.0,0.0,0.0,False,False,False
Q03_CD3E_CD86_BLOOD,CD3E,CD86,blood,P00_no_penalty,0.0,ACH-000373,SKM1,blood,Leukemia,True,1.727435314153972,0.362953312909518,0.0667,,0.0667,0.5875,0.0,0.1448,177,177,177,177.0,1,1,0.1448,177.0,0.0,0.0,False,False,False
Q03_CD3E_CD86_BLOOD,CD3E,CD86,blood,P00_no_penalty,0.0,ACH-000641,CMK,blood,Leukemia,True,-0.29165934445923375,0.03141836678866213,0.0663,,0.0663,0.5875,0.0,0.1445,178,178,178,178.0,1,1,0.1445,178.0,0.0,0.0,False,False,False
Q03_CD3E_CD86_BLOOD,CD3E,CD86,blood,P00_no_penalty,0.0,ACH-000195,SET2,blood,Leukemia,True,-0.3070473016771697,0.028891667237754277,0.0658,,0.0658,0.5875,0.0,0.1441,179,179,179,179.0,1,1,0.1441,179.0,0.0,0.0,False,False,False
Q03_CD3E_CD86_BLOOD,CD3E,CD86,blood,P00_no_penalty,0.0,ACH-001669,TANOUE,blood,Leukemia,True,0.1868827147046842,0.10999487885295654,0.0965,,0.0965,0.4125,0.0,0.1439,180,180,180,180.0,1,1,0.1439,180.0,0.0,0.0,False,False,False
Q03_CD3E_CD86_BLOOD,CD3E,CD86,blood,P00_no_penalty,0.0,ACH-000076,NCO2,blood,Leukemia,True,-0.3714001186182455,0.018324947343631662,0.0806,,0.0806,0.5,0.0,0.1435,181,181,181,181.0,1,1,0.1435,181.0,0.0,0.0,False,False,False
Q03_CD3E_CD86_BLOOD,CD3E,CD86,blood,P00_no_penalty,0.0,ACH-000032,MHHCALL3,blood,Leukemia,True,0.5471554221810174,0.16915158661425544,0.08,,0.08,0.5,0.0,0.143,182,182,183,182.5,2,2,0.143,182.5,0.0,0.0,False,False,False
Q03_CD3E_CD86_BLOOD,CD3E,CD86,blood,P00_no_penalty,0.0,ACH-000226,SUPM2,lymphocyte,Lymphoma,True,3.1225884092701532,0.5920371769307228,0.08,,0.08,0.5,0.0,0.143,183,182,183,182.5,2,2,0.143,182.5,0.0,0.0,False,False,False
Q03_CD3E_CD86_BLOOD,CD3E,CD86,blood,P00_no_penalty,0.0,ACH-000059,SUPB15,blood,Leukemia,True,-0.040686293743954584,0.07262809239103993,0.064,,0.064,0.5875,0.0,0.1426,184,184,184,184.0,1,1,0.1426,184.0,0.0,0.0,False,False,False
Q03_CD3E_CD86_BLOOD,CD3E,CD86,blood,P00_no_penalty,0.0,ACH-000206,C8166,lymphocyte,Lymphoma,True,4.595317259597154,0.8338589647111675,0.079,,0.079,0.5,0.0,0.1421,185,185,185,185.0,1,1,0.1421,185.0,0.0,0.0,False,False,False
Q03_CD3E_CD86_BLOOD,CD3E,CD86,blood,P00_no_penalty,0.0,ACH-001111,L82,lymphocyte,Lymphoma,True,3.6645092993470825,0.6810204805747542,0.0941,,0.0941,0.4125,0.0,0.1419,186,186,186,186.0,1,1,0.1419,186.0,0.0,0.0,False,False,False
Q03_CD3E_CD86_BLOOD,CD3E,CD86,blood,P00_no_penalty,0.0,ACH-000156,MHHCALL4,blood,Leukemia,True,0.9537759967596557,0.23591860504475953,0.078,,0.078,0.5,0.0,0.1413,187,187,187,187.0,1,1,0.1413,187.0,0.0,0.0,False,False,False
Q03_CD3E_CD86_BLOOD,CD3E,CD86,blood,P00_no_penalty,0.0,ACH-000295,EM2,blood,Leukemia,True,1.57928172254159,0.3386265222841797,0.0622,,0.0622,0.5875,0.0,0.141,188,188,188,188.0,1,1,0.141,188.0,0.0,0.0,False,False,False
Q03_CD3E_CD86_BLOOD,CD3E,CD86,blood,P00_no_penalty,0.0,ACH-000198,EOL1,blood,Leukemia,True,2.8556493101228377,0.5482058293136972,0.062,,0.062,0.5875,0.0,0.1408,189,189,189,189.0,1,1,0.1408,189.0,0.0,0.0,False,False,False
Q03_CD3E_CD86_BLOOD,CD3E,CD86,blood,P00_no_penalty,0.0,ACH-000020,MHHCALL2,blood,Leukemia,True,-0.2631255116633277,0.03610361652584369,0.0759,,0.0759,0.5,0.0,0.1396,190,190,190,190.0,1,1,0.1396,190.0,0.0,0.0,False,False,False
Q03_CD3E_CD86_BLOOD,CD3E,CD86,blood,P00_no_penalty,0.0,ACH-000006,MONOMAC6,blood,Leukemia,True,1.6187674116196227,0.3451100646704598,0.0604,,0.0604,0.5875,0.0,0.1395,191,191,192,191.5,2,2,0.1395,191.5,0.0,0.0,False,False,False
Q03_CD3E_CD86_BLOOD,CD3E,CD86,blood,P00_no_penalty,0.0,ACH-000168,NOMO1,blood,Leukemia,True,3.2323186613244688,0.6100548627521702,0.0604,,0.0604,0.5875,0.0,0.1395,192,191,192,191.5,2,2,0.1395,191.5,0.0,0.0,False,False,False
Q03_CD3E_CD86_BLOOD,CD3E,CD86,blood,P00_no_penalty,0.0,ACH-000005,HEL9217,blood,Leukemia,True,-0.36462866064399296,0.019436819412173213,0.0604,,0.0604,0.5875,0.0,0.1394,193,193,193,193.0,1,1,0.1394,193.0,0.0,0.0,False,False,False
Q03_CD3E_CD86_BLOOD,CD3E,CD86,blood,P00_no_penalty,0.0,ACH-000326,JURLMK1,blood,Leukemia,True,-0.29582880955064483,0.030733741440099622,0.0746,,0.0746,0.5,0.0,0.1384,194,194,194,194.0,1,1,0.1384,194.0,0.0,0.0,False,False,False
Q03_CD3E_CD86_BLOOD,CD3E,CD86,blood,P00_no_penalty,0.0,ACH-001230,UT7,blood,Leukemia,True,-0.020659744436672896,0.07591644785137114,0.0892,,0.0892,0.4125,0.0,0.1377,195,195,195,195.0,1,1,0.1377,195.0,0.0,0.0,False,False,False
Q03_CD3E_CD86_BLOOD,CD3E,CD86,blood,P00_no_penalty,0.0,ACH-000462,NALM1,blood,Leukemia,True,-0.052783125693613896,0.07064179496236073,0.0731,,0.0731,0.5,0.0,0.1372,196,196,196,196.0,1,1,0.1372,196.0,0.0,0.0,False,False,False
Q03_CD3E_CD86_BLOOD,CD3E,CD86,blood,P00_no_penalty,0.0,ACH-001618,OCIM2,blood,Leukemia,True,-0.33057269214763935,0.02502880274607351,0.0567,,0.0567,0.5875,0.0,0.1363,197,197,197,197.0,1,1,0.1363,197.0,0.0,0.0,False,False,False
Q03_CD3E_CD86_BLOOD,CD3E,CD86,blood,P00_no_penalty,0.0,ACH-000294,NB4,blood,Leukemia,True,-0.05930077914416323,0.06957159754672969,0.0551,,0.0551,0.5875,0.0,0.1349,198,198,200,199.0,3,1,0.1349,199.0,0.0,0.0,False,False,False
Q03_CD3E_CD86_BLOOD,CD3E,CD86,blood,P00_no_penalty,0.0,ACH-000782,SEM,blood,Leukemia,True,1.7792192257796273,0.3714562210210825,0.0705,,0.0705,0.5,0.0,0.1349,199,198,200,199.0,3,2,0.1349,199.0,0.0,0.0,False,False,False
Q03_CD3E_CD86_BLOOD,CD3E,CD86,blood,P00_no_penalty,0.0,ACH-001656,SKNO1,blood,Leukemia,True,0.597506067626633,0.17741915270074488,0.0705,,0.0705,0.5,0.0,0.1349,200,198,200,199.0,3,2,0.1349,199.0,0.0,0.0,False,False,False
Q03_CD3E_CD86_BLOOD,CD3E,CD86,blood,P00_no_penalty,0.0,ACH-000004,HEL,blood,Leukemia,True,-0.17947158760455528,0.04983957441534266,0.0691,,0.0691,0.5,0.0,0.1338,201,201,202,201.5,2,2,0.1338,201.5,0.0,0.0,False,False,False
Q03_CD3E_CD86_BLOOD,CD3E,CD86,blood,P00_no_penalty,0.0,ACH-000241,JK1,blood,Leukemia,True,-0.3235864600063004,0.026175940690639932,0.0691,,0.0691,0.5,0.0,0.1338,202,201,202,201.5,2,2,0.1338,201.5,0.0,0.0,False,False,False
Q03_CD3E_CD86_BLOOD,CD3E,CD86,blood,P00_no_penalty,0.0,ACH-001036,CMK115,blood,Leukemia,True,-0.34852363784508567,0.02208126099054784,0.0841,,0.0841,0.4125,0.0,0.1333,203,203,203,203.0,1,1,0.1333,203.0,0.0,0.0,False,False,False
Q03_CD3E_CD86_BLOOD,CD3E,CD86,blood,P00_no_penalty,0.0,ACH-000053,KARPAS299,lymphocyte,Lymphoma,True,1.265396291463966,0.28708659619081023,0.0685,,0.0685,0.5,0.0,0.1332,204,204,206,205.0,3,3,0.1332,205.0,0.0,0.0,False,False,False
Q03_CD3E_CD86_BLOOD,CD3E,CD86,blood,P00_no_penalty,0.0,ACH-000728,KASUMI2,blood,Leukemia,True,0.06788784677291534,0.09045594492525558,0.0685,,0.0685,0.5,0.0,0.1332,205,204,206,205.0,3,3,0.1332,205.0,0.0,0.0,False,False,False
Q03_CD3E_CD86_BLOOD,CD3E,CD86,blood,P00_no_penalty,0.0,ACH-000773,KIJK,lymphocyte,Lymphoma,True,0.06870007310529364,0.09058931232940093,0.0685,,0.0685,0.5,0.0,0.1332,206,204,206,205.0,3,3,0.1332,205.0,0.0,0.0,False,False,False
Q03_CD3E_CD86_BLOOD,CD3E,CD86,blood,P00_no_penalty,0.0,ACH-000074,KU812,blood,Leukemia,True,-0.3912162273457624,0.015071146185138835,0.0523,,0.0523,0.5875,0.0,0.1326,207,207,208,207.5,2,1,0.1326,207.5,0.0,0.0,False,False,False
Q03_CD3E_CD86_BLOOD,CD3E,CD86,blood,P00_no_penalty,0.0,ACH-000233,DEL,lymphocyte,Lymphoma,True,0.35515803390953415,0.13762565319434772,0.0677,,0.0677,0.5,0.0,0.1326,208,207,208,207.5,2,1,0.1326,207.5,0.0,0.0,False,False,False
Q03_CD3E_CD86_BLOOD,CD3E,CD86,blood,P00_no_penalty,0.0,ACH-001541,KMS28PE,plasma_cell,Myeloma,True,-0.371705923374414,0.018274734262770237,0.0828,,0.0828,0.4125,0.0,0.1322,209,209,209,209.0,1,1,0.1322,209.0,0.0,0.0,False,False,False
Q03_CD3E_CD86_BLOOD,CD3E,CD86,blood,P00_no_penalty,0.0,ACH-000336,OCIAML3,blood,Leukemia,True,3.956575681802006,0.7289777231724902,0.067,,0.067,0.5,0.0,0.132,210,210,212,211.0,3,3,0.132,211.0,0.0,0.0,False,False,False
Q03_CD3E_CD86_BLOOD,CD3E,CD86,blood,P00_no_penalty,0.0,ACH-000922,RCHACV,blood,Leukemia,True,-0.3657433353478568,0.01925379004487173,0.067,,0.067,0.5,0.0,0.132,211,210,212,211.0,3,3,0.132,211.0,0.0,0.0,False,False,False
Q03_CD3E_CD86_BLOOD,CD3E,CD86,blood,P00_no_penalty,0.0,ACH-001129,MONOMAC1,blood,Leukemia,True,2.4918324902879654,0.4884671789996694,0.067,,0.067,0.5,0.0,0.132,212,210,212,211.0,3,3,0.132,211.0,0.0,0.0,False,False,False
Q03_CD3E_CD86_BLOOD,CD3E,CD86,blood,P00_no_penalty,0.0,ACH-001736,HB1119,blood,Leukemia,True,-0.30347976387418707,0.02947745624385681,0.0815,,0.0815,0.4125,0.0,0.1311,213,213,213,213.0,1,1,0.1311,213.0,0.0,0.0,False,False,False
Q03_CD3E_CD86_BLOOD,CD3E,CD86,blood,P00_no_penalty,0.0,ACH-000070,697,blood,Leukemia,True,-0.3657433353478568,0.01925379004487173,0.0656,,0.0656,0.5,0.0,0.1308,214,214,218,216.0,5,5,0.1308,216.0,0.0,0.0,False,False,False
Q03_CD3E_CD86_BLOOD,CD3E,CD86,blood,P00_no_penalty,0.0,ACH-000301,LAMA84,blood,Leukemia,True,1.2779807562531342,0.2891529628358997,0.0656,,0.0656,0.5,0.0,0.1308,215,214,218,216.0,5,5,0.1308,216.0,0.0,0.0,False,False,False
Q03_CD3E_CD86_BLOOD,CD3E,CD86,blood,P00_no_penalty,0.0,ACH-000557,AML193,blood,Leukemia,True,1.54892404391801,0.33364179742054423,0.0656,,0.0656,0.5,0.0,0.1308,216,214,218,216.0,5,5,0.1308,216.0,0.0,0.0,False,False,False
Q03_CD3E_CD86_BLOOD,CD3E,CD86,blood,P00_no_penalty,0.0,ACH-000938,NALM6,blood,Leukemia,True,-0.31232651307105086,0.028024821764430538,0.0656,,0.0656,0.5,0.0,0.1308,217,214,218,216.0,5,5,0.1308,216.0,0.0,0.0,False,False,False
Q03_CD3E_CD86_BLOOD,CD3E,CD86,blood,P00_no_penalty,0.0,ACH-002475,HAP1,blood,Leukemia,True,-0.38287871890932146,0.016440163431787475,0.0656,,0.0656,0.5,0.0,0.1308,218,214,218,216.0,5,5,0.1308,216.0,0.0,0.0,False,False,False
Q03_CD3E_CD86_BLOOD,CD3E,CD86,blood,P00_no_penalty,0.0,ACH-001146,OCILY10,lymphocyte,Lymphoma,True,2.9082492346869664,0.5568427265893836,0.0635,,0.0635,0.5,0.0,0.1289,219,219,219,219.0,1,1,0.1289,219.0,0.0,0.0,False,False,False
Q03_CD3E_CD86_BLOOD,CD3E,CD86,blood,P00_no_penalty,0.0,ACH-000146,THP1,blood,Leukemia,True,0.035454473674471715,0.08513039143679478,0.0475,,0.0475,0.5875,0.0,0.1285,220,220,220,220.0,1,1,0.1285,220.0,0.0,0.0,False,False,False
Q03_CD3E_CD86_BLOOD,CD3E,CD86,blood,P00_no_penalty,0.0,ACH-001119,MAC2A,lymphocyte,Lymphoma,True,4.574612549546131,0.8304592553899965,0.0774,,0.0774,0.4125,0.0,0.1277,221,221,222,221.5,2,2,0.1277,221.5,0.0,0.0,False,False,False
Q03_CD3E_CD86_BLOOD,CD3E,CD86,blood,P00_no_penalty,0.0,ACH-001677,U2904,lymphocyte,Lymphoma,True,0.8995046451227285,0.22700725977221406,0.0774,,0.0774,0.4125,0.0,0.1277,222,221,222,221.5,2,2,0.1277,221.5,0.0,0.0,False,False,False
Q03_CD3E_CD86_BLOOD,CD3E,CD86,blood,P00_no_penalty,0.0,ACH-000183,L363,plasma_cell,Myeloma,True,0.682936350982204,0.19144678843766078,0.0459,,0.0459,0.5875,0.0,0.1271,223,223,223,223.0,1,1,0.1271,223.0,0.0,0.0,False,False,False
Q03_CD3E_CD86_BLOOD,CD3E,CD86,blood,P00_no_penalty,0.0,ACH-000362,MOLM13,blood,Leukemia,True,1.1048477187871073,0.26072455211073653,0.0442,,0.0442,0.5875,0.0,0.1257,224,224,224,224.0,1,1,0.1257,224.0,0.0,0.0,False,False,False
Q03_CD3E_CD86_BLOOD,CD3E,CD86,blood,P00_no_penalty,0.0,ACH-001068,FEPD,lymphocyte,Lymphoma,True,2.7918460074068077,0.537729339547328,0.0733,,0.0733,0.4125,0.0,0.1242,225,225,226,225.5,2,2,0.1242,225.5,0.0,0.0,False,False,False
Q03_CD3E_CD86_BLOOD,CD3E,CD86,blood,P00_no_penalty,0.0,ACH-001735,SEMK2,blood,Leukemia,True,1.1210319349596658,0.2633819972255004,0.0733,,0.0733,0.4125,0.0,0.1242,226,225,226,225.5,2,2,0.1242,225.5,0.0,0.0,False,False,False
Q03_CD3E_CD86_BLOOD,CD3E,CD86,blood,P00_no_penalty,0.0,ACH-001520,HG3,blood,Leukemia,True,3.632095222609985,0.6756980955450341,0.0719,,0.0719,0.4125,0.0,0.123,227,227,227,227.0,1,1,0.123,227.0,0.0,0.0,False,False,False
Q03_CD3E_CD86_BLOOD,CD3E,CD86,blood,P00_no_penalty,0.0,ACH-002255,KARPAS231,lymphocyte,Lymphoma,True,0.4276912181915979,0.14953558779812937,0.0712,,0.0712,0.4125,0.0,0.1224,228,228,228,228.0,1,1,0.1224,228.0,0.0,0.0,False,False,False
Q03_CD3E_CD86_BLOOD,CD3E,CD86,blood,P00_no_penalty,0.0,ACH-002055,TL1,lymphocyte,Lymphoma,True,3.209734234903007,0.6063465043724039,0.0705,,0.0705,0.4125,0.0,0.1218,229,229,229,229.0,1,1,0.1218,229.0,0.0,0.0,False,False,False
Q03_CD3E_CD86_BLOOD,CD3E,CD86,blood,P00_no_penalty,0.0,ACH-001573,MOLM1,blood,Leukemia,True,-0.34852363784508567,0.02208126099054784,0.0676,,0.0676,0.4125,0.0,0.1193,230,230,234,232.0,5,5,0.1193,232.0,0.0,0.0,False,False,False
Q03_CD3E_CD86_BLOOD,CD3E,CD86,blood,P00_no_penalty,0.0,ACH-001574,MOLM14,blood,Leukemia,True,2.915683857073844,0.5580634901241429,0.0676,,0.0676,0.4125,0.0,0.1193,231,230,234,232.0,5,5,0.1193,232.0,0.0,0.0,False,False,False
Q03_CD3E_CD86_BLOOD,CD3E,CD86,blood,P00_no_penalty,0.0,ACH-001685,UHO1,lymphocyte,Lymphoma,True,5.126123320851864,0.9210172156470471,0.0676,,0.0676,0.4125,0.0,0.1193,232,230,234,232.0,5,5,0.1193,232.0,0.0,0.0,False,False,False
Q03_CD3E_CD86_BLOOD,CD3E,CD86,blood,P00_no_penalty,0.0,ACH-001993,NALM16,blood,Leukemia,True,1.7831155566143402,0.37209599777837565,0.0676,,0.0676,0.4125,0.0,0.1193,233,230,234,232.0,5,5,0.1193,232.0,0.0,0.0,False,False,False
Q03_CD3E_CD86_BLOOD,CD3E,CD86,blood,P00_no_penalty,0.0,ACH-002059,P30OHK,blood,Leukemia,True,-0.3834697884091033,0.016343109936089336,0.0676,,0.0676,0.4125,0.0,0.1193,234,230,234,232.0,5,5,0.1193,232.0,0.0,0.0,False,False,False
Q03_CD3E_CD86_BLOOD,CD3E,CD86,blood,P00_no_penalty,0.0,ACH-000045,MV411,blood,Leukemia,True,0.0428898359385319,0.08635127645924208,0.0303,,0.0303,0.5875,0.0,0.1139,235,235,235,235.0,1,1,0.1139,235.0,0.0,0.0,False,False,False
Q03_CD3E_CD86_BLOOD,CD3E,CD86,blood,P00_no_penalty,0.0,ACH-001616,OCILY18,lymphocyte,Lymphoma,True,0.028247996726022878,0.0839470893381868,0.04,,0.04,0.5,0.0,0.109,236,236,236,236.0,1,1,0.109,236.0,0.0,0.0,False,False,False
Q03_CD3E_CD86_BLOOD,CD3E,CD86,blood,P00_no_penalty,0.0,ACH-001703,VAL,lymphocyte,Lymphoma,True,2.6861665636410343,0.5203767956507324,0.0296,,0.0296,0.5,0.0,0.1002,237,237,237,237.0,1,1,0.1002,237.0,0.0,0.0,False,False,False
Q03_CD3E_CD86_BLOOD,CD3E,CD86,blood,P00_no_penalty,0.0,ACH-002273,ML2,blood,Leukemia,True,0.07022737987282085,0.09084009580045915,0.0152,,0.0152,0.5,0.0,0.0879,238,238,238,238.0,1,1,0.0879,238.0,0.0,0.0,False,False,False
Q03_CD3E_CD86_BLOOD,CD3E,CD86,blood,P00_no_penalty,0.0,ACH-002247,IM9,blood,Non-Cancerous,True,3.2465492163516023,0.6123915170908187,0.0,,0.0,0.4125,0.0,0.0619,239,239,239,239.0,1,1,0.0619,239.0,0.0,0.0,False,False,False
Q03_CD3E_CD86_BLOOD,CD3E,CD86,blood,P15_weak,0.15,ACH-000964,MOLT3,blood,Leukemia,True,-0.3657433353478568,0.01925379004487173,1.0,,1.0,0.5,0.0029,0.9221,1,1,1,1.0,1,1,0.925,1.0,0.0029,0.0,True,True,False
Q03_CD3E_CD86_BLOOD,CD3E,CD86,blood,P15_weak,0.15,ACH-000942,HPBALL,blood,Leukemia,True,-0.3887027004104209,0.015483866813925069,0.9881,,0.9881,0.5,0.0023,0.9126,2,2,2,2.0,1,1,0.9149,2.0,0.0023,0.0,True,True,False
Q03_CD3E_CD86_BLOOD,CD3E,CD86,blood,P15_weak,0.15,ACH-000981,DND41,blood,Leukemia,True,-0.17596187591287216,0.05041586838533468,0.9767,,0.9767,0.5,0.0076,0.8976,3,3,3,3.0,1,1,0.9052,3.0,0.0076,0.0,True,True,False
Q03_CD3E_CD86_BLOOD,CD3E,CD86,blood,P15_weak,0.15,ACH-000937,PF382,blood,Leukemia,True,-0.36014017168299595,0.020173828417422268,0.9697,,0.9697,0.5,0.003,0.8962,4,4,4,4.0,1,1,0.8992,4.0,0.003,0.0,True,True,False
Q03_CD3E_CD86_BLOOD,CD3E,CD86,blood,P15_weak,0.15,ACH-000918,MOLT16,blood,Leukemia,True,-0.3657433353478568,0.01925379004487173,0.9616,,0.9616,0.5,0.0029,0.8895,5,5,5,5.0,1,1,0.8924,5.0,0.0029,0.0,True,True,False
Q03_CD3E_CD86_BLOOD,CD3E,CD86,blood,P15_weak,0.15,ACH-000197,TALL1,blood,Leukemia,True,-0.257626594421581,0.037006537656207,0.9441,,0.9441,0.5,0.0056,0.872,6,6,6,6.0,1,1,0.8775,8.0,0.0055,-2.0,True,True,False
Q03_CD3E_CD86_BLOOD,CD3E,CD86,blood,P15_weak,0.15,ACH-000101,KE37,blood,Leukemia,True,-0.3467709743158204,0.022369047997592897,0.9367,,0.9367,0.5,0.0034,0.8678,7,7,7,7.0,1,1,0.8712,9.0,0.0034,-2.0,True,True,False
Q03_CD3E_CD86_BLOOD,CD3E,CD86,blood,P15_weak,0.15,ACH-000104,LOUCY,blood,Leukemia,True,-0.2722124834564661,0.03461153754332136,0.9192,,0.9192,0.5,0.0052,0.8511,8,8,8,8.0,1,1,0.8563,10.0,0.0052,-2.0,True,True,False
Q03_CD3E_CD86_BLOOD,CD3E,CD86,blood,P15_weak,0.15,ACH-000372,P12ICHIKAWA,blood,Leukemia,True,-0.3887027004104209,0.015483866813925069,0.9146,,0.9146,0.5,0.0023,0.8501,9,9,9,9.0,1,1,0.8524,11.0,0.0023,-2.0,True,False,False
Q03_CD3E_CD86_BLOOD,CD3E,CD86,blood,P15_weak,0.15,ACH-000636,RPMI8402,blood,Leukemia,True,-0.39458463292776547,0.014518054650584629,0.9134,,0.9134,0.5,0.0022,0.8493,10,10,10,10.0,1,1,0.8514,12.0,0.0021,-2.0,True,False,False
Q03_CD3E_CD86_BLOOD,CD3E,CD86,blood,P15_weak,0.15,ACH-000519,PEER,blood,Leukemia,True,-0.30677596204836227,0.028936221151476635,0.9085,,0.9085,0.5,0.0043,0.8429,11,11,11,11.0,1,1,0.8472,13.0,0.0043,-2.0,False,False,False
Q03_CD3E_CD86_BLOOD,CD3E,CD86,blood,P15_weak,0.15,ACH-001127,MOLT4,blood,Leukemia,True,-0.4056994774464277,0.01269299936507991,0.9115,,0.9115,0.4125,0.0019,0.8348,12,12,12,12.0,1,1,0.8367,14.0,0.0019,-2.0,False,False,False
Q03_CD3E_CD86_BLOOD,CD3E,CD86,blood,P15_weak,0.15,ACH-000953,SUPT1,blood,Leukemia,True,-0.2590355545381271,0.036775186681980564,0.8954,,0.8954,0.5,0.0055,0.8306,13,13,13,13.0,1,1,0.8361,16.0,0.0055,-3.0,False,False,False
Q03_CD3E_CD86_BLOOD,CD3E,CD86,blood,P15_weak,0.15,ACH-000105,ALLSIL,blood,Leukemia,True,-0.39458463292776547,0.014518054650584629,0.891,,0.891,0.5,0.0022,0.8302,14,14,14,14.0,1,1,0.8324,17.0,0.0022,-3.0,False,False,False
Q03_CD3E_CD86_BLOOD,CD3E,CD86,blood,P15_weak,0.15,ACH-000122,SUPT11,blood,Leukemia,True,-0.38287871890932146,0.016440163431787475,0.89,,0.89,0.5,0.0025,0.829,15,15,15,15.0,1,1,0.8315,18.0,0.0025,-3.0,False,False,False
Q03_CD3E_CD86_BLOOD,CD3E,CD86,blood,P15_weak,0.15,ACH-001737,CTV1DM,blood,Leukemia,True,-0.3371007597900634,0.023956895322183407,0.9022,,0.9022,0.4125,0.0036,0.8251,16,16,16,16.0,1,1,0.8287,19.0,0.0036,-3.0,False,False,False
Q03_CD3E_CD86_BLOOD,CD3E,CD86,blood,P15_weak,0.15,ACH-000995,JURKAT,blood,Leukemia,True,-0.4830016367502353,0.0,0.8653,,0.8653,0.5875,0.0,0.8236,17,17,17,17.0,1,1,0.8236,20.0,0.0,-3.0,False,False,False
Q03_CD3E_CD86_BLOOD,CD3E,CD86,blood,P15_weak,0.15,ACH-001148,OCILY132,lymphocyte,Lymphoma,True,3.1038248533472674,0.5889562047358865,0.9709,,0.9709,0.4125,0.0883,0.7988,18,18,18,18.0,1,1,0.8871,6.0,0.0883,12.0,False,True,False
Q03_CD3E_CD86_BLOOD,CD3E,CD86,blood,P15_weak,0.15,ACH-001132,MTA,lymphocyte,Lymphoma,True,3.042205164030771,0.5788382638605637,0.963,,0.963,0.4125,0.0868,0.7936,19,19,19,19.0,1,1,0.8804,7.0,0.0868,12.0,False,True,False
Q03_CD3E_CD86_BLOOD,CD3E,CD86,blood,P15_weak,0.15,ACH-000920,CMLT1,blood,Leukemia,True,0.8382818311939599,0.21695448575755608,0.866,,0.866,0.5,0.0325,0.7786,20,20,20,20.0,1,1,0.8111,21.0,0.0325,-1.0,False,False,False
Q03_CD3E_CD86_BLOOD,CD3E,CD86,blood,P15_weak,0.15,ACH-000795,MOLT13,blood,Leukemia,True,-0.14246221571893572,0.05591650600531232,0.827,,0.827,0.4125,0.0084,0.7564,21,21,21,21.0,1,1,0.7648,22.0,0.0084,-1.0,False,False,False
Q03_CD3E_CD86_BLOOD,CD3E,CD86,blood,P15_weak,0.15,ACH-001097,KARPAS384,lymphocyte,Lymphoma,True,3.7420377969985226,0.6937506446520318,0.911,,0.911,0.4125,0.1041,0.7322,22,22,22,22.0,1,1,0.8363,15.0,0.1041,7.0,False,False,False
Q03_CD3E_CD86_BLOOD,CD3E,CD86,blood,P15_weak,0.15,ACH-001100,KHYG,lymphocyte,Lymphoma,True,0.010203728775923848,0.08098422408711667,0.7717,,0.7717,0.5,0.0121,0.7188,23,23,23,23.0,1,1,0.7309,24.5,0.0121,-1.5,False,False,False
Q03_CD3E_CD86_BLOOD,CD3E,CD86,blood,P15_weak,0.15,ACH-000509,HUT78,lymphocyte,Lymphoma,True,0.7181876894072575,0.19723505127892121,0.753,,0.753,0.5875,0.0296,0.6986,24,24,24,24.0,1,1,0.7282,26.0,0.0296,-2.0,False,False,False
Q03_CD3E_CD86_BLOOD,CD3E,CD86,blood,P15_weak,0.15,ACH-001197,SMZ1,lymphocyte,Lymphoma,True,-0.3371007597900634,0.023956895322183407,0.7495,,0.7495,0.4125,0.0036,0.6954,25,25,25,25.0,1,1,0.699,27.0,0.0036,-2.0,False,False,False
Q03_CD3E_CD86_BLOOD,CD3E,CD86,blood,P15_weak,0.15,ACH-001738,CCRFCEM,blood,Leukemia,True,0.09177541605816043,0.09437827910714154,0.7491,,0.7491,0.4125,0.0142,0.6844,26,26,26,26.0,1,1,0.6986,28.0,0.0142,-2.0,False,False,False
Q03_CD3E_CD86_BLOOD,CD3E,CD86,blood,P15_weak,0.15,ACH-000061,HH,lymphocyte,Lymphoma,True,0.02213879197394312,0.08294395911856987,0.6923,,0.6923,0.5,0.0124,0.651,27,27,27,27.0,1,1,0.6634,29.0,0.0124,-2.0,False,False,False
Q03_CD3E_CD86_BLOOD,CD3E,CD86,blood,P15_weak,0.15,ACH-002222,CTV1,blood,Leukemia,True,-0.15680367537766368,0.05356164114795268,0.6963,,0.6963,0.4125,0.008,0.6457,28,28,28,28.0,1,1,0.6538,31.0,0.0081,-3.0,False,False,False
Q03_CD3E_CD86_BLOOD,CD3E,CD86,blood,P15_weak,0.15,ACH-000612,HUT102,lymphocyte,Lymphoma,True,5.039163908732739,0.9067384972676835,0.8046,,0.8046,0.5,0.136,0.6229,29,29,29,29.0,1,1,0.7589,23.0,0.136,6.0,False,False,False
Q03_CD3E_CD86_BLOOD,CD3E,CD86,blood,P15_weak,0.15,ACH-000077,MJ,lymphocyte,Lymphoma,True,4.278453527081785,0.7818300021070618,0.7716,,0.7716,0.5,0.1173,0.6136,30,30,30,30.0,1,1,0.7309,24.5,0.1173,5.5,False,False,False
Q03_CD3E_CD86_BLOOD,CD3E,CD86,blood,P15_weak,0.15,ACH-000598,KMS21BM,plasma_cell,Myeloma,True,0.2633245841541821,0.12254661879303615,0.6112,,0.6112,0.5,0.0184,0.5761,31,31,31,31.0,1,1,0.5945,33.0,0.0184,-2.0,False,False,False
Q03_CD3E_CD86_BLOOD,CD3E,CD86,blood,P15_weak,0.15,ACH-000193,KARPAS620,plasma_cell,Myeloma,True,3.049272045613115,0.5799986444274927,0.6686,,0.6686,0.5875,0.087,0.5694,32,32,32,32.0,1,1,0.6564,30.0,0.087,2.0,False,False,False
Q03_CD3E_CD86_BLOOD,CD3E,CD86,blood,P15_weak,0.15,ACH-000436,OCIMY7,plasma_cell,Myeloma,True,-0.04577030984064717,0.0717932979471518,0.5396,,0.5396,0.5,0.0108,0.5229,33,33,33,33.0,1,1,0.5336,36.0,0.0107,-3.0,False,False,False
Q03_CD3E_CD86_BLOOD,CD3E,CD86,blood,P15_weak,0.15,ACH-000426,KMS20,plasma_cell,Myeloma,True,0.7921956778008061,0.20938714842795755,0.5673,,0.5673,0.4125,0.0314,0.5126,34,34,34,34.0,1,1,0.544,35.0,0.0314,-1.0,False,False,False
Q03_CD3E_CD86_BLOOD,CD3E,CD86,blood,P15_weak,0.15,ACH-000050,NCIH929,plasma_cell,Myeloma,True,0.30401216468077835,0.12922751151895623,0.5198,,0.5198,0.5875,0.0194,0.5106,35,35,35,35.0,1,1,0.53,38.0,0.0194,-3.0,False,False,False
Q03_CD3E_CD86_BLOOD,CD3E,CD86,blood,P15_weak,0.15,ACH-000821,EJM,plasma_cell,Myeloma,True,3.257711461149555,0.6142243554928671,0.6097,,0.6097,0.5,0.0921,0.5011,36,36,36,36.0,1,1,0.5933,34.0,0.0922,2.0,False,False,False
Q03_CD3E_CD86_BLOOD,CD3E,CD86,blood,P15_weak,0.15,ACH-001484,CI,blood,Leukemia,True,4.633424473614526,0.8401161617634062,0.628,,0.628,0.4125,0.126,0.4697,37,37,37,37.0,1,1,0.5957,32.0,0.126,5.0,False,False,False
Q03_CD3E_CD86_BLOOD,CD3E,CD86,blood,P15_weak,0.15,ACH-000157,A4FUK,lymphocyte,Lymphoma,True,1.3639098674132981,0.30326250600029253,0.4859,,0.4859,0.5,0.0455,0.4425,38,38,38,38.0,1,1,0.488,39.0,0.0455,-1.0,False,False,False
Q03_CD3E_CD86_BLOOD,CD3E,CD86,blood,P15_weak,0.15,ACH-001060,DL40,lymphocyte,Lymphoma,True,3.9967972502929725,0.7355820968137476,0.5511,,0.5511,0.4125,0.1103,0.42,39,39,39,39.0,1,1,0.5303,37.0,0.1103,2.0,False,False,False
Q03_CD3E_CD86_BLOOD,CD3E,CD86,blood,P15_weak,0.15,ACH-000838,AMO1,plasma_cell,Myeloma,True,-0.2539776255214924,0.03760569763245024,0.3856,,0.3856,0.5875,0.0056,0.4102,40,40,40,40.0,1,1,0.4159,45.0,0.0057,-5.0,False,False,False
Q03_CD3E_CD86_BLOOD,CD3E,CD86,blood,P15_weak,0.15,ACH-000386,KG1,blood,Leukemia,True,0.3136292045193034,0.13080662757035397,0.3996,,0.3996,0.5875,0.0196,0.4081,41,41,41,41.0,1,1,0.4277,44.0,0.0196,-3.0,False,False,False
Q03_CD3E_CD86_BLOOD,CD3E,CD86,blood,P15_weak,0.15,ACH-000419,KMS28BM,plasma_cell,Myeloma,True,-0.36014017168299595,0.020173828417422268,0.3686,,0.3686,0.5,0.003,0.3853,42,42,42,42.0,1,1,0.3883,47.0,0.003,-5.0,False,False,False
Q03_CD3E_CD86_BLOOD,CD3E,CD86,blood,P15_weak,0.15,ACH-000923,BCP1,lymphocyte,Lymphoma,True,3.4921303369103356,0.6527158888211965,0.477,,0.477,0.5,0.0979,0.3825,43,43,43,43.0,1,1,0.4804,40.0,0.0979,3.0,False,False,False
Q03_CD3E_CD86_BLOOD,CD3E,CD86,blood,P15_weak,0.15,ACH-000658,KMS18,plasma_cell,Myeloma,True,2.1443595045520207,0.4314121830325448,0.449,,0.449,0.4125,0.0647,0.3788,44,44,44,44.0,1,1,0.4435,42.0,0.0647,2.0,False,False,False
Q03_CD3E_CD86_BLOOD,CD3E,CD86,blood,P15_weak,0.15,ACH-000439,ME1,blood,Leukemia,True,-0.257626594421581,0.037006537656207,0.3634,,0.3634,0.5,0.0056,0.3783,45,45,45,45.0,1,1,0.3839,49.0,0.0056,-4.0,False,False,False
Q03_CD3E_CD86_BLOOD,CD3E,CD86,blood,P15_weak,0.15,ACH-000512,INA6,plasma_cell,Myeloma,True,2.655983081786072,0.5154206738622681,0.4423,,0.4423,0.5,0.0773,0.3736,46,46,46,46.0,1,1,0.4509,41.0,0.0773,5.0,False,False,False
Q03_CD3E_CD86_BLOOD,CD3E,CD86,blood,P15_weak,0.15,ACH-001057,DERL2,lymphocyte,Lymphoma,True,2.4933905021314082,0.48872300423815834,0.4306,,0.4306,0.5,0.0733,0.3677,47,47,47,47.0,1,1,0.441,43.0,0.0733,4.0,False,False,False
Q03_CD3E_CD86_BLOOD,CD3E,CD86,blood,P15_weak,0.15,ACH-001680,U698M,lymphocyte,Lymphoma,True,2.5902769407070476,0.5046317384106703,0.3651,,0.3651,0.5,0.0757,0.3097,48,48,48,48.0,1,1,0.3854,48.0,0.0757,0.0,False,False,False
Q03_CD3E_CD86_BLOOD,CD3E,CD86,blood,P15_weak,0.15,ACH-000068,REC1,lymphocyte,Lymphoma,True,3.8248345670607673,0.707345858023762,0.3787,,0.3787,0.5875,0.1061,0.3039,49,49,49,49.0,1,1,0.41,46.0,0.1061,3.0,False,False,False
Q03_CD3E_CD86_BLOOD,CD3E,CD86,blood,P15_weak,0.15,ACH-000402,BL70,lymphocyte,Lymphoma,True,2.390803616340177,0.47187825775318554,0.3384,,0.3384,0.5,0.0708,0.2918,50,50,50,50.0,1,1,0.3626,50.0,0.0708,0.0,False,False,False
Q03_CD3E_CD86_BLOOD,CD3E,CD86,blood,P15_weak,0.15,ACH-001577,MUTZ8,blood,Leukemia,True,1.1569101240589332,0.26927318882426843,0.3167,,0.3167,0.4125,0.0404,0.2906,51,51,51,51.0,1,1,0.331,55.0,0.0404,-4.0,False,False,False
Q03_CD3E_CD86_BLOOD,CD3E,CD86,blood,P15_weak,0.15,ACH-002272,MHHPREB1,lymphocyte,Lymphoma,True,0.8307946368422007,0.21572508991649544,0.2686,,0.2686,0.5,0.0324,0.271,52,52,52,52.0,1,1,0.3033,60.0,0.0323,-8.0,False,False,False
Q03_CD3E_CD86_BLOOD,CD3E,CD86,blood,P15_weak,0.15,ACH-000745,MOLP8,plasma_cell,Myeloma,True,-0.31391166383041974,0.027764540321280295,0.2186,,0.2186,0.5875,0.0042,0.2698,53,53,53,53.0,1,1,0.2739,65.0,0.0041,-12.0,False,False,False
Q03_CD3E_CD86_BLOOD,CD3E,CD86,blood,P15_weak,0.15,ACH-001613,OCIAML4,blood,Leukemia,True,-0.34852363784508567,0.02208126099054784,0.2432,,0.2432,0.4125,0.0033,0.2653,54,54,54,54.0,1,1,0.2686,66.0,0.0033,-12.0,False,False,False
Q03_CD3E_CD86_BLOOD,CD3E,CD86,blood,P15_weak,0.15,ACH-001450,BLUE1,lymphocyte,Lymphoma,True,3.1659205132857653,0.5991522998937969,0.344,,0.344,0.4125,0.0899,0.2644,55,55,55,55.0,1,1,0.3542,52.0,0.0898,3.0,False,False,False
Q03_CD3E_CD86_BLOOD,CD3E,CD86,blood,P15_weak,0.15,ACH-000299,HNT34,blood,Leukemia,True,2.114813649409648,0.42656075942497157,0.2919,,0.2919,0.5,0.064,0.2591,56,56,56,56.0,1,1,0.3231,57.0,0.064,-1.0,False,False,False
Q03_CD3E_CD86_BLOOD,CD3E,CD86,blood,P15_weak,0.15,ACH-000081,GDM1,blood,Leukemia,True,-0.27977906328374164,0.03336910662278297,0.2012,,0.2012,0.5,0.005,0.241,57,57,57,57.0,1,1,0.246,75.0,0.005,-18.0,False,False,False
Q03_CD3E_CD86_BLOOD,CD3E,CD86,blood,P15_weak,0.15,ACH-000453,MOLP2,plasma_cell,Myeloma,True,2.1262806706655017,0.4284436420615079,0.2542,,0.2542,0.5875,0.0643,0.24,58,58,58,58.0,1,1,0.3042,59.0,0.0642,-1.0,False,False,False
Q03_CD3E_CD86_BLOOD,CD3E,CD86,blood,P15_weak,0.15,ACH-002313,TK,lymphocyte,Lymphoma,True,0.6101678697282149,0.17949821811733316,0.2239,,0.2239,0.5,0.0269,0.2384,59,59,59,59.0,1,1,0.2653,68.0,0.0269,-9.0,False,False,False
Q03_CD3E_CD86_BLOOD,CD3E,CD86,blood,P15_weak,0.15,ACH-000653,JJN3,plasma_cell,Myeloma,True,-0.4471068815169485,0.005893911754718169,0.1753,,0.1753,0.5875,0.0009,0.2362,60,60,60,60.0,1,1,0.2371,82.0,0.0009,-22.0,False,False,False
Q03_CD3E_CD86_BLOOD,CD3E,CD86,blood,P15_weak,0.15,ACH-001707,WAOSEL,blood,Leukemia,True,4.414371347139317,0.8041476814478551,0.3463,,0.3463,0.4125,0.1206,0.2356,61,61,61,61.0,1,1,0.3563,51.0,0.1207,10.0,False,False,False
Q03_CD3E_CD86_BLOOD,CD3E,CD86,blood,P15_weak,0.15,ACH-000365,SUDHL4,lymphocyte,Lymphoma,True,3.9500594024724527,0.7279077513872566,0.2989,,0.2989,0.5875,0.1092,0.233,62,62,62,62.0,1,1,0.3422,54.0,0.1092,8.0,False,False,False
Q03_CD3E_CD86_BLOOD,CD3E,CD86,blood,P15_weak,0.15,ACH-000541,KMS34,plasma_cell,Myeloma,True,0.5427247454488804,0.16842407036562304,0.2146,,0.2146,0.5,0.0253,0.2322,63,63,63,63.0,1,1,0.2574,72.0,0.0252,-9.0,False,False,False
Q03_CD3E_CD86_BLOOD,CD3E,CD86,blood,P15_weak,0.15,ACH-000371,RL,lymphocyte,Lymphoma,True,4.081935219085241,0.7495617345568195,0.3006,,0.3006,0.5875,0.1124,0.2312,64,64,64,64.0,1,1,0.3437,53.0,0.1125,11.0,False,False,False
Q03_CD3E_CD86_BLOOD,CD3E,CD86,blood,P15_weak,0.15,ACH-002236,EB3,lymphocyte,Lymphoma,True,3.554825314189066,0.663010391768586,0.3131,,0.3131,0.4125,0.0995,0.2286,65,65,65,65.0,1,1,0.328,56.0,0.0994,9.0,False,False,False
Q03_CD3E_CD86_BLOOD,CD3E,CD86,blood,P15_weak,0.15,ACH-001642,SCC3,lymphocyte,Lymphoma,True,0.026697975853608485,0.08369257621557022,0.1711,,0.1711,0.5875,0.0126,0.221,66,66,66,66.0,1,1,0.2336,83.0,0.0126,-17.0,False,False,False
Q03_CD3E_CD86_BLOOD,CD3E,CD86,blood,P15_weak,0.15,ACH-000024,OPM2,plasma_cell,Myeloma,True,-0.05046933094087464,0.0710217196060181,0.1685,,0.1685,0.5875,0.0107,0.2207,67,67,67,67.0,1,1,0.2314,85.0,0.0107,-18.0,False,False,False
Q03_CD3E_CD86_BLOOD,CD3E,CD86,blood,P15_weak,0.15,ACH-000162,GA10,lymphocyte,Lymphoma,True,2.065396705823264,0.41844650700026254,0.2426,,0.2426,0.5,0.0628,0.2185,68,68,68,68.0,1,1,0.2812,63.0,0.0627,5.0,False,False,False
Q03_CD3E_CD86_BLOOD,CD3E,CD86,blood,P15_weak,0.15,ACH-001064,EB2,lymphocyte,Lymphoma,True,3.9066330551948187,0.7207771536990806,0.2908,,0.2908,0.5,0.1081,0.214,69,69,69,69.0,1,1,0.3221,58.0,0.1081,11.0,False,False,False
Q03_CD3E_CD86_BLOOD,CD3E,CD86,blood,P15_weak,0.15,ACH-000380,KMS12BM,plasma_cell,Myeloma,True,1.4422263753150502,0.31612206120579955,0.2013,,0.2013,0.5875,0.0474,0.2118,70,70,70,70.0,1,1,0.2593,71.0,0.0475,-1.0,False,False,False
Q03_CD3E_CD86_BLOOD,CD3E,CD86,blood,P15_weak,0.15,ACH-000664,SUDHL1,lymphocyte,Lymphoma,True,-0.025353493992278448,0.07514573509682831,0.1586,,0.1586,0.5875,0.0113,0.2117,71,71,71,71.0,1,1,0.223,93.0,0.0113,-22.0,False,False,False
Q03_CD3E_CD86_BLOOD,CD3E,CD86,blood,P15_weak,0.15,ACH-000697,A3KAW,lymphocyte,Lymphoma,True,0.1529757962436548,0.10442736950556288,0.1593,,0.1593,0.5875,0.0157,0.2079,72,72,72,72.0,1,1,0.2235,91.0,0.0156,-19.0,False,False,False
Q03_CD3E_CD86_BLOOD,CD3E,CD86,blood,P15_weak,0.15,ACH-000057,OPM1,plasma_cell,Myeloma,True,0.2675998468858609,0.12324861609333763,0.177,,0.177,0.5,0.0185,0.2069,73,73,73,73.0,1,1,0.2254,90.0,0.0185,-17.0,False,False,False
Q03_CD3E_CD86_BLOOD,CD3E,CD86,blood,P15_weak,0.15,ACH-001106,KOPN8,blood,Leukemia,True,-0.31792967673591166,0.027104783391880008,0.1539,,0.1539,0.5,0.0041,0.2018,74,74,74,74.0,1,1,0.2058,100.5,0.004,-26.5,False,False,False
Q03_CD3E_CD86_BLOOD,CD3E,CD86,blood,P15_weak,0.15,ACH-000588,KMS26,plasma_cell,Myeloma,True,-0.39458463292776547,0.014518054650584629,0.1512,,0.1512,0.5,0.0022,0.2013,75,75,75,75.0,1,1,0.2035,103.0,0.0022,-28.0,False,False,False
Q03_CD3E_CD86_BLOOD,CD3E,CD86,blood,P15_weak,0.15,ACH-000564,KHM1B,plasma_cell,Myeloma,True,0.3754156324758236,0.14095194689759866,0.1718,,0.1718,0.5,0.0211,0.1999,76,76,76,76.0,1,1,0.2211,94.0,0.0212,-18.0,False,False,False
Q03_CD3E_CD86_BLOOD,CD3E,CD86,blood,P15_weak,0.15,ACH-000388,NUDHL1,lymphocyte,Lymphoma,True,0.19719586788490137,0.11168829657824923,0.15,,0.15,0.5875,0.0168,0.1989,77,77,77,77.0,1,1,0.2156,96.0,0.0167,-19.0,False,False,False
Q03_CD3E_CD86_BLOOD,CD3E,CD86,blood,P15_weak,0.15,ACH-000763,MM1S,plasma_cell,Myeloma,True,2.140861736186982,0.43083785015444054,0.2054,,0.2054,0.5875,0.0646,0.1981,78,78,78,78.0,1,1,0.2627,70.0,0.0646,8.0,False,False,False
Q03_CD3E_CD86_BLOOD,CD3E,CD86,blood,P15_weak,0.15,ACH-000487,F36P,blood,Leukemia,True,-0.28951698825334105,0.03177014125662103,0.1331,,0.1331,0.5875,0.0048,0.1965,79,79,79,79.0,1,1,0.2013,106.0,0.0048,-27.0,False,False,False
Q03_CD3E_CD86_BLOOD,CD3E,CD86,blood,P15_weak,0.15,ACH-000660,SUDHL5,lymphocyte,Lymphoma,True,2.600529324216299,0.5063151777679338,0.212,,0.212,0.5875,0.0759,0.1924,80,80,80,80.0,1,1,0.2683,67.0,0.0759,13.0,False,False,False
Q03_CD3E_CD86_BLOOD,CD3E,CD86,blood,P15_weak,0.15,ACH-001485,CII,blood,Leukemia,True,3.8249273193108455,0.7073610879249957,0.2769,,0.2769,0.4125,0.1061,0.1912,81,81,81,81.0,1,1,0.2973,61.0,0.1061,20.0,False,False,False
Q03_CD3E_CD86_BLOOD,CD3E,CD86,blood,P15_weak,0.15,ACH-001647,SHI1,blood,Leukemia,True,1.7229713023831899,0.36222032305409163,0.2139,,0.2139,0.4125,0.0543,0.1893,82,82,82,82.0,1,1,0.2436,78.0,0.0543,4.0,False,False,False
Q03_CD3E_CD86_BLOOD,CD3E,CD86,blood,P15_weak,0.15,ACH-000338,SR786,lymphocyte,Lymphoma,True,1.3423571603605684,0.29972355573810266,0.1676,,0.1676,0.5875,0.045,0.1856,83,83,83,83.0,1,1,0.2306,87.0,0.045,-4.0,False,False,False
Q03_CD3E_CD86_BLOOD,CD3E,CD86,blood,P15_weak,0.15,ACH-002252,JIYOYEP2003,lymphocyte,Lymphoma,True,3.943396757422914,0.7268137463795674,0.2725,,0.2725,0.4125,0.109,0.1845,84,84,84,84.0,1,1,0.2935,62.0,0.109,22.0,False,False,False
Q03_CD3E_CD86_BLOOD,CD3E,CD86,blood,P15_weak,0.15,ACH-000714,KMS11,plasma_cell,Myeloma,True,-0.24395092356036394,0.03925208012386637,0.1187,,0.1187,0.5875,0.0059,0.1831,85,85,85,85.0,1,1,0.189,110.0,0.0059,-25.0,False,False,False
Q03_CD3E_CD86_BLOOD,CD3E,CD86,blood,P15_weak,0.15,ACH-000363,SKMM2,plasma_cell,Myeloma,True,-0.4193686098748131,0.010448530506806462,0.1103,,0.1103,0.5875,0.0016,0.1803,86,86,86,86.0,1,1,0.1819,122.0,0.0016,-36.0,False,False,False
Q03_CD3E_CD86_BLOOD,CD3E,CD86,blood,P15_weak,0.15,ACH-000854,OCIMY5,plasma_cell,Myeloma,True,-0.29566340487538767,0.030760900855268985,0.1138,,0.1138,0.5875,0.0046,0.1802,87,87,87,87.0,1,1,0.1849,118.5,0.0047,-31.5,False,False,False
Q03_CD3E_CD86_BLOOD,CD3E,CD86,blood,P15_weak,0.15,ACH-001539,KML1,lymphocyte,Lymphoma,True,3.588952608276918,0.6686140867505923,0.2558,,0.2558,0.4125,0.1003,0.179,88,88,88,88.0,1,1,0.2793,64.0,0.1003,24.0,False,False,False
Q03_CD3E_CD86_BLOOD,CD3E,CD86,blood,P15_weak,0.15,ACH-002061,P2URK562,blood,Leukemia,True,-0.371705923374414,0.018274734262770237,0.136,,0.136,0.4125,0.0027,0.1748,89,89,89,89.0,1,1,0.1775,131.0,0.0027,-42.0,False,False,False
Q03_CD3E_CD86_BLOOD,CD3E,CD86,blood,P15_weak,0.15,ACH-000405,MEC1,blood,Leukemia,True,2.2867831854626695,0.4547981234467884,0.1813,,0.1813,0.5875,0.0682,0.174,90,90,90,90.0,1,1,0.2422,80.0,0.0682,10.0,False,False,False
Q03_CD3E_CD86_BLOOD,CD3E,CD86,blood,P15_weak,0.15,ACH-000151,JM1,blood,Leukemia,True,-0.21031100140374803,0.044775748730549535,0.1221,,0.1221,0.5,0.0067,0.1721,91,91,91,91.0,1,1,0.1788,129.0,0.0067,-38.0,False,False,False
Q03_CD3E_CD86_BLOOD,CD3E,CD86,blood,P15_weak,0.15,ACH-001121,MEC2,lymphocyte,Lymphoma,True,2.837458681917082,0.5452189317374132,0.2252,,0.2252,0.4125,0.0818,0.1715,92,92,92,92.0,1,1,0.2533,74.0,0.0818,18.0,False,False,False
Q03_CD3E_CD86_BLOOD,CD3E,CD86,blood,P15_weak,0.15,ACH-000130,NALM19,blood,Leukemia,True,0.1420095535697013,0.10262671461375382,0.1315,,0.1315,0.5,0.0154,0.1714,93,93,93,93.0,1,1,0.1868,114.0,0.0154,-21.0,False,False,False
Q03_CD3E_CD86_BLOOD,CD3E,CD86,blood,P15_weak,0.15,ACH-000656,SUDHL8,lymphocyte,Lymphoma,True,0.02128055370631184,0.08280303656369895,0.1095,,0.1095,0.5875,0.0124,0.1688,94,94,95,94.5,2,1,0.1812,124.0,0.0124,-29.5,False,False,False
Q03_CD3E_CD86_BLOOD,CD3E,CD86,blood,P15_weak,0.15,ACH-000321,MOLM6,blood,Leukemia,True,2.6152489976006694,0.5087321452447116,0.2002,,0.2002,0.5,0.0763,0.1688,95,94,95,94.5,2,1,0.2452,76.0,0.0764,18.5,False,False,False
Q03_CD3E_CD86_BLOOD,CD3E,CD86,blood,P15_weak,0.15,ACH-000687,CI1,lymphocyte,Lymphoma,True,3.475813760908704,0.6500367102485122,0.2078,,0.2078,0.5875,0.0975,0.1673,96,96,97,96.5,2,1,0.2648,69.0,0.0975,27.5,False,False,False
Q03_CD3E_CD86_BLOOD,CD3E,CD86,blood,P15_weak,0.15,ACH-000602,M07E,blood,Leukemia,True,-0.33289436586988036,0.024647584377172446,0.1129,,0.1129,0.5,0.0037,0.1673,97,96,97,96.5,2,1,0.171,138.0,0.0037,-41.5,False,False,False
Q03_CD3E_CD86_BLOOD,CD3E,CD86,blood,P15_weak,0.15,ACH-000983,KCL22,blood,Leukemia,True,-0.27977906328374164,0.03336910662278297,0.1137,,0.1137,0.5,0.005,0.1667,98,98,98,98.0,1,1,0.1717,137.0,0.005,-39.0,False,False,False
Q03_CD3E_CD86_BLOOD,CD3E,CD86,blood,P15_weak,0.15,ACH-000440,CA46,lymphocyte,Lymphoma,True,3.0448379374209065,0.579270564733791,0.2099,,0.2099,0.5,0.0869,0.1666,99,99,99,99.0,1,1,0.2535,73.0,0.0869,26.0,False,False,False
Q03_CD3E_CD86_BLOOD,CD3E,CD86,blood,P15_weak,0.15,ACH-000124,OCILY19,lymphocyte,Lymphoma,True,0.26155568023814185,0.12225616511767445,0.1103,,0.1103,0.5875,0.0183,0.1635,100,100,100,100.0,1,1,0.1818,123.0,0.0183,-23.0,False,False,False
Q03_CD3E_CD86_BLOOD,CD3E,CD86,blood,P15_weak,0.15,ACH-000285,TOLEDO,lymphocyte,Lymphoma,True,0.24175969350842275,0.11900566798726532,0.1065,,0.1065,0.5875,0.0179,0.1608,101,101,101,101.0,1,1,0.1786,130.0,0.0178,-29.0,False,False,False
Q03_CD3E_CD86_BLOOD,CD3E,CD86,blood,P15_weak,0.15,ACH-000387,TF1,blood,Leukemia,True,-0.012642208186582677,0.07723292572790683,0.0947,,0.0947,0.5875,0.0116,0.157,102,102,102,102.0,1,1,0.1686,141.0,0.0116,-39.0,False,False,False
Q03_CD3E_CD86_BLOOD,CD3E,CD86,blood,P15_weak,0.15,ACH-000287,NUDUL1,lymphocyte,Lymphoma,True,0.48773205832450706,0.15939428194780678,0.108,,0.108,0.5875,0.0239,0.156,103,103,103,103.0,1,1,0.1799,126.0,0.0239,-23.0,False,False,False
Q03_CD3E_CD86_BLOOD,CD3E,CD86,blood,P15_weak,0.15,ACH-000432,BV173,blood,Leukemia,True,-0.20749985548684532,0.04523733833761548,0.0859,,0.0859,0.5875,0.0068,0.1544,104,104,104,104.0,1,1,0.1611,153.0,0.0067,-49.0,False,False,False
Q03_CD3E_CD86_BLOOD,CD3E,CD86,blood,P15_weak,0.15,ACH-000315,KARPAS422,lymphocyte,Lymphoma,True,1.6016372532008292,0.3422972960247752,0.137,,0.137,0.5875,0.0513,0.1532,105,105,105,105.0,1,1,0.2046,102.0,0.0514,3.0,False,False,False
Q03_CD3E_CD86_BLOOD,CD3E,CD86,blood,P15_weak,0.15,ACH-001617,OCILY7,lymphocyte,Lymphoma,True,2.6581188358232466,0.515771364255421,0.1674,,0.1674,0.5875,0.0774,0.1531,106,106,107,106.5,2,2,0.2304,88.0,0.0773,18.5,False,False,False
Q03_CD3E_CD86_BLOOD,CD3E,CD86,blood,P15_weak,0.15,ACH-001636,RAMOS,lymphocyte,Lymphoma,True,1.5092491565968897,0.3271271887199333,0.1342,,0.1342,0.5875,0.0491,0.1531,107,106,107,106.5,2,2,0.2022,104.0,0.0491,2.5,False,False,False
Q03_CD3E_CD86_BLOOD,CD3E,CD86,blood,P15_weak,0.15,ACH-002307,SUDHL16,lymphocyte,Lymphoma,True,3.2215393562502785,0.6082849029775025,0.199,,0.199,0.5,0.0912,0.1529,108,108,108,108.0,1,1,0.2441,77.0,0.0912,31.0,False,False,False
Q03_CD3E_CD86_BLOOD,CD3E,CD86,blood,P15_weak,0.15,ACH-000960,REH,blood,Leukemia,True,0.05017332702130591,0.08754722426357027,0.0907,,0.0907,0.5875,0.0131,0.1521,109,109,109,109.0,1,1,0.1653,148.0,0.0132,-39.0,False,False,False
Q03_CD3E_CD86_BLOOD,CD3E,CD86,blood,P15_weak,0.15,ACH-000498,KO52,blood,Leukemia,True,1.9341136843931153,0.3968898606831839,0.1595,,0.1595,0.5,0.0595,0.1511,110,110,110,110.0,1,1,0.2106,99.0,0.0595,11.0,False,False,False
Q03_CD3E_CD86_BLOOD,CD3E,CD86,blood,P15_weak,0.15,ACH-000751,OCIM1,blood,Leukemia,True,0.41245161859673135,0.14703324853977198,0.0985,,0.0985,0.5875,0.0221,0.1498,111,111,111,111.0,1,1,0.1718,136.0,0.022,-25.0,False,False,False
Q03_CD3E_CD86_BLOOD,CD3E,CD86,blood,P15_weak,0.15,ACH-000204,LP1,plasma_cell,Myeloma,True,-0.32753085056500764,0.0255282725361123,0.0769,,0.0769,0.5875,0.0038,0.1497,112,112,112,112.0,1,1,0.1535,162.0,0.0038,-50.0,False,False,False
Q03_CD3E_CD86_BLOOD,CD3E,CD86,blood,P15_weak,0.15,ACH-000072,MEG01,blood,Leukemia,True,-0.18135593889412624,0.04953016430393671,0.0807,,0.0807,0.5875,0.0074,0.1493,113,113,113,113.0,1,1,0.1567,159.0,0.0074,-46.0,False,False,False
Q03_CD3E_CD86_BLOOD,CD3E,CD86,blood,P15_weak,0.15,ACH-000551,K562,blood,Leukemia,True,-0.3830601529593341,0.0164103719964336,0.0744,,0.0744,0.5875,0.0025,0.1489,114,114,114,114.0,1,1,0.1514,166.0,0.0025,-52.0,False,False,False
Q03_CD3E_CD86_BLOOD,CD3E,CD86,blood,P15_weak,0.15,ACH-000889,KMM1,plasma_cell,Myeloma,True,-0.06467005775375916,0.06868996305428697,0.0825,,0.0825,0.5875,0.0103,0.1479,115,115,115,115.0,1,1,0.1582,156.0,0.0103,-41.0,False,False,False
Q03_CD3E_CD86_BLOOD,CD3E,CD86,blood,P15_weak,0.15,ACH-000369,MOLM16,blood,Leukemia,True,-0.40487765711953366,0.012827942101239184,0.0723,,0.0723,0.5875,0.0019,0.1476,116,116,116,116.0,1,1,0.1496,171.0,0.002,-55.0,False,False,False
Q03_CD3E_CD86_BLOOD,CD3E,CD86,blood,P15_weak,0.15,ACH-000406,U937,blood,Leukemia,True,0.0032129615809305123,0.07983634148763148,0.082,,0.082,0.5875,0.012,0.1459,117,117,117,117.0,1,1,0.1578,157.0,0.0119,-40.0,False,False,False
Q03_CD3E_CD86_BLOOD,CD3E,CD86,blood,P15_weak,0.15,ACH-000056,DOHH2,lymphocyte,Lymphoma,True,2.1809830317732537,0.4374257590044543,0.1446,,0.1446,0.5875,0.0656,0.1454,118,118,119,118.5,2,1,0.211,98.0,0.0656,20.5,False,False,False
Q03_CD3E_CD86_BLOOD,CD3E,CD86,blood,P15_weak,0.15,ACH-000604,KYO1,blood,Leukemia,True,-0.3887027004104209,0.015483866813925069,0.0855,,0.0855,0.5,0.0023,0.1454,119,118,119,118.5,2,1,0.1477,174.0,0.0023,-55.5,False,False,False
Q03_CD3E_CD86_BLOOD,CD3E,CD86,blood,P15_weak,0.15,ACH-000567,ST486,lymphocyte,Lymphoma,True,0.9775848871406592,0.2398280201660322,0.124,,0.124,0.5,0.036,0.1445,120,120,120,120.0,1,1,0.1804,125.0,0.0359,-5.0,False,False,False
Q03_CD3E_CD86_BLOOD,CD3E,CD86,blood,P15_weak,0.15,ACH-000874,RS411,blood,Leukemia,True,-0.21107807770152062,0.044649794953212876,0.0732,,0.0732,0.5875,0.0067,0.1436,121,121,121,121.0,1,1,0.1503,167.0,0.0067,-46.0,False,False,False
Q03_CD3E_CD86_BLOOD,CD3E,CD86,blood,P15_weak,0.15,ACH-000263,KASUMI1,blood,Leukemia,True,0.005145431686987306,0.08015365269924736,0.0792,,0.0792,0.5875,0.012,0.1434,122,122,122,122.0,1,1,0.1554,160.0,0.012,-38.0,False,False,False
Q03_CD3E_CD86_BLOOD,CD3E,CD86,blood,P15_weak,0.15,ACH-001533,KARPAS1718,lymphocyte,Lymphoma,True,2.4083071672984735,0.4747523373804717,0.163,,0.163,0.5,0.0712,0.1424,123,123,123,123.0,1,1,0.2136,97.0,0.0712,26.0,False,False,False
Q03_CD3E_CD86_BLOOD,CD3E,CD86,blood,P15_weak,0.15,ACH-000076,NCO2,blood,Leukemia,True,-0.3714001186182455,0.018324947343631662,0.0806,,0.0806,0.5,0.0027,0.1408,124,124,124,124.0,1,1,0.1435,181.0,0.0027,-57.0,False,False,False
Q03_CD3E_CD86_BLOOD,CD3E,CD86,blood,P15_weak,0.15,ACH-000641,CMK,blood,Leukemia,True,-0.29165934445923375,0.03141836678866213,0.0663,,0.0663,0.5875,0.0047,0.1398,125,125,125,125.0,1,1,0.1445,178.0,0.0047,-53.0,False,False,False
Q03_CD3E_CD86_BLOOD,CD3E,CD86,blood,P15_weak,0.15,ACH-000195,SET2,blood,Leukemia,True,-0.3070473016771697,0.028891667237754277,0.0658,,0.0658,0.5875,0.0043,0.1397,126,126,126,126.0,1,1,0.1441,179.0,0.0044,-53.0,False,False,False
Q03_CD3E_CD86_BLOOD,CD3E,CD86,blood,P15_weak,0.15,ACH-000002,HL60,blood,Leukemia,True,0.548341627279984,0.16934636125837457,0.0895,,0.0895,0.5875,0.0254,0.1388,127,127,127,127.0,1,1,0.1642,150.0,0.0254,-23.0,False,False,False
Q03_CD3E_CD86_BLOOD,CD3E,CD86,blood,P15_weak,0.15,ACH-000005,HEL9217,blood,Leukemia,True,-0.36462866064399296,0.019436819412173213,0.0604,,0.0604,0.5875,0.0029,0.1365,128,128,128,128.0,1,1,0.1394,193.0,0.0029,-65.0,False,False,False
Q03_CD3E_CD86_BLOOD,CD3E,CD86,blood,P15_weak,0.15,ACH-000020,MHHCALL2,blood,Leukemia,True,-0.2631255116633277,0.03610361652584369,0.0759,,0.0759,0.5,0.0054,0.1341,129,129,129,129.0,1,1,0.1396,190.0,0.0055,-61.0,False,False,False
Q03_CD3E_CD86_BLOOD,CD3E,CD86,blood,P15_weak,0.15,ACH-000326,JURLMK1,blood,Leukemia,True,-0.29582880955064483,0.030733741440099622,0.0746,,0.0746,0.5,0.0046,0.1338,130,130,130,130.0,1,1,0.1384,194.0,0.0046,-64.0,False,False,False
Q03_CD3E_CD86_BLOOD,CD3E,CD86,blood,P15_weak,0.15,ACH-000166,KASUMI6,blood,Leukemia,True,0.8951062686851433,0.22628504722559892,0.0935,,0.0935,0.5875,0.0339,0.1337,131,131,131,131.0,1,1,0.1676,143.0,0.0339,-12.0,False,False,False
Q03_CD3E_CD86_BLOOD,CD3E,CD86,blood,P15_weak,0.15,ACH-001618,OCIM2,blood,Leukemia,True,-0.33057269214763935,0.02502880274607351,0.0567,,0.0567,0.5875,0.0038,0.1326,132,132,133,132.5,2,1,0.1363,197.0,0.0037,-64.5,False,False,False
Q03_CD3E_CD86_BLOOD,CD3E,CD86,blood,P15_weak,0.15,ACH-002392,SC1,lymphocyte,Lymphoma,True,0.8300516235607704,0.21560308728171293,0.1058,,0.1058,0.5,0.0323,0.1326,133,132,133,132.5,2,1,0.1649,149.0,0.0323,-16.5,False,False,False
Q03_CD3E_CD86_BLOOD,CD3E,CD86,blood,P15_weak,0.15,ACH-000583,MC116,lymphocyte,Lymphoma,True,3.977480964896332,0.7324103665479518,0.1814,,0.1814,0.5875,0.1099,0.1325,134,134,134,134.0,1,1,0.2423,79.0,0.1098,55.0,False,False,False
Q03_CD3E_CD86_BLOOD,CD3E,CD86,blood,P15_weak,0.15,ACH-000059,SUPB15,blood,Leukemia,True,-0.040686293743954584,0.07262809239103993,0.064,,0.064,0.5875,0.0109,0.1317,135,135,135,135.0,1,1,0.1426,184.0,0.0109,-49.0,False,False,False
Q03_CD3E_CD86_BLOOD,CD3E,CD86,blood,P15_weak,0.15,ACH-000492,MUTZ5,blood,Leukemia,True,0.16315344373118926,0.10609853722274874,0.0849,,0.0849,0.5,0.0159,0.1312,136,136,136,136.0,1,1,0.1472,175.0,0.016,-39.0,False,False,False
Q03_CD3E_CD86_BLOOD,CD3E,CD86,blood,P15_weak,0.15,ACH-000065,OCIAML5,blood,Leukemia,True,0.4054503592184455,0.14588364312585225,0.0761,,0.0761,0.5875,0.0219,0.1309,137,137,137,137.0,1,1,0.1528,164.0,0.0219,-27.0,False,False,False
Q03_CD3E_CD86_BLOOD,CD3E,CD86,blood,P15_weak,0.15,ACH-000074,KU812,blood,Leukemia,True,-0.3912162273457624,0.015071146185138835,0.0523,,0.0523,0.5875,0.0023,0.1303,138,138,138,138.0,1,1,0.1326,207.5,0.0023,-69.5,False,False,False
Q03_CD3E_CD86_BLOOD,CD3E,CD86,blood,P15_weak,0.15,ACH-000576,KMS27,plasma_cell,Myeloma,True,1.5241994163077313,0.3295820184261993,0.1231,,0.1231,0.5,0.0494,0.1302,139,139,139,139.0,1,1,0.1796,127.5,0.0494,11.5,False,False,False
Q03_CD3E_CD86_BLOOD,CD3E,CD86,blood,P15_weak,0.15,ACH-001036,CMK115,blood,Leukemia,True,-0.34852363784508567,0.02208126099054784,0.0841,,0.0841,0.4125,0.0033,0.13,140,140,140,140.0,1,1,0.1333,203.0,0.0033,-63.0,False,False,False
Q03_CD3E_CD86_BLOOD,CD3E,CD86,blood,P15_weak,0.15,ACH-000241,JK1,blood,Leukemia,True,-0.3235864600063004,0.026175940690639932,0.0691,,0.0691,0.5,0.0039,0.1298,141,141,141,141.0,1,1,0.1338,201.5,0.004,-60.5,False,False,False
Q03_CD3E_CD86_BLOOD,CD3E,CD86,blood,P15_weak,0.15,ACH-001541,KMS28PE,plasma_cell,Myeloma,True,-0.371705923374414,0.018274734262770237,0.0828,,0.0828,0.4125,0.0027,0.1295,142,142,142,142.0,1,1,0.1322,209.0,0.0027,-67.0,False,False,False
Q03_CD3E_CD86_BLOOD,CD3E,CD86,blood,P15_weak,0.15,ACH-000271,SUDHL10,lymphocyte,Lymphoma,True,4.063276539122359,0.7464979829740042,0.1802,,0.1802,0.5875,0.112,0.1293,143,143,143,143.0,1,1,0.2413,81.0,0.112,62.0,False,False,False
Q03_CD3E_CD86_BLOOD,CD3E,CD86,blood,P15_weak,0.15,ACH-000922,RCHACV,blood,Leukemia,True,-0.3657433353478568,0.01925379004487173,0.067,,0.067,0.5,0.0029,0.1291,144,144,144,144.0,1,1,0.132,211.0,0.0029,-67.0,False,False,False
Q03_CD3E_CD86_BLOOD,CD3E,CD86,blood,P15_weak,0.15,ACH-002475,HAP1,blood,Leukemia,True,-0.38287871890932146,0.016440163431787475,0.0656,,0.0656,0.5,0.0025,0.1283,145,145,145,145.0,1,1,0.1308,216.0,0.0025,-71.0,False,False,False
Q03_CD3E_CD86_BLOOD,CD3E,CD86,blood,P15_weak,0.15,ACH-000070,697,blood,Leukemia,True,-0.3657433353478568,0.01925379004487173,0.0656,,0.0656,0.5,0.0029,0.1279,146,146,146,146.0,1,1,0.1308,216.0,0.0029,-70.0,False,False,False
Q03_CD3E_CD86_BLOOD,CD3E,CD86,blood,P15_weak,0.15,ACH-001669,TANOUE,blood,Leukemia,True,0.1868827147046842,0.10999487885295654,0.0965,,0.0965,0.4125,0.0165,0.1274,147,147,147,147.0,1,1,0.1439,180.0,0.0165,-33.0,False,False,False
Q03_CD3E_CD86_BLOOD,CD3E,CD86,blood,P15_weak,0.15,ACH-000069,HS611T,lymphocyte,Lymphoma,True,3.738033072987709,0.6930930697565261,0.1834,,0.1834,0.5,0.104,0.1269,148,148,148,148.0,1,1,0.2309,86.0,0.104,62.0,False,False,False
Q03_CD3E_CD86_BLOOD,CD3E,CD86,blood,P15_weak,0.15,ACH-001709,WSUNHL,lymphocyte,Lymphoma,True,3.837601547624509,0.7094421937231657,0.1707,,0.1707,0.5875,0.1064,0.1268,149,149,149,149.0,1,1,0.2332,84.0,0.1064,65.0,False,False,False
Q03_CD3E_CD86_BLOOD,CD3E,CD86,blood,P15_weak,0.15,ACH-001736,HB1119,blood,Leukemia,True,-0.30347976387418707,0.02947745624385681,0.0815,,0.0815,0.4125,0.0044,0.1267,150,150,150,150.0,1,1,0.1311,213.0,0.0044,-63.0,False,False,False
Q03_CD3E_CD86_BLOOD,CD3E,CD86,blood,P15_weak,0.15,ACH-000462,NALM1,blood,Leukemia,True,-0.052783125693613896,0.07064179496236073,0.0731,,0.0731,0.5,0.0106,0.1266,151,151,152,151.5,2,2,0.1372,196.0,0.0106,-44.5,False,False,False
Q03_CD3E_CD86_BLOOD,CD3E,CD86,blood,P15_weak,0.15,ACH-000938,NALM6,blood,Leukemia,True,-0.31232651307105086,0.028024821764430538,0.0656,,0.0656,0.5,0.0042,0.1266,152,151,152,151.5,2,2,0.1308,216.0,0.0042,-64.5,False,False,False
Q03_CD3E_CD86_BLOOD,CD3E,CD86,blood,P15_weak,0.15,ACH-000626,U266B1,plasma_cell,Myeloma,True,1.8406118816603179,0.3815368830508661,0.1125,,0.1125,0.5875,0.0572,0.1265,153,153,153,153.0,1,1,0.1838,120.0,0.0573,33.0,False,False,False
Q03_CD3E_CD86_BLOOD,CD3E,CD86,blood,P15_weak,0.15,ACH-000004,HEL,blood,Leukemia,True,-0.17947158760455528,0.04983957441534266,0.0691,,0.0691,0.5,0.0075,0.1263,154,154,155,154.5,2,1,0.1338,201.5,0.0075,-47.0,False,False,False
Q03_CD3E_CD86_BLOOD,CD3E,CD86,blood,P15_weak,0.15,ACH-001230,UT7,blood,Leukemia,True,-0.020659744436672896,0.07591644785137114,0.0892,,0.0892,0.4125,0.0114,0.1263,155,154,155,154.5,2,1,0.1377,195.0,0.0114,-40.5,False,False,False
Q03_CD3E_CD86_BLOOD,CD3E,CD86,blood,P15_weak,0.15,ACH-000334,DB,lymphocyte,Lymphoma,True,3.2415289280873196,0.6115671867444875,0.1525,,0.1525,0.5875,0.0917,0.126,156,156,156,156.0,1,1,0.2177,95.0,0.0917,61.0,False,False,False
Q03_CD3E_CD86_BLOOD,CD3E,CD86,blood,P15_weak,0.15,ACH-000294,NB4,blood,Leukemia,True,-0.05930077914416323,0.06957159754672969,0.0551,,0.0551,0.5875,0.0104,0.1245,157,157,157,157.0,1,1,0.1349,199.0,0.0104,-42.0,False,False,False
Q03_CD3E_CD86_BLOOD,CD3E,CD86,blood,P15_weak,0.15,ACH-000112,SIGM5,blood,Leukemia,True,1.0637164000547912,0.2539707976586475,0.0851,,0.0851,0.5875,0.0381,0.1223,158,158,158,158.0,1,1,0.1604,154.0,0.0381,4.0,False,False,False
Q03_CD3E_CD86_BLOOD,CD3E,CD86,blood,P15_weak,0.15,ACH-000944,NAMALWA,lymphocyte,Lymphoma,True,1.556369315540577,0.3348643095577108,0.0967,,0.0967,0.5875,0.0502,0.1201,159,159,159,159.0,1,1,0.1703,139.0,0.0502,20.0,False,False,False
Q03_CD3E_CD86_BLOOD,CD3E,CD86,blood,P15_weak,0.15,ACH-000728,KASUMI2,blood,Leukemia,True,0.06788784677291534,0.09045594492525558,0.0685,,0.0685,0.5,0.0136,0.1196,160,160,161,160.5,2,2,0.1332,205.0,0.0136,-44.5,False,False,False
Q03_CD3E_CD86_BLOOD,CD3E,CD86,blood,P15_weak,0.15,ACH-000773,KIJK,lymphocyte,Lymphoma,True,0.06870007310529364,0.09058931232940093,0.0685,,0.0685,0.5,0.0136,0.1196,161,160,161,160.5,2,2,0.1332,205.0,0.0136,-44.5,False,False,False
Q03_CD3E_CD86_BLOOD,CD3E,CD86,blood,P15_weak,0.15,ACH-000032,MHHCALL3,blood,Leukemia,True,0.5471554221810174,0.16915158661425544,0.08,,0.08,0.5,0.0254,0.1176,162,162,162,162.0,1,1,0.143,182.5,0.0254,-20.5,False,False,False
Q03_CD3E_CD86_BLOOD,CD3E,CD86,blood,P15_weak,0.15,ACH-002059,P30OHK,blood,Leukemia,True,-0.3834697884091033,0.016343109936089336,0.0676,,0.0676,0.4125,0.0025,0.1169,163,163,163,163.0,1,1,0.1193,232.0,0.0024,-69.0,False,False,False
Q03_CD3E_CD86_BLOOD,CD3E,CD86,blood,P15_weak,0.15,ACH-001573,MOLM1,blood,Leukemia,True,-0.34852363784508567,0.02208126099054784,0.0676,,0.0676,0.4125,0.0033,0.116,164,164,164,164.0,1,1,0.1193,232.0,0.0033,-68.0,False,False,False
Q03_CD3E_CD86_BLOOD,CD3E,CD86,blood,P15_weak,0.15,ACH-000146,THP1,blood,Leukemia,True,0.035454473674471715,0.08513039143679478,0.0475,,0.0475,0.5875,0.0128,0.1157,165,165,165,165.0,1,1,0.1285,220.0,0.0128,-55.0,False,False,False
Q03_CD3E_CD86_BLOOD,CD3E,CD86,blood,P15_weak,0.15,ACH-001634,PGA1,blood,Leukemia,True,4.0555180985110635,0.745224048550437,0.1945,,0.1945,0.4125,0.1118,0.1154,166,166,166,166.0,1,1,0.2272,89.0,0.1118,77.0,False,False,False
Q03_CD3E_CD86_BLOOD,CD3E,CD86,blood,P15_weak,0.15,ACH-000245,BL41,lymphocyte,Lymphoma,True,1.7814413267005984,0.3718210895555846,0.1118,,0.1118,0.5,0.0558,0.1143,167,167,167,167.0,1,1,0.17,140.0,0.0557,27.0,False,False,False
Q03_CD3E_CD86_BLOOD,CD3E,CD86,blood,P15_weak,0.15,ACH-000770,P31FUJ,blood,Leukemia,True,0.847843854214138,0.21852456805819398,0.0836,,0.0836,0.5,0.0328,0.1132,168,168,168,168.0,1,1,0.146,176.0,0.0328,-8.0,False,False,False
Q03_CD3E_CD86_BLOOD,CD3E,CD86,blood,P15_weak,0.15,ACH-000073,GRANTA519,lymphocyte,Lymphoma,True,1.7368422599783038,0.36449793156507604,0.0934,,0.0934,0.5875,0.0547,0.1128,169,169,169,169.0,1,1,0.1675,144.0,0.0547,25.0,False,False,False
Q03_CD3E_CD86_BLOOD,CD3E,CD86,blood,P15_weak,0.15,ACH-000815,KMH2,lymphocyte,Lymphoma,True,2.6107962674846426,0.5080010078347788,0.1178,,0.1178,0.5875,0.0762,0.1121,170,170,170,170.0,1,1,0.1883,112.0,0.0762,58.0,False,False,False
Q03_CD3E_CD86_BLOOD,CD3E,CD86,blood,P15_weak,0.15,ACH-000233,DEL,lymphocyte,Lymphoma,True,0.35515803390953415,0.13762565319434772,0.0677,,0.0677,0.5,0.0206,0.1119,171,171,171,171.0,1,1,0.1326,207.5,0.0207,-36.5,False,False,False
Q03_CD3E_CD86_BLOOD,CD3E,CD86,blood,P15_weak,0.15,ACH-000084,MUTZ3,blood,Leukemia,True,2.159223435683596,0.43385283760306187,0.1024,,0.1024,0.5875,0.0651,0.1101,172,172,172,172.0,1,1,0.1751,133.0,0.065,39.0,False,False,False
Q03_CD3E_CD86_BLOOD,CD3E,CD86,blood,P15_weak,0.15,ACH-001638,RCK8,lymphocyte,Lymphoma,True,2.5830927056620445,0.5034520884282367,0.1139,,0.1139,0.5875,0.0755,0.1094,173,173,173,173.0,1,1,0.1849,118.5,0.0755,54.5,False,False,False
Q03_CD3E_CD86_BLOOD,CD3E,CD86,blood,P15_weak,0.15,ACH-002254,KARPAS1106P,lymphocyte,Lymphoma,True,3.452145365210393,0.6461503643265254,0.1539,,0.1539,0.5,0.0969,0.1089,174,174,174,174.0,1,1,0.2058,100.5,0.0969,73.5,False,False,False
Q03_CD3E_CD86_BLOOD,CD3E,CD86,blood,P15_weak,0.15,ACH-001656,SKNO1,blood,Leukemia,True,0.597506067626633,0.17741915270074488,0.0705,,0.0705,0.5,0.0266,0.1083,175,175,175,175.0,1,1,0.1349,199.0,0.0266,-24.0,False,False,False
Q03_CD3E_CD86_BLOOD,CD3E,CD86,blood,P15_weak,0.15,ACH-000218,PL21,blood,Leukemia,True,1.1636481266450776,0.27037956752465775,0.0707,,0.0707,0.5875,0.0406,0.1076,176,176,176,176.0,1,1,0.1482,172.0,0.0406,4.0,False,False,False
Q03_CD3E_CD86_BLOOD,CD3E,CD86,blood,P15_weak,0.15,ACH-000534,WSUDLCL2,lymphocyte,Lymphoma,True,2.9492511988881733,0.5635752410528873,0.1213,,0.1213,0.5875,0.0845,0.1067,177,177,177,177.0,1,1,0.1913,109.0,0.0846,68.0,False,False,False
Q03_CD3E_CD86_BLOOD,CD3E,CD86,blood,P15_weak,0.15,ACH-000113,OCIAML2,blood,Leukemia,True,1.295761927134439,0.2920726275999817,0.0724,,0.0724,0.5875,0.0438,0.1059,178,178,179,178.5,2,1,0.1497,169.5,0.0438,9.0,False,False,False
Q03_CD3E_CD86_BLOOD,CD3E,CD86,blood,P15_weak,0.15,ACH-000156,MHHCALL4,blood,Leukemia,True,0.9537759967596557,0.23591860504475953,0.078,,0.078,0.5,0.0354,0.1059,179,178,179,178.5,2,1,0.1413,187.0,0.0354,-8.5,False,False,False
Q03_CD3E_CD86_BLOOD,CD3E,CD86,blood,P15_weak,0.15,ACH-000167,KE97,plasma_cell,Myeloma,True,2.873318596479089,0.5511071226607547,0.1325,,0.1325,0.5,0.0827,0.1049,180,180,180,180.0,1,1,0.1876,113.0,0.0827,67.0,False,False,False
Q03_CD3E_CD86_BLOOD,CD3E,CD86,blood,P15_weak,0.15,ACH-000817,RPMI8226,plasma_cell,Myeloma,True,2.7368179353182995,0.5286937409253553,0.1112,,0.1112,0.5875,0.0793,0.1033,181,181,181,181.0,1,1,0.1826,121.0,0.0793,60.0,False,False,False
Q03_CD3E_CD86_BLOOD,CD3E,CD86,blood,P15_weak,0.15,ACH-000045,MV411,blood,Leukemia,True,0.0428898359385319,0.08635127645924208,0.0303,,0.0303,0.5875,0.013,0.1009,182,182,182,182.0,1,1,0.1139,235.0,0.013,-53.0,False,False,False
Q03_CD3E_CD86_BLOOD,CD3E,CD86,blood,P15_weak,0.15,ACH-002255,KARPAS231,lymphocyte,Lymphoma,True,0.4276912181915979,0.14953558779812937,0.0712,,0.0712,0.4125,0.0224,0.0999,183,183,183,183.0,1,1,0.1224,228.0,0.0225,-45.0,False,False,False
Q03_CD3E_CD86_BLOOD,CD3E,CD86,blood,P15_weak,0.15,ACH-000183,L363,plasma_cell,Myeloma,True,0.682936350982204,0.19144678843766078,0.0459,,0.0459,0.5875,0.0287,0.0984,184,184,184,184.0,1,1,0.1271,223.0,0.0287,-39.0,False,False,False
Q03_CD3E_CD86_BLOOD,CD3E,CD86,blood,P15_weak,0.15,ACH-000346,JVM3,blood,Leukemia,True,4.619648368460783,0.837854128004653,0.159,,0.159,0.5875,0.1257,0.0976,185,185,185,185.0,1,1,0.2233,92.0,0.1257,93.0,False,False,False
Q03_CD3E_CD86_BLOOD,CD3E,CD86,blood,P15_weak,0.15,ACH-000220,MINO,lymphocyte,Lymphoma,True,3.1177704287902306,0.5912460654828229,0.1143,,0.1143,0.5875,0.0887,0.0966,186,186,186,186.0,1,1,0.1852,117.0,0.0886,69.0,False,False,False
Q03_CD3E_CD86_BLOOD,CD3E,CD86,blood,P15_weak,0.15,ACH-001616,OCILY18,lymphocyte,Lymphoma,True,0.028247996726022878,0.0839470893381868,0.04,,0.04,0.5,0.0126,0.0964,187,187,187,187.0,1,1,0.109,236.0,0.0126,-49.0,False,False,False
Q03_CD3E_CD86_BLOOD,CD3E,CD86,blood,P15_weak,0.15,ACH-001677,U2904,lymphocyte,Lymphoma,True,0.8995046451227285,0.22700725977221406,0.0774,,0.0774,0.4125,0.0341,0.0936,188,188,188,188.0,1,1,0.1277,221.5,0.0341,-33.5,False,False,False
Q03_CD3E_CD86_BLOOD,CD3E,CD86,blood,P15_weak,0.15,ACH-001147,OCILY12,lymphocyte,Lymphoma,True,3.4366439601837047,0.643605036667717,0.1491,,0.1491,0.4125,0.0965,0.0921,189,189,189,189.0,1,1,0.1886,111.0,0.0965,78.0,False,False,False
Q03_CD3E_CD86_BLOOD,CD3E,CD86,blood,P15_weak,0.15,ACH-000373,SKM1,blood,Leukemia,True,1.727435314153972,0.362953312909518,0.0667,,0.0667,0.5875,0.0544,0.0904,190,190,190,190.0,1,1,0.1448,177.0,0.0544,13.0,False,False,False
Q03_CD3E_CD86_BLOOD,CD3E,CD86,blood,P15_weak,0.15,ACH-000295,EM2,blood,Leukemia,True,1.57928172254159,0.3386265222841797,0.0622,,0.0622,0.5875,0.0508,0.0902,191,191,191,191.0,1,1,0.141,188.0,0.0508,3.0,False,False,False
Q03_CD3E_CD86_BLOOD,CD3E,CD86,blood,P15_weak,0.15,ACH-000053,KARPAS299,lymphocyte,Lymphoma,True,1.265396291463966,0.28708659619081023,0.0685,,0.0685,0.5,0.0431,0.0901,192,192,192,192.0,1,1,0.1332,205.0,0.0431,-13.0,False,False,False
Q03_CD3E_CD86_BLOOD,CD3E,CD86,blood,P15_weak,0.15,ACH-000034,PLB985,blood,Leukemia,True,2.639336630095557,0.5126873297663014,0.1078,,0.1078,0.5,0.0769,0.0898,193,193,193,193.0,1,1,0.1667,145.0,0.0769,48.0,False,False,False
Q03_CD3E_CD86_BLOOD,CD3E,CD86,blood,P15_weak,0.15,ACH-000707,P3HR1,lymphocyte,Lymphoma,True,3.7872679040197803,0.7011774193356084,0.1389,,0.1389,0.5,0.1052,0.0879,194,194,194,194.0,1,1,0.193,108.0,0.1051,86.0,False,False,False
Q03_CD3E_CD86_BLOOD,CD3E,CD86,blood,P15_weak,0.15,ACH-000006,MONOMAC6,blood,Leukemia,True,1.6187674116196227,0.3451100646704598,0.0604,,0.0604,0.5875,0.0518,0.0877,195,195,195,195.0,1,1,0.1395,191.5,0.0518,3.5,False,False,False
Q03_CD3E_CD86_BLOOD,CD3E,CD86,blood,P15_weak,0.15,ACH-000301,LAMA84,blood,Leukemia,True,1.2779807562531342,0.2891529628358997,0.0656,,0.0656,0.5,0.0434,0.0874,196,196,196,196.0,1,1,0.1308,216.0,0.0434,-20.0,False,False,False
Q03_CD3E_CD86_BLOOD,CD3E,CD86,blood,P15_weak,0.15,ACH-000362,MOLM13,blood,Leukemia,True,1.1048477187871073,0.26072455211073653,0.0442,,0.0442,0.5875,0.0391,0.0866,197,197,197,197.0,1,1,0.1257,224.0,0.0391,-27.0,False,False,False
Q03_CD3E_CD86_BLOOD,CD3E,CD86,blood,P15_weak,0.15,ACH-000914,HT,lymphocyte,Lymphoma,True,3.1300798917706825,0.5932672768849687,0.1009,,0.1009,0.5875,0.089,0.0849,198,198,198,198.0,1,1,0.1739,134.0,0.089,64.0,False,False,False
Q03_CD3E_CD86_BLOOD,CD3E,CD86,blood,P15_weak,0.15,ACH-001735,SEMK2,blood,Leukemia,True,1.1210319349596658,0.2633819972255004,0.0733,,0.0733,0.4125,0.0395,0.0847,199,199,199,199.0,1,1,0.1242,225.5,0.0395,-26.5,False,False,False
Q03_CD3E_CD86_BLOOD,CD3E,CD86,blood,P15_weak,0.15,ACH-000398,RI1,lymphocyte,Lymphoma,True,3.3535083270940214,0.62995418205348,0.1025,,0.1025,0.5875,0.0945,0.0807,200,200,201,200.5,2,1,0.1752,132.0,0.0945,68.5,False,False,False
Q03_CD3E_CD86_BLOOD,CD3E,CD86,blood,P15_weak,0.15,ACH-000557,AML193,blood,Leukemia,True,1.54892404391801,0.33364179742054423,0.0656,,0.0656,0.5,0.05,0.0807,201,200,201,200.5,2,1,0.1308,216.0,0.0501,-15.5,False,False,False
Q03_CD3E_CD86_BLOOD,CD3E,CD86,blood,P15_weak,0.15,ACH-000782,SEM,blood,Leukemia,True,1.7792192257796273,0.3714562210210825,0.0705,,0.0705,0.5,0.0557,0.0792,202,202,202,202.0,1,1,0.1349,199.0,0.0557,3.0,False,False,False
Q03_CD3E_CD86_BLOOD,CD3E,CD86,blood,P15_weak,0.15,ACH-000357,JEKO1,lymphocyte,Lymphoma,True,2.430880159347057,0.47845881823845865,0.0705,,0.0705,0.5875,0.0718,0.0763,203,203,203,203.0,1,1,0.1481,173.0,0.0718,30.0,False,False,False
Q03_CD3E_CD86_BLOOD,CD3E,CD86,blood,P15_weak,0.15,ACH-002210,ARH77,blood,Non-Cancerous,True,2.881443147352859,0.5524411723174664,0.1124,,0.1124,0.4125,0.0829,0.0746,204,204,204,204.0,1,1,0.1574,158.0,0.0828,46.0,False,False,False
Q03_CD3E_CD86_BLOOD,CD3E,CD86,blood,P15_weak,0.15,ACH-002273,ML2,blood,Leukemia,True,0.07022737987282085,0.09084009580045915,0.0152,,0.0152,0.5,0.0136,0.0743,205,205,205,205.0,1,1,0.0879,238.0,0.0136,-33.0,False,False,False
Q03_CD3E_CD86_BLOOD,CD3E,CD86,blood,P15_weak,0.15,ACH-000786,DAUDI,lymphocyte,Lymphoma,True,3.3142876202772107,0.6235141497024141,0.0917,,0.0917,0.5875,0.0935,0.0726,206,206,206,206.0,1,1,0.1661,146.0,0.0935,60.0,False,False,False
Q03_CD3E_CD86_BLOOD,CD3E,CD86,blood,P15_weak,0.15,ACH-000611,SUDHL6,lymphocyte,Lymphoma,True,3.7555048509610516,0.6959619322659273,0.1,,0.1,0.5875,0.1044,0.0687,207,207,207,207.0,1,1,0.1731,135.0,0.1044,72.0,False,False,False
Q03_CD3E_CD86_BLOOD,CD3E,CD86,blood,P15_weak,0.15,ACH-000140,PFEIFFER,lymphocyte,Lymphoma,True,4.342919835756525,0.7924153573215469,0.1149,,0.1149,0.5875,0.1189,0.0669,208,208,208,208.0,1,1,0.1858,115.0,0.1189,93.0,False,False,False
Q03_CD3E_CD86_BLOOD,CD3E,CD86,blood,P15_weak,0.15,ACH-000806,L540,lymphocyte,Lymphoma,True,4.345413942308444,0.792824889127192,0.1146,,0.1146,0.5875,0.1189,0.0666,209,209,209,209.0,1,1,0.1856,116.0,0.119,93.0,False,False,False
Q03_CD3E_CD86_BLOOD,CD3E,CD86,blood,P15_weak,0.15,ACH-000038,EHEB,lymphocyte,Lymphoma,True,4.113031780919536,0.7546677838984377,0.1076,,0.1076,0.5875,0.1132,0.0664,210,210,210,210.0,1,1,0.1796,127.5,0.1132,82.5,False,False,False
Q03_CD3E_CD86_BLOOD,CD3E,CD86,blood,P15_weak,0.15,ACH-000080,BDCM,blood,Leukemia,True,3.5186404106733793,0.6570688377229221,0.1046,,0.1046,0.5,0.0986,0.0653,211,211,211,211.0,1,1,0.1639,151.0,0.0986,60.0,False,False,False
Q03_CD3E_CD86_BLOOD,CD3E,CD86,blood,P15_weak,0.15,ACH-000106,JVM2,lymphocyte,Lymphoma,True,5.09743731591973,0.9163069792750042,0.1332,,0.1332,0.5875,0.1374,0.0639,212,212,212,212.0,1,1,0.2014,105.0,0.1375,107.0,False,False,False
Q03_CD3E_CD86_BLOOD,CD3E,CD86,blood,P15_weak,0.15,ACH-001993,NALM16,blood,Leukemia,True,1.7831155566143402,0.37209599777837565,0.0676,,0.0676,0.4125,0.0558,0.0635,213,213,213,213.0,1,1,0.1193,232.0,0.0558,-19.0,False,False,False
Q03_CD3E_CD86_BLOOD,CD3E,CD86,blood,P15_weak,0.15,ACH-000654,RAJI,lymphocyte,Lymphoma,True,3.251275245591946,0.6131675301632514,0.0752,,0.0752,0.5875,0.092,0.06,214,214,214,214.0,1,1,0.152,165.0,0.092,49.0,False,False,False
Q03_CD3E_CD86_BLOOD,CD3E,CD86,blood,P15_weak,0.15,ACH-001129,MONOMAC1,blood,Leukemia,True,2.4918324902879654,0.4884671789996694,0.067,,0.067,0.5,0.0733,0.0587,215,215,215,215.0,1,1,0.132,211.0,0.0733,4.0,False,False,False
Q03_CD3E_CD86_BLOOD,CD3E,CD86,blood,P15_weak,0.15,ACH-000198,EOL1,blood,Leukemia,True,2.8556493101228377,0.5482058293136972,0.062,,0.062,0.5875,0.0822,0.0586,216,216,216,216.0,1,1,0.1408,189.0,0.0822,27.0,False,False,False
Q03_CD3E_CD86_BLOOD,CD3E,CD86,blood,P15_weak,0.15,ACH-001498,FARAGE,lymphocyte,Lymphoma,True,3.477947483621753,0.650387067098643,0.0767,,0.0767,0.5875,0.0976,0.0558,217,217,217,217.0,1,1,0.1533,163.0,0.0975,54.0,False,False,False
Q03_CD3E_CD86_BLOOD,CD3E,CD86,blood,P15_weak,0.15,ACH-000226,SUPM2,lymphocyte,Lymphoma,True,3.1225884092701532,0.5920371769307228,0.08,,0.08,0.5,0.0888,0.0542,218,218,218,218.0,1,1,0.143,182.5,0.0888,35.5,False,False,False
Q03_CD3E_CD86_BLOOD,CD3E,CD86,blood,P15_weak,0.15,ACH-000158,OCILY3,lymphocyte,Lymphoma,True,3.4439351066588197,0.644802241485963,0.0725,,0.0725,0.5875,0.0967,0.053,219,219,219,219.0,1,1,0.1497,169.5,0.0967,49.5,False,False,False
Q03_CD3E_CD86_BLOOD,CD3E,CD86,blood,P15_weak,0.15,ACH-000702,L1236,lymphocyte,Lymphoma,True,5.286016007944231,0.947271563443052,0.1234,,0.1234,0.5875,0.1421,0.051,220,220,220,220.0,1,1,0.1931,107.0,0.1421,113.0,False,False,False
Q03_CD3E_CD86_BLOOD,CD3E,CD86,blood,P15_weak,0.15,ACH-000168,NOMO1,blood,Leukemia,True,3.2323186613244688,0.6100548627521702,0.0604,,0.0604,0.5875,0.0915,0.048,221,221,221,221.0,1,1,0.1395,191.5,0.0915,29.5,False,False,False
Q03_CD3E_CD86_BLOOD,CD3E,CD86,blood,P15_weak,0.15,ACH-000877,EB1,lymphocyte,Lymphoma,True,4.358538601327014,0.794979955558582,0.1069,,0.1069,0.5,0.1192,0.0466,222,222,222,222.0,1,1,0.1659,147.0,0.1193,75.0,False,False,False
Q03_CD3E_CD86_BLOOD,CD3E,CD86,blood,P15_weak,0.15,ACH-001146,OCILY10,lymphocyte,Lymphoma,True,2.9082492346869664,0.5568427265893836,0.0635,,0.0635,0.5,0.0835,0.0454,223,223,223,223.0,1,1,0.1289,219.0,0.0835,4.0,False,False,False
Q03_CD3E_CD86_BLOOD,CD3E,CD86,blood,P15_weak,0.15,ACH-000754,L428,lymphocyte,Lymphoma,True,4.501172820914646,0.8184004663822079,0.0941,,0.0941,0.5875,0.1228,0.0453,224,224,224,224.0,1,1,0.1681,142.0,0.1228,82.0,False,False,False
Q03_CD3E_CD86_BLOOD,CD3E,CD86,blood,P15_weak,0.15,ACH-001068,FEPD,lymphocyte,Lymphoma,True,2.7918460074068077,0.537729339547328,0.0733,,0.0733,0.4125,0.0807,0.0435,225,225,225,225.0,1,1,0.1242,225.5,0.0807,-0.5,False,False,False
Q03_CD3E_CD86_BLOOD,CD3E,CD86,blood,P15_weak,0.15,ACH-000829,HUNS1,plasma_cell,Myeloma,True,3.8938462311538355,0.7186775597046138,0.0881,,0.0881,0.5,0.1078,0.0421,226,226,226,226.0,1,1,0.1499,168.0,0.1078,58.0,False,False,False
Q03_CD3E_CD86_BLOOD,CD3E,CD86,blood,P15_weak,0.15,ACH-001111,L82,lymphocyte,Lymphoma,True,3.6645092993470825,0.6810204805747542,0.0941,,0.0941,0.4125,0.1022,0.0397,227,227,227,227.0,1,1,0.1419,186.0,0.1022,41.0,False,False,False
Q03_CD3E_CD86_BLOOD,CD3E,CD86,blood,P15_weak,0.15,ACH-001134,MYLA,lymphocyte,Lymphoma,True,4.453552508348063,0.8105812204178489,0.1145,,0.1145,0.4125,0.1216,0.0376,228,228,228,228.0,1,1,0.1592,155.0,0.1216,73.0,False,False,False
Q03_CD3E_CD86_BLOOD,CD3E,CD86,blood,P15_weak,0.15,ACH-001574,MOLM14,blood,Leukemia,True,2.915683857073844,0.5580634901241429,0.0676,,0.0676,0.4125,0.0837,0.0356,229,229,229,229.0,1,1,0.1193,232.0,0.0837,-3.0,False,False,False
Q03_CD3E_CD86_BLOOD,CD3E,CD86,blood,P15_weak,0.15,ACH-002055,TL1,lymphocyte,Lymphoma,True,3.209734234903007,0.6063465043724039,0.0705,,0.0705,0.4125,0.091,0.0308,230,230,230,230.0,1,1,0.1218,229.0,0.091,1.0,False,False,False
Q03_CD3E_CD86_BLOOD,CD3E,CD86,blood,P15_weak,0.15,ACH-000336,OCIAML3,blood,Leukemia,True,3.956575681802006,0.7289777231724902,0.067,,0.067,0.5,0.1093,0.0226,231,231,231,231.0,1,1,0.132,211.0,0.1094,20.0,False,False,False
Q03_CD3E_CD86_BLOOD,CD3E,CD86,blood,P15_weak,0.15,ACH-001703,VAL,lymphocyte,Lymphoma,True,2.6861665636410343,0.5203767956507324,0.0296,,0.0296,0.5,0.0781,0.0221,232,232,232,232.0,1,1,0.1002,237.0,0.0781,-5.0,False,False,False
Q03_CD3E_CD86_BLOOD,CD3E,CD86,blood,P15_weak,0.15,ACH-001520,HG3,blood,Leukemia,True,3.632095222609985,0.6756980955450341,0.0719,,0.0719,0.4125,0.1014,0.0216,233,233,233,233.0,1,1,0.123,227.0,0.1014,6.0,False,False,False
Q03_CD3E_CD86_BLOOD,CD3E,CD86,blood,P15_weak,0.15,ACH-000206,C8166,lymphocyte,Lymphoma,True,4.595317259597154,0.8338589647111675,0.079,,0.079,0.5,0.1251,0.017,234,234,234,234.0,1,1,0.1421,185.0,0.1251,49.0,False,False,False
Q03_CD3E_CD86_BLOOD,CD3E,CD86,blood,P15_weak,0.15,ACH-002062,SLVL,lymphocyte,Lymphoma,True,5.607139635648773,1.0,0.1042,,0.1042,0.5,0.15,0.0136,235,235,235,235.0,1,1,0.1636,152.0,0.15,83.0,False,False,False
Q03_CD3E_CD86_BLOOD,CD3E,CD86,blood,P15_weak,0.15,ACH-000267,HDLM2,lymphocyte,Lymphoma,True,5.305989487011529,0.9505512047804081,0.0771,,0.0771,0.5875,0.1426,0.011,236,236,236,236.0,1,1,0.1536,161.0,0.1426,75.0,False,False,False
Q03_CD3E_CD86_BLOOD,CD3E,CD86,blood,P15_weak,0.15,ACH-001119,MAC2A,lymphocyte,Lymphoma,True,4.574612549546131,0.8304592553899965,0.0774,,0.0774,0.4125,0.1246,0.0031,237,237,237,237.0,1,1,0.1277,221.5,0.1246,15.5,False,False,False
Q03_CD3E_CD86_BLOOD,CD3E,CD86,blood,P15_weak,0.15,ACH-001685,UHO1,lymphocyte,Lymphoma,True,5.126123320851864,0.9210172156470471,0.0676,,0.0676,0.4125,0.1382,0.0,238,238,239,238.5,2,2,0.1193,232.0,0.1193,6.5,False,False,True
Q03_CD3E_CD86_BLOOD,CD3E,CD86,blood,P15_weak,0.15,ACH-002247,IM9,blood,Non-Cancerous,True,3.2465492163516023,0.6123915170908187,0.0,,0.0,0.4125,0.0919,0.0,239,238,239,238.5,2,2,0.0619,239.0,0.0619,-0.5,False,False,True
Q03_CD3E_CD86_BLOOD,CD3E,CD86,blood,P30_team_baseline,0.3,ACH-000964,MOLT3,blood,Leukemia,True,-0.3657433353478568,0.01925379004487173,1.0,,1.0,0.5,0.0058,0.9192,1,1,1,1.0,1,1,0.925,1.0,0.0058,0.0,True,True,False
Q03_CD3E_CD86_BLOOD,CD3E,CD86,blood,P30_team_baseline,0.3,ACH-000942,HPBALL,blood,Leukemia,True,-0.3887027004104209,0.015483866813925069,0.9881,,0.9881,0.5,0.0046,0.9102,2,2,2,2.0,1,1,0.9149,2.0,0.0047,0.0,True,True,False
Q03_CD3E_CD86_BLOOD,CD3E,CD86,blood,P30_team_baseline,0.3,ACH-000937,PF382,blood,Leukemia,True,-0.36014017168299595,0.020173828417422268,0.9697,,0.9697,0.5,0.0061,0.8932,3,3,3,3.0,1,1,0.8992,4.0,0.006,-1.0,True,True,False
Q03_CD3E_CD86_BLOOD,CD3E,CD86,blood,P30_team_baseline,0.3,ACH-000981,DND41,blood,Leukemia,True,-0.17596187591287216,0.05041586838533468,0.9767,,0.9767,0.5,0.0151,0.8901,4,4,4,4.0,1,1,0.9052,3.0,0.0151,1.0,True,True,False
Q03_CD3E_CD86_BLOOD,CD3E,CD86,blood,P30_team_baseline,0.3,ACH-000918,MOLT16,blood,Leukemia,True,-0.3657433353478568,0.01925379004487173,0.9616,,0.9616,0.5,0.0058,0.8866,5,5,5,5.0,1,1,0.8924,5.0,0.0058,0.0,True,True,False
Q03_CD3E_CD86_BLOOD,CD3E,CD86,blood,P30_team_baseline,0.3,ACH-000197,TALL1,blood,Leukemia,True,-0.257626594421581,0.037006537656207,0.9441,,0.9441,0.5,0.0111,0.8664,6,6,6,6.0,1,1,0.8775,8.0,0.0111,-2.0,True,True,False
Q03_CD3E_CD86_BLOOD,CD3E,CD86,blood,P30_team_baseline,0.3,ACH-000101,KE37,blood,Leukemia,True,-0.3467709743158204,0.022369047997592897,0.9367,,0.9367,0.5,0.0067,0.8645,7,7,7,7.0,1,1,0.8712,9.0,0.0067,-2.0,True,True,False
Q03_CD3E_CD86_BLOOD,CD3E,CD86,blood,P30_team_baseline,0.3,ACH-000372,P12ICHIKAWA,blood,Leukemia,True,-0.3887027004104209,0.015483866813925069,0.9146,,0.9146,0.5,0.0046,0.8478,8,8,8,8.0,1,1,0.8524,11.0,0.0046,-3.0,True,False,False
Q03_CD3E_CD86_BLOOD,CD3E,CD86,blood,P30_team_baseline,0.3,ACH-000636,RPMI8402,blood,Leukemia,True,-0.39458463292776547,0.014518054650584629,0.9134,,0.9134,0.5,0.0044,0.8471,9,9,9,9.0,1,1,0.8514,12.0,0.0043,-3.0,True,False,False
Q03_CD3E_CD86_BLOOD,CD3E,CD86,blood,P30_team_baseline,0.3,ACH-000104,LOUCY,blood,Leukemia,True,-0.2722124834564661,0.03461153754332136,0.9192,,0.9192,0.5,0.0104,0.8459,10,10,10,10.0,1,1,0.8563,10.0,0.0104,0.0,True,True,False
Q03_CD3E_CD86_BLOOD,CD3E,CD86,blood,P30_team_baseline,0.3,ACH-000519,PEER,blood,Leukemia,True,-0.30677596204836227,0.028936221151476635,0.9085,,0.9085,0.5,0.0087,0.8385,11,11,11,11.0,1,1,0.8472,13.0,0.0087,-2.0,False,False,False
Q03_CD3E_CD86_BLOOD,CD3E,CD86,blood,P30_team_baseline,0.3,ACH-001127,MOLT4,blood,Leukemia,True,-0.4056994774464277,0.01269299936507991,0.9115,,0.9115,0.4125,0.0038,0.8329,12,12,12,12.0,1,1,0.8367,14.0,0.0038,-2.0,False,False,False
Q03_CD3E_CD86_BLOOD,CD3E,CD86,blood,P30_team_baseline,0.3,ACH-000105,ALLSIL,blood,Leukemia,True,-0.39458463292776547,0.014518054650584629,0.891,,0.891,0.5,0.0044,0.828,13,13,13,13.0,1,1,0.8324,17.0,0.0044,-4.0,False,False,False
Q03_CD3E_CD86_BLOOD,CD3E,CD86,blood,P30_team_baseline,0.3,ACH-000122,SUPT11,blood,Leukemia,True,-0.38287871890932146,0.016440163431787475,0.89,,0.89,0.5,0.0049,0.8266,14,14,14,14.0,1,1,0.8315,18.0,0.0049,-4.0,False,False,False
Q03_CD3E_CD86_BLOOD,CD3E,CD86,blood,P30_team_baseline,0.3,ACH-000953,SUPT1,blood,Leukemia,True,-0.2590355545381271,0.036775186681980564,0.8954,,0.8954,0.5,0.011,0.8251,15,15,15,15.0,1,1,0.8361,16.0,0.011,-1.0,False,False,False
Q03_CD3E_CD86_BLOOD,CD3E,CD86,blood,P30_team_baseline,0.3,ACH-000995,JURKAT,blood,Leukemia,True,-0.4830016367502353,0.0,0.8653,,0.8653,0.5875,0.0,0.8236,16,16,16,16.0,1,1,0.8236,20.0,0.0,-4.0,False,False,False
Q03_CD3E_CD86_BLOOD,CD3E,CD86,blood,P30_team_baseline,0.3,ACH-001737,CTV1DM,blood,Leukemia,True,-0.3371007597900634,0.023956895322183407,0.9022,,0.9022,0.4125,0.0072,0.8215,17,17,17,17.0,1,1,0.8287,19.0,0.0072,-2.0,False,False,False
Q03_CD3E_CD86_BLOOD,CD3E,CD86,blood,P30_team_baseline,0.3,ACH-000795,MOLT13,blood,Leukemia,True,-0.14246221571893572,0.05591650600531232,0.827,,0.827,0.4125,0.0168,0.748,18,18,18,18.0,1,1,0.7648,22.0,0.0168,-4.0,False,False,False
Q03_CD3E_CD86_BLOOD,CD3E,CD86,blood,P30_team_baseline,0.3,ACH-000920,CMLT1,blood,Leukemia,True,0.8382818311939599,0.21695448575755608,0.866,,0.866,0.5,0.0651,0.746,19,19,19,19.0,1,1,0.8111,21.0,0.0651,-2.0,False,False,False
Q03_CD3E_CD86_BLOOD,CD3E,CD86,blood,P30_team_baseline,0.3,ACH-001148,OCILY132,lymphocyte,Lymphoma,True,3.1038248533472674,0.5889562047358865,0.9709,,0.9709,0.4125,0.1767,0.7105,20,20,20,20.0,1,1,0.8871,6.0,0.1766,14.0,False,True,False
Q03_CD3E_CD86_BLOOD,CD3E,CD86,blood,P30_team_baseline,0.3,ACH-001132,MTA,lymphocyte,Lymphoma,True,3.042205164030771,0.5788382638605637,0.963,,0.963,0.4125,0.1737,0.7068,21,21,21,21.0,1,1,0.8804,7.0,0.1736,14.0,False,True,False
Q03_CD3E_CD86_BLOOD,CD3E,CD86,blood,P30_team_baseline,0.3,ACH-001100,KHYG,lymphocyte,Lymphoma,True,0.010203728775923848,0.08098422408711667,0.7717,,0.7717,0.5,0.0243,0.7066,22,22,22,22.0,1,1,0.7309,24.5,0.0243,-2.5,False,False,False
Q03_CD3E_CD86_BLOOD,CD3E,CD86,blood,P30_team_baseline,0.3,ACH-001197,SMZ1,lymphocyte,Lymphoma,True,-0.3371007597900634,0.023956895322183407,0.7495,,0.7495,0.4125,0.0072,0.6918,23,23,23,23.0,1,1,0.699,27.0,0.0072,-4.0,False,False,False
Q03_CD3E_CD86_BLOOD,CD3E,CD86,blood,P30_team_baseline,0.3,ACH-001738,CCRFCEM,blood,Leukemia,True,0.09177541605816043,0.09437827910714154,0.7491,,0.7491,0.4125,0.0283,0.6703,24,24,24,24.0,1,1,0.6986,28.0,0.0283,-4.0,False,False,False
Q03_CD3E_CD86_BLOOD,CD3E,CD86,blood,P30_team_baseline,0.3,ACH-000509,HUT78,lymphocyte,Lymphoma,True,0.7181876894072575,0.19723505127892121,0.753,,0.753,0.5875,0.0592,0.669,25,25,25,25.0,1,1,0.7282,26.0,0.0592,-1.0,False,False,False
Q03_CD3E_CD86_BLOOD,CD3E,CD86,blood,P30_team_baseline,0.3,ACH-000061,HH,lymphocyte,Lymphoma,True,0.02213879197394312,0.08294395911856987,0.6923,,0.6923,0.5,0.0249,0.6386,26,26,26,26.0,1,1,0.6634,29.0,0.0248,-3.0,False,False,False
Q03_CD3E_CD86_BLOOD,CD3E,CD86,blood,P30_team_baseline,0.3,ACH-002222,CTV1,blood,Leukemia,True,-0.15680367537766368,0.05356164114795268,0.6963,,0.6963,0.4125,0.0161,0.6377,27,27,27,27.0,1,1,0.6538,31.0,0.0161,-4.0,False,False,False
Q03_CD3E_CD86_BLOOD,CD3E,CD86,blood,P30_team_baseline,0.3,ACH-001097,KARPAS384,lymphocyte,Lymphoma,True,3.7420377969985226,0.6937506446520318,0.911,,0.911,0.4125,0.2081,0.6281,28,28,28,28.0,1,1,0.8363,15.0,0.2082,13.0,False,False,False
Q03_CD3E_CD86_BLOOD,CD3E,CD86,blood,P30_team_baseline,0.3,ACH-000598,KMS21BM,plasma_cell,Myeloma,True,0.2633245841541821,0.12254661879303615,0.6112,,0.6112,0.5,0.0368,0.5577,29,29,29,29.0,1,1,0.5945,33.0,0.0368,-4.0,False,False,False
Q03_CD3E_CD86_BLOOD,CD3E,CD86,blood,P30_team_baseline,0.3,ACH-000436,OCIMY7,plasma_cell,Myeloma,True,-0.04577030984064717,0.0717932979471518,0.5396,,0.5396,0.5,0.0215,0.5121,30,30,30,30.0,1,1,0.5336,36.0,0.0215,-6.0,False,False,False
Q03_CD3E_CD86_BLOOD,CD3E,CD86,blood,P30_team_baseline,0.3,ACH-000077,MJ,lymphocyte,Lymphoma,True,4.278453527081785,0.7818300021070618,0.7716,,0.7716,0.5,0.2345,0.4963,31,31,31,31.0,1,1,0.7309,24.5,0.2346,6.5,False,False,False
Q03_CD3E_CD86_BLOOD,CD3E,CD86,blood,P30_team_baseline,0.3,ACH-000050,NCIH929,plasma_cell,Myeloma,True,0.30401216468077835,0.12922751151895623,0.5198,,0.5198,0.5875,0.0388,0.4912,32,32,32,32.0,1,1,0.53,38.0,0.0388,-6.0,False,False,False
Q03_CD3E_CD86_BLOOD,CD3E,CD86,blood,P30_team_baseline,0.3,ACH-000612,HUT102,lymphocyte,Lymphoma,True,5.039163908732739,0.9067384972676835,0.8046,,0.8046,0.5,0.272,0.4869,33,33,33,33.0,1,1,0.7589,23.0,0.272,10.0,False,False,False
Q03_CD3E_CD86_BLOOD,CD3E,CD86,blood,P30_team_baseline,0.3,ACH-000193,KARPAS620,plasma_cell,Myeloma,True,3.049272045613115,0.5799986444274927,0.6686,,0.6686,0.5875,0.174,0.4824,34,34,34,34.0,1,1,0.6564,30.0,0.174,4.0,False,False,False
Q03_CD3E_CD86_BLOOD,CD3E,CD86,blood,P30_team_baseline,0.3,ACH-000426,KMS20,plasma_cell,Myeloma,True,0.7921956778008061,0.20938714842795755,0.5673,,0.5673,0.4125,0.0628,0.4812,35,35,35,35.0,1,1,0.544,35.0,0.0628,0.0,False,False,False
Q03_CD3E_CD86_BLOOD,CD3E,CD86,blood,P30_team_baseline,0.3,ACH-000821,EJM,plasma_cell,Myeloma,True,3.257711461149555,0.6142243554928671,0.6097,,0.6097,0.5,0.1843,0.409,36,36,36,36.0,1,1,0.5933,34.0,0.1843,2.0,False,False,False
Q03_CD3E_CD86_BLOOD,CD3E,CD86,blood,P30_team_baseline,0.3,ACH-000838,AMO1,plasma_cell,Myeloma,True,-0.2539776255214924,0.03760569763245024,0.3856,,0.3856,0.5875,0.0113,0.4046,37,37,37,37.0,1,1,0.4159,45.0,0.0113,-8.0,False,False,False
Q03_CD3E_CD86_BLOOD,CD3E,CD86,blood,P30_team_baseline,0.3,ACH-000157,A4FUK,lymphocyte,Lymphoma,True,1.3639098674132981,0.30326250600029253,0.4859,,0.4859,0.5,0.091,0.397,38,38,38,38.0,1,1,0.488,39.0,0.091,-1.0,False,False,False
Q03_CD3E_CD86_BLOOD,CD3E,CD86,blood,P30_team_baseline,0.3,ACH-000386,KG1,blood,Leukemia,True,0.3136292045193034,0.13080662757035397,0.3996,,0.3996,0.5875,0.0392,0.3885,39,39,39,39.0,1,1,0.4277,44.0,0.0392,-5.0,False,False,False
Q03_CD3E_CD86_BLOOD,CD3E,CD86,blood,P30_team_baseline,0.3,ACH-000419,KMS28BM,plasma_cell,Myeloma,True,-0.36014017168299595,0.020173828417422268,0.3686,,0.3686,0.5,0.0061,0.3823,40,40,40,40.0,1,1,0.3883,47.0,0.006,-7.0,False,False,False
Q03_CD3E_CD86_BLOOD,CD3E,CD86,blood,P30_team_baseline,0.3,ACH-000439,ME1,blood,Leukemia,True,-0.257626594421581,0.037006537656207,0.3634,,0.3634,0.5,0.0111,0.3728,41,41,41,41.0,1,1,0.3839,49.0,0.0111,-8.0,False,False,False
Q03_CD3E_CD86_BLOOD,CD3E,CD86,blood,P30_team_baseline,0.3,ACH-001484,CI,blood,Leukemia,True,4.633424473614526,0.8401161617634062,0.628,,0.628,0.4125,0.252,0.3436,42,42,42,42.0,1,1,0.5957,32.0,0.2521,10.0,False,False,False
Q03_CD3E_CD86_BLOOD,CD3E,CD86,blood,P30_team_baseline,0.3,ACH-000658,KMS18,plasma_cell,Myeloma,True,2.1443595045520207,0.4314121830325448,0.449,,0.449,0.4125,0.1294,0.3141,43,43,43,43.0,1,1,0.4435,42.0,0.1294,1.0,False,False,False
Q03_CD3E_CD86_BLOOD,CD3E,CD86,blood,P30_team_baseline,0.3,ACH-001060,DL40,lymphocyte,Lymphoma,True,3.9967972502929725,0.7355820968137476,0.5511,,0.5511,0.4125,0.2207,0.3097,44,44,44,44.0,1,1,0.5303,37.0,0.2206,7.0,False,False,False
Q03_CD3E_CD86_BLOOD,CD3E,CD86,blood,P30_team_baseline,0.3,ACH-000512,INA6,plasma_cell,Myeloma,True,2.655983081786072,0.5154206738622681,0.4423,,0.4423,0.5,0.1546,0.2963,45,45,45,45.0,1,1,0.4509,41.0,0.1546,4.0,False,False,False
Q03_CD3E_CD86_BLOOD,CD3E,CD86,blood,P30_team_baseline,0.3,ACH-001057,DERL2,lymphocyte,Lymphoma,True,2.4933905021314082,0.48872300423815834,0.4306,,0.4306,0.5,0.1466,0.2944,46,46,46,46.0,1,1,0.441,43.0,0.1466,3.0,False,False,False
Q03_CD3E_CD86_BLOOD,CD3E,CD86,blood,P30_team_baseline,0.3,ACH-000923,BCP1,lymphocyte,Lymphoma,True,3.4921303369103356,0.6527158888211965,0.477,,0.477,0.5,0.1958,0.2846,47,47,47,47.0,1,1,0.4804,40.0,0.1958,7.0,False,False,False
Q03_CD3E_CD86_BLOOD,CD3E,CD86,blood,P30_team_baseline,0.3,ACH-000745,MOLP8,plasma_cell,Myeloma,True,-0.31391166383041974,0.027764540321280295,0.2186,,0.2186,0.5875,0.0083,0.2656,48,48,48,48.0,1,1,0.2739,65.0,0.0083,-17.0,False,False,False
Q03_CD3E_CD86_BLOOD,CD3E,CD86,blood,P30_team_baseline,0.3,ACH-001613,OCIAML4,blood,Leukemia,True,-0.34852363784508567,0.02208126099054784,0.2432,,0.2432,0.4125,0.0066,0.262,49,49,49,49.0,1,1,0.2686,66.0,0.0066,-17.0,False,False,False
Q03_CD3E_CD86_BLOOD,CD3E,CD86,blood,P30_team_baseline,0.3,ACH-001577,MUTZ8,blood,Leukemia,True,1.1569101240589332,0.26927318882426843,0.3167,,0.3167,0.4125,0.0808,0.2503,50,50,50,50.0,1,1,0.331,55.0,0.0807,-5.0,False,False,False
Q03_CD3E_CD86_BLOOD,CD3E,CD86,blood,P30_team_baseline,0.3,ACH-002272,MHHPREB1,lymphocyte,Lymphoma,True,0.8307946368422007,0.21572508991649544,0.2686,,0.2686,0.5,0.0647,0.2386,51,51,51,51.0,1,1,0.3033,60.0,0.0647,-9.0,False,False,False
Q03_CD3E_CD86_BLOOD,CD3E,CD86,blood,P30_team_baseline,0.3,ACH-000081,GDM1,blood,Leukemia,True,-0.27977906328374164,0.03336910662278297,0.2012,,0.2012,0.5,0.01,0.236,52,52,52,52.0,1,1,0.246,75.0,0.01,-23.0,False,False,False
Q03_CD3E_CD86_BLOOD,CD3E,CD86,blood,P30_team_baseline,0.3,ACH-000653,JJN3,plasma_cell,Myeloma,True,-0.4471068815169485,0.005893911754718169,0.1753,,0.1753,0.5875,0.0018,0.2354,53,53,53,53.0,1,1,0.2371,82.0,0.0017,-29.0,False,False,False
Q03_CD3E_CD86_BLOOD,CD3E,CD86,blood,P30_team_baseline,0.3,ACH-001680,U698M,lymphocyte,Lymphoma,True,2.5902769407070476,0.5046317384106703,0.3651,,0.3651,0.5,0.1514,0.234,54,54,54,54.0,1,1,0.3854,48.0,0.1514,6.0,False,False,False
Q03_CD3E_CD86_BLOOD,CD3E,CD86,blood,P30_team_baseline,0.3,ACH-000402,BL70,lymphocyte,Lymphoma,True,2.390803616340177,0.47187825775318554,0.3384,,0.3384,0.5,0.1416,0.2211,55,55,55,55.0,1,1,0.3626,50.0,0.1415,5.0,False,False,False
Q03_CD3E_CD86_BLOOD,CD3E,CD86,blood,P30_team_baseline,0.3,ACH-002313,TK,lymphocyte,Lymphoma,True,0.6101678697282149,0.17949821811733316,0.2239,,0.2239,0.5,0.0538,0.2115,56,56,56,56.0,1,1,0.2653,68.0,0.0538,-12.0,False,False,False
Q03_CD3E_CD86_BLOOD,CD3E,CD86,blood,P30_team_baseline,0.3,ACH-000024,OPM2,plasma_cell,Myeloma,True,-0.05046933094087464,0.0710217196060181,0.1685,,0.1685,0.5875,0.0213,0.2101,57,57,57,57.0,1,1,0.2314,85.0,0.0213,-28.0,False,False,False
Q03_CD3E_CD86_BLOOD,CD3E,CD86,blood,P30_team_baseline,0.3,ACH-001642,SCC3,lymphocyte,Lymphoma,True,0.026697975853608485,0.08369257621557022,0.1711,,0.1711,0.5875,0.0251,0.2085,58,58,58,58.0,1,1,0.2336,83.0,0.0251,-25.0,False,False,False
Q03_CD3E_CD86_BLOOD,CD3E,CD86,blood,P30_team_baseline,0.3,ACH-000541,KMS34,plasma_cell,Myeloma,True,0.5427247454488804,0.16842407036562304,0.2146,,0.2146,0.5,0.0505,0.2069,59,59,59,59.0,1,1,0.2574,72.0,0.0505,-13.0,False,False,False
Q03_CD3E_CD86_BLOOD,CD3E,CD86,blood,P30_team_baseline,0.3,ACH-000664,SUDHL1,lymphocyte,Lymphoma,True,-0.025353493992278448,0.07514573509682831,0.1586,,0.1586,0.5875,0.0225,0.2004,60,60,60,60.0,1,1,0.223,93.0,0.0226,-33.0,False,False,False
Q03_CD3E_CD86_BLOOD,CD3E,CD86,blood,P30_team_baseline,0.3,ACH-000588,KMS26,plasma_cell,Myeloma,True,-0.39458463292776547,0.014518054650584629,0.1512,,0.1512,0.5,0.0044,0.1991,61,61,61,61.0,1,1,0.2035,103.0,0.0044,-42.0,False,False,False
Q03_CD3E_CD86_BLOOD,CD3E,CD86,blood,P30_team_baseline,0.3,ACH-000068,REC1,lymphocyte,Lymphoma,True,3.8248345670607673,0.707345858023762,0.3787,,0.3787,0.5875,0.2122,0.1978,62,62,62,62.0,1,1,0.41,46.0,0.2122,16.0,False,False,False
Q03_CD3E_CD86_BLOOD,CD3E,CD86,blood,P30_team_baseline,0.3,ACH-001106,KOPN8,blood,Leukemia,True,-0.31792967673591166,0.027104783391880008,0.1539,,0.1539,0.5,0.0081,0.1977,63,63,63,63.0,1,1,0.2058,100.5,0.0081,-37.5,False,False,False
Q03_CD3E_CD86_BLOOD,CD3E,CD86,blood,P30_team_baseline,0.3,ACH-000299,HNT34,blood,Leukemia,True,2.114813649409648,0.42656075942497157,0.2919,,0.2919,0.5,0.128,0.1951,64,64,64,64.0,1,1,0.3231,57.0,0.128,7.0,False,False,False
Q03_CD3E_CD86_BLOOD,CD3E,CD86,blood,P30_team_baseline,0.3,ACH-000697,A3KAW,lymphocyte,Lymphoma,True,0.1529757962436548,0.10442736950556288,0.1593,,0.1593,0.5875,0.0313,0.1922,65,65,65,65.0,1,1,0.2235,91.0,0.0313,-26.0,False,False,False
Q03_CD3E_CD86_BLOOD,CD3E,CD86,blood,P30_team_baseline,0.3,ACH-000487,F36P,blood,Leukemia,True,-0.28951698825334105,0.03177014125662103,0.1331,,0.1331,0.5875,0.0095,0.1917,66,66,66,66.0,1,1,0.2013,106.0,0.0096,-40.0,False,False,False
Q03_CD3E_CD86_BLOOD,CD3E,CD86,blood,P30_team_baseline,0.3,ACH-000057,OPM1,plasma_cell,Myeloma,True,0.2675998468858609,0.12324861609333763,0.177,,0.177,0.5,0.037,0.1885,67,67,67,67.0,1,1,0.2254,90.0,0.0369,-23.0,False,False,False
Q03_CD3E_CD86_BLOOD,CD3E,CD86,blood,P30_team_baseline,0.3,ACH-000388,NUDHL1,lymphocyte,Lymphoma,True,0.19719586788490137,0.11168829657824923,0.15,,0.15,0.5875,0.0335,0.1821,68,68,68,68.0,1,1,0.2156,96.0,0.0335,-28.0,False,False,False
Q03_CD3E_CD86_BLOOD,CD3E,CD86,blood,P30_team_baseline,0.3,ACH-000564,KHM1B,plasma_cell,Myeloma,True,0.3754156324758236,0.14095194689759866,0.1718,,0.1718,0.5,0.0423,0.1788,69,69,69,69.0,1,1,0.2211,94.0,0.0423,-25.0,False,False,False
Q03_CD3E_CD86_BLOOD,CD3E,CD86,blood,P30_team_baseline,0.3,ACH-000363,SKMM2,plasma_cell,Myeloma,True,-0.4193686098748131,0.010448530506806462,0.1103,,0.1103,0.5875,0.0031,0.1787,70,70,70,70.0,1,1,0.1819,122.0,0.0032,-52.0,False,False,False
Q03_CD3E_CD86_BLOOD,CD3E,CD86,blood,P30_team_baseline,0.3,ACH-000714,KMS11,plasma_cell,Myeloma,True,-0.24395092356036394,0.03925208012386637,0.1187,,0.1187,0.5875,0.0118,0.1772,71,71,71,71.0,1,1,0.189,110.0,0.0118,-39.0,False,False,False
Q03_CD3E_CD86_BLOOD,CD3E,CD86,blood,P30_team_baseline,0.3,ACH-000453,MOLP2,plasma_cell,Myeloma,True,2.1262806706655017,0.4284436420615079,0.2542,,0.2542,0.5875,0.1285,0.1757,72,72,72,72.0,1,1,0.3042,59.0,0.1285,13.0,False,False,False
Q03_CD3E_CD86_BLOOD,CD3E,CD86,blood,P30_team_baseline,0.3,ACH-000854,OCIMY5,plasma_cell,Myeloma,True,-0.29566340487538767,0.030760900855268985,0.1138,,0.1138,0.5875,0.0092,0.1756,73,73,73,73.0,1,1,0.1849,118.5,0.0093,-45.5,False,False,False
Q03_CD3E_CD86_BLOOD,CD3E,CD86,blood,P30_team_baseline,0.3,ACH-001450,BLUE1,lymphocyte,Lymphoma,True,3.1659205132857653,0.5991522998937969,0.344,,0.344,0.4125,0.1797,0.1745,74,74,74,74.0,1,1,0.3542,52.0,0.1797,22.0,False,False,False
Q03_CD3E_CD86_BLOOD,CD3E,CD86,blood,P30_team_baseline,0.3,ACH-002061,P2URK562,blood,Leukemia,True,-0.371705923374414,0.018274734262770237,0.136,,0.136,0.4125,0.0055,0.172,75,75,75,75.0,1,1,0.1775,131.0,0.0055,-56.0,False,False,False
Q03_CD3E_CD86_BLOOD,CD3E,CD86,blood,P30_team_baseline,0.3,ACH-000151,JM1,blood,Leukemia,True,-0.21031100140374803,0.044775748730549535,0.1221,,0.1221,0.5,0.0134,0.1653,76,76,76,76.0,1,1,0.1788,129.0,0.0135,-53.0,False,False,False
Q03_CD3E_CD86_BLOOD,CD3E,CD86,blood,P30_team_baseline,0.3,ACH-000380,KMS12BM,plasma_cell,Myeloma,True,1.4422263753150502,0.31612206120579955,0.2013,,0.2013,0.5875,0.0948,0.1644,77,77,77,77.0,1,1,0.2593,71.0,0.0949,6.0,False,False,False
Q03_CD3E_CD86_BLOOD,CD3E,CD86,blood,P30_team_baseline,0.3,ACH-000602,M07E,blood,Leukemia,True,-0.33289436586988036,0.024647584377172446,0.1129,,0.1129,0.5,0.0074,0.1636,78,78,78,78.0,1,1,0.171,138.0,0.0074,-60.0,False,False,False
Q03_CD3E_CD86_BLOOD,CD3E,CD86,blood,P30_team_baseline,0.3,ACH-000983,KCL22,blood,Leukemia,True,-0.27977906328374164,0.03336910662278297,0.1137,,0.1137,0.5,0.01,0.1617,79,79,79,79.0,1,1,0.1717,137.0,0.01,-58.0,False,False,False
Q03_CD3E_CD86_BLOOD,CD3E,CD86,blood,P30_team_baseline,0.3,ACH-000656,SUDHL8,lymphocyte,Lymphoma,True,0.02128055370631184,0.08280303656369895,0.1095,,0.1095,0.5875,0.0248,0.1563,80,80,80,80.0,1,1,0.1812,124.0,0.0249,-44.0,False,False,False
Q03_CD3E_CD86_BLOOD,CD3E,CD86,blood,P30_team_baseline,0.3,ACH-000130,NALM19,blood,Leukemia,True,0.1420095535697013,0.10262671461375382,0.1315,,0.1315,0.5,0.0308,0.156,81,81,81,81.0,1,1,0.1868,114.0,0.0308,-33.0,False,False,False
Q03_CD3E_CD86_BLOOD,CD3E,CD86,blood,P30_team_baseline,0.3,ACH-000162,GA10,lymphocyte,Lymphoma,True,2.065396705823264,0.41844650700026254,0.2426,,0.2426,0.5,0.1255,0.1557,82,82,82,82.0,1,1,0.2812,63.0,0.1255,19.0,False,False,False
Q03_CD3E_CD86_BLOOD,CD3E,CD86,blood,P30_team_baseline,0.3,ACH-000432,BV173,blood,Leukemia,True,-0.20749985548684532,0.04523733833761548,0.0859,,0.0859,0.5875,0.0136,0.1476,83,83,83,83.0,1,1,0.1611,153.0,0.0135,-70.0,False,False,False
Q03_CD3E_CD86_BLOOD,CD3E,CD86,blood,P30_team_baseline,0.3,ACH-000551,K562,blood,Leukemia,True,-0.3830601529593341,0.0164103719964336,0.0744,,0.0744,0.5875,0.0049,0.1465,84,84,84,84.0,1,1,0.1514,166.0,0.0049,-82.0,False,False,False
Q03_CD3E_CD86_BLOOD,CD3E,CD86,blood,P30_team_baseline,0.3,ACH-000204,LP1,plasma_cell,Myeloma,True,-0.32753085056500764,0.0255282725361123,0.0769,,0.0769,0.5875,0.0077,0.1459,85,85,85,85.0,1,1,0.1535,162.0,0.0076,-77.0,False,False,False
Q03_CD3E_CD86_BLOOD,CD3E,CD86,blood,P30_team_baseline,0.3,ACH-000369,MOLM16,blood,Leukemia,True,-0.40487765711953366,0.012827942101239184,0.0723,,0.0723,0.5875,0.0038,0.1457,86,86,86,86.0,1,1,0.1496,171.0,0.0039,-85.0,False,False,False
Q03_CD3E_CD86_BLOOD,CD3E,CD86,blood,P30_team_baseline,0.3,ACH-000387,TF1,blood,Leukemia,True,-0.012642208186582677,0.07723292572790683,0.0947,,0.0947,0.5875,0.0232,0.1454,87,87,87,87.0,1,1,0.1686,141.0,0.0232,-54.0,False,False,False
Q03_CD3E_CD86_BLOOD,CD3E,CD86,blood,P30_team_baseline,0.3,ACH-000124,OCILY19,lymphocyte,Lymphoma,True,0.26155568023814185,0.12225616511767445,0.1103,,0.1103,0.5875,0.0367,0.1452,88,88,88,88.0,1,1,0.1818,123.0,0.0366,-35.0,False,False,False
Q03_CD3E_CD86_BLOOD,CD3E,CD86,blood,P30_team_baseline,0.3,ACH-000604,KYO1,blood,Leukemia,True,-0.3887027004104209,0.015483866813925069,0.0855,,0.0855,0.5,0.0046,0.1431,89,89,89,89.0,1,1,0.1477,174.0,0.0046,-85.0,False,False,False
Q03_CD3E_CD86_BLOOD,CD3E,CD86,blood,P30_team_baseline,0.3,ACH-000285,TOLEDO,lymphocyte,Lymphoma,True,0.24175969350842275,0.11900566798726532,0.1065,,0.1065,0.5875,0.0357,0.1429,90,90,90,90.0,1,1,0.1786,130.0,0.0357,-40.0,False,False,False
Q03_CD3E_CD86_BLOOD,CD3E,CD86,blood,P30_team_baseline,0.3,ACH-000072,MEG01,blood,Leukemia,True,-0.18135593889412624,0.04953016430393671,0.0807,,0.0807,0.5875,0.0149,0.1419,91,91,91,91.0,1,1,0.1567,159.0,0.0148,-68.0,False,False,False
Q03_CD3E_CD86_BLOOD,CD3E,CD86,blood,P30_team_baseline,0.3,ACH-000338,SR786,lymphocyte,Lymphoma,True,1.3423571603605684,0.29972355573810266,0.1676,,0.1676,0.5875,0.0899,0.1407,92,92,92,92.0,1,1,0.2306,87.0,0.0899,5.0,False,False,False
Q03_CD3E_CD86_BLOOD,CD3E,CD86,blood,P30_team_baseline,0.3,ACH-000960,REH,blood,Leukemia,True,0.05017332702130591,0.08754722426357027,0.0907,,0.0907,0.5875,0.0263,0.139,93,93,93,93.0,1,1,0.1653,148.0,0.0263,-55.0,False,False,False
Q03_CD3E_CD86_BLOOD,CD3E,CD86,blood,P30_team_baseline,0.3,ACH-000076,NCO2,blood,Leukemia,True,-0.3714001186182455,0.018324947343631662,0.0806,,0.0806,0.5,0.0055,0.138,94,94,94,94.0,1,1,0.1435,181.0,0.0055,-87.0,False,False,False
Q03_CD3E_CD86_BLOOD,CD3E,CD86,blood,P30_team_baseline,0.3,ACH-000889,KMM1,plasma_cell,Myeloma,True,-0.06467005775375916,0.06868996305428697,0.0825,,0.0825,0.5875,0.0206,0.1376,95,95,95,95.0,1,1,0.1582,156.0,0.0206,-61.0,False,False,False
Q03_CD3E_CD86_BLOOD,CD3E,CD86,blood,P30_team_baseline,0.3,ACH-000874,RS411,blood,Leukemia,True,-0.21107807770152062,0.044649794953212876,0.0732,,0.0732,0.5875,0.0134,0.1369,96,96,96,96.0,1,1,0.1503,167.0,0.0134,-71.0,False,False,False
Q03_CD3E_CD86_BLOOD,CD3E,CD86,blood,P30_team_baseline,0.3,ACH-000195,SET2,blood,Leukemia,True,-0.3070473016771697,0.028891667237754277,0.0658,,0.0658,0.5875,0.0087,0.1354,97,97,97,97.0,1,1,0.1441,179.0,0.0087,-82.0,False,False,False
Q03_CD3E_CD86_BLOOD,CD3E,CD86,blood,P30_team_baseline,0.3,ACH-000641,CMK,blood,Leukemia,True,-0.29165934445923375,0.03141836678866213,0.0663,,0.0663,0.5875,0.0094,0.1351,98,98,98,98.0,1,1,0.1445,178.0,0.0094,-80.0,False,False,False
Q03_CD3E_CD86_BLOOD,CD3E,CD86,blood,P30_team_baseline,0.3,ACH-001647,SHI1,blood,Leukemia,True,1.7229713023831899,0.36222032305409163,0.2139,,0.2139,0.4125,0.1087,0.135,99,99,99,99.0,1,1,0.2436,78.0,0.1086,21.0,False,False,False
Q03_CD3E_CD86_BLOOD,CD3E,CD86,blood,P30_team_baseline,0.3,ACH-000406,U937,blood,Leukemia,True,0.0032129615809305123,0.07983634148763148,0.082,,0.082,0.5875,0.024,0.1339,100,100,100,100.0,1,1,0.1578,157.0,0.0239,-57.0,False,False,False
Q03_CD3E_CD86_BLOOD,CD3E,CD86,blood,P30_team_baseline,0.3,ACH-000005,HEL9217,blood,Leukemia,True,-0.36462866064399296,0.019436819412173213,0.0604,,0.0604,0.5875,0.0058,0.1336,101,101,101,101.0,1,1,0.1394,193.0,0.0058,-92.0,False,False,False
Q03_CD3E_CD86_BLOOD,CD3E,CD86,blood,P30_team_baseline,0.3,ACH-000763,MM1S,plasma_cell,Myeloma,True,2.140861736186982,0.43083785015444054,0.2054,,0.2054,0.5875,0.1293,0.1335,102,102,102,102.0,1,1,0.2627,70.0,0.1292,32.0,False,False,False
Q03_CD3E_CD86_BLOOD,CD3E,CD86,blood,P30_team_baseline,0.3,ACH-000287,NUDUL1,lymphocyte,Lymphoma,True,0.48773205832450706,0.15939428194780678,0.108,,0.108,0.5875,0.0478,0.1321,103,103,103,103.0,1,1,0.1799,126.0,0.0478,-23.0,False,False,False
Q03_CD3E_CD86_BLOOD,CD3E,CD86,blood,P30_team_baseline,0.3,ACH-000263,KASUMI1,blood,Leukemia,True,0.005145431686987306,0.08015365269924736,0.0792,,0.0792,0.5875,0.024,0.1314,104,104,104,104.0,1,1,0.1554,160.0,0.024,-56.0,False,False,False
Q03_CD3E_CD86_BLOOD,CD3E,CD86,blood,P30_team_baseline,0.3,ACH-000326,JURLMK1,blood,Leukemia,True,-0.29582880955064483,0.030733741440099622,0.0746,,0.0746,0.5,0.0092,0.1292,105,105,105,105.0,1,1,0.1384,194.0,0.0092,-89.0,False,False,False
Q03_CD3E_CD86_BLOOD,CD3E,CD86,blood,P30_team_baseline,0.3,ACH-002236,EB3,lymphocyte,Lymphoma,True,3.554825314189066,0.663010391768586,0.3131,,0.3131,0.4125,0.1989,0.1291,106,106,106,106.0,1,1,0.328,56.0,0.1989,50.0,False,False,False
Q03_CD3E_CD86_BLOOD,CD3E,CD86,blood,P30_team_baseline,0.3,ACH-001618,OCIM2,blood,Leukemia,True,-0.33057269214763935,0.02502880274607351,0.0567,,0.0567,0.5875,0.0075,0.1288,107,107,107,107.0,1,1,0.1363,197.0,0.0075,-90.0,False,False,False
Q03_CD3E_CD86_BLOOD,CD3E,CD86,blood,P30_team_baseline,0.3,ACH-000020,MHHCALL2,blood,Leukemia,True,-0.2631255116633277,0.03610361652584369,0.0759,,0.0759,0.5,0.0108,0.1287,108,108,108,108.0,1,1,0.1396,190.0,0.0109,-82.0,False,False,False
Q03_CD3E_CD86_BLOOD,CD3E,CD86,blood,P30_team_baseline,0.3,ACH-000074,KU812,blood,Leukemia,True,-0.3912162273457624,0.015071146185138835,0.0523,,0.0523,0.5875,0.0045,0.1281,109,109,109,109.0,1,1,0.1326,207.5,0.0045,-98.5,False,False,False
Q03_CD3E_CD86_BLOOD,CD3E,CD86,blood,P30_team_baseline,0.3,ACH-000751,OCIM1,blood,Leukemia,True,0.41245161859673135,0.14703324853977198,0.0985,,0.0985,0.5875,0.0441,0.1277,110,110,110,110.0,1,1,0.1718,136.0,0.0441,-26.0,False,False,False
Q03_CD3E_CD86_BLOOD,CD3E,CD86,blood,P30_team_baseline,0.3,ACH-001541,KMS28PE,plasma_cell,Myeloma,True,-0.371705923374414,0.018274734262770237,0.0828,,0.0828,0.4125,0.0055,0.1268,111,111,111,111.0,1,1,0.1322,209.0,0.0054,-98.0,False,False,False
Q03_CD3E_CD86_BLOOD,CD3E,CD86,blood,P30_team_baseline,0.3,ACH-001036,CMK115,blood,Leukemia,True,-0.34852363784508567,0.02208126099054784,0.0841,,0.0841,0.4125,0.0066,0.1267,112,112,112,112.0,1,1,0.1333,203.0,0.0066,-91.0,False,False,False
Q03_CD3E_CD86_BLOOD,CD3E,CD86,blood,P30_team_baseline,0.3,ACH-000922,RCHACV,blood,Leukemia,True,-0.3657433353478568,0.01925379004487173,0.067,,0.067,0.5,0.0058,0.1262,113,113,113,113.0,1,1,0.132,211.0,0.0058,-98.0,False,False,False
Q03_CD3E_CD86_BLOOD,CD3E,CD86,blood,P30_team_baseline,0.3,ACH-000241,JK1,blood,Leukemia,True,-0.3235864600063004,0.026175940690639932,0.0691,,0.0691,0.5,0.0079,0.1259,114,114,114,114.0,1,1,0.1338,201.5,0.0079,-87.5,False,False,False
Q03_CD3E_CD86_BLOOD,CD3E,CD86,blood,P30_team_baseline,0.3,ACH-002475,HAP1,blood,Leukemia,True,-0.38287871890932146,0.016440163431787475,0.0656,,0.0656,0.5,0.0049,0.1258,115,115,115,115.0,1,1,0.1308,216.0,0.005,-101.0,False,False,False
Q03_CD3E_CD86_BLOOD,CD3E,CD86,blood,P30_team_baseline,0.3,ACH-000070,697,blood,Leukemia,True,-0.3657433353478568,0.01925379004487173,0.0656,,0.0656,0.5,0.0058,0.125,116,116,116,116.0,1,1,0.1308,216.0,0.0058,-100.0,False,False,False
Q03_CD3E_CD86_BLOOD,CD3E,CD86,blood,P30_team_baseline,0.3,ACH-000365,SUDHL4,lymphocyte,Lymphoma,True,3.9500594024724527,0.7279077513872566,0.2989,,0.2989,0.5875,0.2184,0.1238,117,117,117,117.0,1,1,0.3422,54.0,0.2184,63.0,False,False,False
Q03_CD3E_CD86_BLOOD,CD3E,CD86,blood,P30_team_baseline,0.3,ACH-000938,NALM6,blood,Leukemia,True,-0.31232651307105086,0.028024821764430538,0.0656,,0.0656,0.5,0.0084,0.1223,118,118,119,118.5,2,1,0.1308,216.0,0.0085,-97.5,False,False,False
Q03_CD3E_CD86_BLOOD,CD3E,CD86,blood,P30_team_baseline,0.3,ACH-001736,HB1119,blood,Leukemia,True,-0.30347976387418707,0.02947745624385681,0.0815,,0.0815,0.4125,0.0088,0.1223,119,118,119,118.5,2,1,0.1311,213.0,0.0088,-94.5,False,False,False
Q03_CD3E_CD86_BLOOD,CD3E,CD86,blood,P30_team_baseline,0.3,ACH-000059,SUPB15,blood,Leukemia,True,-0.040686293743954584,0.07262809239103993,0.064,,0.064,0.5875,0.0218,0.1208,120,120,120,120.0,1,1,0.1426,184.0,0.0218,-64.0,False,False,False
Q03_CD3E_CD86_BLOOD,CD3E,CD86,blood,P30_team_baseline,0.3,ACH-000371,RL,lymphocyte,Lymphoma,True,4.081935219085241,0.7495617345568195,0.3006,,0.3006,0.5875,0.2249,0.1188,121,121,122,121.5,2,1,0.3437,53.0,0.2249,68.5,False,False,False
Q03_CD3E_CD86_BLOOD,CD3E,CD86,blood,P30_team_baseline,0.3,ACH-000004,HEL,blood,Leukemia,True,-0.17947158760455528,0.04983957441534266,0.0691,,0.0691,0.5,0.015,0.1188,122,121,122,121.5,2,1,0.1338,201.5,0.015,-80.0,False,False,False
Q03_CD3E_CD86_BLOOD,CD3E,CD86,blood,P30_team_baseline,0.3,ACH-000660,SUDHL5,lymphocyte,Lymphoma,True,2.600529324216299,0.5063151777679338,0.212,,0.212,0.5875,0.1519,0.1164,123,123,123,123.0,1,1,0.2683,67.0,0.1519,56.0,False,False,False
Q03_CD3E_CD86_BLOOD,CD3E,CD86,blood,P30_team_baseline,0.3,ACH-000462,NALM1,blood,Leukemia,True,-0.052783125693613896,0.07064179496236073,0.0731,,0.0731,0.5,0.0212,0.116,124,124,124,124.0,1,1,0.1372,196.0,0.0212,-72.0,False,False,False
Q03_CD3E_CD86_BLOOD,CD3E,CD86,blood,P30_team_baseline,0.3,ACH-000492,MUTZ5,blood,Leukemia,True,0.16315344373118926,0.10609853722274874,0.0849,,0.0849,0.5,0.0318,0.1153,125,125,125,125.0,1,1,0.1472,175.0,0.0319,-50.0,False,False,False
Q03_CD3E_CD86_BLOOD,CD3E,CD86,blood,P30_team_baseline,0.3,ACH-001707,WAOSEL,blood,Leukemia,True,4.414371347139317,0.8041476814478551,0.3463,,0.3463,0.4125,0.2412,0.115,126,126,126,126.0,1,1,0.3563,51.0,0.2413,75.0,False,False,False
Q03_CD3E_CD86_BLOOD,CD3E,CD86,blood,P30_team_baseline,0.3,ACH-001230,UT7,blood,Leukemia,True,-0.020659744436672896,0.07591644785137114,0.0892,,0.0892,0.4125,0.0228,0.1149,127,127,127,127.0,1,1,0.1377,195.0,0.0228,-68.0,False,False,False
Q03_CD3E_CD86_BLOOD,CD3E,CD86,blood,P30_team_baseline,0.3,ACH-002059,P30OHK,blood,Leukemia,True,-0.3834697884091033,0.016343109936089336,0.0676,,0.0676,0.4125,0.0049,0.1144,128,128,128,128.0,1,1,0.1193,232.0,0.0049,-104.0,False,False,False
Q03_CD3E_CD86_BLOOD,CD3E,CD86,blood,P30_team_baseline,0.3,ACH-000294,NB4,blood,Leukemia,True,-0.05930077914416323,0.06957159754672969,0.0551,,0.0551,0.5875,0.0209,0.1141,129,129,129,129.0,1,1,0.1349,199.0,0.0208,-70.0,False,False,False
Q03_CD3E_CD86_BLOOD,CD3E,CD86,blood,P30_team_baseline,0.3,ACH-000002,HL60,blood,Leukemia,True,0.548341627279984,0.16934636125837457,0.0895,,0.0895,0.5875,0.0508,0.1134,130,130,130,130.0,1,1,0.1642,150.0,0.0508,-20.0,False,False,False
Q03_CD3E_CD86_BLOOD,CD3E,CD86,blood,P30_team_baseline,0.3,ACH-001573,MOLM1,blood,Leukemia,True,-0.34852363784508567,0.02208126099054784,0.0676,,0.0676,0.4125,0.0066,0.1127,131,131,131,131.0,1,1,0.1193,232.0,0.0066,-101.0,False,False,False
Q03_CD3E_CD86_BLOOD,CD3E,CD86,blood,P30_team_baseline,0.3,ACH-001669,TANOUE,blood,Leukemia,True,0.1868827147046842,0.10999487885295654,0.0965,,0.0965,0.4125,0.033,0.1109,132,132,132,132.0,1,1,0.1439,180.0,0.033,-48.0,False,False,False
Q03_CD3E_CD86_BLOOD,CD3E,CD86,blood,P30_team_baseline,0.3,ACH-000065,OCIAML5,blood,Leukemia,True,0.4054503592184455,0.14588364312585225,0.0761,,0.0761,0.5875,0.0438,0.109,133,133,133,133.0,1,1,0.1528,164.0,0.0438,-31.0,False,False,False
Q03_CD3E_CD86_BLOOD,CD3E,CD86,blood,P30_team_baseline,0.3,ACH-000567,ST486,lymphocyte,Lymphoma,True,0.9775848871406592,0.2398280201660322,0.124,,0.124,0.5,0.0719,0.1085,134,134,134,134.0,1,1,0.1804,125.0,0.0719,9.0,False,False,False
Q03_CD3E_CD86_BLOOD,CD3E,CD86,blood,P30_team_baseline,0.3,ACH-000728,KASUMI2,blood,Leukemia,True,0.06788784677291534,0.09045594492525558,0.0685,,0.0685,0.5,0.0271,0.106,135,135,136,135.5,2,2,0.1332,205.0,0.0272,-69.5,False,False,False
Q03_CD3E_CD86_BLOOD,CD3E,CD86,blood,P30_team_baseline,0.3,ACH-000773,KIJK,lymphocyte,Lymphoma,True,0.06870007310529364,0.09058931232940093,0.0685,,0.0685,0.5,0.0272,0.106,136,135,136,135.5,2,2,0.1332,205.0,0.0272,-69.5,False,False,False
Q03_CD3E_CD86_BLOOD,CD3E,CD86,blood,P30_team_baseline,0.3,ACH-001064,EB2,lymphocyte,Lymphoma,True,3.9066330551948187,0.7207771536990806,0.2908,,0.2908,0.5,0.2162,0.1059,137,137,137,137.0,1,1,0.3221,58.0,0.2162,79.0,False,False,False
Q03_CD3E_CD86_BLOOD,CD3E,CD86,blood,P30_team_baseline,0.3,ACH-000405,MEC1,blood,Leukemia,True,2.2867831854626695,0.4547981234467884,0.1813,,0.1813,0.5875,0.1364,0.1058,138,138,138,138.0,1,1,0.2422,80.0,0.1364,58.0,False,False,False
Q03_CD3E_CD86_BLOOD,CD3E,CD86,blood,P30_team_baseline,0.3,ACH-001636,RAMOS,lymphocyte,Lymphoma,True,1.5092491565968897,0.3271271887199333,0.1342,,0.1342,0.5875,0.0981,0.104,139,139,139,139.0,1,1,0.2022,104.0,0.0982,35.0,False,False,False
Q03_CD3E_CD86_BLOOD,CD3E,CD86,blood,P30_team_baseline,0.3,ACH-000146,THP1,blood,Leukemia,True,0.035454473674471715,0.08513039143679478,0.0475,,0.0475,0.5875,0.0255,0.103,140,140,140,140.0,1,1,0.1285,220.0,0.0255,-80.0,False,False,False
Q03_CD3E_CD86_BLOOD,CD3E,CD86,blood,P30_team_baseline,0.3,ACH-000315,KARPAS422,lymphocyte,Lymphoma,True,1.6016372532008292,0.3422972960247752,0.137,,0.137,0.5875,0.1027,0.1019,141,141,141,141.0,1,1,0.2046,102.0,0.1027,39.0,False,False,False
Q03_CD3E_CD86_BLOOD,CD3E,CD86,blood,P30_team_baseline,0.3,ACH-002392,SC1,lymphocyte,Lymphoma,True,0.8300516235607704,0.21560308728171293,0.1058,,0.1058,0.5,0.0647,0.1002,142,142,142,142.0,1,1,0.1649,149.0,0.0647,-7.0,False,False,False
Q03_CD3E_CD86_BLOOD,CD3E,CD86,blood,P30_team_baseline,0.3,ACH-000166,KASUMI6,blood,Leukemia,True,0.8951062686851433,0.22628504722559892,0.0935,,0.0935,0.5875,0.0679,0.0997,143,143,143,143.0,1,1,0.1676,143.0,0.0679,0.0,False,False,False
Q03_CD3E_CD86_BLOOD,CD3E,CD86,blood,P30_team_baseline,0.3,ACH-000321,MOLM6,blood,Leukemia,True,2.6152489976006694,0.5087321452447116,0.2002,,0.2002,0.5,0.1526,0.0925,144,144,144,144.0,1,1,0.2452,76.0,0.1527,68.0,False,False,False
Q03_CD3E_CD86_BLOOD,CD3E,CD86,blood,P30_team_baseline,0.3,ACH-000032,MHHCALL3,blood,Leukemia,True,0.5471554221810174,0.16915158661425544,0.08,,0.08,0.5,0.0507,0.0922,145,145,145,145.0,1,1,0.143,182.5,0.0508,-37.5,False,False,False
Q03_CD3E_CD86_BLOOD,CD3E,CD86,blood,P30_team_baseline,0.3,ACH-000498,KO52,blood,Leukemia,True,1.9341136843931153,0.3968898606831839,0.1595,,0.1595,0.5,0.1191,0.0915,146,146,146,146.0,1,1,0.2106,99.0,0.1191,47.0,False,False,False
Q03_CD3E_CD86_BLOOD,CD3E,CD86,blood,P30_team_baseline,0.3,ACH-000233,DEL,lymphocyte,Lymphoma,True,0.35515803390953415,0.13762565319434772,0.0677,,0.0677,0.5,0.0413,0.0913,147,147,147,147.0,1,1,0.1326,207.5,0.0413,-60.5,False,False,False
Q03_CD3E_CD86_BLOOD,CD3E,CD86,blood,P30_team_baseline,0.3,ACH-001121,MEC2,lymphocyte,Lymphoma,True,2.837458681917082,0.5452189317374132,0.2252,,0.2252,0.4125,0.1636,0.0897,148,148,148,148.0,1,1,0.2533,74.0,0.1636,74.0,False,False,False
Q03_CD3E_CD86_BLOOD,CD3E,CD86,blood,P30_team_baseline,0.3,ACH-000045,MV411,blood,Leukemia,True,0.0428898359385319,0.08635127645924208,0.0303,,0.0303,0.5875,0.0259,0.088,149,149,149,149.0,1,1,0.1139,235.0,0.0259,-86.0,False,False,False
Q03_CD3E_CD86_BLOOD,CD3E,CD86,blood,P30_team_baseline,0.3,ACH-001485,CII,blood,Leukemia,True,3.8249273193108455,0.7073610879249957,0.2769,,0.2769,0.4125,0.2122,0.0851,150,150,150,150.0,1,1,0.2973,61.0,0.2122,89.0,False,False,False
Q03_CD3E_CD86_BLOOD,CD3E,CD86,blood,P30_team_baseline,0.3,ACH-000112,SIGM5,blood,Leukemia,True,1.0637164000547912,0.2539707976586475,0.0851,,0.0851,0.5875,0.0762,0.0843,151,151,151,151.0,1,1,0.1604,154.0,0.0761,-3.0,False,False,False
Q03_CD3E_CD86_BLOOD,CD3E,CD86,blood,P30_team_baseline,0.3,ACH-001616,OCILY18,lymphocyte,Lymphoma,True,0.028247996726022878,0.0839470893381868,0.04,,0.04,0.5,0.0252,0.0838,152,152,152,152.0,1,1,0.109,236.0,0.0252,-84.0,False,False,False
Q03_CD3E_CD86_BLOOD,CD3E,CD86,blood,P30_team_baseline,0.3,ACH-001656,SKNO1,blood,Leukemia,True,0.597506067626633,0.17741915270074488,0.0705,,0.0705,0.5,0.0532,0.0817,153,153,153,153.0,1,1,0.1349,199.0,0.0532,-46.0,False,False,False
Q03_CD3E_CD86_BLOOD,CD3E,CD86,blood,P30_team_baseline,0.3,ACH-000576,KMS27,plasma_cell,Myeloma,True,1.5241994163077313,0.3295820184261993,0.1231,,0.1231,0.5,0.0989,0.0807,154,154,154,154.0,1,1,0.1796,127.5,0.0989,26.5,False,False,False
Q03_CD3E_CD86_BLOOD,CD3E,CD86,blood,P30_team_baseline,0.3,ACH-000770,P31FUJ,blood,Leukemia,True,0.847843854214138,0.21852456805819398,0.0836,,0.0836,0.5,0.0656,0.0805,155,155,155,155.0,1,1,0.146,176.0,0.0655,-21.0,False,False,False
Q03_CD3E_CD86_BLOOD,CD3E,CD86,blood,P30_team_baseline,0.3,ACH-000056,DOHH2,lymphocyte,Lymphoma,True,2.1809830317732537,0.4374257590044543,0.1446,,0.1446,0.5875,0.1312,0.0798,156,156,156,156.0,1,1,0.211,98.0,0.1312,58.0,False,False,False
Q03_CD3E_CD86_BLOOD,CD3E,CD86,blood,P30_team_baseline,0.3,ACH-000440,CA46,lymphocyte,Lymphoma,True,3.0448379374209065,0.579270564733791,0.2099,,0.2099,0.5,0.1738,0.0797,157,157,157,157.0,1,1,0.2535,73.0,0.1738,84.0,False,False,False
Q03_CD3E_CD86_BLOOD,CD3E,CD86,blood,P30_team_baseline,0.3,ACH-001539,KML1,lymphocyte,Lymphoma,True,3.588952608276918,0.6686140867505923,0.2558,,0.2558,0.4125,0.2006,0.0787,158,158,158,158.0,1,1,0.2793,64.0,0.2006,94.0,False,False,False
Q03_CD3E_CD86_BLOOD,CD3E,CD86,blood,P30_team_baseline,0.3,ACH-002255,KARPAS231,lymphocyte,Lymphoma,True,0.4276912181915979,0.14953558779812937,0.0712,,0.0712,0.4125,0.0449,0.0775,159,159,159,159.0,1,1,0.1224,228.0,0.0449,-69.0,False,False,False
Q03_CD3E_CD86_BLOOD,CD3E,CD86,blood,P30_team_baseline,0.3,ACH-001617,OCILY7,lymphocyte,Lymphoma,True,2.6581188358232466,0.515771364255421,0.1674,,0.1674,0.5875,0.1547,0.0757,160,160,160,160.0,1,1,0.2304,88.0,0.1547,72.0,False,False,False
Q03_CD3E_CD86_BLOOD,CD3E,CD86,blood,P30_team_baseline,0.3,ACH-002252,JIYOYEP2003,lymphocyte,Lymphoma,True,3.943396757422914,0.7268137463795674,0.2725,,0.2725,0.4125,0.218,0.0755,161,161,161,161.0,1,1,0.2935,62.0,0.218,99.0,False,False,False
Q03_CD3E_CD86_BLOOD,CD3E,CD86,blood,P30_team_baseline,0.3,ACH-001533,KARPAS1718,lymphocyte,Lymphoma,True,2.4083071672984735,0.4747523373804717,0.163,,0.163,0.5,0.1424,0.0712,162,162,162,162.0,1,1,0.2136,97.0,0.1424,65.0,False,False,False
Q03_CD3E_CD86_BLOOD,CD3E,CD86,blood,P30_team_baseline,0.3,ACH-000156,MHHCALL4,blood,Leukemia,True,0.9537759967596557,0.23591860504475953,0.078,,0.078,0.5,0.0708,0.0705,163,163,163,163.0,1,1,0.1413,187.0,0.0708,-24.0,False,False,False
Q03_CD3E_CD86_BLOOD,CD3E,CD86,blood,P30_team_baseline,0.3,ACH-000687,CI1,lymphocyte,Lymphoma,True,3.475813760908704,0.6500367102485122,0.2078,,0.2078,0.5875,0.195,0.0698,164,164,165,164.5,2,2,0.2648,69.0,0.195,95.5,False,False,False
Q03_CD3E_CD86_BLOOD,CD3E,CD86,blood,P30_team_baseline,0.3,ACH-000944,NAMALWA,lymphocyte,Lymphoma,True,1.556369315540577,0.3348643095577108,0.0967,,0.0967,0.5875,0.1005,0.0698,165,164,165,164.5,2,2,0.1703,139.0,0.1005,25.5,False,False,False
Q03_CD3E_CD86_BLOOD,CD3E,CD86,blood,P30_team_baseline,0.3,ACH-000183,L363,plasma_cell,Myeloma,True,0.682936350982204,0.19144678843766078,0.0459,,0.0459,0.5875,0.0574,0.0697,166,166,166,166.0,1,1,0.1271,223.0,0.0574,-57.0,False,False,False
Q03_CD3E_CD86_BLOOD,CD3E,CD86,blood,P30_team_baseline,0.3,ACH-000626,U266B1,plasma_cell,Myeloma,True,1.8406118816603179,0.3815368830508661,0.1125,,0.1125,0.5875,0.1145,0.0693,167,167,167,167.0,1,1,0.1838,120.0,0.1145,47.0,False,False,False
Q03_CD3E_CD86_BLOOD,CD3E,CD86,blood,P30_team_baseline,0.3,ACH-000218,PL21,blood,Leukemia,True,1.1636481266450776,0.27037956752465775,0.0707,,0.0707,0.5875,0.0811,0.0671,168,168,168,168.0,1,1,0.1482,172.0,0.0811,-4.0,False,False,False
Q03_CD3E_CD86_BLOOD,CD3E,CD86,blood,P30_team_baseline,0.3,ACH-000113,OCIAML2,blood,Leukemia,True,1.295761927134439,0.2920726275999817,0.0724,,0.0724,0.5875,0.0876,0.0621,169,169,169,169.0,1,1,0.1497,169.5,0.0876,-0.5,False,False,False
Q03_CD3E_CD86_BLOOD,CD3E,CD86,blood,P30_team_baseline,0.3,ACH-002307,SUDHL16,lymphocyte,Lymphoma,True,3.2215393562502785,0.6082849029775025,0.199,,0.199,0.5,0.1825,0.0617,170,170,170,170.0,1,1,0.2441,77.0,0.1824,93.0,False,False,False
Q03_CD3E_CD86_BLOOD,CD3E,CD86,blood,P30_team_baseline,0.3,ACH-002273,ML2,blood,Leukemia,True,0.07022737987282085,0.09084009580045915,0.0152,,0.0152,0.5,0.0273,0.0607,171,171,171,171.0,1,1,0.0879,238.0,0.0272,-67.0,False,False,False
Q03_CD3E_CD86_BLOOD,CD3E,CD86,blood,P30_team_baseline,0.3,ACH-001677,U2904,lymphocyte,Lymphoma,True,0.8995046451227285,0.22700725977221406,0.0774,,0.0774,0.4125,0.0681,0.0596,172,172,172,172.0,1,1,0.1277,221.5,0.0681,-49.5,False,False,False
Q03_CD3E_CD86_BLOOD,CD3E,CD86,blood,P30_team_baseline,0.3,ACH-000245,BL41,lymphocyte,Lymphoma,True,1.7814413267005984,0.3718210895555846,0.1118,,0.1118,0.5,0.1115,0.0585,173,173,173,173.0,1,1,0.17,140.0,0.1115,33.0,False,False,False
Q03_CD3E_CD86_BLOOD,CD3E,CD86,blood,P30_team_baseline,0.3,ACH-000073,GRANTA519,lymphocyte,Lymphoma,True,1.7368422599783038,0.36449793156507604,0.0934,,0.0934,0.5875,0.1093,0.0582,174,174,174,174.0,1,1,0.1675,144.0,0.1093,30.0,False,False,False
Q03_CD3E_CD86_BLOOD,CD3E,CD86,blood,P30_team_baseline,0.3,ACH-000362,MOLM13,blood,Leukemia,True,1.1048477187871073,0.26072455211073653,0.0442,,0.0442,0.5875,0.0782,0.0474,175,175,175,175.0,1,1,0.1257,224.0,0.0783,-49.0,False,False,False
Q03_CD3E_CD86_BLOOD,CD3E,CD86,blood,P30_team_baseline,0.3,ACH-000053,KARPAS299,lymphocyte,Lymphoma,True,1.265396291463966,0.28708659619081023,0.0685,,0.0685,0.5,0.0861,0.0471,176,176,176,176.0,1,1,0.1332,205.0,0.0861,-29.0,False,False,False
Q03_CD3E_CD86_BLOOD,CD3E,CD86,blood,P30_team_baseline,0.3,ACH-001735,SEMK2,blood,Leukemia,True,1.1210319349596658,0.2633819972255004,0.0733,,0.0733,0.4125,0.079,0.0452,177,177,177,177.0,1,1,0.1242,225.5,0.079,-48.5,False,False,False
Q03_CD3E_CD86_BLOOD,CD3E,CD86,blood,P30_team_baseline,0.3,ACH-000084,MUTZ3,blood,Leukemia,True,2.159223435683596,0.43385283760306187,0.1024,,0.1024,0.5875,0.1302,0.045,178,178,178,178.0,1,1,0.1751,133.0,0.1301,45.0,False,False,False
Q03_CD3E_CD86_BLOOD,CD3E,CD86,blood,P30_team_baseline,0.3,ACH-000301,LAMA84,blood,Leukemia,True,1.2779807562531342,0.2891529628358997,0.0656,,0.0656,0.5,0.0867,0.044,179,179,179,179.0,1,1,0.1308,216.0,0.0868,-37.0,False,False,False
Q03_CD3E_CD86_BLOOD,CD3E,CD86,blood,P30_team_baseline,0.3,ACH-000295,EM2,blood,Leukemia,True,1.57928172254159,0.3386265222841797,0.0622,,0.0622,0.5875,0.1016,0.0394,180,180,180,180.0,1,1,0.141,188.0,0.1016,-8.0,False,False,False
Q03_CD3E_CD86_BLOOD,CD3E,CD86,blood,P30_team_baseline,0.3,ACH-000006,MONOMAC6,blood,Leukemia,True,1.6187674116196227,0.3451100646704598,0.0604,,0.0604,0.5875,0.1035,0.036,181,181,182,181.5,2,2,0.1395,191.5,0.1035,-10.0,False,False,False
Q03_CD3E_CD86_BLOOD,CD3E,CD86,blood,P30_team_baseline,0.3,ACH-000373,SKM1,blood,Leukemia,True,1.727435314153972,0.362953312909518,0.0667,,0.0667,0.5875,0.1089,0.036,182,181,182,181.5,2,2,0.1448,177.0,0.1088,4.5,False,False,False
Q03_CD3E_CD86_BLOOD,CD3E,CD86,blood,P30_team_baseline,0.3,ACH-000815,KMH2,lymphocyte,Lymphoma,True,2.6107962674846426,0.5080010078347788,0.1178,,0.1178,0.5875,0.1524,0.0359,183,183,183,183.0,1,1,0.1883,112.0,0.1524,71.0,False,False,False
Q03_CD3E_CD86_BLOOD,CD3E,CD86,blood,P30_team_baseline,0.3,ACH-000334,DB,lymphocyte,Lymphoma,True,3.2415289280873196,0.6115671867444875,0.1525,,0.1525,0.5875,0.1835,0.0343,184,184,184,184.0,1,1,0.2177,95.0,0.1834,89.0,False,False,False
Q03_CD3E_CD86_BLOOD,CD3E,CD86,blood,P30_team_baseline,0.3,ACH-001638,RCK8,lymphocyte,Lymphoma,True,2.5830927056620445,0.5034520884282367,0.1139,,0.1139,0.5875,0.151,0.0339,185,185,185,185.0,1,1,0.1849,118.5,0.151,66.5,False,False,False
Q03_CD3E_CD86_BLOOD,CD3E,CD86,blood,P30_team_baseline,0.3,ACH-000557,AML193,blood,Leukemia,True,1.54892404391801,0.33364179742054423,0.0656,,0.0656,0.5,0.1001,0.0307,186,186,186,186.0,1,1,0.1308,216.0,0.1001,-30.0,False,False,False
Q03_CD3E_CD86_BLOOD,CD3E,CD86,blood,P30_team_baseline,0.3,ACH-000817,RPMI8226,plasma_cell,Myeloma,True,2.7368179353182995,0.5286937409253553,0.1112,,0.1112,0.5875,0.1586,0.024,187,187,187,187.0,1,1,0.1826,121.0,0.1586,66.0,False,False,False
Q03_CD3E_CD86_BLOOD,CD3E,CD86,blood,P30_team_baseline,0.3,ACH-000782,SEM,blood,Leukemia,True,1.7792192257796273,0.3714562210210825,0.0705,,0.0705,0.5,0.1114,0.0235,188,188,188,188.0,1,1,0.1349,199.0,0.1114,-11.0,False,False,False
Q03_CD3E_CD86_BLOOD,CD3E,CD86,blood,P30_team_baseline,0.3,ACH-000069,HS611T,lymphocyte,Lymphoma,True,3.738033072987709,0.6930930697565261,0.1834,,0.1834,0.5,0.2079,0.023,189,189,189,189.0,1,1,0.2309,86.0,0.2079,103.0,False,False,False
Q03_CD3E_CD86_BLOOD,CD3E,CD86,blood,P30_team_baseline,0.3,ACH-000583,MC116,lymphocyte,Lymphoma,True,3.977480964896332,0.7324103665479518,0.1814,,0.1814,0.5875,0.2197,0.0226,190,190,190,190.0,1,1,0.2423,79.0,0.2197,111.0,False,False,False
Q03_CD3E_CD86_BLOOD,CD3E,CD86,blood,P30_team_baseline,0.3,ACH-000167,KE97,plasma_cell,Myeloma,True,2.873318596479089,0.5511071226607547,0.1325,,0.1325,0.5,0.1653,0.0223,191,191,191,191.0,1,1,0.1876,113.0,0.1653,78.0,False,False,False
Q03_CD3E_CD86_BLOOD,CD3E,CD86,blood,P30_team_baseline,0.3,ACH-000534,WSUDLCL2,lymphocyte,Lymphoma,True,2.9492511988881733,0.5635752410528873,0.1213,,0.1213,0.5875,0.1691,0.0222,192,192,192,192.0,1,1,0.1913,109.0,0.1691,83.0,False,False,False
Q03_CD3E_CD86_BLOOD,CD3E,CD86,blood,P30_team_baseline,0.3,ACH-001709,WSUNHL,lymphocyte,Lymphoma,True,3.837601547624509,0.7094421937231657,0.1707,,0.1707,0.5875,0.2128,0.0204,193,193,193,193.0,1,1,0.2332,84.0,0.2128,109.0,False,False,False
Q03_CD3E_CD86_BLOOD,CD3E,CD86,blood,P30_team_baseline,0.3,ACH-000271,SUDHL10,lymphocyte,Lymphoma,True,4.063276539122359,0.7464979829740042,0.1802,,0.1802,0.5875,0.2239,0.0174,194,194,194,194.0,1,1,0.2413,81.0,0.2239,113.0,False,False,False
Q03_CD3E_CD86_BLOOD,CD3E,CD86,blood,P30_team_baseline,0.3,ACH-000034,PLB985,blood,Leukemia,True,2.639336630095557,0.5126873297663014,0.1078,,0.1078,0.5,0.1538,0.0129,195,195,195,195.0,1,1,0.1667,145.0,0.1538,50.0,False,False,False
Q03_CD3E_CD86_BLOOD,CD3E,CD86,blood,P30_team_baseline,0.3,ACH-002254,KARPAS1106P,lymphocyte,Lymphoma,True,3.452145365210393,0.6461503643265254,0.1539,,0.1539,0.5,0.1938,0.012,196,196,196,196.0,1,1,0.2058,100.5,0.1938,95.5,False,False,False
Q03_CD3E_CD86_BLOOD,CD3E,CD86,blood,P30_team_baseline,0.3,ACH-000220,MINO,lymphocyte,Lymphoma,True,3.1177704287902306,0.5912460654828229,0.1143,,0.1143,0.5875,0.1774,0.0079,197,197,197,197.0,1,1,0.1852,117.0,0.1773,80.0,False,False,False
Q03_CD3E_CD86_BLOOD,CD3E,CD86,blood,P30_team_baseline,0.3,ACH-001993,NALM16,blood,Leukemia,True,1.7831155566143402,0.37209599777837565,0.0676,,0.0676,0.4125,0.1116,0.0077,198,198,198,198.0,1,1,0.1193,232.0,0.1116,-34.0,False,False,False
Q03_CD3E_CD86_BLOOD,CD3E,CD86,blood,P30_team_baseline,0.3,ACH-000357,JEKO1,lymphocyte,Lymphoma,True,2.430880159347057,0.47845881823845865,0.0705,,0.0705,0.5875,0.1435,0.0045,199,199,199,199.0,1,1,0.1481,173.0,0.1436,26.0,False,False,False
Q03_CD3E_CD86_BLOOD,CD3E,CD86,blood,P30_team_baseline,0.3,ACH-001634,PGA1,blood,Leukemia,True,4.0555180985110635,0.745224048550437,0.1945,,0.1945,0.4125,0.2236,0.0036,200,200,200,200.0,1,1,0.2272,89.0,0.2236,111.0,False,False,False
Q03_CD3E_CD86_BLOOD,CD3E,CD86,blood,P30_team_baseline,0.3,ACH-000038,EHEB,lymphocyte,Lymphoma,True,4.113031780919536,0.7546677838984377,0.1076,,0.1076,0.5875,0.2264,0.0,201,201,239,220.0,39,17,0.1796,127.5,0.1796,92.5,False,False,True
Q03_CD3E_CD86_BLOOD,CD3E,CD86,blood,P30_team_baseline,0.3,ACH-000106,JVM2,lymphocyte,Lymphoma,True,5.09743731591973,0.9163069792750042,0.1332,,0.1332,0.5875,0.2749,0.0,202,201,239,220.0,39,17,0.2014,105.0,0.2014,115.0,False,False,True
Q03_CD3E_CD86_BLOOD,CD3E,CD86,blood,P30_team_baseline,0.3,ACH-000140,PFEIFFER,lymphocyte,Lymphoma,True,4.342919835756525,0.7924153573215469,0.1149,,0.1149,0.5875,0.2377,0.0,203,201,239,220.0,39,17,0.1858,115.0,0.1858,105.0,False,False,True
Q03_CD3E_CD86_BLOOD,CD3E,CD86,blood,P30_team_baseline,0.3,ACH-000158,OCILY3,lymphocyte,Lymphoma,True,3.4439351066588197,0.644802241485963,0.0725,,0.0725,0.5875,0.1934,0.0,204,201,239,220.0,39,17,0.1497,169.5,0.1497,50.5,False,False,True
Q03_CD3E_CD86_BLOOD,CD3E,CD86,blood,P30_team_baseline,0.3,ACH-000168,NOMO1,blood,Leukemia,True,3.2323186613244688,0.6100548627521702,0.0604,,0.0604,0.5875,0.183,0.0,205,201,239,220.0,39,17,0.1395,191.5,0.1395,28.5,False,False,True
Q03_CD3E_CD86_BLOOD,CD3E,CD86,blood,P30_team_baseline,0.3,ACH-000198,EOL1,blood,Leukemia,True,2.8556493101228377,0.5482058293136972,0.062,,0.062,0.5875,0.1645,0.0,206,201,239,220.0,39,17,0.1408,189.0,0.1408,31.0,False,False,True
Q03_CD3E_CD86_BLOOD,CD3E,CD86,blood,P30_team_baseline,0.3,ACH-000267,HDLM2,lymphocyte,Lymphoma,True,5.305989487011529,0.9505512047804081,0.0771,,0.0771,0.5875,0.2852,0.0,207,201,239,220.0,39,17,0.1536,161.0,0.1536,59.0,False,False,True
Q03_CD3E_CD86_BLOOD,CD3E,CD86,blood,P30_team_baseline,0.3,ACH-000346,JVM3,blood,Leukemia,True,4.619648368460783,0.837854128004653,0.159,,0.159,0.5875,0.2514,0.0,208,201,239,220.0,39,17,0.2233,92.0,0.2233,128.0,False,False,True
Q03_CD3E_CD86_BLOOD,CD3E,CD86,blood,P30_team_baseline,0.3,ACH-000398,RI1,lymphocyte,Lymphoma,True,3.3535083270940214,0.62995418205348,0.1025,,0.1025,0.5875,0.189,0.0,209,201,239,220.0,39,17,0.1752,132.0,0.1752,88.0,False,False,True
Q03_CD3E_CD86_BLOOD,CD3E,CD86,blood,P30_team_baseline,0.3,ACH-000611,SUDHL6,lymphocyte,Lymphoma,True,3.7555048509610516,0.6959619322659273,0.1,,0.1,0.5875,0.2088,0.0,210,201,239,220.0,39,17,0.1731,135.0,0.1731,85.0,False,False,True
Q03_CD3E_CD86_BLOOD,CD3E,CD86,blood,P30_team_baseline,0.3,ACH-000654,RAJI,lymphocyte,Lymphoma,True,3.251275245591946,0.6131675301632514,0.0752,,0.0752,0.5875,0.184,0.0,211,201,239,220.0,39,17,0.152,165.0,0.152,55.0,False,False,True
Q03_CD3E_CD86_BLOOD,CD3E,CD86,blood,P30_team_baseline,0.3,ACH-000702,L1236,lymphocyte,Lymphoma,True,5.286016007944231,0.947271563443052,0.1234,,0.1234,0.5875,0.2842,0.0,212,201,239,220.0,39,17,0.1931,107.0,0.1931,113.0,False,False,True
Q03_CD3E_CD86_BLOOD,CD3E,CD86,blood,P30_team_baseline,0.3,ACH-000754,L428,lymphocyte,Lymphoma,True,4.501172820914646,0.8184004663822079,0.0941,,0.0941,0.5875,0.2455,0.0,213,201,239,220.0,39,17,0.1681,142.0,0.1681,78.0,False,False,True
Q03_CD3E_CD86_BLOOD,CD3E,CD86,blood,P30_team_baseline,0.3,ACH-000786,DAUDI,lymphocyte,Lymphoma,True,3.3142876202772107,0.6235141497024141,0.0917,,0.0917,0.5875,0.1871,0.0,214,201,239,220.0,39,17,0.1661,146.0,0.1661,74.0,False,False,True
Q03_CD3E_CD86_BLOOD,CD3E,CD86,blood,P30_team_baseline,0.3,ACH-000806,L540,lymphocyte,Lymphoma,True,4.345413942308444,0.792824889127192,0.1146,,0.1146,0.5875,0.2378,0.0,215,201,239,220.0,39,17,0.1856,116.0,0.1856,104.0,False,False,True
Q03_CD3E_CD86_BLOOD,CD3E,CD86,blood,P30_team_baseline,0.3,ACH-000914,HT,lymphocyte,Lymphoma,True,3.1300798917706825,0.5932672768849687,0.1009,,0.1009,0.5875,0.178,0.0,216,201,239,220.0,39,17,0.1739,134.0,0.1739,86.0,False,False,True
Q03_CD3E_CD86_BLOOD,CD3E,CD86,blood,P30_team_baseline,0.3,ACH-001498,FARAGE,lymphocyte,Lymphoma,True,3.477947483621753,0.650387067098643,0.0767,,0.0767,0.5875,0.1951,0.0,217,201,239,220.0,39,17,0.1533,163.0,0.1533,57.0,False,False,True
Q03_CD3E_CD86_BLOOD,CD3E,CD86,blood,P30_team_baseline,0.3,ACH-000080,BDCM,blood,Leukemia,True,3.5186404106733793,0.6570688377229221,0.1046,,0.1046,0.5,0.1971,0.0,218,201,239,220.0,39,11,0.1639,151.0,0.1639,69.0,False,False,True
Q03_CD3E_CD86_BLOOD,CD3E,CD86,blood,P30_team_baseline,0.3,ACH-000206,C8166,lymphocyte,Lymphoma,True,4.595317259597154,0.8338589647111675,0.079,,0.079,0.5,0.2502,0.0,219,201,239,220.0,39,11,0.1421,185.0,0.1421,35.0,False,False,True
Q03_CD3E_CD86_BLOOD,CD3E,CD86,blood,P30_team_baseline,0.3,ACH-000226,SUPM2,lymphocyte,Lymphoma,True,3.1225884092701532,0.5920371769307228,0.08,,0.08,0.5,0.1776,0.0,220,201,239,220.0,39,11,0.143,182.5,0.143,37.5,False,False,True
Q03_CD3E_CD86_BLOOD,CD3E,CD86,blood,P30_team_baseline,0.3,ACH-000336,OCIAML3,blood,Leukemia,True,3.956575681802006,0.7289777231724902,0.067,,0.067,0.5,0.2187,0.0,221,201,239,220.0,39,11,0.132,211.0,0.132,9.0,False,False,True
Q03_CD3E_CD86_BLOOD,CD3E,CD86,blood,P30_team_baseline,0.3,ACH-000707,P3HR1,lymphocyte,Lymphoma,True,3.7872679040197803,0.7011774193356084,0.1389,,0.1389,0.5,0.2104,0.0,222,201,239,220.0,39,11,0.193,108.0,0.193,112.0,False,False,True
Q03_CD3E_CD86_BLOOD,CD3E,CD86,blood,P30_team_baseline,0.3,ACH-000829,HUNS1,plasma_cell,Myeloma,True,3.8938462311538355,0.7186775597046138,0.0881,,0.0881,0.5,0.2156,0.0,223,201,239,220.0,39,11,0.1499,168.0,0.1499,52.0,False,False,True
Q03_CD3E_CD86_BLOOD,CD3E,CD86,blood,P30_team_baseline,0.3,ACH-000877,EB1,lymphocyte,Lymphoma,True,4.358538601327014,0.794979955558582,0.1069,,0.1069,0.5,0.2385,0.0,224,201,239,220.0,39,11,0.1659,147.0,0.1659,73.0,False,False,True
Q03_CD3E_CD86_BLOOD,CD3E,CD86,blood,P30_team_baseline,0.3,ACH-001129,MONOMAC1,blood,Leukemia,True,2.4918324902879654,0.4884671789996694,0.067,,0.067,0.5,0.1465,0.0,225,201,239,220.0,39,11,0.132,211.0,0.132,9.0,False,False,True
Q03_CD3E_CD86_BLOOD,CD3E,CD86,blood,P30_team_baseline,0.3,ACH-001146,OCILY10,lymphocyte,Lymphoma,True,2.9082492346869664,0.5568427265893836,0.0635,,0.0635,0.5,0.1671,0.0,226,201,239,220.0,39,11,0.1289,219.0,0.1289,1.0,False,False,True
Q03_CD3E_CD86_BLOOD,CD3E,CD86,blood,P30_team_baseline,0.3,ACH-001703,VAL,lymphocyte,Lymphoma,True,2.6861665636410343,0.5203767956507324,0.0296,,0.0296,0.5,0.1561,0.0,227,201,239,220.0,39,11,0.1002,237.0,0.1002,-17.0,False,False,True
Q03_CD3E_CD86_BLOOD,CD3E,CD86,blood,P30_team_baseline,0.3,ACH-002062,SLVL,lymphocyte,Lymphoma,True,5.607139635648773,1.0,0.1042,,0.1042,0.5,0.3,0.0,228,201,239,220.0,39,11,0.1636,152.0,0.1636,68.0,False,False,True
Q03_CD3E_CD86_BLOOD,CD3E,CD86,blood,P30_team_baseline,0.3,ACH-001068,FEPD,lymphocyte,Lymphoma,True,2.7918460074068077,0.537729339547328,0.0733,,0.0733,0.4125,0.1613,0.0,229,201,239,220.0,39,11,0.1242,225.5,0.1242,-5.5,False,False,True
Q03_CD3E_CD86_BLOOD,CD3E,CD86,blood,P30_team_baseline,0.3,ACH-001111,L82,lymphocyte,Lymphoma,True,3.6645092993470825,0.6810204805747542,0.0941,,0.0941,0.4125,0.2043,0.0,230,201,239,220.0,39,11,0.1419,186.0,0.1419,34.0,False,False,True
Q03_CD3E_CD86_BLOOD,CD3E,CD86,blood,P30_team_baseline,0.3,ACH-001119,MAC2A,lymphocyte,Lymphoma,True,4.574612549546131,0.8304592553899965,0.0774,,0.0774,0.4125,0.2491,0.0,231,201,239,220.0,39,11,0.1277,221.5,0.1277,-1.5,False,False,True
Q03_CD3E_CD86_BLOOD,CD3E,CD86,blood,P30_team_baseline,0.3,ACH-001134,MYLA,lymphocyte,Lymphoma,True,4.453552508348063,0.8105812204178489,0.1145,,0.1145,0.4125,0.2432,0.0,232,201,239,220.0,39,11,0.1592,155.0,0.1592,65.0,False,False,True
Q03_CD3E_CD86_BLOOD,CD3E,CD86,blood,P30_team_baseline,0.3,ACH-001147,OCILY12,lymphocyte,Lymphoma,True,3.4366439601837047,0.643605036667717,0.1491,,0.1491,0.4125,0.1931,0.0,233,201,239,220.0,39,11,0.1886,111.0,0.1886,109.0,False,False,True
Q03_CD3E_CD86_BLOOD,CD3E,CD86,blood,P30_team_baseline,0.3,ACH-001520,HG3,blood,Leukemia,True,3.632095222609985,0.6756980955450341,0.0719,,0.0719,0.4125,0.2027,0.0,234,201,239,220.0,39,11,0.123,227.0,0.123,-7.0,False,False,True
Q03_CD3E_CD86_BLOOD,CD3E,CD86,blood,P30_team_baseline,0.3,ACH-001574,MOLM14,blood,Leukemia,True,2.915683857073844,0.5580634901241429,0.0676,,0.0676,0.4125,0.1674,0.0,235,201,239,220.0,39,11,0.1193,232.0,0.1193,-12.0,False,False,True
Q03_CD3E_CD86_BLOOD,CD3E,CD86,blood,P30_team_baseline,0.3,ACH-001685,UHO1,lymphocyte,Lymphoma,True,5.126123320851864,0.9210172156470471,0.0676,,0.0676,0.4125,0.2763,0.0,236,201,239,220.0,39,11,0.1193,232.0,0.1193,-12.0,False,False,True
Q03_CD3E_CD86_BLOOD,CD3E,CD86,blood,P30_team_baseline,0.3,ACH-002055,TL1,lymphocyte,Lymphoma,True,3.209734234903007,0.6063465043724039,0.0705,,0.0705,0.4125,0.1819,0.0,237,201,239,220.0,39,11,0.1218,229.0,0.1218,-9.0,False,False,True
Q03_CD3E_CD86_BLOOD,CD3E,CD86,blood,P30_team_baseline,0.3,ACH-002210,ARH77,blood,Non-Cancerous,True,2.881443147352859,0.5524411723174664,0.1124,,0.1124,0.4125,0.1657,0.0,238,201,239,220.0,39,11,0.1574,158.0,0.1574,62.0,False,False,True
Q03_CD3E_CD86_BLOOD,CD3E,CD86,blood,P30_team_baseline,0.3,ACH-002247,IM9,blood,Non-Cancerous,True,3.2465492163516023,0.6123915170908187,0.0,,0.0,0.4125,0.1837,0.0,239,201,239,220.0,39,11,0.0619,239.0,0.0619,-19.0,False,False,True
Q03_CD3E_CD86_BLOOD,CD3E,CD86,blood,P45_stress,0.45,ACH-000964,MOLT3,blood,Leukemia,True,-0.3657433353478568,0.01925379004487173,1.0,,1.0,0.5,0.0087,0.9163,1,1,1,1.0,1,1,0.925,1.0,0.0087,0.0,True,True,False
Q03_CD3E_CD86_BLOOD,CD3E,CD86,blood,P45_stress,0.45,ACH-000942,HPBALL,blood,Leukemia,True,-0.3887027004104209,0.015483866813925069,0.9881,,0.9881,0.5,0.007,0.9079,2,2,2,2.0,1,1,0.9149,2.0,0.007,0.0,True,True,False
Q03_CD3E_CD86_BLOOD,CD3E,CD86,blood,P45_stress,0.45,ACH-000937,PF382,blood,Leukemia,True,-0.36014017168299595,0.020173828417422268,0.9697,,0.9697,0.5,0.0091,0.8902,3,3,3,3.0,1,1,0.8992,4.0,0.009,-1.0,True,True,False
Q03_CD3E_CD86_BLOOD,CD3E,CD86,blood,P45_stress,0.45,ACH-000918,MOLT16,blood,Leukemia,True,-0.3657433353478568,0.01925379004487173,0.9616,,0.9616,0.5,0.0087,0.8837,4,4,4,4.0,1,1,0.8924,5.0,0.0087,-1.0,True,True,False
Q03_CD3E_CD86_BLOOD,CD3E,CD86,blood,P45_stress,0.45,ACH-000981,DND41,blood,Leukemia,True,-0.17596187591287216,0.05041586838533468,0.9767,,0.9767,0.5,0.0227,0.8825,5,5,5,5.0,1,1,0.9052,3.0,0.0227,2.0,True,True,False
Q03_CD3E_CD86_BLOOD,CD3E,CD86,blood,P45_stress,0.45,ACH-000101,KE37,blood,Leukemia,True,-0.3467709743158204,0.022369047997592897,0.9367,,0.9367,0.5,0.0101,0.8611,6,6,6,6.0,1,1,0.8712,9.0,0.0101,-3.0,True,True,False
Q03_CD3E_CD86_BLOOD,CD3E,CD86,blood,P45_stress,0.45,ACH-000197,TALL1,blood,Leukemia,True,-0.257626594421581,0.037006537656207,0.9441,,0.9441,0.5,0.0167,0.8609,7,7,7,7.0,1,1,0.8775,8.0,0.0166,-1.0,True,True,False
Q03_CD3E_CD86_BLOOD,CD3E,CD86,blood,P45_stress,0.45,ACH-000372,P12ICHIKAWA,blood,Leukemia,True,-0.3887027004104209,0.015483866813925069,0.9146,,0.9146,0.5,0.007,0.8454,8,8,8,8.0,1,1,0.8524,11.0,0.007,-3.0,True,False,False
Q03_CD3E_CD86_BLOOD,CD3E,CD86,blood,P45_stress,0.45,ACH-000636,RPMI8402,blood,Leukemia,True,-0.39458463292776547,0.014518054650584629,0.9134,,0.9134,0.5,0.0065,0.8449,9,9,9,9.0,1,1,0.8514,12.0,0.0065,-3.0,True,False,False
Q03_CD3E_CD86_BLOOD,CD3E,CD86,blood,P45_stress,0.45,ACH-000104,LOUCY,blood,Leukemia,True,-0.2722124834564661,0.03461153754332136,0.9192,,0.9192,0.5,0.0156,0.8407,10,10,10,10.0,1,1,0.8563,10.0,0.0156,0.0,True,True,False
Q03_CD3E_CD86_BLOOD,CD3E,CD86,blood,P45_stress,0.45,ACH-000519,PEER,blood,Leukemia,True,-0.30677596204836227,0.028936221151476635,0.9085,,0.9085,0.5,0.013,0.8342,11,11,11,11.0,1,1,0.8472,13.0,0.013,-2.0,False,False,False
Q03_CD3E_CD86_BLOOD,CD3E,CD86,blood,P45_stress,0.45,ACH-001127,MOLT4,blood,Leukemia,True,-0.4056994774464277,0.01269299936507991,0.9115,,0.9115,0.4125,0.0057,0.831,12,12,12,12.0,1,1,0.8367,14.0,0.0057,-2.0,False,False,False
Q03_CD3E_CD86_BLOOD,CD3E,CD86,blood,P45_stress,0.45,ACH-000105,ALLSIL,blood,Leukemia,True,-0.39458463292776547,0.014518054650584629,0.891,,0.891,0.5,0.0065,0.8259,13,13,13,13.0,1,1,0.8324,17.0,0.0065,-4.0,False,False,False
Q03_CD3E_CD86_BLOOD,CD3E,CD86,blood,P45_stress,0.45,ACH-000122,SUPT11,blood,Leukemia,True,-0.38287871890932146,0.016440163431787475,0.89,,0.89,0.5,0.0074,0.8241,14,14,14,14.0,1,1,0.8315,18.0,0.0074,-4.0,False,False,False
Q03_CD3E_CD86_BLOOD,CD3E,CD86,blood,P45_stress,0.45,ACH-000995,JURKAT,blood,Leukemia,True,-0.4830016367502353,0.0,0.8653,,0.8653,0.5875,0.0,0.8236,15,15,15,15.0,1,1,0.8236,20.0,0.0,-5.0,False,False,False
Q03_CD3E_CD86_BLOOD,CD3E,CD86,blood,P45_stress,0.45,ACH-000953,SUPT1,blood,Leukemia,True,-0.2590355545381271,0.036775186681980564,0.8954,,0.8954,0.5,0.0165,0.8196,16,16,16,16.0,1,1,0.8361,16.0,0.0165,0.0,False,False,False
Q03_CD3E_CD86_BLOOD,CD3E,CD86,blood,P45_stress,0.45,ACH-001737,CTV1DM,blood,Leukemia,True,-0.3371007597900634,0.023956895322183407,0.9022,,0.9022,0.4125,0.0108,0.8179,17,17,17,17.0,1,1,0.8287,19.0,0.0108,-2.0,False,False,False
Q03_CD3E_CD86_BLOOD,CD3E,CD86,blood,P45_stress,0.45,ACH-000795,MOLT13,blood,Leukemia,True,-0.14246221571893572,0.05591650600531232,0.827,,0.827,0.4125,0.0252,0.7396,18,18,18,18.0,1,1,0.7648,22.0,0.0252,-4.0,False,False,False
Q03_CD3E_CD86_BLOOD,CD3E,CD86,blood,P45_stress,0.45,ACH-000920,CMLT1,blood,Leukemia,True,0.8382818311939599,0.21695448575755608,0.866,,0.866,0.5,0.0976,0.7135,19,19,19,19.0,1,1,0.8111,21.0,0.0976,-2.0,False,False,False
Q03_CD3E_CD86_BLOOD,CD3E,CD86,blood,P45_stress,0.45,ACH-001100,KHYG,lymphocyte,Lymphoma,True,0.010203728775923848,0.08098422408711667,0.7717,,0.7717,0.5,0.0364,0.6945,20,20,20,20.0,1,1,0.7309,24.5,0.0364,-4.5,False,False,False
Q03_CD3E_CD86_BLOOD,CD3E,CD86,blood,P45_stress,0.45,ACH-001197,SMZ1,lymphocyte,Lymphoma,True,-0.3371007597900634,0.023956895322183407,0.7495,,0.7495,0.4125,0.0108,0.6882,21,21,21,21.0,1,1,0.699,27.0,0.0108,-6.0,False,False,False
Q03_CD3E_CD86_BLOOD,CD3E,CD86,blood,P45_stress,0.45,ACH-001738,CCRFCEM,blood,Leukemia,True,0.09177541605816043,0.09437827910714154,0.7491,,0.7491,0.4125,0.0425,0.6561,22,22,22,22.0,1,1,0.6986,28.0,0.0425,-6.0,False,False,False
Q03_CD3E_CD86_BLOOD,CD3E,CD86,blood,P45_stress,0.45,ACH-000509,HUT78,lymphocyte,Lymphoma,True,0.7181876894072575,0.19723505127892121,0.753,,0.753,0.5875,0.0888,0.6394,23,23,23,23.0,1,1,0.7282,26.0,0.0888,-3.0,False,False,False
Q03_CD3E_CD86_BLOOD,CD3E,CD86,blood,P45_stress,0.45,ACH-002222,CTV1,blood,Leukemia,True,-0.15680367537766368,0.05356164114795268,0.6963,,0.6963,0.4125,0.0241,0.6296,24,24,24,24.0,1,1,0.6538,31.0,0.0242,-7.0,False,False,False
Q03_CD3E_CD86_BLOOD,CD3E,CD86,blood,P45_stress,0.45,ACH-000061,HH,lymphocyte,Lymphoma,True,0.02213879197394312,0.08294395911856987,0.6923,,0.6923,0.5,0.0373,0.6261,25,25,25,25.0,1,1,0.6634,29.0,0.0373,-4.0,False,False,False
Q03_CD3E_CD86_BLOOD,CD3E,CD86,blood,P45_stress,0.45,ACH-001148,OCILY132,lymphocyte,Lymphoma,True,3.1038248533472674,0.5889562047358865,0.9709,,0.9709,0.4125,0.265,0.6221,26,26,26,26.0,1,1,0.8871,6.0,0.265,20.0,False,True,False
Q03_CD3E_CD86_BLOOD,CD3E,CD86,blood,P45_stress,0.45,ACH-001132,MTA,lymphocyte,Lymphoma,True,3.042205164030771,0.5788382638605637,0.963,,0.963,0.4125,0.2605,0.6199,27,27,27,27.0,1,1,0.8804,7.0,0.2605,20.0,False,True,False
Q03_CD3E_CD86_BLOOD,CD3E,CD86,blood,P45_stress,0.45,ACH-000598,KMS21BM,plasma_cell,Myeloma,True,0.2633245841541821,0.12254661879303615,0.6112,,0.6112,0.5,0.0551,0.5393,28,28,28,28.0,1,1,0.5945,33.0,0.0552,-5.0,False,False,False
Q03_CD3E_CD86_BLOOD,CD3E,CD86,blood,P45_stress,0.45,ACH-001097,KARPAS384,lymphocyte,Lymphoma,True,3.7420377969985226,0.6937506446520318,0.911,,0.911,0.4125,0.3122,0.5241,29,29,29,29.0,1,1,0.8363,15.0,0.3122,14.0,False,False,False
Q03_CD3E_CD86_BLOOD,CD3E,CD86,blood,P45_stress,0.45,ACH-000436,OCIMY7,plasma_cell,Myeloma,True,-0.04577030984064717,0.0717932979471518,0.5396,,0.5396,0.5,0.0323,0.5013,30,30,30,30.0,1,1,0.5336,36.0,0.0323,-6.0,False,False,False
Q03_CD3E_CD86_BLOOD,CD3E,CD86,blood,P45_stress,0.45,ACH-000050,NCIH929,plasma_cell,Myeloma,True,0.30401216468077835,0.12922751151895623,0.5198,,0.5198,0.5875,0.0582,0.4718,31,31,31,31.0,1,1,0.53,38.0,0.0582,-7.0,False,False,False
Q03_CD3E_CD86_BLOOD,CD3E,CD86,blood,P45_stress,0.45,ACH-000426,KMS20,plasma_cell,Myeloma,True,0.7921956778008061,0.20938714842795755,0.5673,,0.5673,0.4125,0.0942,0.4498,32,32,32,32.0,1,1,0.544,35.0,0.0942,-3.0,False,False,False
Q03_CD3E_CD86_BLOOD,CD3E,CD86,blood,P45_stress,0.45,ACH-000838,AMO1,plasma_cell,Myeloma,True,-0.2539776255214924,0.03760569763245024,0.3856,,0.3856,0.5875,0.0169,0.399,33,33,33,33.0,1,1,0.4159,45.0,0.0169,-12.0,False,False,False
Q03_CD3E_CD86_BLOOD,CD3E,CD86,blood,P45_stress,0.45,ACH-000193,KARPAS620,plasma_cell,Myeloma,True,3.049272045613115,0.5799986444274927,0.6686,,0.6686,0.5875,0.261,0.3954,34,34,34,34.0,1,1,0.6564,30.0,0.261,4.0,False,False,False
Q03_CD3E_CD86_BLOOD,CD3E,CD86,blood,P45_stress,0.45,ACH-000419,KMS28BM,plasma_cell,Myeloma,True,-0.36014017168299595,0.020173828417422268,0.3686,,0.3686,0.5,0.0091,0.3792,35,35,35,35.0,1,1,0.3883,47.0,0.0091,-12.0,False,False,False
Q03_CD3E_CD86_BLOOD,CD3E,CD86,blood,P45_stress,0.45,ACH-000077,MJ,lymphocyte,Lymphoma,True,4.278453527081785,0.7818300021070618,0.7716,,0.7716,0.5,0.3518,0.379,36,36,36,36.0,1,1,0.7309,24.5,0.3519,11.5,False,False,False
Q03_CD3E_CD86_BLOOD,CD3E,CD86,blood,P45_stress,0.45,ACH-000386,KG1,blood,Leukemia,True,0.3136292045193034,0.13080662757035397,0.3996,,0.3996,0.5875,0.0589,0.3689,37,37,37,37.0,1,1,0.4277,44.0,0.0588,-7.0,False,False,False
Q03_CD3E_CD86_BLOOD,CD3E,CD86,blood,P45_stress,0.45,ACH-000439,ME1,blood,Leukemia,True,-0.257626594421581,0.037006537656207,0.3634,,0.3634,0.5,0.0167,0.3672,38,38,38,38.0,1,1,0.3839,49.0,0.0167,-11.0,False,False,False
Q03_CD3E_CD86_BLOOD,CD3E,CD86,blood,P45_stress,0.45,ACH-000157,A4FUK,lymphocyte,Lymphoma,True,1.3639098674132981,0.30326250600029253,0.4859,,0.4859,0.5,0.1365,0.3515,39,39,39,39.0,1,1,0.488,39.0,0.1365,0.0,False,False,False
Q03_CD3E_CD86_BLOOD,CD3E,CD86,blood,P45_stress,0.45,ACH-000612,HUT102,lymphocyte,Lymphoma,True,5.039163908732739,0.9067384972676835,0.8046,,0.8046,0.5,0.408,0.3509,40,40,40,40.0,1,1,0.7589,23.0,0.408,17.0,False,False,False
Q03_CD3E_CD86_BLOOD,CD3E,CD86,blood,P45_stress,0.45,ACH-000821,EJM,plasma_cell,Myeloma,True,3.257711461149555,0.6142243554928671,0.6097,,0.6097,0.5,0.2764,0.3169,41,41,41,41.0,1,1,0.5933,34.0,0.2764,7.0,False,False,False
Q03_CD3E_CD86_BLOOD,CD3E,CD86,blood,P45_stress,0.45,ACH-000745,MOLP8,plasma_cell,Myeloma,True,-0.31391166383041974,0.027764540321280295,0.2186,,0.2186,0.5875,0.0125,0.2614,42,42,42,42.0,1,1,0.2739,65.0,0.0125,-23.0,False,False,False
Q03_CD3E_CD86_BLOOD,CD3E,CD86,blood,P45_stress,0.45,ACH-001613,OCIAML4,blood,Leukemia,True,-0.34852363784508567,0.02208126099054784,0.2432,,0.2432,0.4125,0.0099,0.2587,43,43,43,43.0,1,1,0.2686,66.0,0.0099,-23.0,False,False,False
Q03_CD3E_CD86_BLOOD,CD3E,CD86,blood,P45_stress,0.45,ACH-000658,KMS18,plasma_cell,Myeloma,True,2.1443595045520207,0.4314121830325448,0.449,,0.449,0.4125,0.1941,0.2494,44,44,44,44.0,1,1,0.4435,42.0,0.1941,2.0,False,False,False
Q03_CD3E_CD86_BLOOD,CD3E,CD86,blood,P45_stress,0.45,ACH-000653,JJN3,plasma_cell,Myeloma,True,-0.4471068815169485,0.005893911754718169,0.1753,,0.1753,0.5875,0.0027,0.2345,45,45,45,45.0,1,1,0.2371,82.0,0.0026,-37.0,False,False,False
Q03_CD3E_CD86_BLOOD,CD3E,CD86,blood,P45_stress,0.45,ACH-000081,GDM1,blood,Leukemia,True,-0.27977906328374164,0.03336910662278297,0.2012,,0.2012,0.5,0.015,0.231,46,46,46,46.0,1,1,0.246,75.0,0.015,-29.0,False,False,False
Q03_CD3E_CD86_BLOOD,CD3E,CD86,blood,P45_stress,0.45,ACH-001057,DERL2,lymphocyte,Lymphoma,True,2.4933905021314082,0.48872300423815834,0.4306,,0.4306,0.5,0.2199,0.221,47,47,47,47.0,1,1,0.441,43.0,0.22,4.0,False,False,False
Q03_CD3E_CD86_BLOOD,CD3E,CD86,blood,P45_stress,0.45,ACH-000512,INA6,plasma_cell,Myeloma,True,2.655983081786072,0.5154206738622681,0.4423,,0.4423,0.5,0.2319,0.219,48,48,48,48.0,1,1,0.4509,41.0,0.2319,7.0,False,False,False
Q03_CD3E_CD86_BLOOD,CD3E,CD86,blood,P45_stress,0.45,ACH-001484,CI,blood,Leukemia,True,4.633424473614526,0.8401161617634062,0.628,,0.628,0.4125,0.3781,0.2176,49,49,49,49.0,1,1,0.5957,32.0,0.3781,17.0,False,False,False
Q03_CD3E_CD86_BLOOD,CD3E,CD86,blood,P45_stress,0.45,ACH-001577,MUTZ8,blood,Leukemia,True,1.1569101240589332,0.26927318882426843,0.3167,,0.3167,0.4125,0.1212,0.2099,50,50,50,50.0,1,1,0.331,55.0,0.1211,-5.0,False,False,False
Q03_CD3E_CD86_BLOOD,CD3E,CD86,blood,P45_stress,0.45,ACH-002272,MHHPREB1,lymphocyte,Lymphoma,True,0.8307946368422007,0.21572508991649544,0.2686,,0.2686,0.5,0.0971,0.2063,51,51,51,51.0,1,1,0.3033,60.0,0.097,-9.0,False,False,False
Q03_CD3E_CD86_BLOOD,CD3E,CD86,blood,P45_stress,0.45,ACH-000024,OPM2,plasma_cell,Myeloma,True,-0.05046933094087464,0.0710217196060181,0.1685,,0.1685,0.5875,0.032,0.1994,52,52,52,52.0,1,1,0.2314,85.0,0.032,-33.0,False,False,False
Q03_CD3E_CD86_BLOOD,CD3E,CD86,blood,P45_stress,0.45,ACH-001060,DL40,lymphocyte,Lymphoma,True,3.9967972502929725,0.7355820968137476,0.5511,,0.5511,0.4125,0.331,0.1993,53,53,53,53.0,1,1,0.5303,37.0,0.331,16.0,False,False,False
Q03_CD3E_CD86_BLOOD,CD3E,CD86,blood,P45_stress,0.45,ACH-000588,KMS26,plasma_cell,Myeloma,True,-0.39458463292776547,0.014518054650584629,0.1512,,0.1512,0.5,0.0065,0.197,54,54,54,54.0,1,1,0.2035,103.0,0.0065,-49.0,False,False,False
Q03_CD3E_CD86_BLOOD,CD3E,CD86,blood,P45_stress,0.45,ACH-001642,SCC3,lymphocyte,Lymphoma,True,0.026697975853608485,0.08369257621557022,0.1711,,0.1711,0.5875,0.0377,0.1959,55,55,55,55.0,1,1,0.2336,83.0,0.0377,-28.0,False,False,False
Q03_CD3E_CD86_BLOOD,CD3E,CD86,blood,P45_stress,0.45,ACH-001106,KOPN8,blood,Leukemia,True,-0.31792967673591166,0.027104783391880008,0.1539,,0.1539,0.5,0.0122,0.1936,56,56,56,56.0,1,1,0.2058,100.5,0.0122,-44.5,False,False,False
Q03_CD3E_CD86_BLOOD,CD3E,CD86,blood,P45_stress,0.45,ACH-000664,SUDHL1,lymphocyte,Lymphoma,True,-0.025353493992278448,0.07514573509682831,0.1586,,0.1586,0.5875,0.0338,0.1891,57,57,57,57.0,1,1,0.223,93.0,0.0339,-36.0,False,False,False
Q03_CD3E_CD86_BLOOD,CD3E,CD86,blood,P45_stress,0.45,ACH-000487,F36P,blood,Leukemia,True,-0.28951698825334105,0.03177014125662103,0.1331,,0.1331,0.5875,0.0143,0.187,58,58,58,58.0,1,1,0.2013,106.0,0.0143,-48.0,False,False,False
Q03_CD3E_CD86_BLOOD,CD3E,CD86,blood,P45_stress,0.45,ACH-000923,BCP1,lymphocyte,Lymphoma,True,3.4921303369103356,0.6527158888211965,0.477,,0.477,0.5,0.2937,0.1867,59,59,59,59.0,1,1,0.4804,40.0,0.2937,19.0,False,False,False
Q03_CD3E_CD86_BLOOD,CD3E,CD86,blood,P45_stress,0.45,ACH-002313,TK,lymphocyte,Lymphoma,True,0.6101678697282149,0.17949821811733316,0.2239,,0.2239,0.5,0.0808,0.1845,60,60,60,60.0,1,1,0.2653,68.0,0.0808,-8.0,False,False,False
Q03_CD3E_CD86_BLOOD,CD3E,CD86,blood,P45_stress,0.45,ACH-000541,KMS34,plasma_cell,Myeloma,True,0.5427247454488804,0.16842407036562304,0.2146,,0.2146,0.5,0.0758,0.1816,61,61,61,61.0,1,1,0.2574,72.0,0.0758,-11.0,False,False,False
Q03_CD3E_CD86_BLOOD,CD3E,CD86,blood,P45_stress,0.45,ACH-000363,SKMM2,plasma_cell,Myeloma,True,-0.4193686098748131,0.010448530506806462,0.1103,,0.1103,0.5875,0.0047,0.1772,62,62,62,62.0,1,1,0.1819,122.0,0.0047,-60.0,False,False,False
Q03_CD3E_CD86_BLOOD,CD3E,CD86,blood,P45_stress,0.45,ACH-000697,A3KAW,lymphocyte,Lymphoma,True,0.1529757962436548,0.10442736950556288,0.1593,,0.1593,0.5875,0.047,0.1766,63,63,63,63.0,1,1,0.2235,91.0,0.0469,-28.0,False,False,False
Q03_CD3E_CD86_BLOOD,CD3E,CD86,blood,P45_stress,0.45,ACH-000714,KMS11,plasma_cell,Myeloma,True,-0.24395092356036394,0.03925208012386637,0.1187,,0.1187,0.5875,0.0177,0.1713,64,64,64,64.0,1,1,0.189,110.0,0.0177,-46.0,False,False,False
Q03_CD3E_CD86_BLOOD,CD3E,CD86,blood,P45_stress,0.45,ACH-000854,OCIMY5,plasma_cell,Myeloma,True,-0.29566340487538767,0.030760900855268985,0.1138,,0.1138,0.5875,0.0138,0.171,65,65,65,65.0,1,1,0.1849,118.5,0.0139,-53.5,False,False,False
Q03_CD3E_CD86_BLOOD,CD3E,CD86,blood,P45_stress,0.45,ACH-000057,OPM1,plasma_cell,Myeloma,True,0.2675998468858609,0.12324861609333763,0.177,,0.177,0.5,0.0555,0.17,66,66,66,66.0,1,1,0.2254,90.0,0.0554,-24.0,False,False,False
Q03_CD3E_CD86_BLOOD,CD3E,CD86,blood,P45_stress,0.45,ACH-002061,P2URK562,blood,Leukemia,True,-0.371705923374414,0.018274734262770237,0.136,,0.136,0.4125,0.0082,0.1693,67,67,67,67.0,1,1,0.1775,131.0,0.0082,-64.0,False,False,False
Q03_CD3E_CD86_BLOOD,CD3E,CD86,blood,P45_stress,0.45,ACH-000388,NUDHL1,lymphocyte,Lymphoma,True,0.19719586788490137,0.11168829657824923,0.15,,0.15,0.5875,0.0503,0.1654,68,68,68,68.0,1,1,0.2156,96.0,0.0502,-28.0,False,False,False
Q03_CD3E_CD86_BLOOD,CD3E,CD86,blood,P45_stress,0.45,ACH-000602,M07E,blood,Leukemia,True,-0.33289436586988036,0.024647584377172446,0.1129,,0.1129,0.5,0.0111,0.1599,69,69,69,69.0,1,1,0.171,138.0,0.0111,-69.0,False,False,False
Q03_CD3E_CD86_BLOOD,CD3E,CD86,blood,P45_stress,0.45,ACH-000151,JM1,blood,Leukemia,True,-0.21031100140374803,0.044775748730549535,0.1221,,0.1221,0.5,0.0201,0.1586,70,70,70,70.0,1,1,0.1788,129.0,0.0202,-59.0,False,False,False
Q03_CD3E_CD86_BLOOD,CD3E,CD86,blood,P45_stress,0.45,ACH-001680,U698M,lymphocyte,Lymphoma,True,2.5902769407070476,0.5046317384106703,0.3651,,0.3651,0.5,0.2271,0.1583,71,71,71,71.0,1,1,0.3854,48.0,0.2271,23.0,False,False,False
Q03_CD3E_CD86_BLOOD,CD3E,CD86,blood,P45_stress,0.45,ACH-000564,KHM1B,plasma_cell,Myeloma,True,0.3754156324758236,0.14095194689759866,0.1718,,0.1718,0.5,0.0634,0.1576,72,72,72,72.0,1,1,0.2211,94.0,0.0635,-22.0,False,False,False
Q03_CD3E_CD86_BLOOD,CD3E,CD86,blood,P45_stress,0.45,ACH-000983,KCL22,blood,Leukemia,True,-0.27977906328374164,0.03336910662278297,0.1137,,0.1137,0.5,0.015,0.1566,73,73,73,73.0,1,1,0.1717,137.0,0.0151,-64.0,False,False,False
Q03_CD3E_CD86_BLOOD,CD3E,CD86,blood,P45_stress,0.45,ACH-000402,BL70,lymphocyte,Lymphoma,True,2.390803616340177,0.47187825775318554,0.3384,,0.3384,0.5,0.2123,0.1503,74,74,74,74.0,1,1,0.3626,50.0,0.2123,24.0,False,False,False
Q03_CD3E_CD86_BLOOD,CD3E,CD86,blood,P45_stress,0.45,ACH-000551,K562,blood,Leukemia,True,-0.3830601529593341,0.0164103719964336,0.0744,,0.0744,0.5875,0.0074,0.144,75,75,75,75.0,1,1,0.1514,166.0,0.0074,-91.0,False,False,False
Q03_CD3E_CD86_BLOOD,CD3E,CD86,blood,P45_stress,0.45,ACH-000656,SUDHL8,lymphocyte,Lymphoma,True,0.02128055370631184,0.08280303656369895,0.1095,,0.1095,0.5875,0.0373,0.1439,76,76,76,76.0,1,1,0.1812,124.0,0.0373,-48.0,False,False,False
Q03_CD3E_CD86_BLOOD,CD3E,CD86,blood,P45_stress,0.45,ACH-000369,MOLM16,blood,Leukemia,True,-0.40487765711953366,0.012827942101239184,0.0723,,0.0723,0.5875,0.0058,0.1438,77,77,77,77.0,1,1,0.1496,171.0,0.0058,-94.0,False,False,False
Q03_CD3E_CD86_BLOOD,CD3E,CD86,blood,P45_stress,0.45,ACH-000204,LP1,plasma_cell,Myeloma,True,-0.32753085056500764,0.0255282725361123,0.0769,,0.0769,0.5875,0.0115,0.142,78,78,78,78.0,1,1,0.1535,162.0,0.0115,-84.0,False,False,False
Q03_CD3E_CD86_BLOOD,CD3E,CD86,blood,P45_stress,0.45,ACH-000432,BV173,blood,Leukemia,True,-0.20749985548684532,0.04523733833761548,0.0859,,0.0859,0.5875,0.0204,0.1408,79,79,79,79.0,1,1,0.1611,153.0,0.0203,-74.0,False,False,False
Q03_CD3E_CD86_BLOOD,CD3E,CD86,blood,P45_stress,0.45,ACH-000604,KYO1,blood,Leukemia,True,-0.3887027004104209,0.015483866813925069,0.0855,,0.0855,0.5,0.007,0.1407,80,80,80,80.0,1,1,0.1477,174.0,0.007,-94.0,False,False,False
Q03_CD3E_CD86_BLOOD,CD3E,CD86,blood,P45_stress,0.45,ACH-000130,NALM19,blood,Leukemia,True,0.1420095535697013,0.10262671461375382,0.1315,,0.1315,0.5,0.0462,0.1406,81,81,81,81.0,1,1,0.1868,114.0,0.0462,-33.0,False,False,False
Q03_CD3E_CD86_BLOOD,CD3E,CD86,blood,P45_stress,0.45,ACH-000076,NCO2,blood,Leukemia,True,-0.3714001186182455,0.018324947343631662,0.0806,,0.0806,0.5,0.0082,0.1353,82,82,82,82.0,1,1,0.1435,181.0,0.0082,-99.0,False,False,False
Q03_CD3E_CD86_BLOOD,CD3E,CD86,blood,P45_stress,0.45,ACH-000072,MEG01,blood,Leukemia,True,-0.18135593889412624,0.04953016430393671,0.0807,,0.0807,0.5875,0.0223,0.1344,83,83,83,83.0,1,1,0.1567,159.0,0.0223,-76.0,False,False,False
Q03_CD3E_CD86_BLOOD,CD3E,CD86,blood,P45_stress,0.45,ACH-000387,TF1,blood,Leukemia,True,-0.012642208186582677,0.07723292572790683,0.0947,,0.0947,0.5875,0.0348,0.1338,84,84,84,84.0,1,1,0.1686,141.0,0.0348,-57.0,False,False,False
Q03_CD3E_CD86_BLOOD,CD3E,CD86,blood,P45_stress,0.45,ACH-000195,SET2,blood,Leukemia,True,-0.3070473016771697,0.028891667237754277,0.0658,,0.0658,0.5875,0.013,0.1311,85,85,86,85.5,2,1,0.1441,179.0,0.013,-93.5,False,False,False
Q03_CD3E_CD86_BLOOD,CD3E,CD86,blood,P45_stress,0.45,ACH-000299,HNT34,blood,Leukemia,True,2.114813649409648,0.42656075942497157,0.2919,,0.2919,0.5,0.192,0.1311,86,85,86,85.5,2,1,0.3231,57.0,0.192,28.5,False,False,False
Q03_CD3E_CD86_BLOOD,CD3E,CD86,blood,P45_stress,0.45,ACH-000005,HEL9217,blood,Leukemia,True,-0.36462866064399296,0.019436819412173213,0.0604,,0.0604,0.5875,0.0087,0.1307,87,87,87,87.0,1,1,0.1394,193.0,0.0087,-106.0,False,False,False
Q03_CD3E_CD86_BLOOD,CD3E,CD86,blood,P45_stress,0.45,ACH-000641,CMK,blood,Leukemia,True,-0.29165934445923375,0.03141836678866213,0.0663,,0.0663,0.5875,0.0141,0.1304,88,88,88,88.0,1,1,0.1445,178.0,0.0141,-90.0,False,False,False
Q03_CD3E_CD86_BLOOD,CD3E,CD86,blood,P45_stress,0.45,ACH-000874,RS411,blood,Leukemia,True,-0.21107807770152062,0.044649794953212876,0.0732,,0.0732,0.5875,0.0201,0.1303,89,89,89,89.0,1,1,0.1503,167.0,0.02,-78.0,False,False,False
Q03_CD3E_CD86_BLOOD,CD3E,CD86,blood,P45_stress,0.45,ACH-000889,KMM1,plasma_cell,Myeloma,True,-0.06467005775375916,0.06868996305428697,0.0825,,0.0825,0.5875,0.0309,0.1273,90,90,90,90.0,1,1,0.1582,156.0,0.0309,-66.0,False,False,False
Q03_CD3E_CD86_BLOOD,CD3E,CD86,blood,P45_stress,0.45,ACH-000124,OCILY19,lymphocyte,Lymphoma,True,0.26155568023814185,0.12225616511767445,0.1103,,0.1103,0.5875,0.055,0.1268,91,91,91,91.0,1,1,0.1818,123.0,0.055,-32.0,False,False,False
Q03_CD3E_CD86_BLOOD,CD3E,CD86,blood,P45_stress,0.45,ACH-000960,REH,blood,Leukemia,True,0.05017332702130591,0.08754722426357027,0.0907,,0.0907,0.5875,0.0394,0.1259,92,92,92,92.0,1,1,0.1653,148.0,0.0394,-56.0,False,False,False
Q03_CD3E_CD86_BLOOD,CD3E,CD86,blood,P45_stress,0.45,ACH-000074,KU812,blood,Leukemia,True,-0.3912162273457624,0.015071146185138835,0.0523,,0.0523,0.5875,0.0068,0.1258,93,93,93,93.0,1,1,0.1326,207.5,0.0068,-114.5,False,False,False
Q03_CD3E_CD86_BLOOD,CD3E,CD86,blood,P45_stress,0.45,ACH-000285,TOLEDO,lymphocyte,Lymphoma,True,0.24175969350842275,0.11900566798726532,0.1065,,0.1065,0.5875,0.0536,0.1251,94,94,95,94.5,2,2,0.1786,130.0,0.0535,-35.5,False,False,False
Q03_CD3E_CD86_BLOOD,CD3E,CD86,blood,P45_stress,0.45,ACH-001618,OCIM2,blood,Leukemia,True,-0.33057269214763935,0.02502880274607351,0.0567,,0.0567,0.5875,0.0113,0.1251,95,94,95,94.5,2,2,0.1363,197.0,0.0112,-102.5,False,False,False
Q03_CD3E_CD86_BLOOD,CD3E,CD86,blood,P45_stress,0.45,ACH-000326,JURLMK1,blood,Leukemia,True,-0.29582880955064483,0.030733741440099622,0.0746,,0.0746,0.5,0.0138,0.1245,96,96,96,96.0,1,1,0.1384,194.0,0.0139,-98.0,False,False,False
Q03_CD3E_CD86_BLOOD,CD3E,CD86,blood,P45_stress,0.45,ACH-001541,KMS28PE,plasma_cell,Myeloma,True,-0.371705923374414,0.018274734262770237,0.0828,,0.0828,0.4125,0.0082,0.124,97,97,97,97.0,1,1,0.1322,209.0,0.0082,-112.0,False,False,False
Q03_CD3E_CD86_BLOOD,CD3E,CD86,blood,P45_stress,0.45,ACH-002475,HAP1,blood,Leukemia,True,-0.38287871890932146,0.016440163431787475,0.0656,,0.0656,0.5,0.0074,0.1234,98,98,99,98.5,2,1,0.1308,216.0,0.0074,-117.5,False,False,False
Q03_CD3E_CD86_BLOOD,CD3E,CD86,blood,P45_stress,0.45,ACH-001036,CMK115,blood,Leukemia,True,-0.34852363784508567,0.02208126099054784,0.0841,,0.0841,0.4125,0.0099,0.1234,99,98,99,98.5,2,1,0.1333,203.0,0.0099,-104.5,False,False,False
Q03_CD3E_CD86_BLOOD,CD3E,CD86,blood,P45_stress,0.45,ACH-000020,MHHCALL2,blood,Leukemia,True,-0.2631255116633277,0.03610361652584369,0.0759,,0.0759,0.5,0.0162,0.1233,100,100,101,100.5,2,2,0.1396,190.0,0.0163,-89.5,False,False,False
Q03_CD3E_CD86_BLOOD,CD3E,CD86,blood,P45_stress,0.45,ACH-000922,RCHACV,blood,Leukemia,True,-0.3657433353478568,0.01925379004487173,0.067,,0.067,0.5,0.0087,0.1233,101,100,101,100.5,2,2,0.132,211.0,0.0087,-110.5,False,False,False
Q03_CD3E_CD86_BLOOD,CD3E,CD86,blood,P45_stress,0.45,ACH-000070,697,blood,Leukemia,True,-0.3657433353478568,0.01925379004487173,0.0656,,0.0656,0.5,0.0087,0.1221,102,102,102,102.0,1,1,0.1308,216.0,0.0087,-114.0,False,False,False
Q03_CD3E_CD86_BLOOD,CD3E,CD86,blood,P45_stress,0.45,ACH-000241,JK1,blood,Leukemia,True,-0.3235864600063004,0.026175940690639932,0.0691,,0.0691,0.5,0.0118,0.122,103,103,103,103.0,1,1,0.1338,201.5,0.0118,-98.5,False,False,False
Q03_CD3E_CD86_BLOOD,CD3E,CD86,blood,P45_stress,0.45,ACH-000406,U937,blood,Leukemia,True,0.0032129615809305123,0.07983634148763148,0.082,,0.082,0.5875,0.0359,0.1219,104,104,104,104.0,1,1,0.1578,157.0,0.0359,-53.0,False,False,False
Q03_CD3E_CD86_BLOOD,CD3E,CD86,blood,P45_stress,0.45,ACH-000263,KASUMI1,blood,Leukemia,True,0.005145431686987306,0.08015365269924736,0.0792,,0.0792,0.5875,0.0361,0.1193,105,105,105,105.0,1,1,0.1554,160.0,0.0361,-55.0,False,False,False
Q03_CD3E_CD86_BLOOD,CD3E,CD86,blood,P45_stress,0.45,ACH-000938,NALM6,blood,Leukemia,True,-0.31232651307105086,0.028024821764430538,0.0656,,0.0656,0.5,0.0126,0.1181,106,106,106,106.0,1,1,0.1308,216.0,0.0127,-110.0,False,False,False
Q03_CD3E_CD86_BLOOD,CD3E,CD86,blood,P45_stress,0.45,ACH-001736,HB1119,blood,Leukemia,True,-0.30347976387418707,0.02947745624385681,0.0815,,0.0815,0.4125,0.0133,0.1178,107,107,107,107.0,1,1,0.1311,213.0,0.0133,-106.0,False,False,False
Q03_CD3E_CD86_BLOOD,CD3E,CD86,blood,P45_stress,0.45,ACH-000380,KMS12BM,plasma_cell,Myeloma,True,1.4422263753150502,0.31612206120579955,0.2013,,0.2013,0.5875,0.1423,0.117,108,108,108,108.0,1,1,0.2593,71.0,0.1423,37.0,False,False,False
Q03_CD3E_CD86_BLOOD,CD3E,CD86,blood,P45_stress,0.45,ACH-002059,P30OHK,blood,Leukemia,True,-0.3834697884091033,0.016343109936089336,0.0676,,0.0676,0.4125,0.0074,0.112,109,109,109,109.0,1,1,0.1193,232.0,0.0073,-123.0,False,False,False
Q03_CD3E_CD86_BLOOD,CD3E,CD86,blood,P45_stress,0.45,ACH-000453,MOLP2,plasma_cell,Myeloma,True,2.1262806706655017,0.4284436420615079,0.2542,,0.2542,0.5875,0.1928,0.1114,110,110,110,110.0,1,1,0.3042,59.0,0.1928,51.0,False,False,False
Q03_CD3E_CD86_BLOOD,CD3E,CD86,blood,P45_stress,0.45,ACH-000004,HEL,blood,Leukemia,True,-0.17947158760455528,0.04983957441534266,0.0691,,0.0691,0.5,0.0224,0.1113,111,111,111,111.0,1,1,0.1338,201.5,0.0225,-90.5,False,False,False
Q03_CD3E_CD86_BLOOD,CD3E,CD86,blood,P45_stress,0.45,ACH-000059,SUPB15,blood,Leukemia,True,-0.040686293743954584,0.07262809239103993,0.064,,0.064,0.5875,0.0327,0.1099,112,112,112,112.0,1,1,0.1426,184.0,0.0327,-72.0,False,False,False
Q03_CD3E_CD86_BLOOD,CD3E,CD86,blood,P45_stress,0.45,ACH-001573,MOLM1,blood,Leukemia,True,-0.34852363784508567,0.02208126099054784,0.0676,,0.0676,0.4125,0.0099,0.1094,113,113,113,113.0,1,1,0.1193,232.0,0.0099,-119.0,False,False,False
Q03_CD3E_CD86_BLOOD,CD3E,CD86,blood,P45_stress,0.45,ACH-000287,NUDUL1,lymphocyte,Lymphoma,True,0.48773205832450706,0.15939428194780678,0.108,,0.108,0.5875,0.0717,0.1082,114,114,114,114.0,1,1,0.1799,126.0,0.0717,-12.0,False,False,False
Q03_CD3E_CD86_BLOOD,CD3E,CD86,blood,P45_stress,0.45,ACH-000751,OCIM1,blood,Leukemia,True,0.41245161859673135,0.14703324853977198,0.0985,,0.0985,0.5875,0.0662,0.1057,115,115,115,115.0,1,1,0.1718,136.0,0.0661,-21.0,False,False,False
Q03_CD3E_CD86_BLOOD,CD3E,CD86,blood,P45_stress,0.45,ACH-000462,NALM1,blood,Leukemia,True,-0.052783125693613896,0.07064179496236073,0.0731,,0.0731,0.5,0.0318,0.1054,116,116,116,116.0,1,1,0.1372,196.0,0.0318,-80.0,False,False,False
Q03_CD3E_CD86_BLOOD,CD3E,CD86,blood,P45_stress,0.45,ACH-000294,NB4,blood,Leukemia,True,-0.05930077914416323,0.06957159754672969,0.0551,,0.0551,0.5875,0.0313,0.1036,117,117,117,117.0,1,1,0.1349,199.0,0.0313,-82.0,False,False,False
Q03_CD3E_CD86_BLOOD,CD3E,CD86,blood,P45_stress,0.45,ACH-001230,UT7,blood,Leukemia,True,-0.020659744436672896,0.07591644785137114,0.0892,,0.0892,0.4125,0.0342,0.1035,118,118,118,118.0,1,1,0.1377,195.0,0.0342,-77.0,False,False,False
Q03_CD3E_CD86_BLOOD,CD3E,CD86,blood,P45_stress,0.45,ACH-000492,MUTZ5,blood,Leukemia,True,0.16315344373118926,0.10609853722274874,0.0849,,0.0849,0.5,0.0477,0.0994,119,119,119,119.0,1,1,0.1472,175.0,0.0478,-56.0,False,False,False
Q03_CD3E_CD86_BLOOD,CD3E,CD86,blood,P45_stress,0.45,ACH-000338,SR786,lymphocyte,Lymphoma,True,1.3423571603605684,0.29972355573810266,0.1676,,0.1676,0.5875,0.1349,0.0957,120,120,120,120.0,1,1,0.2306,87.0,0.1349,33.0,False,False,False
Q03_CD3E_CD86_BLOOD,CD3E,CD86,blood,P45_stress,0.45,ACH-001669,TANOUE,blood,Leukemia,True,0.1868827147046842,0.10999487885295654,0.0965,,0.0965,0.4125,0.0495,0.0944,121,121,121,121.0,1,1,0.1439,180.0,0.0495,-59.0,False,False,False
Q03_CD3E_CD86_BLOOD,CD3E,CD86,blood,P45_stress,0.45,ACH-000162,GA10,lymphocyte,Lymphoma,True,2.065396705823264,0.41844650700026254,0.2426,,0.2426,0.5,0.1883,0.0929,122,122,122,122.0,1,1,0.2812,63.0,0.1883,59.0,False,False,False
Q03_CD3E_CD86_BLOOD,CD3E,CD86,blood,P45_stress,0.45,ACH-000728,KASUMI2,blood,Leukemia,True,0.06788784677291534,0.09045594492525558,0.0685,,0.0685,0.5,0.0407,0.0925,123,123,123,123.0,1,1,0.1332,205.0,0.0407,-82.0,False,False,False
Q03_CD3E_CD86_BLOOD,CD3E,CD86,blood,P45_stress,0.45,ACH-000773,KIJK,lymphocyte,Lymphoma,True,0.06870007310529364,0.09058931232940093,0.0685,,0.0685,0.5,0.0408,0.0924,124,124,124,124.0,1,1,0.1332,205.0,0.0408,-81.0,False,False,False
Q03_CD3E_CD86_BLOOD,CD3E,CD86,blood,P45_stress,0.45,ACH-000068,REC1,lymphocyte,Lymphoma,True,3.8248345670607673,0.707345858023762,0.3787,,0.3787,0.5875,0.3183,0.0917,125,125,125,125.0,1,1,0.41,46.0,0.3183,79.0,False,False,False
Q03_CD3E_CD86_BLOOD,CD3E,CD86,blood,P45_stress,0.45,ACH-000146,THP1,blood,Leukemia,True,0.035454473674471715,0.08513039143679478,0.0475,,0.0475,0.5875,0.0383,0.0902,126,126,126,126.0,1,1,0.1285,220.0,0.0383,-94.0,False,False,False
Q03_CD3E_CD86_BLOOD,CD3E,CD86,blood,P45_stress,0.45,ACH-000002,HL60,blood,Leukemia,True,0.548341627279984,0.16934636125837457,0.0895,,0.0895,0.5875,0.0762,0.088,127,127,127,127.0,1,1,0.1642,150.0,0.0762,-23.0,False,False,False
Q03_CD3E_CD86_BLOOD,CD3E,CD86,blood,P45_stress,0.45,ACH-000065,OCIAML5,blood,Leukemia,True,0.4054503592184455,0.14588364312585225,0.0761,,0.0761,0.5875,0.0656,0.0871,128,128,128,128.0,1,1,0.1528,164.0,0.0657,-36.0,False,False,False
Q03_CD3E_CD86_BLOOD,CD3E,CD86,blood,P45_stress,0.45,ACH-001450,BLUE1,lymphocyte,Lymphoma,True,3.1659205132857653,0.5991522998937969,0.344,,0.344,0.4125,0.2696,0.0846,129,129,129,129.0,1,1,0.3542,52.0,0.2696,77.0,False,False,False
Q03_CD3E_CD86_BLOOD,CD3E,CD86,blood,P45_stress,0.45,ACH-001647,SHI1,blood,Leukemia,True,1.7229713023831899,0.36222032305409163,0.2139,,0.2139,0.4125,0.163,0.0807,130,130,130,130.0,1,1,0.2436,78.0,0.1629,52.0,False,False,False
Q03_CD3E_CD86_BLOOD,CD3E,CD86,blood,P45_stress,0.45,ACH-000045,MV411,blood,Leukemia,True,0.0428898359385319,0.08635127645924208,0.0303,,0.0303,0.5875,0.0389,0.075,131,131,131,131.0,1,1,0.1139,235.0,0.0389,-104.0,False,False,False
Q03_CD3E_CD86_BLOOD,CD3E,CD86,blood,P45_stress,0.45,ACH-000567,ST486,lymphocyte,Lymphoma,True,0.9775848871406592,0.2398280201660322,0.124,,0.124,0.5,0.1079,0.0725,132,132,132,132.0,1,1,0.1804,125.0,0.1079,7.0,False,False,False
Q03_CD3E_CD86_BLOOD,CD3E,CD86,blood,P45_stress,0.45,ACH-001616,OCILY18,lymphocyte,Lymphoma,True,0.028247996726022878,0.0839470893381868,0.04,,0.04,0.5,0.0378,0.0712,133,133,133,133.0,1,1,0.109,236.0,0.0378,-103.0,False,False,False
Q03_CD3E_CD86_BLOOD,CD3E,CD86,blood,P45_stress,0.45,ACH-000233,DEL,lymphocyte,Lymphoma,True,0.35515803390953415,0.13762565319434772,0.0677,,0.0677,0.5,0.0619,0.0707,134,134,134,134.0,1,1,0.1326,207.5,0.0619,-73.5,False,False,False
Q03_CD3E_CD86_BLOOD,CD3E,CD86,blood,P45_stress,0.45,ACH-000763,MM1S,plasma_cell,Myeloma,True,2.140861736186982,0.43083785015444054,0.2054,,0.2054,0.5875,0.1939,0.0689,135,135,135,135.0,1,1,0.2627,70.0,0.1938,65.0,False,False,False
Q03_CD3E_CD86_BLOOD,CD3E,CD86,blood,P45_stress,0.45,ACH-002392,SC1,lymphocyte,Lymphoma,True,0.8300516235607704,0.21560308728171293,0.1058,,0.1058,0.5,0.097,0.0679,136,136,136,136.0,1,1,0.1649,149.0,0.097,-13.0,False,False,False
Q03_CD3E_CD86_BLOOD,CD3E,CD86,blood,P45_stress,0.45,ACH-000032,MHHCALL3,blood,Leukemia,True,0.5471554221810174,0.16915158661425544,0.08,,0.08,0.5,0.0761,0.0668,137,137,137,137.0,1,1,0.143,182.5,0.0762,-45.5,False,False,False
Q03_CD3E_CD86_BLOOD,CD3E,CD86,blood,P45_stress,0.45,ACH-000166,KASUMI6,blood,Leukemia,True,0.8951062686851433,0.22628504722559892,0.0935,,0.0935,0.5875,0.1018,0.0658,138,138,138,138.0,1,1,0.1676,143.0,0.1018,-5.0,False,False,False
Q03_CD3E_CD86_BLOOD,CD3E,CD86,blood,P45_stress,0.45,ACH-001656,SKNO1,blood,Leukemia,True,0.597506067626633,0.17741915270074488,0.0705,,0.0705,0.5,0.0798,0.0551,139,139,140,139.5,2,1,0.1349,199.0,0.0798,-59.5,False,False,False
Q03_CD3E_CD86_BLOOD,CD3E,CD86,blood,P45_stress,0.45,ACH-002255,KARPAS231,lymphocyte,Lymphoma,True,0.4276912181915979,0.14953558779812937,0.0712,,0.0712,0.4125,0.0673,0.0551,140,139,140,139.5,2,1,0.1224,228.0,0.0673,-88.5,False,False,False
Q03_CD3E_CD86_BLOOD,CD3E,CD86,blood,P45_stress,0.45,ACH-001636,RAMOS,lymphocyte,Lymphoma,True,1.5092491565968897,0.3271271887199333,0.1342,,0.1342,0.5875,0.1472,0.055,141,141,141,141.0,1,1,0.2022,104.0,0.1472,37.0,False,False,False
Q03_CD3E_CD86_BLOOD,CD3E,CD86,blood,P45_stress,0.45,ACH-000315,KARPAS422,lymphocyte,Lymphoma,True,1.6016372532008292,0.3422972960247752,0.137,,0.137,0.5875,0.154,0.0506,142,142,142,142.0,1,1,0.2046,102.0,0.154,40.0,False,False,False
Q03_CD3E_CD86_BLOOD,CD3E,CD86,blood,P45_stress,0.45,ACH-000770,P31FUJ,blood,Leukemia,True,0.847843854214138,0.21852456805819398,0.0836,,0.0836,0.5,0.0983,0.0477,143,143,143,143.0,1,1,0.146,176.0,0.0983,-33.0,False,False,False
Q03_CD3E_CD86_BLOOD,CD3E,CD86,blood,P45_stress,0.45,ACH-002273,ML2,blood,Leukemia,True,0.07022737987282085,0.09084009580045915,0.0152,,0.0152,0.5,0.0409,0.047,144,144,144,144.0,1,1,0.0879,238.0,0.0409,-94.0,False,False,False
Q03_CD3E_CD86_BLOOD,CD3E,CD86,blood,P45_stress,0.45,ACH-000112,SIGM5,blood,Leukemia,True,1.0637164000547912,0.2539707976586475,0.0851,,0.0851,0.5875,0.1143,0.0462,145,145,145,145.0,1,1,0.1604,154.0,0.1142,-9.0,False,False,False
Q03_CD3E_CD86_BLOOD,CD3E,CD86,blood,P45_stress,0.45,ACH-000183,L363,plasma_cell,Myeloma,True,0.682936350982204,0.19144678843766078,0.0459,,0.0459,0.5875,0.0862,0.041,146,146,146,146.0,1,1,0.1271,223.0,0.0861,-77.0,False,False,False
Q03_CD3E_CD86_BLOOD,CD3E,CD86,blood,P45_stress,0.45,ACH-000660,SUDHL5,lymphocyte,Lymphoma,True,2.600529324216299,0.5063151777679338,0.212,,0.212,0.5875,0.2278,0.0405,147,147,147,147.0,1,1,0.2683,67.0,0.2278,80.0,False,False,False
Q03_CD3E_CD86_BLOOD,CD3E,CD86,blood,P45_stress,0.45,ACH-000405,MEC1,blood,Leukemia,True,2.2867831854626695,0.4547981234467884,0.1813,,0.1813,0.5875,0.2047,0.0375,148,148,148,148.0,1,1,0.2422,80.0,0.2047,68.0,False,False,False
Q03_CD3E_CD86_BLOOD,CD3E,CD86,blood,P45_stress,0.45,ACH-000156,MHHCALL4,blood,Leukemia,True,0.9537759967596557,0.23591860504475953,0.078,,0.078,0.5,0.1062,0.0351,149,149,149,149.0,1,1,0.1413,187.0,0.1062,-38.0,False,False,False
Q03_CD3E_CD86_BLOOD,CD3E,CD86,blood,P45_stress,0.45,ACH-000498,KO52,blood,Leukemia,True,1.9341136843931153,0.3968898606831839,0.1595,,0.1595,0.5,0.1786,0.032,150,150,150,150.0,1,1,0.2106,99.0,0.1786,51.0,False,False,False
Q03_CD3E_CD86_BLOOD,CD3E,CD86,blood,P45_stress,0.45,ACH-000576,KMS27,plasma_cell,Myeloma,True,1.5241994163077313,0.3295820184261993,0.1231,,0.1231,0.5,0.1483,0.0313,151,151,151,151.0,1,1,0.1796,127.5,0.1483,23.5,False,False,False
Q03_CD3E_CD86_BLOOD,CD3E,CD86,blood,P45_stress,0.45,ACH-002236,EB3,lymphocyte,Lymphoma,True,3.554825314189066,0.663010391768586,0.3131,,0.3131,0.4125,0.2984,0.0297,152,152,152,152.0,1,1,0.328,56.0,0.2983,96.0,False,False,False
Q03_CD3E_CD86_BLOOD,CD3E,CD86,blood,P45_stress,0.45,ACH-000218,PL21,blood,Leukemia,True,1.1636481266450776,0.27037956752465775,0.0707,,0.0707,0.5875,0.1217,0.0265,153,153,153,153.0,1,1,0.1482,172.0,0.1217,-19.0,False,False,False
Q03_CD3E_CD86_BLOOD,CD3E,CD86,blood,P45_stress,0.45,ACH-001677,U2904,lymphocyte,Lymphoma,True,0.8995046451227285,0.22700725977221406,0.0774,,0.0774,0.4125,0.1022,0.0255,154,154,154,154.0,1,1,0.1277,221.5,0.1022,-67.5,False,False,False
Q03_CD3E_CD86_BLOOD,CD3E,CD86,blood,P45_stress,0.45,ACH-000944,NAMALWA,lymphocyte,Lymphoma,True,1.556369315540577,0.3348643095577108,0.0967,,0.0967,0.5875,0.1507,0.0196,155,155,155,155.0,1,1,0.1703,139.0,0.1507,16.0,False,False,False
Q03_CD3E_CD86_BLOOD,CD3E,CD86,blood,P45_stress,0.45,ACH-000113,OCIAML2,blood,Leukemia,True,1.295761927134439,0.2920726275999817,0.0724,,0.0724,0.5875,0.1314,0.0183,156,156,156,156.0,1,1,0.1497,169.5,0.1314,-13.5,False,False,False
Q03_CD3E_CD86_BLOOD,CD3E,CD86,blood,P45_stress,0.45,ACH-000321,MOLM6,blood,Leukemia,True,2.6152489976006694,0.5087321452447116,0.2002,,0.2002,0.5,0.2289,0.0162,157,157,157,157.0,1,1,0.2452,76.0,0.229,81.0,False,False,False
Q03_CD3E_CD86_BLOOD,CD3E,CD86,blood,P45_stress,0.45,ACH-000365,SUDHL4,lymphocyte,Lymphoma,True,3.9500594024724527,0.7279077513872566,0.2989,,0.2989,0.5875,0.3276,0.0146,158,158,158,158.0,1,1,0.3422,54.0,0.3276,104.0,False,False,False
Q03_CD3E_CD86_BLOOD,CD3E,CD86,blood,P45_stress,0.45,ACH-000056,DOHH2,lymphocyte,Lymphoma,True,2.1809830317732537,0.4374257590044543,0.1446,,0.1446,0.5875,0.1968,0.0142,159,159,159,159.0,1,1,0.211,98.0,0.1968,61.0,False,False,False
Q03_CD3E_CD86_BLOOD,CD3E,CD86,blood,P45_stress,0.45,ACH-000626,U266B1,plasma_cell,Myeloma,True,1.8406118816603179,0.3815368830508661,0.1125,,0.1125,0.5875,0.1717,0.0121,160,160,160,160.0,1,1,0.1838,120.0,0.1717,40.0,False,False,False
Q03_CD3E_CD86_BLOOD,CD3E,CD86,blood,P45_stress,0.45,ACH-000362,MOLM13,blood,Leukemia,True,1.1048477187871073,0.26072455211073653,0.0442,,0.0442,0.5875,0.1173,0.0083,161,161,161,161.0,1,1,0.1257,224.0,0.1174,-63.0,False,False,False
Q03_CD3E_CD86_BLOOD,CD3E,CD86,blood,P45_stress,0.45,ACH-001121,MEC2,lymphocyte,Lymphoma,True,2.837458681917082,0.5452189317374132,0.2252,,0.2252,0.4125,0.2453,0.008,162,162,162,162.0,1,1,0.2533,74.0,0.2453,88.0,False,False,False
Q03_CD3E_CD86_BLOOD,CD3E,CD86,blood,P45_stress,0.45,ACH-000371,RL,lymphocyte,Lymphoma,True,4.081935219085241,0.7495617345568195,0.3006,,0.3006,0.5875,0.3373,0.0064,163,163,163,163.0,1,1,0.3437,53.0,0.3373,110.0,False,False,False
Q03_CD3E_CD86_BLOOD,CD3E,CD86,blood,P45_stress,0.45,ACH-001735,SEMK2,blood,Leukemia,True,1.1210319349596658,0.2633819972255004,0.0733,,0.0733,0.4125,0.1185,0.0056,164,164,164,164.0,1,1,0.1242,225.5,0.1186,-61.5,False,False,False
Q03_CD3E_CD86_BLOOD,CD3E,CD86,blood,P45_stress,0.45,ACH-000053,KARPAS299,lymphocyte,Lymphoma,True,1.265396291463966,0.28708659619081023,0.0685,,0.0685,0.5,0.1292,0.004,165,165,165,165.0,1,1,0.1332,205.0,0.1292,-40.0,False,False,False
Q03_CD3E_CD86_BLOOD,CD3E,CD86,blood,P45_stress,0.45,ACH-000073,GRANTA519,lymphocyte,Lymphoma,True,1.7368422599783038,0.36449793156507604,0.0934,,0.0934,0.5875,0.164,0.0035,166,166,166,166.0,1,1,0.1675,144.0,0.164,22.0,False,False,False
Q03_CD3E_CD86_BLOOD,CD3E,CD86,blood,P45_stress,0.45,ACH-000245,BL41,lymphocyte,Lymphoma,True,1.7814413267005984,0.3718210895555846,0.1118,,0.1118,0.5,0.1673,0.0027,167,167,167,167.0,1,1,0.17,140.0,0.1673,27.0,False,False,False
Q03_CD3E_CD86_BLOOD,CD3E,CD86,blood,P45_stress,0.45,ACH-000301,LAMA84,blood,Leukemia,True,1.2779807562531342,0.2891529628358997,0.0656,,0.0656,0.5,0.1301,0.0006,168,168,168,168.0,1,1,0.1308,216.0,0.1302,-48.0,False,False,False
Q03_CD3E_CD86_BLOOD,CD3E,CD86,blood,P45_stress,0.45,ACH-000006,MONOMAC6,blood,Leukemia,True,1.6187674116196227,0.3451100646704598,0.0604,,0.0604,0.5875,0.1553,0.0,169,169,239,204.0,71,33,0.1395,191.5,0.1395,12.5,False,False,True
Q03_CD3E_CD86_BLOOD,CD3E,CD86,blood,P45_stress,0.45,ACH-000038,EHEB,lymphocyte,Lymphoma,True,4.113031780919536,0.7546677838984377,0.1076,,0.1076,0.5875,0.3396,0.0,170,169,239,204.0,71,33,0.1796,127.5,0.1796,76.5,False,False,True
Q03_CD3E_CD86_BLOOD,CD3E,CD86,blood,P45_stress,0.45,ACH-000084,MUTZ3,blood,Leukemia,True,2.159223435683596,0.43385283760306187,0.1024,,0.1024,0.5875,0.1952,0.0,171,169,239,204.0,71,33,0.1751,133.0,0.1751,71.0,False,False,True
Q03_CD3E_CD86_BLOOD,CD3E,CD86,blood,P45_stress,0.45,ACH-000106,JVM2,lymphocyte,Lymphoma,True,5.09743731591973,0.9163069792750042,0.1332,,0.1332,0.5875,0.4123,0.0,172,169,239,204.0,71,33,0.2014,105.0,0.2014,99.0,False,False,True
Q03_CD3E_CD86_BLOOD,CD3E,CD86,blood,P45_stress,0.45,ACH-000140,PFEIFFER,lymphocyte,Lymphoma,True,4.342919835756525,0.7924153573215469,0.1149,,0.1149,0.5875,0.3566,0.0,173,169,239,204.0,71,33,0.1858,115.0,0.1858,89.0,False,False,True
Q03_CD3E_CD86_BLOOD,CD3E,CD86,blood,P45_stress,0.45,ACH-000158,OCILY3,lymphocyte,Lymphoma,True,3.4439351066588197,0.644802241485963,0.0725,,0.0725,0.5875,0.2902,0.0,174,169,239,204.0,71,33,0.1497,169.5,0.1497,34.5,False,False,True
Q03_CD3E_CD86_BLOOD,CD3E,CD86,blood,P45_stress,0.45,ACH-000168,NOMO1,blood,Leukemia,True,3.2323186613244688,0.6100548627521702,0.0604,,0.0604,0.5875,0.2745,0.0,175,169,239,204.0,71,33,0.1395,191.5,0.1395,12.5,False,False,True
Q03_CD3E_CD86_BLOOD,CD3E,CD86,blood,P45_stress,0.45,ACH-000198,EOL1,blood,Leukemia,True,2.8556493101228377,0.5482058293136972,0.062,,0.062,0.5875,0.2467,0.0,176,169,239,204.0,71,33,0.1408,189.0,0.1408,15.0,False,False,True
Q03_CD3E_CD86_BLOOD,CD3E,CD86,blood,P45_stress,0.45,ACH-000220,MINO,lymphocyte,Lymphoma,True,3.1177704287902306,0.5912460654828229,0.1143,,0.1143,0.5875,0.2661,0.0,177,169,239,204.0,71,33,0.1852,117.0,0.1852,87.0,False,False,True
Q03_CD3E_CD86_BLOOD,CD3E,CD86,blood,P45_stress,0.45,ACH-000267,HDLM2,lymphocyte,Lymphoma,True,5.305989487011529,0.9505512047804081,0.0771,,0.0771,0.5875,0.4277,0.0,178,169,239,204.0,71,33,0.1536,161.0,0.1536,43.0,False,False,True
Q03_CD3E_CD86_BLOOD,CD3E,CD86,blood,P45_stress,0.45,ACH-000271,SUDHL10,lymphocyte,Lymphoma,True,4.063276539122359,0.7464979829740042,0.1802,,0.1802,0.5875,0.3359,0.0,179,169,239,204.0,71,33,0.2413,81.0,0.2413,123.0,False,False,True
Q03_CD3E_CD86_BLOOD,CD3E,CD86,blood,P45_stress,0.45,ACH-000295,EM2,blood,Leukemia,True,1.57928172254159,0.3386265222841797,0.0622,,0.0622,0.5875,0.1524,0.0,180,169,239,204.0,71,33,0.141,188.0,0.141,16.0,False,False,True
Q03_CD3E_CD86_BLOOD,CD3E,CD86,blood,P45_stress,0.45,ACH-000334,DB,lymphocyte,Lymphoma,True,3.2415289280873196,0.6115671867444875,0.1525,,0.1525,0.5875,0.2752,0.0,181,169,239,204.0,71,33,0.2177,95.0,0.2177,109.0,False,False,True
Q03_CD3E_CD86_BLOOD,CD3E,CD86,blood,P45_stress,0.45,ACH-000346,JVM3,blood,Leukemia,True,4.619648368460783,0.837854128004653,0.159,,0.159,0.5875,0.377,0.0,182,169,239,204.0,71,33,0.2233,92.0,0.2233,112.0,False,False,True
Q03_CD3E_CD86_BLOOD,CD3E,CD86,blood,P45_stress,0.45,ACH-000357,JEKO1,lymphocyte,Lymphoma,True,2.430880159347057,0.47845881823845865,0.0705,,0.0705,0.5875,0.2153,0.0,183,169,239,204.0,71,33,0.1481,173.0,0.1481,31.0,False,False,True
Q03_CD3E_CD86_BLOOD,CD3E,CD86,blood,P45_stress,0.45,ACH-000373,SKM1,blood,Leukemia,True,1.727435314153972,0.362953312909518,0.0667,,0.0667,0.5875,0.1633,0.0,184,169,239,204.0,71,33,0.1448,177.0,0.1448,27.0,False,False,True
Q03_CD3E_CD86_BLOOD,CD3E,CD86,blood,P45_stress,0.45,ACH-000398,RI1,lymphocyte,Lymphoma,True,3.3535083270940214,0.62995418205348,0.1025,,0.1025,0.5875,0.2835,0.0,185,169,239,204.0,71,33,0.1752,132.0,0.1752,72.0,False,False,True
Q03_CD3E_CD86_BLOOD,CD3E,CD86,blood,P45_stress,0.45,ACH-000534,WSUDLCL2,lymphocyte,Lymphoma,True,2.9492511988881733,0.5635752410528873,0.1213,,0.1213,0.5875,0.2536,0.0,186,169,239,204.0,71,33,0.1913,109.0,0.1913,95.0,False,False,True
Q03_CD3E_CD86_BLOOD,CD3E,CD86,blood,P45_stress,0.45,ACH-000583,MC116,lymphocyte,Lymphoma,True,3.977480964896332,0.7324103665479518,0.1814,,0.1814,0.5875,0.3296,0.0,187,169,239,204.0,71,33,0.2423,79.0,0.2423,125.0,False,False,True
Q03_CD3E_CD86_BLOOD,CD3E,CD86,blood,P45_stress,0.45,ACH-000611,SUDHL6,lymphocyte,Lymphoma,True,3.7555048509610516,0.6959619322659273,0.1,,0.1,0.5875,0.3132,0.0,188,169,239,204.0,71,33,0.1731,135.0,0.1731,69.0,False,False,True
Q03_CD3E_CD86_BLOOD,CD3E,CD86,blood,P45_stress,0.45,ACH-000654,RAJI,lymphocyte,Lymphoma,True,3.251275245591946,0.6131675301632514,0.0752,,0.0752,0.5875,0.2759,0.0,189,169,239,204.0,71,33,0.152,165.0,0.152,39.0,False,False,True
Q03_CD3E_CD86_BLOOD,CD3E,CD86,blood,P45_stress,0.45,ACH-000687,CI1,lymphocyte,Lymphoma,True,3.475813760908704,0.6500367102485122,0.2078,,0.2078,0.5875,0.2925,0.0,190,169,239,204.0,71,33,0.2648,69.0,0.2648,135.0,False,False,True
Q03_CD3E_CD86_BLOOD,CD3E,CD86,blood,P45_stress,0.45,ACH-000702,L1236,lymphocyte,Lymphoma,True,5.286016007944231,0.947271563443052,0.1234,,0.1234,0.5875,0.4263,0.0,191,169,239,204.0,71,33,0.1931,107.0,0.1931,97.0,False,False,True
Q03_CD3E_CD86_BLOOD,CD3E,CD86,blood,P45_stress,0.45,ACH-000754,L428,lymphocyte,Lymphoma,True,4.501172820914646,0.8184004663822079,0.0941,,0.0941,0.5875,0.3683,0.0,192,169,239,204.0,71,33,0.1681,142.0,0.1681,62.0,False,False,True
Q03_CD3E_CD86_BLOOD,CD3E,CD86,blood,P45_stress,0.45,ACH-000786,DAUDI,lymphocyte,Lymphoma,True,3.3142876202772107,0.6235141497024141,0.0917,,0.0917,0.5875,0.2806,0.0,193,169,239,204.0,71,33,0.1661,146.0,0.1661,58.0,False,False,True
Q03_CD3E_CD86_BLOOD,CD3E,CD86,blood,P45_stress,0.45,ACH-000806,L540,lymphocyte,Lymphoma,True,4.345413942308444,0.792824889127192,0.1146,,0.1146,0.5875,0.3568,0.0,194,169,239,204.0,71,33,0.1856,116.0,0.1856,88.0,False,False,True
Q03_CD3E_CD86_BLOOD,CD3E,CD86,blood,P45_stress,0.45,ACH-000815,KMH2,lymphocyte,Lymphoma,True,2.6107962674846426,0.5080010078347788,0.1178,,0.1178,0.5875,0.2286,0.0,195,169,239,204.0,71,33,0.1883,112.0,0.1883,92.0,False,False,True
Q03_CD3E_CD86_BLOOD,CD3E,CD86,blood,P45_stress,0.45,ACH-000817,RPMI8226,plasma_cell,Myeloma,True,2.7368179353182995,0.5286937409253553,0.1112,,0.1112,0.5875,0.2379,0.0,196,169,239,204.0,71,33,0.1826,121.0,0.1826,83.0,False,False,True
Q03_CD3E_CD86_BLOOD,CD3E,CD86,blood,P45_stress,0.45,ACH-000914,HT,lymphocyte,Lymphoma,True,3.1300798917706825,0.5932672768849687,0.1009,,0.1009,0.5875,0.267,0.0,197,169,239,204.0,71,33,0.1739,134.0,0.1739,70.0,False,False,True
Q03_CD3E_CD86_BLOOD,CD3E,CD86,blood,P45_stress,0.45,ACH-001498,FARAGE,lymphocyte,Lymphoma,True,3.477947483621753,0.650387067098643,0.0767,,0.0767,0.5875,0.2927,0.0,198,169,239,204.0,71,33,0.1533,163.0,0.1533,41.0,False,False,True
Q03_CD3E_CD86_BLOOD,CD3E,CD86,blood,P45_stress,0.45,ACH-001617,OCILY7,lymphocyte,Lymphoma,True,2.6581188358232466,0.515771364255421,0.1674,,0.1674,0.5875,0.2321,0.0,199,169,239,204.0,71,33,0.2304,88.0,0.2304,116.0,False,False,True
Q03_CD3E_CD86_BLOOD,CD3E,CD86,blood,P45_stress,0.45,ACH-001638,RCK8,lymphocyte,Lymphoma,True,2.5830927056620445,0.5034520884282367,0.1139,,0.1139,0.5875,0.2266,0.0,200,169,239,204.0,71,33,0.1849,118.5,0.1849,85.5,False,False,True
Q03_CD3E_CD86_BLOOD,CD3E,CD86,blood,P45_stress,0.45,ACH-001709,WSUNHL,lymphocyte,Lymphoma,True,3.837601547624509,0.7094421937231657,0.1707,,0.1707,0.5875,0.3192,0.0,201,169,239,204.0,71,33,0.2332,84.0,0.2332,120.0,False,False,True
Q03_CD3E_CD86_BLOOD,CD3E,CD86,blood,P45_stress,0.45,ACH-000034,PLB985,blood,Leukemia,True,2.639336630095557,0.5126873297663014,0.1078,,0.1078,0.5,0.2307,0.0,202,169,239,204.0,71,21,0.1667,145.0,0.1667,59.0,False,False,True
Q03_CD3E_CD86_BLOOD,CD3E,CD86,blood,P45_stress,0.45,ACH-000069,HS611T,lymphocyte,Lymphoma,True,3.738033072987709,0.6930930697565261,0.1834,,0.1834,0.5,0.3119,0.0,203,169,239,204.0,71,21,0.2309,86.0,0.2309,118.0,False,False,True
Q03_CD3E_CD86_BLOOD,CD3E,CD86,blood,P45_stress,0.45,ACH-000080,BDCM,blood,Leukemia,True,3.5186404106733793,0.6570688377229221,0.1046,,0.1046,0.5,0.2957,0.0,204,169,239,204.0,71,21,0.1639,151.0,0.1639,53.0,False,False,True
Q03_CD3E_CD86_BLOOD,CD3E,CD86,blood,P45_stress,0.45,ACH-000167,KE97,plasma_cell,Myeloma,True,2.873318596479089,0.5511071226607547,0.1325,,0.1325,0.5,0.248,0.0,205,169,239,204.0,71,21,0.1876,113.0,0.1876,91.0,False,False,True
Q03_CD3E_CD86_BLOOD,CD3E,CD86,blood,P45_stress,0.45,ACH-000206,C8166,lymphocyte,Lymphoma,True,4.595317259597154,0.8338589647111675,0.079,,0.079,0.5,0.3752,0.0,206,169,239,204.0,71,21,0.1421,185.0,0.1421,19.0,False,False,True
Q03_CD3E_CD86_BLOOD,CD3E,CD86,blood,P45_stress,0.45,ACH-000226,SUPM2,lymphocyte,Lymphoma,True,3.1225884092701532,0.5920371769307228,0.08,,0.08,0.5,0.2664,0.0,207,169,239,204.0,71,21,0.143,182.5,0.143,21.5,False,False,True
Q03_CD3E_CD86_BLOOD,CD3E,CD86,blood,P45_stress,0.45,ACH-000336,OCIAML3,blood,Leukemia,True,3.956575681802006,0.7289777231724902,0.067,,0.067,0.5,0.328,0.0,208,169,239,204.0,71,21,0.132,211.0,0.132,-7.0,False,False,True
Q03_CD3E_CD86_BLOOD,CD3E,CD86,blood,P45_stress,0.45,ACH-000440,CA46,lymphocyte,Lymphoma,True,3.0448379374209065,0.579270564733791,0.2099,,0.2099,0.5,0.2607,0.0,209,169,239,204.0,71,21,0.2535,73.0,0.2535,131.0,False,False,True
Q03_CD3E_CD86_BLOOD,CD3E,CD86,blood,P45_stress,0.45,ACH-000557,AML193,blood,Leukemia,True,1.54892404391801,0.33364179742054423,0.0656,,0.0656,0.5,0.1501,0.0,210,169,239,204.0,71,21,0.1308,216.0,0.1308,-12.0,False,False,True
Q03_CD3E_CD86_BLOOD,CD3E,CD86,blood,P45_stress,0.45,ACH-000707,P3HR1,lymphocyte,Lymphoma,True,3.7872679040197803,0.7011774193356084,0.1389,,0.1389,0.5,0.3155,0.0,211,169,239,204.0,71,21,0.193,108.0,0.193,96.0,False,False,True
Q03_CD3E_CD86_BLOOD,CD3E,CD86,blood,P45_stress,0.45,ACH-000782,SEM,blood,Leukemia,True,1.7792192257796273,0.3714562210210825,0.0705,,0.0705,0.5,0.1672,0.0,212,169,239,204.0,71,21,0.1349,199.0,0.1349,5.0,False,False,True
Q03_CD3E_CD86_BLOOD,CD3E,CD86,blood,P45_stress,0.45,ACH-000829,HUNS1,plasma_cell,Myeloma,True,3.8938462311538355,0.7186775597046138,0.0881,,0.0881,0.5,0.3234,0.0,213,169,239,204.0,71,21,0.1499,168.0,0.1499,36.0,False,False,True
Q03_CD3E_CD86_BLOOD,CD3E,CD86,blood,P45_stress,0.45,ACH-000877,EB1,lymphocyte,Lymphoma,True,4.358538601327014,0.794979955558582,0.1069,,0.1069,0.5,0.3577,0.0,214,169,239,204.0,71,21,0.1659,147.0,0.1659,57.0,False,False,True
Q03_CD3E_CD86_BLOOD,CD3E,CD86,blood,P45_stress,0.45,ACH-001064,EB2,lymphocyte,Lymphoma,True,3.9066330551948187,0.7207771536990806,0.2908,,0.2908,0.5,0.3243,0.0,215,169,239,204.0,71,21,0.3221,58.0,0.3221,146.0,False,False,True
Q03_CD3E_CD86_BLOOD,CD3E,CD86,blood,P45_stress,0.45,ACH-001129,MONOMAC1,blood,Leukemia,True,2.4918324902879654,0.4884671789996694,0.067,,0.067,0.5,0.2198,0.0,216,169,239,204.0,71,21,0.132,211.0,0.132,-7.0,False,False,True
Q03_CD3E_CD86_BLOOD,CD3E,CD86,blood,P45_stress,0.45,ACH-001146,OCILY10,lymphocyte,Lymphoma,True,2.9082492346869664,0.5568427265893836,0.0635,,0.0635,0.5,0.2506,0.0,217,169,239,204.0,71,21,0.1289,219.0,0.1289,-15.0,False,False,True
Q03_CD3E_CD86_BLOOD,CD3E,CD86,blood,P45_stress,0.45,ACH-001533,KARPAS1718,lymphocyte,Lymphoma,True,2.4083071672984735,0.4747523373804717,0.163,,0.163,0.5,0.2136,0.0,218,169,239,204.0,71,21,0.2136,97.0,0.2136,107.0,False,False,True
Q03_CD3E_CD86_BLOOD,CD3E,CD86,blood,P45_stress,0.45,ACH-001703,VAL,lymphocyte,Lymphoma,True,2.6861665636410343,0.5203767956507324,0.0296,,0.0296,0.5,0.2342,0.0,219,169,239,204.0,71,21,0.1002,237.0,0.1002,-33.0,False,False,True
Q03_CD3E_CD86_BLOOD,CD3E,CD86,blood,P45_stress,0.45,ACH-002062,SLVL,lymphocyte,Lymphoma,True,5.607139635648773,1.0,0.1042,,0.1042,0.5,0.45,0.0,220,169,239,204.0,71,21,0.1636,152.0,0.1636,52.0,False,False,True
Q03_CD3E_CD86_BLOOD,CD3E,CD86,blood,P45_stress,0.45,ACH-002254,KARPAS1106P,lymphocyte,Lymphoma,True,3.452145365210393,0.6461503643265254,0.1539,,0.1539,0.5,0.2908,0.0,221,169,239,204.0,71,21,0.2058,100.5,0.2058,103.5,False,False,True
Q03_CD3E_CD86_BLOOD,CD3E,CD86,blood,P45_stress,0.45,ACH-002307,SUDHL16,lymphocyte,Lymphoma,True,3.2215393562502785,0.6082849029775025,0.199,,0.199,0.5,0.2737,0.0,222,169,239,204.0,71,21,0.2441,77.0,0.2441,127.0,False,False,True
Q03_CD3E_CD86_BLOOD,CD3E,CD86,blood,P45_stress,0.45,ACH-001068,FEPD,lymphocyte,Lymphoma,True,2.7918460074068077,0.537729339547328,0.0733,,0.0733,0.4125,0.242,0.0,223,169,239,204.0,71,17,0.1242,225.5,0.1242,-21.5,False,False,True
Q03_CD3E_CD86_BLOOD,CD3E,CD86,blood,P45_stress,0.45,ACH-001111,L82,lymphocyte,Lymphoma,True,3.6645092993470825,0.6810204805747542,0.0941,,0.0941,0.4125,0.3065,0.0,224,169,239,204.0,71,17,0.1419,186.0,0.1419,18.0,False,False,True
Q03_CD3E_CD86_BLOOD,CD3E,CD86,blood,P45_stress,0.45,ACH-001119,MAC2A,lymphocyte,Lymphoma,True,4.574612549546131,0.8304592553899965,0.0774,,0.0774,0.4125,0.3737,0.0,225,169,239,204.0,71,17,0.1277,221.5,0.1277,-17.5,False,False,True
Q03_CD3E_CD86_BLOOD,CD3E,CD86,blood,P45_stress,0.45,ACH-001134,MYLA,lymphocyte,Lymphoma,True,4.453552508348063,0.8105812204178489,0.1145,,0.1145,0.4125,0.3648,0.0,226,169,239,204.0,71,17,0.1592,155.0,0.1592,49.0,False,False,True
Q03_CD3E_CD86_BLOOD,CD3E,CD86,blood,P45_stress,0.45,ACH-001147,OCILY12,lymphocyte,Lymphoma,True,3.4366439601837047,0.643605036667717,0.1491,,0.1491,0.4125,0.2896,0.0,227,169,239,204.0,71,17,0.1886,111.0,0.1886,93.0,False,False,True
Q03_CD3E_CD86_BLOOD,CD3E,CD86,blood,P45_stress,0.45,ACH-001485,CII,blood,Leukemia,True,3.8249273193108455,0.7073610879249957,0.2769,,0.2769,0.4125,0.3183,0.0,228,169,239,204.0,71,17,0.2973,61.0,0.2973,143.0,False,False,True
Q03_CD3E_CD86_BLOOD,CD3E,CD86,blood,P45_stress,0.45,ACH-001520,HG3,blood,Leukemia,True,3.632095222609985,0.6756980955450341,0.0719,,0.0719,0.4125,0.3041,0.0,229,169,239,204.0,71,17,0.123,227.0,0.123,-23.0,False,False,True
Q03_CD3E_CD86_BLOOD,CD3E,CD86,blood,P45_stress,0.45,ACH-001539,KML1,lymphocyte,Lymphoma,True,3.588952608276918,0.6686140867505923,0.2558,,0.2558,0.4125,0.3009,0.0,230,169,239,204.0,71,17,0.2793,64.0,0.2793,140.0,False,False,True
Q03_CD3E_CD86_BLOOD,CD3E,CD86,blood,P45_stress,0.45,ACH-001574,MOLM14,blood,Leukemia,True,2.915683857073844,0.5580634901241429,0.0676,,0.0676,0.4125,0.2511,0.0,231,169,239,204.0,71,17,0.1193,232.0,0.1193,-28.0,False,False,True
Q03_CD3E_CD86_BLOOD,CD3E,CD86,blood,P45_stress,0.45,ACH-001634,PGA1,blood,Leukemia,True,4.0555180985110635,0.745224048550437,0.1945,,0.1945,0.4125,0.3354,0.0,232,169,239,204.0,71,17,0.2272,89.0,0.2272,115.0,False,False,True
Q03_CD3E_CD86_BLOOD,CD3E,CD86,blood,P45_stress,0.45,ACH-001685,UHO1,lymphocyte,Lymphoma,True,5.126123320851864,0.9210172156470471,0.0676,,0.0676,0.4125,0.4145,0.0,233,169,239,204.0,71,17,0.1193,232.0,0.1193,-28.0,False,False,True
Q03_CD3E_CD86_BLOOD,CD3E,CD86,blood,P45_stress,0.45,ACH-001707,WAOSEL,blood,Leukemia,True,4.414371347139317,0.8041476814478551,0.3463,,0.3463,0.4125,0.3619,0.0,234,169,239,204.0,71,17,0.3563,51.0,0.3563,153.0,False,False,True
Q03_CD3E_CD86_BLOOD,CD3E,CD86,blood,P45_stress,0.45,ACH-001993,NALM16,blood,Leukemia,True,1.7831155566143402,0.37209599777837565,0.0676,,0.0676,0.4125,0.1674,0.0,235,169,239,204.0,71,17,0.1193,232.0,0.1193,-28.0,False,False,True
Q03_CD3E_CD86_BLOOD,CD3E,CD86,blood,P45_stress,0.45,ACH-002055,TL1,lymphocyte,Lymphoma,True,3.209734234903007,0.6063465043724039,0.0705,,0.0705,0.4125,0.2729,0.0,236,169,239,204.0,71,17,0.1218,229.0,0.1218,-25.0,False,False,True
Q03_CD3E_CD86_BLOOD,CD3E,CD86,blood,P45_stress,0.45,ACH-002210,ARH77,blood,Non-Cancerous,True,2.881443147352859,0.5524411723174664,0.1124,,0.1124,0.4125,0.2486,0.0,237,169,239,204.0,71,17,0.1574,158.0,0.1574,46.0,False,False,True
Q03_CD3E_CD86_BLOOD,CD3E,CD86,blood,P45_stress,0.45,ACH-002247,IM9,blood,Non-Cancerous,True,3.2465492163516023,0.6123915170908187,0.0,,0.0,0.4125,0.2756,0.0,238,169,239,204.0,71,17,0.0619,239.0,0.0619,-35.0,False,False,True
Q03_CD3E_CD86_BLOOD,CD3E,CD86,blood,P45_stress,0.45,ACH-002252,JIYOYEP2003,lymphocyte,Lymphoma,True,3.943396757422914,0.7268137463795674,0.2725,,0.2725,0.4125,0.3271,0.0,239,169,239,204.0,71,17,0.2935,62.0,0.2935,142.0,False,False,True
Q04_ASGR1_AFP_LIVER,ASGR1,AFP,liver,P00_no_penalty,0.0,ACH-000734,JHH5,liver,Liver Cancer,True,8.361209629807044,0.7903612650156289,1.0,0.7204,0.9013,0.8426,0.0,0.8925,1,1,1,1.0,1,1,0.8925,1.0,0.0,0.0,True,True,False
Q04_ASGR1_AFP_LIVER,ASGR1,AFP,liver,P00_no_penalty,0.0,ACH-000625,HEP3B217,liver,Liver Cancer,True,5.675079123928193,0.5476105981438969,0.9914,0.5023,0.8188,0.8777,0.0,0.8276,2,2,2,2.0,1,1,0.8276,2.0,0.0,0.0,True,True,False
Q04_ASGR1_AFP_LIVER,ASGR1,AFP,liver,P00_no_penalty,0.0,ACH-000475,HUH1,liver,Liver Cancer,True,2.9405843613567186,0.30048916241369183,0.8821,0.6319,0.7938,0.9374,0.0,0.8153,3,3,3,3.0,1,1,0.8153,3.0,0.0,0.0,True,True,False
Q04_ASGR1_AFP_LIVER,ASGR1,AFP,liver,P00_no_penalty,0.0,ACH-000671,HUH6,liver,Liver Cancer,True,3.261650107697268,0.3295044778882237,0.7008,1.0,0.8064,0.8377,0.0,0.8111,4,4,4,4.0,1,1,0.8111,4.0,0.0,0.0,True,True,False
Q04_ASGR1_AFP_LIVER,ASGR1,AFP,liver,P00_no_penalty,0.0,ACH-000480,HUH7,liver,Liver Cancer,True,10.680943736049146,1.0,0.8342,0.4874,0.7118,0.9133,0.0,0.742,5,5,5,5.0,1,1,0.742,5.0,0.0,0.0,True,True,False
Q04_ASGR1_AFP_LIVER,ASGR1,AFP,liver,P00_no_penalty,0.0,ACH-000739,HEPG2,liver,Liver Cancer,True,7.107554777604577,0.6770661176901038,0.692,0.5412,0.6388,0.9623,0.0,0.6873,6,6,6,6.0,1,1,0.6873,6.0,0.0,0.0,True,True,False
Q04_ASGR1_AFP_LIVER,ASGR1,AFP,liver,P00_no_penalty,0.0,ACH-000848,JHH7,liver,Liver Cancer,True,10.43259709142685,0.9775564465443964,0.7142,0.3916,0.6003,0.8319,0.0,0.6351,7,7,7,7.0,1,1,0.6351,7.0,0.0,0.0,True,True,False
Q04_ASGR1_AFP_LIVER,ASGR1,AFP,liver,P00_no_penalty,0.0,ACH-001318,PLCPRF5,liver,Liver Cancer,True,3.8127077557216102,0.3793045941707013,0.6001,,0.6001,0.5,0.0,0.5851,8,8,8,8.0,1,1,0.5851,8.0,0.0,0.0,True,True,False
Q04_ASGR1_AFP_LIVER,ASGR1,AFP,liver,P00_no_penalty,0.0,ACH-000537,SNU761,liver,Liver Cancer,True,-0.3844450453468169,0.0,0.432,,0.432,0.5875,0.0,0.4553,9,9,9,9.0,1,1,0.4553,9.0,0.0,0.0,True,True,False
Q04_ASGR1_AFP_LIVER,ASGR1,AFP,liver,P00_no_penalty,0.0,ACH-000620,JHH1,liver,Liver Cancer,True,-0.021670877848767027,0.03278458395496916,0.2137,,0.2137,0.5,0.0,0.2567,10,10,10,10.0,1,1,0.2567,10.0,0.0,0.0,True,True,False
Q04_ASGR1_AFP_LIVER,ASGR1,AFP,liver,P00_no_penalty,0.0,ACH-000483,SNU182,liver,Liver Cancer,True,-0.2583808084130146,0.011392662239373985,0.1811,,0.1811,0.5,0.0,0.2289,11,11,11,11.0,1,1,0.2289,11.0,0.0,0.0,False,False,False
Q04_ASGR1_AFP_LIVER,ASGR1,AFP,liver,P00_no_penalty,0.0,ACH-000217,JHH6,liver,Liver Cancer,True,0.4818592919743625,0.07828955262536108,0.1804,,0.1804,0.5,0.0,0.2283,12,12,12,12.0,1,1,0.2283,12.0,0.0,0.0,False,False,False
Q04_ASGR1_AFP_LIVER,ASGR1,AFP,liver,P00_no_penalty,0.0,ACH-000361,SKHEP1,liver,Liver Cancer,True,-0.044151956162177375,0.03075292661716216,0.1049,0.0318,0.0791,0.9817,0.0,0.2145,13,13,13,13.0,1,1,0.2145,13.0,0.0,0.0,False,False,False
Q04_ASGR1_AFP_LIVER,ASGR1,AFP,liver,P00_no_penalty,0.0,ACH-000476,JHH4,liver,Liver Cancer,True,0.0965957265703175,0.04347255947535251,0.102,,0.102,0.5,0.0,0.1617,14,14,14,14.0,1,1,0.1617,14.0,0.0,0.0,False,False,False
Q04_ASGR1_AFP_LIVER,ASGR1,AFP,liver,P00_no_penalty,0.0,ACH-000393,HLF,liver,Liver Cancer,True,-0.08243919832323217,0.027292836518436808,0.022,0.0,0.0142,0.9945,0.0,0.1613,15,15,15,15.0,1,1,0.1613,15.0,0.0,0.0,False,False,False
Q04_ASGR1_AFP_LIVER,ASGR1,AFP,liver,P00_no_penalty,0.0,ACH-001089,HLE,liver,Liver Cancer,True,-0.03945620787198777,0.03117729022362527,0.1113,,0.1113,0.4125,0.0,0.1565,16,16,16,16.0,1,1,0.1565,16.0,0.0,0.0,False,False,False
Q04_ASGR1_AFP_LIVER,ASGR1,AFP,liver,P00_no_penalty,0.0,ACH-000221,SNU398,liver,Liver Cancer,True,-0.2121407894752252,0.015571459735900442,0.0749,,0.0749,0.5875,0.0,0.1518,17,17,17,17.0,1,1,0.1518,17.0,0.0,0.0,False,False,False
Q04_ASGR1_AFP_LIVER,ASGR1,AFP,liver,P00_no_penalty,0.0,ACH-000471,LI7,liver,Liver Cancer,True,0.8416378528122809,0.1108034179712229,0.0603,,0.0603,0.5,0.0,0.1263,18,18,18,18.0,1,1,0.1263,18.0,0.0,0.0,False,False,False
Q04_ASGR1_AFP_LIVER,ASGR1,AFP,liver,P00_no_penalty,0.0,ACH-000686,SNU878,liver,Liver Cancer,True,1.1976767722469808,0.14297932488859227,0.0308,,0.0308,0.5875,0.0,0.1143,19,19,19,19.0,1,1,0.1143,19.0,0.0,0.0,False,False,False
Q04_ASGR1_AFP_LIVER,ASGR1,AFP,liver,P00_no_penalty,0.0,ACH-000577,JHH2,liver,Liver Cancer,True,1.696260144755728,0.18803724217994008,0.0349,,0.0349,0.5,0.0,0.1046,20,20,20,20.0,1,1,0.1046,20.0,0.0,0.0,False,False,False
Q04_ASGR1_AFP_LIVER,ASGR1,AFP,liver,P00_no_penalty,0.0,ACH-000422,SNU475,liver,Liver Cancer,True,0.589291191785199,0.08799837550842686,0.0256,,0.0256,0.5,0.0,0.0968,21,21,21,21.0,1,1,0.0968,21.0,0.0,0.0,False,False,False
Q04_ASGR1_AFP_LIVER,ASGR1,AFP,liver,P00_no_penalty,0.0,ACH-000316,SNU886,liver,Liver Cancer,True,1.4118725333672204,0.16233659875865847,0.0057,,0.0057,0.5875,0.0,0.093,22,22,22,22.0,1,1,0.093,22.0,0.0,0.0,False,False,False
Q04_ASGR1_AFP_LIVER,ASGR1,AFP,liver,P00_no_penalty,0.0,ACH-000420,SNU449,liver,Liver Cancer,True,-0.0023034091739961107,0.03453485853251795,0.0057,,0.0057,0.5875,0.0,0.0929,23,23,23,23.0,1,1,0.0929,23.0,0.0,0.0,False,False,False
Q04_ASGR1_AFP_LIVER,ASGR1,AFP,liver,P00_no_penalty,0.0,ACH-000493,SNU423,liver,Liver Cancer,True,0.24758150321687397,0.057117428140103454,0.0033,,0.0033,0.5,0.0,0.0778,24,24,24,24.0,1,1,0.0778,24.0,0.0,0.0,False,False,False
Q04_ASGR1_AFP_LIVER,ASGR1,AFP,liver,P00_no_penalty,0.0,ACH-000478,SNU387,liver,Liver Cancer,True,0.6217588752194725,0.09093254113746113,0.0,,0.0,0.5,0.0,0.075,25,25,25,25.0,1,1,0.075,25.0,0.0,0.0,False,False,False
Q04_ASGR1_AFP_LIVER,ASGR1,AFP,liver,P15_weak,0.15,ACH-000734,JHH5,liver,Liver Cancer,True,8.361209629807044,0.7903612650156289,1.0,0.7204,0.9013,0.8426,0.1186,0.774,1,1,1,1.0,1,1,0.8925,1.0,0.1185,0.0,True,True,False
Q04_ASGR1_AFP_LIVER,ASGR1,AFP,liver,P15_weak,0.15,ACH-000475,HUH1,liver,Liver Cancer,True,2.9405843613567186,0.30048916241369183,0.8821,0.6319,0.7938,0.9374,0.0451,0.7703,2,2,2,2.0,1,1,0.8153,3.0,0.045,-1.0,True,True,False
Q04_ASGR1_AFP_LIVER,ASGR1,AFP,liver,P15_weak,0.15,ACH-000671,HUH6,liver,Liver Cancer,True,3.261650107697268,0.3295044778882237,0.7008,1.0,0.8064,0.8377,0.0494,0.7617,3,3,3,3.0,1,1,0.8111,4.0,0.0494,-1.0,True,True,False
Q04_ASGR1_AFP_LIVER,ASGR1,AFP,liver,P15_weak,0.15,ACH-000625,HEP3B217,liver,Liver Cancer,True,5.675079123928193,0.5476105981438969,0.9914,0.5023,0.8188,0.8777,0.0821,0.7455,4,4,4,4.0,1,1,0.8276,2.0,0.0821,2.0,True,True,False
Q04_ASGR1_AFP_LIVER,ASGR1,AFP,liver,P15_weak,0.15,ACH-000480,HUH7,liver,Liver Cancer,True,10.680943736049146,1.0,0.8342,0.4874,0.7118,0.9133,0.15,0.592,5,5,5,5.0,1,1,0.742,5.0,0.15,0.0,True,True,False
Q04_ASGR1_AFP_LIVER,ASGR1,AFP,liver,P15_weak,0.15,ACH-000739,HEPG2,liver,Liver Cancer,True,7.107554777604577,0.6770661176901038,0.692,0.5412,0.6388,0.9623,0.1016,0.5858,6,6,6,6.0,1,1,0.6873,6.0,0.1015,0.0,True,True,False
Q04_ASGR1_AFP_LIVER,ASGR1,AFP,liver,P15_weak,0.15,ACH-001318,PLCPRF5,liver,Liver Cancer,True,3.8127077557216102,0.3793045941707013,0.6001,,0.6001,0.5,0.0569,0.5282,7,7,7,7.0,1,1,0.5851,8.0,0.0569,-1.0,True,True,False
Q04_ASGR1_AFP_LIVER,ASGR1,AFP,liver,P15_weak,0.15,ACH-000848,JHH7,liver,Liver Cancer,True,10.43259709142685,0.9775564465443964,0.7142,0.3916,0.6003,0.8319,0.1466,0.4884,8,8,8,8.0,1,1,0.6351,7.0,0.1467,1.0,True,True,False
Q04_ASGR1_AFP_LIVER,ASGR1,AFP,liver,P15_weak,0.15,ACH-000537,SNU761,liver,Liver Cancer,True,-0.3844450453468169,0.0,0.432,,0.432,0.5875,0.0,0.4553,9,9,9,9.0,1,1,0.4553,9.0,0.0,0.0,True,True,False
Q04_ASGR1_AFP_LIVER,ASGR1,AFP,liver,P15_weak,0.15,ACH-000620,JHH1,liver,Liver Cancer,True,-0.021670877848767027,0.03278458395496916,0.2137,,0.2137,0.5,0.0049,0.2517,10,10,10,10.0,1,1,0.2567,10.0,0.005,0.0,True,True,False
Q04_ASGR1_AFP_LIVER,ASGR1,AFP,liver,P15_weak,0.15,ACH-000483,SNU182,liver,Liver Cancer,True,-0.2583808084130146,0.011392662239373985,0.1811,,0.1811,0.5,0.0017,0.2272,11,11,11,11.0,1,1,0.2289,11.0,0.0017,0.0,False,False,False
Q04_ASGR1_AFP_LIVER,ASGR1,AFP,liver,P15_weak,0.15,ACH-000217,JHH6,liver,Liver Cancer,True,0.4818592919743625,0.07828955262536108,0.1804,,0.1804,0.5,0.0117,0.2166,12,12,12,12.0,1,1,0.2283,12.0,0.0117,0.0,False,False,False
Q04_ASGR1_AFP_LIVER,ASGR1,AFP,liver,P15_weak,0.15,ACH-000361,SKHEP1,liver,Liver Cancer,True,-0.044151956162177375,0.03075292661716216,0.1049,0.0318,0.0791,0.9817,0.0046,0.2099,13,13,13,13.0,1,1,0.2145,13.0,0.0046,0.0,False,False,False
Q04_ASGR1_AFP_LIVER,ASGR1,AFP,liver,P15_weak,0.15,ACH-000393,HLF,liver,Liver Cancer,True,-0.08243919832323217,0.027292836518436808,0.022,0.0,0.0142,0.9945,0.0041,0.1572,14,14,14,14.0,1,1,0.1613,15.0,0.0041,-1.0,False,False,False
Q04_ASGR1_AFP_LIVER,ASGR1,AFP,liver,P15_weak,0.15,ACH-000476,JHH4,liver,Liver Cancer,True,0.0965957265703175,0.04347255947535251,0.102,,0.102,0.5,0.0065,0.1552,15,15,15,15.0,1,1,0.1617,14.0,0.0065,1.0,False,False,False
Q04_ASGR1_AFP_LIVER,ASGR1,AFP,liver,P15_weak,0.15,ACH-001089,HLE,liver,Liver Cancer,True,-0.03945620787198777,0.03117729022362527,0.1113,,0.1113,0.4125,0.0047,0.1518,16,16,16,16.0,1,1,0.1565,16.0,0.0047,0.0,False,False,False
Q04_ASGR1_AFP_LIVER,ASGR1,AFP,liver,P15_weak,0.15,ACH-000221,SNU398,liver,Liver Cancer,True,-0.2121407894752252,0.015571459735900442,0.0749,,0.0749,0.5875,0.0023,0.1495,17,17,17,17.0,1,1,0.1518,17.0,0.0023,0.0,False,False,False
Q04_ASGR1_AFP_LIVER,ASGR1,AFP,liver,P15_weak,0.15,ACH-000471,LI7,liver,Liver Cancer,True,0.8416378528122809,0.1108034179712229,0.0603,,0.0603,0.5,0.0166,0.1096,18,18,18,18.0,1,1,0.1263,18.0,0.0167,0.0,False,False,False
Q04_ASGR1_AFP_LIVER,ASGR1,AFP,liver,P15_weak,0.15,ACH-000686,SNU878,liver,Liver Cancer,True,1.1976767722469808,0.14297932488859227,0.0308,,0.0308,0.5875,0.0214,0.0929,19,19,19,19.0,1,1,0.1143,19.0,0.0214,0.0,False,False,False
Q04_ASGR1_AFP_LIVER,ASGR1,AFP,liver,P15_weak,0.15,ACH-000420,SNU449,liver,Liver Cancer,True,-0.0023034091739961107,0.03453485853251795,0.0057,,0.0057,0.5875,0.0052,0.0878,20,20,20,20.0,1,1,0.0929,23.0,0.0051,-3.0,False,False,False
Q04_ASGR1_AFP_LIVER,ASGR1,AFP,liver,P15_weak,0.15,ACH-000422,SNU475,liver,Liver Cancer,True,0.589291191785199,0.08799837550842686,0.0256,,0.0256,0.5,0.0132,0.0836,21,21,21,21.0,1,1,0.0968,21.0,0.0132,0.0,False,False,False
Q04_ASGR1_AFP_LIVER,ASGR1,AFP,liver,P15_weak,0.15,ACH-000577,JHH2,liver,Liver Cancer,True,1.696260144755728,0.18803724217994008,0.0349,,0.0349,0.5,0.0282,0.0764,22,22,22,22.0,1,1,0.1046,20.0,0.0282,2.0,False,False,False
Q04_ASGR1_AFP_LIVER,ASGR1,AFP,liver,P15_weak,0.15,ACH-000493,SNU423,liver,Liver Cancer,True,0.24758150321687397,0.057117428140103454,0.0033,,0.0033,0.5,0.0086,0.0692,23,23,23,23.0,1,1,0.0778,24.0,0.0086,-1.0,False,False,False
Q04_ASGR1_AFP_LIVER,ASGR1,AFP,liver,P15_weak,0.15,ACH-000316,SNU886,liver,Liver Cancer,True,1.4118725333672204,0.16233659875865847,0.0057,,0.0057,0.5875,0.0244,0.0687,24,24,24,24.0,1,1,0.093,22.0,0.0243,2.0,False,False,False
Q04_ASGR1_AFP_LIVER,ASGR1,AFP,liver,P15_weak,0.15,ACH-000478,SNU387,liver,Liver Cancer,True,0.6217588752194725,0.09093254113746113,0.0,,0.0,0.5,0.0136,0.0614,25,25,25,25.0,1,1,0.075,25.0,0.0136,0.0,False,False,False
Q04_ASGR1_AFP_LIVER,ASGR1,AFP,liver,P30_team_baseline,0.3,ACH-000475,HUH1,liver,Liver Cancer,True,2.9405843613567186,0.30048916241369183,0.8821,0.6319,0.7938,0.9374,0.0901,0.7252,1,1,1,1.0,1,1,0.8153,3.0,0.0901,-2.0,True,True,False
Q04_ASGR1_AFP_LIVER,ASGR1,AFP,liver,P30_team_baseline,0.3,ACH-000671,HUH6,liver,Liver Cancer,True,3.261650107697268,0.3295044778882237,0.7008,1.0,0.8064,0.8377,0.0989,0.7122,2,2,2,2.0,1,1,0.8111,4.0,0.0989,-2.0,True,True,False
Q04_ASGR1_AFP_LIVER,ASGR1,AFP,liver,P30_team_baseline,0.3,ACH-000625,HEP3B217,liver,Liver Cancer,True,5.675079123928193,0.5476105981438969,0.9914,0.5023,0.8188,0.8777,0.1643,0.6633,3,3,3,3.0,1,1,0.8276,2.0,0.1643,1.0,True,True,False
Q04_ASGR1_AFP_LIVER,ASGR1,AFP,liver,P30_team_baseline,0.3,ACH-000734,JHH5,liver,Liver Cancer,True,8.361209629807044,0.7903612650156289,1.0,0.7204,0.9013,0.8426,0.2371,0.6554,4,4,4,4.0,1,1,0.8925,1.0,0.2371,3.0,True,True,False
Q04_ASGR1_AFP_LIVER,ASGR1,AFP,liver,P30_team_baseline,0.3,ACH-000739,HEPG2,liver,Liver Cancer,True,7.107554777604577,0.6770661176901038,0.692,0.5412,0.6388,0.9623,0.2031,0.4842,5,5,5,5.0,1,1,0.6873,6.0,0.2031,-1.0,True,True,False
Q04_ASGR1_AFP_LIVER,ASGR1,AFP,liver,P30_team_baseline,0.3,ACH-001318,PLCPRF5,liver,Liver Cancer,True,3.8127077557216102,0.3793045941707013,0.6001,,0.6001,0.5,0.1138,0.4713,6,6,6,6.0,1,1,0.5851,8.0,0.1138,-2.0,True,True,False
Q04_ASGR1_AFP_LIVER,ASGR1,AFP,liver,P30_team_baseline,0.3,ACH-000537,SNU761,liver,Liver Cancer,True,-0.3844450453468169,0.0,0.432,,0.432,0.5875,0.0,0.4553,7,7,7,7.0,1,1,0.4553,9.0,0.0,-2.0,True,True,False
Q04_ASGR1_AFP_LIVER,ASGR1,AFP,liver,P30_team_baseline,0.3,ACH-000480,HUH7,liver,Liver Cancer,True,10.680943736049146,1.0,0.8342,0.4874,0.7118,0.9133,0.3,0.442,8,8,8,8.0,1,1,0.742,5.0,0.3,3.0,True,True,False
Q04_ASGR1_AFP_LIVER,ASGR1,AFP,liver,P30_team_baseline,0.3,ACH-000848,JHH7,liver,Liver Cancer,True,10.43259709142685,0.9775564465443964,0.7142,0.3916,0.6003,0.8319,0.2933,0.3418,9,9,9,9.0,1,1,0.6351,7.0,0.2933,2.0,True,True,False
Q04_ASGR1_AFP_LIVER,ASGR1,AFP,liver,P30_team_baseline,0.3,ACH-000620,JHH1,liver,Liver Cancer,True,-0.021670877848767027,0.03278458395496916,0.2137,,0.2137,0.5,0.0098,0.2468,10,10,10,10.0,1,1,0.2567,10.0,0.0099,0.0,True,True,False
Q04_ASGR1_AFP_LIVER,ASGR1,AFP,liver,P30_team_baseline,0.3,ACH-000483,SNU182,liver,Liver Cancer,True,-0.2583808084130146,0.011392662239373985,0.1811,,0.1811,0.5,0.0034,0.2255,11,11,11,11.0,1,1,0.2289,11.0,0.0034,0.0,False,False,False
Q04_ASGR1_AFP_LIVER,ASGR1,AFP,liver,P30_team_baseline,0.3,ACH-000361,SKHEP1,liver,Liver Cancer,True,-0.044151956162177375,0.03075292661716216,0.1049,0.0318,0.0791,0.9817,0.0092,0.2052,12,12,12,12.0,1,1,0.2145,13.0,0.0093,-1.0,False,False,False
Q04_ASGR1_AFP_LIVER,ASGR1,AFP,liver,P30_team_baseline,0.3,ACH-000217,JHH6,liver,Liver Cancer,True,0.4818592919743625,0.07828955262536108,0.1804,,0.1804,0.5,0.0235,0.2049,13,13,13,13.0,1,1,0.2283,12.0,0.0234,1.0,False,False,False
Q04_ASGR1_AFP_LIVER,ASGR1,AFP,liver,P30_team_baseline,0.3,ACH-000393,HLF,liver,Liver Cancer,True,-0.08243919832323217,0.027292836518436808,0.022,0.0,0.0142,0.9945,0.0082,0.1531,14,14,14,14.0,1,1,0.1613,15.0,0.0082,-1.0,False,False,False
Q04_ASGR1_AFP_LIVER,ASGR1,AFP,liver,P30_team_baseline,0.3,ACH-000476,JHH4,liver,Liver Cancer,True,0.0965957265703175,0.04347255947535251,0.102,,0.102,0.5,0.013,0.1486,15,15,15,15.0,1,1,0.1617,14.0,0.0131,1.0,False,False,False
Q04_ASGR1_AFP_LIVER,ASGR1,AFP,liver,P30_team_baseline,0.3,ACH-000221,SNU398,liver,Liver Cancer,True,-0.2121407894752252,0.015571459735900442,0.0749,,0.0749,0.5875,0.0047,0.1471,16,16,17,16.5,2,1,0.1518,17.0,0.0047,-0.5,False,False,False
Q04_ASGR1_AFP_LIVER,ASGR1,AFP,liver,P30_team_baseline,0.3,ACH-001089,HLE,liver,Liver Cancer,True,-0.03945620787198777,0.03117729022362527,0.1113,,0.1113,0.4125,0.0094,0.1471,17,16,17,16.5,2,1,0.1565,16.0,0.0094,0.5,False,False,False
Q04_ASGR1_AFP_LIVER,ASGR1,AFP,liver,P30_team_baseline,0.3,ACH-000471,LI7,liver,Liver Cancer,True,0.8416378528122809,0.1108034179712229,0.0603,,0.0603,0.5,0.0332,0.093,18,18,18,18.0,1,1,0.1263,18.0,0.0333,0.0,False,False,False
Q04_ASGR1_AFP_LIVER,ASGR1,AFP,liver,P30_team_baseline,0.3,ACH-000420,SNU449,liver,Liver Cancer,True,-0.0023034091739961107,0.03453485853251795,0.0057,,0.0057,0.5875,0.0104,0.0826,19,19,19,19.0,1,1,0.0929,23.0,0.0103,-4.0,False,False,False
Q04_ASGR1_AFP_LIVER,ASGR1,AFP,liver,P30_team_baseline,0.3,ACH-000686,SNU878,liver,Liver Cancer,True,1.1976767722469808,0.14297932488859227,0.0308,,0.0308,0.5875,0.0429,0.0714,20,20,20,20.0,1,1,0.1143,19.0,0.0429,1.0,False,False,False
Q04_ASGR1_AFP_LIVER,ASGR1,AFP,liver,P30_team_baseline,0.3,ACH-000422,SNU475,liver,Liver Cancer,True,0.589291191785199,0.08799837550842686,0.0256,,0.0256,0.5,0.0264,0.0704,21,21,21,21.0,1,1,0.0968,21.0,0.0264,0.0,False,False,False
Q04_ASGR1_AFP_LIVER,ASGR1,AFP,liver,P30_team_baseline,0.3,ACH-000493,SNU423,liver,Liver Cancer,True,0.24758150321687397,0.057117428140103454,0.0033,,0.0033,0.5,0.0171,0.0607,22,22,22,22.0,1,1,0.0778,24.0,0.0171,-2.0,False,False,False
Q04_ASGR1_AFP_LIVER,ASGR1,AFP,liver,P30_team_baseline,0.3,ACH-000577,JHH2,liver,Liver Cancer,True,1.696260144755728,0.18803724217994008,0.0349,,0.0349,0.5,0.0564,0.0482,23,23,23,23.0,1,1,0.1046,20.0,0.0564,3.0,False,False,False
Q04_ASGR1_AFP_LIVER,ASGR1,AFP,liver,P30_team_baseline,0.3,ACH-000478,SNU387,liver,Liver Cancer,True,0.6217588752194725,0.09093254113746113,0.0,,0.0,0.5,0.0273,0.0477,24,24,24,24.0,1,1,0.075,25.0,0.0273,-1.0,False,False,False
Q04_ASGR1_AFP_LIVER,ASGR1,AFP,liver,P30_team_baseline,0.3,ACH-000316,SNU886,liver,Liver Cancer,True,1.4118725333672204,0.16233659875865847,0.0057,,0.0057,0.5875,0.0487,0.0443,25,25,25,25.0,1,1,0.093,22.0,0.0487,3.0,False,False,False
Q04_ASGR1_AFP_LIVER,ASGR1,AFP,liver,P45_stress,0.45,ACH-000475,HUH1,liver,Liver Cancer,True,2.9405843613567186,0.30048916241369183,0.8821,0.6319,0.7938,0.9374,0.1352,0.6801,1,1,1,1.0,1,1,0.8153,3.0,0.1352,-2.0,True,True,False
Q04_ASGR1_AFP_LIVER,ASGR1,AFP,liver,P45_stress,0.45,ACH-000671,HUH6,liver,Liver Cancer,True,3.261650107697268,0.3295044778882237,0.7008,1.0,0.8064,0.8377,0.1483,0.6628,2,2,2,2.0,1,1,0.8111,4.0,0.1483,-2.0,True,True,False
Q04_ASGR1_AFP_LIVER,ASGR1,AFP,liver,P45_stress,0.45,ACH-000625,HEP3B217,liver,Liver Cancer,True,5.675079123928193,0.5476105981438969,0.9914,0.5023,0.8188,0.8777,0.2464,0.5812,3,3,3,3.0,1,1,0.8276,2.0,0.2464,1.0,True,True,False
Q04_ASGR1_AFP_LIVER,ASGR1,AFP,liver,P45_stress,0.45,ACH-000734,JHH5,liver,Liver Cancer,True,8.361209629807044,0.7903612650156289,1.0,0.7204,0.9013,0.8426,0.3557,0.5369,4,4,4,4.0,1,1,0.8925,1.0,0.3556,3.0,True,True,False
Q04_ASGR1_AFP_LIVER,ASGR1,AFP,liver,P45_stress,0.45,ACH-000537,SNU761,liver,Liver Cancer,True,-0.3844450453468169,0.0,0.432,,0.432,0.5875,0.0,0.4553,5,5,5,5.0,1,1,0.4553,9.0,0.0,-4.0,True,True,False
Q04_ASGR1_AFP_LIVER,ASGR1,AFP,liver,P45_stress,0.45,ACH-001318,PLCPRF5,liver,Liver Cancer,True,3.8127077557216102,0.3793045941707013,0.6001,,0.6001,0.5,0.1707,0.4144,6,6,6,6.0,1,1,0.5851,8.0,0.1707,-2.0,True,True,False
Q04_ASGR1_AFP_LIVER,ASGR1,AFP,liver,P45_stress,0.45,ACH-000739,HEPG2,liver,Liver Cancer,True,7.107554777604577,0.6770661176901038,0.692,0.5412,0.6388,0.9623,0.3047,0.3826,7,7,7,7.0,1,1,0.6873,6.0,0.3047,1.0,True,True,False
Q04_ASGR1_AFP_LIVER,ASGR1,AFP,liver,P45_stress,0.45,ACH-000480,HUH7,liver,Liver Cancer,True,10.680943736049146,1.0,0.8342,0.4874,0.7118,0.9133,0.45,0.292,8,8,8,8.0,1,1,0.742,5.0,0.45,3.0,True,True,False
Q04_ASGR1_AFP_LIVER,ASGR1,AFP,liver,P45_stress,0.45,ACH-000620,JHH1,liver,Liver Cancer,True,-0.021670877848767027,0.03278458395496916,0.2137,,0.2137,0.5,0.0148,0.2419,9,9,9,9.0,1,1,0.2567,10.0,0.0148,-1.0,True,True,False
Q04_ASGR1_AFP_LIVER,ASGR1,AFP,liver,P45_stress,0.45,ACH-000483,SNU182,liver,Liver Cancer,True,-0.2583808084130146,0.011392662239373985,0.1811,,0.1811,0.5,0.0051,0.2238,10,10,10,10.0,1,1,0.2289,11.0,0.0051,-1.0,True,False,False
Q04_ASGR1_AFP_LIVER,ASGR1,AFP,liver,P45_stress,0.45,ACH-000361,SKHEP1,liver,Liver Cancer,True,-0.044151956162177375,0.03075292661716216,0.1049,0.0318,0.0791,0.9817,0.0138,0.2006,11,11,11,11.0,1,1,0.2145,13.0,0.0139,-2.0,False,False,False
Q04_ASGR1_AFP_LIVER,ASGR1,AFP,liver,P45_stress,0.45,ACH-000848,JHH7,liver,Liver Cancer,True,10.43259709142685,0.9775564465443964,0.7142,0.3916,0.6003,0.8319,0.4399,0.1952,12,12,12,12.0,1,1,0.6351,7.0,0.4399,5.0,False,True,False
Q04_ASGR1_AFP_LIVER,ASGR1,AFP,liver,P45_stress,0.45,ACH-000217,JHH6,liver,Liver Cancer,True,0.4818592919743625,0.07828955262536108,0.1804,,0.1804,0.5,0.0352,0.1931,13,13,13,13.0,1,1,0.2283,12.0,0.0352,1.0,False,False,False
Q04_ASGR1_AFP_LIVER,ASGR1,AFP,liver,P45_stress,0.45,ACH-000393,HLF,liver,Liver Cancer,True,-0.08243919832323217,0.027292836518436808,0.022,0.0,0.0142,0.9945,0.0123,0.149,14,14,14,14.0,1,1,0.1613,15.0,0.0123,-1.0,False,False,False
Q04_ASGR1_AFP_LIVER,ASGR1,AFP,liver,P45_stress,0.45,ACH-000221,SNU398,liver,Liver Cancer,True,-0.2121407894752252,0.015571459735900442,0.0749,,0.0749,0.5875,0.007,0.1448,15,15,15,15.0,1,1,0.1518,17.0,0.007,-2.0,False,False,False
Q04_ASGR1_AFP_LIVER,ASGR1,AFP,liver,P45_stress,0.45,ACH-001089,HLE,liver,Liver Cancer,True,-0.03945620787198777,0.03117729022362527,0.1113,,0.1113,0.4125,0.014,0.1424,16,16,16,16.0,1,1,0.1565,16.0,0.0141,0.0,False,False,False
Q04_ASGR1_AFP_LIVER,ASGR1,AFP,liver,P45_stress,0.45,ACH-000476,JHH4,liver,Liver Cancer,True,0.0965957265703175,0.04347255947535251,0.102,,0.102,0.5,0.0196,0.1421,17,17,17,17.0,1,1,0.1617,14.0,0.0196,3.0,False,False,False
Q04_ASGR1_AFP_LIVER,ASGR1,AFP,liver,P45_stress,0.45,ACH-000420,SNU449,liver,Liver Cancer,True,-0.0023034091739961107,0.03453485853251795,0.0057,,0.0057,0.5875,0.0155,0.0774,18,18,18,18.0,1,1,0.0929,23.0,0.0155,-5.0,False,False,False
Q04_ASGR1_AFP_LIVER,ASGR1,AFP,liver,P45_stress,0.45,ACH-000471,LI7,liver,Liver Cancer,True,0.8416378528122809,0.1108034179712229,0.0603,,0.0603,0.5,0.0499,0.0764,19,19,19,19.0,1,1,0.1263,18.0,0.0499,1.0,False,False,False
Q04_ASGR1_AFP_LIVER,ASGR1,AFP,liver,P45_stress,0.45,ACH-000422,SNU475,liver,Liver Cancer,True,0.589291191785199,0.08799837550842686,0.0256,,0.0256,0.5,0.0396,0.0572,20,20,20,20.0,1,1,0.0968,21.0,0.0396,-1.0,False,False,False
Q04_ASGR1_AFP_LIVER,ASGR1,AFP,liver,P45_stress,0.45,ACH-000493,SNU423,liver,Liver Cancer,True,0.24758150321687397,0.057117428140103454,0.0033,,0.0033,0.5,0.0257,0.0521,21,21,21,21.0,1,1,0.0778,24.0,0.0257,-3.0,False,False,False
Q04_ASGR1_AFP_LIVER,ASGR1,AFP,liver,P45_stress,0.45,ACH-000686,SNU878,liver,Liver Cancer,True,1.1976767722469808,0.14297932488859227,0.0308,,0.0308,0.5875,0.0643,0.05,22,22,22,22.0,1,1,0.1143,19.0,0.0643,3.0,False,False,False
Q04_ASGR1_AFP_LIVER,ASGR1,AFP,liver,P45_stress,0.45,ACH-000478,SNU387,liver,Liver Cancer,True,0.6217588752194725,0.09093254113746113,0.0,,0.0,0.5,0.0409,0.0341,23,23,23,23.0,1,1,0.075,25.0,0.0409,-2.0,False,False,False
Q04_ASGR1_AFP_LIVER,ASGR1,AFP,liver,P45_stress,0.45,ACH-000316,SNU886,liver,Liver Cancer,True,1.4118725333672204,0.16233659875865847,0.0057,,0.0057,0.5875,0.0731,0.02,24,24,25,24.5,2,1,0.093,22.0,0.073,2.5,False,False,False
Q04_ASGR1_AFP_LIVER,ASGR1,AFP,liver,P45_stress,0.45,ACH-000577,JHH2,liver,Liver Cancer,True,1.696260144755728,0.18803724217994008,0.0349,,0.0349,0.5,0.0846,0.02,25,24,25,24.5,2,1,0.1046,20.0,0.0846,4.5,False,False,False
Q05_MSLN_MUC1_LUNG,MSLN,MUC1,lung,P00_no_penalty,0.0,ACH-002172,NCIH322M,lung,Lung Cancer,True,0.2765508631201727,0.39098823639971203,1.0,,1.0,0.4125,0.0,0.9119,1,1,1,1.0,1,1,0.9119,1.0,0.0,0.0,True,True,False
Q05_MSLN_MUC1_LUNG,MSLN,MUC1,lung,P00_no_penalty,0.0,ACH-001562,MERO95,lung,Lung Cancer,True,0.5773588687449387,0.4655787049216618,0.9888,,0.9888,0.4125,0.0,0.9023,2,2,2,2.0,1,1,0.9023,2.0,0.0,0.0,True,True,False
Q05_MSLN_MUC1_LUNG,MSLN,MUC1,lung,P00_no_penalty,0.0,ACH-000628,NCIH596,lung,Lung Cancer,True,1.9496008399868483,0.8058494744705919,0.9349,,0.9349,0.5875,0.0,0.8828,3,3,3,3.0,1,1,0.8828,3.0,0.0,0.0,True,True,False
Q05_MSLN_MUC1_LUNG,MSLN,MUC1,lung,P00_no_penalty,0.0,ACH-000482,RERFLCKJ,lung,Lung Cancer,True,2.245725273852091,0.8792785716015993,0.9252,,0.9252,0.5875,0.0,0.8746,4,4,4,4.0,1,1,0.8746,4.0,0.0,0.0,True,True,False
Q05_MSLN_MUC1_LUNG,MSLN,MUC1,lung,P00_no_penalty,0.0,ACH-000894,NCIH1869,lung,Lung Cancer,True,2.7325699449243714,1.0,0.91,,0.91,0.5875,0.0,0.8617,5,5,5,5.0,1,1,0.8617,5.0,0.0,0.0,True,True,False
Q05_MSLN_MUC1_LUNG,MSLN,MUC1,lung,P00_no_penalty,0.0,ACH-002130,H2795,lung,Lung Cancer,True,0.06742091667674294,0.33913090416286884,0.9296,,0.9296,0.4125,0.0,0.852,6,6,6,6.0,1,1,0.852,6.0,0.0,0.0,True,True,False
Q05_MSLN_MUC1_LUNG,MSLN,MUC1,lung,P00_no_penalty,0.0,ACH-000153,NCIH2052,lung,Lung Cancer,True,-0.9800565854947956,0.07939101628687933,0.784,0.8966,0.8237,0.8844,0.0,0.8328,7,7,7,7.0,1,1,0.8328,7.0,0.0,0.0,True,True,False
Q05_MSLN_MUC1_LUNG,MSLN,MUC1,lung,P00_no_penalty,0.0,ACH-000379,NCIH1781,lung,Lung Cancer,True,2.3199152234640272,0.8976752332518787,0.8742,,0.8742,0.5875,0.0,0.8312,8,8,8,8.0,1,1,0.8312,8.0,0.0,0.0,True,True,False
Q05_MSLN_MUC1_LUNG,MSLN,MUC1,lung,P00_no_penalty,0.0,ACH-000528,ABC1,lung,Lung Cancer,True,1.330295789103636,0.6522822387600754,0.756,0.8781,0.7991,0.9695,0.0,0.8247,9,9,9,9.0,1,1,0.8247,9.0,0.0,0.0,True,True,False
Q05_MSLN_MUC1_LUNG,MSLN,MUC1,lung,P00_no_penalty,0.0,ACH-000929,NCIH2110,lung,Lung Cancer,True,2.3949959079270986,0.9162927677799827,0.7422,0.93,0.8085,0.8655,0.0,0.817,10,10,10,10.0,1,1,0.817,10.0,0.0,0.0,True,True,False
Q05_MSLN_MUC1_LUNG,MSLN,MUC1,lung,P00_no_penalty,0.0,ACH-000791,RERFLCAD1,lung,Lung Cancer,True,0.19588064808987873,0.37098468256350836,0.8489,,0.8489,0.5875,0.0,0.8097,11,11,11,11.0,1,1,0.8097,11.0,0.0,0.0,False,False,False
Q05_MSLN_MUC1_LUNG,MSLN,MUC1,lung,P00_no_penalty,0.0,ACH-000590,NCIH2073,lung,Lung Cancer,True,1.3554407711435796,0.6585173653400344,0.8474,,0.8474,0.5875,0.0,0.8084,12,12,12,12.0,1,1,0.8084,12.0,0.0,0.0,False,False,False
Q05_MSLN_MUC1_LUNG,MSLN,MUC1,lung,P00_no_penalty,0.0,ACH-000852,NCIH1435,lung,Lung Cancer,True,1.8645133136528402,0.7847505730585582,0.8897,0.5954,0.7858,0.9264,0.0,0.8069,13,13,13,13.0,1,1,0.8069,13.0,0.0,0.0,False,False,False
Q05_MSLN_MUC1_LUNG,MSLN,MUC1,lung,P00_no_penalty,0.0,ACH-000035,NCIH1650,lung,Lung Cancer,True,1.2262944867255439,0.6264933444280818,0.719,0.8753,0.7741,0.9609,0.0,0.8022,14,14,14,14.0,1,1,0.8022,14.0,0.0,0.0,False,False,False
Q05_MSLN_MUC1_LUNG,MSLN,MUC1,lung,P00_no_penalty,0.0,ACH-000416,NCIH838,lung,Lung Cancer,True,0.4254882449578994,0.4279197970097263,0.6575,1.0,0.7784,0.9144,0.0,0.7988,15,15,15,15.0,1,1,0.7988,15.0,0.0,0.0,False,False,False
Q05_MSLN_MUC1_LUNG,MSLN,MUC1,lung,P00_no_penalty,0.0,ACH-000785,NCIH2126,lung,Lung Cancer,True,2.337541997485711,0.9020460920994587,0.8091,0.6915,0.7676,0.9706,0.0,0.7981,16,16,16,16.0,1,1,0.7981,16.0,0.0,0.0,False,False,False
Q05_MSLN_MUC1_LUNG,MSLN,MUC1,lung,P00_no_penalty,0.0,ACH-000892,NCIH1563,lung,Lung Cancer,True,-0.010103357446125946,0.3199074399580559,0.8354,,0.8354,0.5,0.0,0.7851,17,17,17,17.0,1,1,0.7851,17.0,0.0,0.0,False,False,False
Q05_MSLN_MUC1_LUNG,MSLN,MUC1,lung,P00_no_penalty,0.0,ACH-000367,NCIH226,lung,Lung Cancer,True,-0.06373880435677877,0.30660761734814734,0.6928,0.8395,0.7446,0.9633,0.0,0.7774,18,18,18,18.0,1,1,0.7774,18.0,0.0,0.0,False,False,False
Q05_MSLN_MUC1_LUNG,MSLN,MUC1,lung,P00_no_penalty,0.0,ACH-000813,T3M10,lung,Lung Cancer,True,1.7543175065800276,0.7574256457792997,0.8102,,0.8102,0.5,0.0,0.7637,19,19,19,19.0,1,1,0.7637,19.0,0.0,0.0,False,False,False
Q05_MSLN_MUC1_LUNG,MSLN,MUC1,lung,P00_no_penalty,0.0,ACH-000589,NCIH1437,lung,Lung Cancer,True,1.4001504317811861,0.6696038872146434,0.6526,0.8594,0.7256,0.9483,0.0,0.759,20,20,20,20.0,1,1,0.759,20.0,0.0,0.0,False,False,False
Q05_MSLN_MUC1_LUNG,MSLN,MUC1,lung,P00_no_penalty,0.0,ACH-000030,PC14,lung,Lung Cancer,True,0.5834317234195973,0.46708457267444214,0.6296,0.9374,0.7382,0.8356,0.0,0.7528,21,21,21,21.0,1,1,0.7528,21.0,0.0,0.0,False,False,False
Q05_MSLN_MUC1_LUNG,MSLN,MUC1,lung,P00_no_penalty,0.0,ACH-002124,H2373,lung,Lung Cancer,True,0.33086585044764977,0.40445656263027807,0.809,,0.809,0.4125,0.0,0.7496,22,22,22,22.0,1,1,0.7496,22.0,0.0,0.0,False,False,False
Q05_MSLN_MUC1_LUNG,MSLN,MUC1,lung,P00_no_penalty,0.0,ACH-001547,LO68,lung,Lung Cancer,True,0.7438662735171266,0.5068670519805636,0.806,,0.806,0.4125,0.0,0.747,23,23,23,23.0,1,1,0.747,23.0,0.0,0.0,False,False,False
Q05_MSLN_MUC1_LUNG,MSLN,MUC1,lung,P00_no_penalty,0.0,ACH-001557,MERO41,lung,Lung Cancer,True,0.4176369342871374,0.4259729308010721,0.8054,,0.8054,0.4125,0.0,0.7465,24,24,24,24.0,1,1,0.7465,24.0,0.0,0.0,False,False,False
Q05_MSLN_MUC1_LUNG,MSLN,MUC1,lung,P00_no_penalty,0.0,ACH-000925,DV90,lung,Lung Cancer,True,1.5850509759408622,0.7154531264667325,0.8514,0.4874,0.7229,0.8215,0.0,0.7377,25,25,25,25.0,1,1,0.7377,25.0,0.0,0.0,False,False,False
Q05_MSLN_MUC1_LUNG,MSLN,MUC1,lung,P00_no_penalty,0.0,ACH-000645,JL1,lung,Lung Cancer,True,0.569691981116645,0.46367756954758227,0.7794,,0.7794,0.5,0.0,0.7375,26,26,26,26.0,1,1,0.7375,26.0,0.0,0.0,False,False,False
Q05_MSLN_MUC1_LUNG,MSLN,MUC1,lung,P00_no_penalty,0.0,ACH-001075,NCIH292,lung,Lung Cancer,True,0.38569551057906254,0.41805251074877,0.6373,0.7855,0.6896,0.9629,0.0,0.7306,27,27,27,27.0,1,1,0.7306,27.0,0.0,0.0,False,False,False
Q05_MSLN_MUC1_LUNG,MSLN,MUC1,lung,P00_no_penalty,0.0,ACH-000744,NCIH1623,lung,Lung Cancer,True,0.6431057649364541,0.4818817676696214,0.7451,,0.7451,0.5875,0.0,0.7215,28,28,28,28.0,1,1,0.7215,28.0,0.0,0.0,False,False,False
Q05_MSLN_MUC1_LUNG,MSLN,MUC1,lung,P00_no_penalty,0.0,ACH-001977,NO36,lung,Lung Cancer,True,-0.02485411115017765,0.31624973933419154,0.7623,,0.7623,0.4125,0.0,0.7099,29,29,29,29.0,1,1,0.7099,29.0,0.0,0.0,False,False,False
Q05_MSLN_MUC1_LUNG,MSLN,MUC1,lung,P00_no_penalty,0.0,ACH-000916,NCIH1573,lung,Lung Cancer,True,-0.28348599608005437,0.25211755830540905,0.5609,0.9068,0.683,0.826,0.0,0.7044,30,30,30,30.0,1,1,0.7044,30.0,0.0,0.0,False,False,False
Q05_MSLN_MUC1_LUNG,MSLN,MUC1,lung,P00_no_penalty,0.0,ACH-000869,NCIH1568,lung,Lung Cancer,True,0.7707150054934665,0.5135246523764574,0.6724,0.604,0.6483,0.9829,0.0,0.6985,31,31,31,31.0,1,1,0.6985,31.0,0.0,0.0,False,False,False
Q05_MSLN_MUC1_LUNG,MSLN,MUC1,lung,P00_no_penalty,0.0,ACH-000875,NCIH2347,lung,Lung Cancer,True,1.8153335320868955,0.7725556085622113,0.717,,0.717,0.5875,0.0,0.6976,32,32,32,32.0,1,1,0.6976,32.0,0.0,0.0,False,False,False
Q05_MSLN_MUC1_LUNG,MSLN,MUC1,lung,P00_no_penalty,0.0,ACH-001561,MERO84,lung,Lung Cancer,True,0.28119463371595266,0.3921397384141889,0.7409,,0.7409,0.4125,0.0,0.6916,33,33,33,33.0,1,1,0.6916,33.0,0.0,0.0,False,False,False
Q05_MSLN_MUC1_LUNG,MSLN,MUC1,lung,P00_no_penalty,0.0,ACH-002131,H2803,lung,Lung Cancer,True,0.5603079432631417,0.46135063752771555,0.7402,,0.7402,0.4125,0.0,0.6911,34,34,34,34.0,1,1,0.6911,34.0,0.0,0.0,False,False,False
Q05_MSLN_MUC1_LUNG,MSLN,MUC1,lung,P00_no_penalty,0.0,ACH-000826,CAL12T,lung,Lung Cancer,True,1.3771748970407292,0.663906712043811,0.7027,,0.7027,0.5,0.0,0.6723,35,35,35,35.0,1,1,0.6723,35.0,0.0,0.0,False,False,False
Q05_MSLN_MUC1_LUNG,MSLN,MUC1,lung,P00_no_penalty,0.0,ACH-002125,H2461,lung,Lung Cancer,True,0.11811504515661642,0.3517013767697134,0.717,,0.717,0.4125,0.0,0.6713,36,36,36,36.0,1,1,0.6713,36.0,0.0,0.0,False,False,False
Q05_MSLN_MUC1_LUNG,MSLN,MUC1,lung,P00_no_penalty,0.0,ACH-000781,NCIH2023,lung,Lung Cancer,True,0.6931307933539543,0.4942863255195205,0.694,,0.694,0.5,0.0,0.6649,37,37,37,37.0,1,1,0.6649,37.0,0.0,0.0,False,False,False
Q05_MSLN_MUC1_LUNG,MSLN,MUC1,lung,P00_no_penalty,0.0,ACH-000774,RERFLCAD2,lung,Lung Cancer,True,-0.07120887832332068,0.3047552852737376,0.6809,,0.6809,0.5,0.0,0.6538,38,38,38,38.0,1,1,0.6538,38.0,0.0,0.0,False,False,False
Q05_MSLN_MUC1_LUNG,MSLN,MUC1,lung,P00_no_penalty,0.0,ACH-000319,MPP89,lung,Lung Cancer,True,0.2357604910190031,0.38087356887318924,0.6799,,0.6799,0.5,0.0,0.6529,39,39,39,39.0,1,1,0.6529,39.0,0.0,0.0,False,False,False
Q05_MSLN_MUC1_LUNG,MSLN,MUC1,lung,P00_no_penalty,0.0,ACH-000924,NCIH2172,lung,Lung Cancer,True,0.21187117998601399,0.3749498073066835,0.5182,0.7526,0.6009,0.9414,0.0,0.652,40,40,40,40.0,1,1,0.652,40.0,0.0,0.0,False,False,False
Q05_MSLN_MUC1_LUNG,MSLN,MUC1,lung,P00_no_penalty,0.0,ACH-001137,NCIH1993,lung,Lung Cancer,True,1.083520805167219,0.5910901782858761,0.6852,,0.6852,0.4125,0.0,0.6443,41,41,41,41.0,1,1,0.6443,41.0,0.0,0.0,False,False,False
Q05_MSLN_MUC1_LUNG,MSLN,MUC1,lung,P00_no_penalty,0.0,ACH-000261,RERFLCAI,lung,Lung Cancer,True,-0.7381898292851586,0.13936599809659114,0.6658,,0.6658,0.5,0.0,0.6409,42,42,42,42.0,1,1,0.6409,42.0,0.0,0.0,False,False,False
Q05_MSLN_MUC1_LUNG,MSLN,MUC1,lung,P00_no_penalty,0.0,ACH-002127,H2595,lung,Lung Cancer,True,0.9372521005884922,0.5548203616566088,0.6709,,0.6709,0.4125,0.0,0.6321,43,43,43,43.0,1,1,0.6321,43.0,0.0,0.0,False,False,False
Q05_MSLN_MUC1_LUNG,MSLN,MUC1,lung,P00_no_penalty,0.0,ACH-000851,MORCPR,lung,Lung Cancer,True,1.2258001747689153,0.6263707713590428,0.6545,,0.6545,0.5,0.0,0.6313,44,44,44,44.0,1,1,0.6313,44.0,0.0,0.0,False,False,False
Q05_MSLN_MUC1_LUNG,MSLN,MUC1,lung,P00_no_penalty,0.0,ACH-002123,H2369,lung,Lung Cancer,True,0.796429475543645,0.5199009932083868,0.6519,,0.6519,0.4125,0.0,0.616,45,45,45,45.0,1,1,0.616,45.0,0.0,0.0,False,False,False
Q05_MSLN_MUC1_LUNG,MSLN,MUC1,lung,P00_no_penalty,0.0,ACH-000706,EKVX,lung,Lung Cancer,True,1.3839188056858738,0.6655789790583333,0.6199,,0.6199,0.5875,0.0,0.615,46,46,46,46.0,1,1,0.615,46.0,0.0,0.0,False,False,False
Q05_MSLN_MUC1_LUNG,MSLN,MUC1,lung,P00_no_penalty,0.0,ACH-000086,ACCMESO1,lung,Lung Cancer,True,0.11945526463177539,0.3520337070159339,0.6199,,0.6199,0.5,0.0,0.6019,47,47,47,47.0,1,1,0.6019,47.0,0.0,0.0,False,False,False
Q05_MSLN_MUC1_LUNG,MSLN,MUC1,lung,P00_no_penalty,0.0,ACH-000858,KNS62,lung,Lung Cancer,True,-0.21117758038424964,0.2700476615738638,0.6043,,0.6043,0.5875,0.0,0.6017,48,48,49,48.5,2,1,0.6017,48.5,0.0,0.0,False,False,False
Q05_MSLN_MUC1_LUNG,MSLN,MUC1,lung,P00_no_penalty,0.0,ACH-001558,MERO48A,lung,Lung Cancer,True,0.15550747191801106,0.3609734658735663,0.6351,,0.6351,0.4125,0.0,0.6017,49,48,49,48.5,2,1,0.6017,48.5,0.0,0.0,False,False,False
Q05_MSLN_MUC1_LUNG,MSLN,MUC1,lung,P00_no_penalty,0.0,ACH-000872,HCC515,lung,Lung Cancer,True,0.3927424960095695,0.4197999308143934,0.6093,,0.6093,0.5,0.0,0.5929,50,50,50,50.0,1,1,0.5929,50.0,0.0,0.0,False,False,False
Q05_MSLN_MUC1_LUNG,MSLN,MUC1,lung,P00_no_penalty,0.0,ACH-000553,SQ1,lung,Lung Cancer,True,-0.5351425265052903,0.18971503523412414,0.5071,0.5851,0.5346,0.893,0.0,0.5884,51,51,51,51.0,1,1,0.5884,51.0,0.0,0.0,False,False,False
Q05_MSLN_MUC1_LUNG,MSLN,MUC1,lung,P00_no_penalty,0.0,ACH-000092,NCIH2452,lung,Lung Cancer,True,0.9531244515743487,0.558756181430158,0.6015,,0.6015,0.5,0.0,0.5863,52,52,52,52.0,1,1,0.5863,52.0,0.0,0.0,False,False,False
Q05_MSLN_MUC1_LUNG,MSLN,MUC1,lung,P00_no_penalty,0.0,ACH-000033,NCIH1819,lung,Lung Cancer,True,1.8049104429055236,0.7699710260679061,0.5987,,0.5987,0.5,0.0,0.5839,53,53,53,53.0,1,1,0.5839,53.0,0.0,0.0,False,False,False
Q05_MSLN_MUC1_LUNG,MSLN,MUC1,lung,P00_no_penalty,0.0,ACH-000311,NCIH2122,lung,Lung Cancer,True,1.35413475103809,0.658193515410026,0.4706,0.569,0.5054,0.9754,0.0,0.5759,54,54,54,54.0,1,1,0.5759,54.0,0.0,0.0,False,False,False
Q05_MSLN_MUC1_LUNG,MSLN,MUC1,lung,P00_no_penalty,0.0,ACH-000837,NCIH322,lung,Lung Cancer,True,0.549105081532008,0.45857269714818233,0.5701,,0.5701,0.5875,0.0,0.5727,55,55,55,55.0,1,1,0.5727,55.0,0.0,0.0,False,False,False
Q05_MSLN_MUC1_LUNG,MSLN,MUC1,lung,P00_no_penalty,0.0,ACH-001559,MERO82,lung,Lung Cancer,True,-0.008233658377165618,0.3203710636879468,0.5916,,0.5916,0.4125,0.0,0.5647,56,56,56,56.0,1,1,0.5647,56.0,0.0,0.0,False,False,False
Q05_MSLN_MUC1_LUNG,MSLN,MUC1,lung,P00_no_penalty,0.0,ACH-002132,H2804,lung,Lung Cancer,True,0.5468769313665175,0.45802018936357064,0.5889,,0.5889,0.4125,0.0,0.5624,57,57,57,57.0,1,1,0.5624,57.0,0.0,0.0,False,False,False
Q05_MSLN_MUC1_LUNG,MSLN,MUC1,lung,P00_no_penalty,0.0,ACH-001555,MERO14,lung,Lung Cancer,True,0.39179233174526407,0.4195643214013388,0.576,,0.576,0.4125,0.0,0.5514,58,58,58,58.0,1,1,0.5514,58.0,0.0,0.0,False,False,False
Q05_MSLN_MUC1_LUNG,MSLN,MUC1,lung,P00_no_penalty,0.0,ACH-000331,ISTMES2,lung,Lung Cancer,True,-0.5754180777415682,0.17972802630976317,0.5582,,0.5582,0.5,0.0,0.5495,59,59,59,59.0,1,1,0.5495,59.0,0.0,0.0,False,False,False
Q05_MSLN_MUC1_LUNG,MSLN,MUC1,lung,P00_no_penalty,0.0,ACH-000867,CHAGOK1,lung,Lung Cancer,True,2.2575596447812982,0.8822131054430066,0.5363,,0.5363,0.5,0.0,0.5309,60,60,60,60.0,1,1,0.5309,60.0,0.0,0.0,False,False,False
Q05_MSLN_MUC1_LUNG,MSLN,MUC1,lung,P00_no_penalty,0.0,ACH-000662,CORL23,lung,Lung Cancer,True,-0.4667398011986403,0.20667665604672256,0.398,0.5831,0.4634,0.8662,0.0,0.5238,61,61,61,61.0,1,1,0.5238,61.0,0.0,0.0,False,False,False
Q05_MSLN_MUC1_LUNG,MSLN,MUC1,lung,P00_no_penalty,0.0,ACH-000627,LCLC103H,lung,Lung Cancer,True,-1.0257000665249545,0.06807293774059486,0.3935,0.5922,0.4636,0.8628,0.0,0.5235,62,62,62,62.0,1,1,0.5235,62.0,0.0,0.0,False,False,False
Q05_MSLN_MUC1_LUNG,MSLN,MUC1,lung,P00_no_penalty,0.0,ACH-000787,LXF289,lung,Lung Cancer,True,-1.260675375055799,0.009806807761764328,0.4565,0.4045,0.4381,0.8995,0.0,0.5073,63,63,63,63.0,1,1,0.5073,63.0,0.0,0.0,False,False,False
Q05_MSLN_MUC1_LUNG,MSLN,MUC1,lung,P00_no_penalty,0.0,ACH-000840,HCC366,lung,Lung Cancer,True,1.7817479978486699,0.764227503300564,0.4935,,0.4935,0.5,0.0,0.4945,64,64,64,64.0,1,1,0.4945,64.0,0.0,0.0,False,False,False
Q05_MSLN_MUC1_LUNG,MSLN,MUC1,lung,P00_no_penalty,0.0,ACH-000062,RERFLCMS,lung,Lung Cancer,True,0.39840880928791883,0.42120498970352227,0.3034,0.5492,0.3902,0.9385,0.0,0.4724,65,65,65,65.0,1,1,0.4724,65.0,0.0,0.0,False,False,False
Q05_MSLN_MUC1_LUNG,MSLN,MUC1,lung,P00_no_penalty,0.0,ACH-001560,MERO83,lung,Lung Cancer,True,-0.4177129081719055,0.21883370922569081,0.4753,,0.4753,0.4125,0.0,0.4658,66,66,66,66.0,1,1,0.4658,66.0,0.0,0.0,False,False,False
Q05_MSLN_MUC1_LUNG,MSLN,MUC1,lung,P00_no_penalty,0.0,ACH-000975,HCC2450,lung,Lung Cancer,True,0.7407586142793021,0.5060964549411848,0.4555,,0.4555,0.5,0.0,0.4622,67,67,67,67.0,1,1,0.4622,67.0,0.0,0.0,False,False,False
Q05_MSLN_MUC1_LUNG,MSLN,MUC1,lung,P00_no_penalty,0.0,ACH-000150,HCC2935,lung,Lung Cancer,True,1.7323728057661476,0.7519840834382922,0.4313,,0.4313,0.5875,0.0,0.4547,68,68,68,68.0,1,1,0.4547,68.0,0.0,0.0,False,False,False
Q05_MSLN_MUC1_LUNG,MSLN,MUC1,lung,P00_no_penalty,0.0,ACH-000888,NCIH1793,lung,Lung Cancer,True,1.0319973455633047,0.578314058901202,0.4057,0.2763,0.36,0.9676,0.0,0.4512,69,69,69,69.0,1,1,0.4512,69.0,0.0,0.0,False,False,False
Q05_MSLN_MUC1_LUNG,MSLN,MUC1,lung,P00_no_penalty,0.0,ACH-000886,NCIH2009,lung,Lung Cancer,True,1.475184147713543,0.6882097750955627,0.1999,0.6965,0.3752,0.8758,0.0,0.4503,70,70,70,70.0,1,1,0.4503,70.0,0.0,0.0,False,False,False
Q05_MSLN_MUC1_LUNG,MSLN,MUC1,lung,P00_no_penalty,0.0,ACH-000912,NCIH2286,lung,Lung Cancer,True,-0.2712535763240091,0.2551507951332172,0.3185,0.3861,0.3423,0.9831,0.0,0.4384,71,71,71,71.0,1,1,0.4384,71.0,0.0,0.0,False,False,False
Q05_MSLN_MUC1_LUNG,MSLN,MUC1,lung,P00_no_penalty,0.0,ACH-000438,LU65,lung,Lung Cancer,True,2.2629348789322674,0.883545986304682,0.4378,0.2241,0.3624,0.8591,0.0,0.4369,72,72,72,72.0,1,1,0.4369,72.0,0.0,0.0,False,False,False
Q05_MSLN_MUC1_LUNG,MSLN,MUC1,lung,P00_no_penalty,0.0,ACH-000569,ISTMES1,lung,Lung Cancer,True,0.01638466807922693,0.32647559704567686,0.4228,,0.4228,0.5,0.0,0.4344,73,73,73,73.0,1,1,0.4344,73.0,0.0,0.0,False,False,False
Q05_MSLN_MUC1_LUNG,MSLN,MUC1,lung,P00_no_penalty,0.0,ACH-000878,HCC15,lung,Lung Cancer,True,0.1943063818763687,0.3705943164421011,0.4381,0.1759,0.3456,0.9344,0.0,0.4339,74,74,74,74.0,1,1,0.4339,74.0,0.0,0.0,False,False,False
Q05_MSLN_MUC1_LUNG,MSLN,MUC1,lung,P00_no_penalty,0.0,ACH-000951,NCIH2342,lung,Lung Cancer,True,1.0522010298965052,0.5833239065518756,0.3735,,0.3735,0.5875,0.0,0.4056,75,75,75,75.0,1,1,0.4056,75.0,0.0,0.0,False,False,False
Q05_MSLN_MUC1_LUNG,MSLN,MUC1,lung,P00_no_penalty,0.0,ACH-001992,ONE58,lung,Lung Cancer,True,-0.5941344100984812,0.17508699291500657,0.3952,,0.3952,0.4125,0.0,0.3978,76,76,76,76.0,1,1,0.3978,76.0,0.0,0.0,False,False,False
Q05_MSLN_MUC1_LUNG,MSLN,MUC1,lung,P00_no_penalty,0.0,ACH-000666,NCIH1355,lung,Lung Cancer,True,0.16493781303895358,0.36331187957725736,0.2759,0.3116,0.2885,0.9911,0.0,0.3939,77,77,77,77.0,1,1,0.3939,77.0,0.0,0.0,False,False,False
Q05_MSLN_MUC1_LUNG,MSLN,MUC1,lung,P00_no_penalty,0.0,ACH-000335,MSTO211H,lung,Lung Cancer,True,-1.09368548340206,0.05121479566092855,0.3332,0.2504,0.304,0.8918,0.0,0.3921,78,78,78,78.0,1,1,0.3921,78.0,0.0,0.0,False,False,False
Q05_MSLN_MUC1_LUNG,MSLN,MUC1,lung,P00_no_penalty,0.0,ACH-000414,NCIH1944,lung,Lung Cancer,True,1.2851770323205338,0.6410942745282405,0.3506,0.1721,0.2876,0.8679,0.0,0.3747,79,79,79,79.0,1,1,0.3747,79.0,0.0,0.0,False,False,False
Q05_MSLN_MUC1_LUNG,MSLN,MUC1,lung,P00_no_penalty,0.0,ACH-000562,HCC78,lung,Lung Cancer,True,1.8558101950072348,0.7825924865540799,0.3521,,0.3521,0.5,0.0,0.3743,80,80,80,80.0,1,1,0.3743,80.0,0.0,0.0,False,False,False
Q05_MSLN_MUC1_LUNG,MSLN,MUC1,lung,P00_no_penalty,0.0,ACH-000451,NCIH2085,lung,Lung Cancer,True,-0.15170134174077937,0.2847958079774996,0.3328,,0.3328,0.5875,0.0,0.371,81,81,81,81.0,1,1,0.371,81.0,0.0,0.0,False,False,False
Q05_MSLN_MUC1_LUNG,MSLN,MUC1,lung,P00_no_penalty,0.0,ACH-000891,HCC1438,lung,Lung Cancer,True,0.43734976351655763,0.4308610625682494,0.3478,,0.3478,0.5,0.0,0.3706,82,82,82,82.0,1,1,0.3706,82.0,0.0,0.0,False,False,False
Q05_MSLN_MUC1_LUNG,MSLN,MUC1,lung,P00_no_penalty,0.0,ACH-000681,A549,lung,Lung Cancer,True,-0.6776263884800188,0.1543837347940377,0.2584,0.2301,0.2484,0.9929,0.0,0.3601,83,83,83,83.0,1,1,0.3601,83.0,0.0,0.0,False,False,False
Q05_MSLN_MUC1_LUNG,MSLN,MUC1,lung,P00_no_penalty,0.0,ACH-000378,NCIH647,lung,Lung Cancer,True,-0.1737244463757371,0.27933480407363886,0.2973,0.1673,0.2514,0.9675,0.0,0.3588,84,84,84,84.0,1,1,0.3588,84.0,0.0,0.0,False,False,False
Q05_MSLN_MUC1_LUNG,MSLN,MUC1,lung,P00_no_penalty,0.0,ACH-000675,NCIH1734,lung,Lung Cancer,True,1.0705218865979738,0.5878668750219059,0.3152,,0.3152,0.5875,0.0,0.356,85,85,85,85.0,1,1,0.356,85.0,0.0,0.0,False,False,False
Q05_MSLN_MUC1_LUNG,MSLN,MUC1,lung,P00_no_penalty,0.0,ACH-000392,CALU3,lung,Lung Cancer,True,0.3466414367858648,0.40836838796129593,0.311,,0.311,0.5875,0.0,0.3524,86,86,86,86.0,1,1,0.3524,86.0,0.0,0.0,False,False,False
Q05_MSLN_MUC1_LUNG,MSLN,MUC1,lung,P00_no_penalty,0.0,ACH-001078,HCC1588,lung,Lung Cancer,True,0.20351542182023075,0.3728778547496117,0.3259,,0.3259,0.5,0.0,0.352,87,87,87,87.0,1,1,0.352,87.0,0.0,0.0,False,False,False
Q05_MSLN_MUC1_LUNG,MSLN,MUC1,lung,P00_no_penalty,0.0,ACH-000109,NCIH3255,lung,Lung Cancer,True,2.6278318576514486,0.9740284073040079,0.3138,0.1203,0.2455,0.9516,0.0,0.3514,88,88,88,88.0,1,1,0.3514,88.0,0.0,0.0,False,False,False
Q05_MSLN_MUC1_LUNG,MSLN,MUC1,lung,P00_no_penalty,0.0,ACH-001556,MERO25,lung,Lung Cancer,True,-0.9287277893621633,0.0921188655482338,0.3337,,0.3337,0.4125,0.0,0.3455,89,89,89,89.0,1,1,0.3455,89.0,0.0,0.0,False,False,False
Q05_MSLN_MUC1_LUNG,MSLN,MUC1,lung,P00_no_penalty,0.0,ACH-000901,HCC1359,lung,Lung Cancer,True,0.07359234556964936,0.340661215072034,0.3045,,0.3045,0.5,0.0,0.3339,90,90,90,90.0,1,1,0.3339,90.0,0.0,0.0,False,False,False
Q05_MSLN_MUC1_LUNG,MSLN,MUC1,lung,P00_no_penalty,0.0,ACH-000343,NCIH522,lung,Lung Cancer,True,-0.0020002351298243812,0.321916747153216,0.2176,0.2104,0.2151,0.9982,0.0,0.3326,91,91,91,91.0,1,1,0.3326,91.0,0.0,0.0,False,False,False
Q05_MSLN_MUC1_LUNG,MSLN,MUC1,lung,P00_no_penalty,0.0,ACH-000121,NCIH2405,lung,Lung Cancer,True,-0.2646899249544958,0.2567783642860058,0.2801,,0.2801,0.5875,0.0,0.3262,92,92,92,92.0,1,1,0.3262,92.0,0.0,0.0,False,False,False
Q05_MSLN_MUC1_LUNG,MSLN,MUC1,lung,P00_no_penalty,0.0,ACH-000337,NCIH3122,lung,Lung Cancer,True,1.1137497758877595,0.5985859664524786,0.279,,0.279,0.5875,0.0,0.3253,93,93,93,93.0,1,1,0.3253,93.0,0.0,0.0,False,False,False
Q05_MSLN_MUC1_LUNG,MSLN,MUC1,lung,P00_no_penalty,0.0,ACH-000766,NCIH1648,lung,Lung Cancer,True,0.999478754345698,0.5702505203342773,0.2793,,0.2793,0.5,0.0,0.3124,94,94,94,94.0,1,1,0.3124,94.0,0.0,0.0,False,False,False
Q05_MSLN_MUC1_LUNG,MSLN,MUC1,lung,P00_no_penalty,0.0,ACH-000667,HCC44,lung,Lung Cancer,True,0.07246017382988255,0.3403804738053874,0.2617,0.1014,0.2051,0.8724,0.0,0.3052,95,95,96,95.5,2,1,0.3052,95.5,0.0,0.0,False,False,False
Q05_MSLN_MUC1_LUNG,MSLN,MUC1,lung,P00_no_penalty,0.0,ACH-000893,NCIH1651,lung,Lung Cancer,True,1.479798695698611,0.689354030865978,0.2554,,0.2554,0.5875,0.0,0.3052,96,95,96,95.5,2,1,0.3052,95.5,0.0,0.0,False,False,False
Q05_MSLN_MUC1_LUNG,MSLN,MUC1,lung,P00_no_penalty,0.0,ACH-000523,NCIH1184,lung,Lung Cancer,True,0.2926886862848716,0.39498988452167333,0.2507,,0.2507,0.5875,0.0,0.3012,97,97,97,97.0,1,1,0.3012,97.0,0.0,0.0,False,False,False
Q05_MSLN_MUC1_LUNG,MSLN,MUC1,lung,P00_no_penalty,0.0,ACH-000511,CALU1,lung,Lung Cancer,True,-0.1389224219989533,0.28796455878507027,0.1813,0.1562,0.1724,0.9937,0.0,0.2956,98,98,98,98.0,1,1,0.2956,98.0,0.0,0.0,False,False,False
Q05_MSLN_MUC1_LUNG,MSLN,MUC1,lung,P00_no_penalty,0.0,ACH-000481,NCIH2170,lung,Lung Cancer,True,-0.5987714606006834,0.17393715726219264,0.0729,0.3709,0.1781,0.9255,0.0,0.2902,99,99,99,99.0,1,1,0.2902,99.0,0.0,0.0,False,False,False
Q05_MSLN_MUC1_LUNG,MSLN,MUC1,lung,P00_no_penalty,0.0,ACH-000447,NCIH2228,lung,Lung Cancer,True,2.4321898274088976,0.9255156336227748,0.2077,0.0968,0.1686,0.9723,0.0,0.2891,100,100,100,100.0,1,1,0.2891,100.0,0.0,0.0,False,False,False
Q05_MSLN_MUC1_LUNG,MSLN,MUC1,lung,P00_no_penalty,0.0,ACH-000853,NCIH661,lung,Lung Cancer,True,-0.4919447071720413,0.20042667030680553,0.1742,0.1473,0.1647,0.9933,0.0,0.289,101,101,101,101.0,1,1,0.289,101.0,0.0,0.0,False,False,False
Q05_MSLN_MUC1_LUNG,MSLN,MUC1,lung,P00_no_penalty,0.0,ACH-000757,A427,lung,Lung Cancer,True,0.49636083345099946,0.4454938624674724,0.236,,0.236,0.5875,0.0,0.2887,102,102,102,102.0,1,1,0.2887,102.0,0.0,0.0,False,False,False
Q05_MSLN_MUC1_LUNG,MSLN,MUC1,lung,P00_no_penalty,0.0,ACH-000264,CALU6,lung,Lung Cancer,True,-0.7110671869442262,0.14609151923277747,0.1314,0.234,0.1676,0.9743,0.0,0.2886,103,103,103,103.0,1,1,0.2886,103.0,0.0,0.0,False,False,False
Q05_MSLN_MUC1_LUNG,MSLN,MUC1,lung,P00_no_penalty,0.0,ACH-000860,NCIH358,lung,Lung Cancer,True,0.5997308128147568,0.47112620950502127,0.1267,0.2333,0.1643,0.9733,0.0,0.2857,104,104,104,104.0,1,1,0.2857,104.0,0.0,0.0,False,False,False
Q05_MSLN_MUC1_LUNG,MSLN,MUC1,lung,P00_no_penalty,0.0,ACH-000463,NCIH460,lung,Lung Cancer,True,-0.24705466254037747,0.261151327975069,0.1562,0.1625,0.1584,0.9984,0.0,0.2844,105,105,105,105.0,1,1,0.2844,105.0,0.0,0.0,False,False,False
Q05_MSLN_MUC1_LUNG,MSLN,MUC1,lung,P00_no_penalty,0.0,ACH-002128,H2722,lung,Lung Cancer,True,0.9707103033928699,0.5631168929204545,0.2597,,0.2597,0.4125,0.0,0.2826,106,106,106,106.0,1,1,0.2826,106.0,0.0,0.0,False,False,False
Q05_MSLN_MUC1_LUNG,MSLN,MUC1,lung,P00_no_penalty,0.0,ACH-000029,HCC827GR5,lung,Lung Cancer,True,0.8785146427876953,0.5402554085462353,0.2394,,0.2394,0.5,0.0,0.2785,107,107,107,107.0,1,1,0.2785,107.0,0.0,0.0,False,False,False
Q05_MSLN_MUC1_LUNG,MSLN,MUC1,lung,P00_no_penalty,0.0,ACH-000129,NCIH1341,lung,Lung Cancer,True,-0.3178450349919423,0.24359764938517045,0.2392,,0.2392,0.5,0.0,0.2783,108,108,108,108.0,1,1,0.2783,108.0,0.0,0.0,False,False,False
Q05_MSLN_MUC1_LUNG,MSLN,MUC1,lung,P00_no_penalty,0.0,ACH-000638,NCIH441,lung,Lung Cancer,True,2.484390425953605,0.9384596611412211,0.1709,0.1119,0.1501,0.9852,0.0,0.2754,109,109,109,109.0,1,1,0.2754,109.0,0.0,0.0,False,False,False
Q05_MSLN_MUC1_LUNG,MSLN,MUC1,lung,P00_no_penalty,0.0,ACH-000700,NCIH2882,lung,Lung Cancer,True,-0.2782348672889444,0.25341966512927655,0.2356,,0.2356,0.5,0.0,0.2752,110,110,110,110.0,1,1,0.2752,110.0,0.0,0.0,False,False,False
Q05_MSLN_MUC1_LUNG,MSLN,MUC1,lung,P00_no_penalty,0.0,ACH-000861,HOP62,lung,Lung Cancer,True,-0.7772425743268075,0.12968220479569564,0.2177,,0.2177,0.5875,0.0,0.2731,111,111,111,111.0,1,1,0.2731,111.0,0.0,0.0,False,False,False
Q05_MSLN_MUC1_LUNG,MSLN,MUC1,lung,P00_no_penalty,0.0,ACH-000677,SW1573,lung,Lung Cancer,True,-0.08386712755137166,0.301616456775384,0.1537,0.1278,0.1446,0.9935,0.0,0.2719,112,112,112,112.0,1,1,0.2719,112.0,0.0,0.0,False,False,False
Q05_MSLN_MUC1_LUNG,MSLN,MUC1,lung,P00_no_penalty,0.0,ACH-000282,NCIH1755,lung,Lung Cancer,True,-0.10370148669198521,0.29669818959676214,0.2147,,0.2147,0.5875,0.0,0.2706,113,113,113,113.0,1,1,0.2706,113.0,0.0,0.0,False,False,False
Q05_MSLN_MUC1_LUNG,MSLN,MUC1,lung,P00_no_penalty,0.0,ACH-000530,DMS114,lung,Lung Cancer,True,-0.06930541864305033,0.30522728052223214,0.1183,0.1911,0.144,0.9818,0.0,0.2697,114,114,114,114.0,1,1,0.2697,114.0,0.0,0.0,False,False,False
Q05_MSLN_MUC1_LUNG,MSLN,MUC1,lung,P00_no_penalty,0.0,ACH-000012,HCC827,lung,Lung Cancer,True,0.7162418749040604,0.5000171118305131,0.1348,0.1492,0.1399,0.9964,0.0,0.2684,115,115,115,115.0,1,1,0.2684,115.0,0.0,0.0,False,False,False
Q05_MSLN_MUC1_LUNG,MSLN,MUC1,lung,P00_no_penalty,0.0,ACH-000521,NCIH2030,lung,Lung Cancer,True,0.7734054854712152,0.514191802712674,0.1278,0.1439,0.1335,0.996,0.0,0.2628,116,116,116,116.0,1,1,0.2628,116.0,0.0,0.0,False,False,False
Q05_MSLN_MUC1_LUNG,MSLN,MUC1,lung,P00_no_penalty,0.0,ACH-000563,EBC1,lung,Lung Cancer,True,-0.7275278379188342,0.14200982045676852,0.0992,0.2042,0.1363,0.9737,0.0,0.2619,117,117,117,117.0,1,1,0.2619,117.0,0.0,0.0,False,False,False
Q05_MSLN_MUC1_LUNG,MSLN,MUC1,lung,P00_no_penalty,0.0,ACH-000752,NCIH196,lung,Lung Cancer,True,0.10138147482917648,0.34755200299165734,0.0923,0.2074,0.1329,0.9712,0.0,0.2586,118,118,118,118.0,1,1,0.2586,118.0,0.0,0.0,False,False,False
Q05_MSLN_MUC1_LUNG,MSLN,MUC1,lung,P00_no_penalty,0.0,ACH-000442,RERFLCSQ1,lung,Lung Cancer,True,-0.5594143808667806,0.18369641553362825,0.1167,0.1514,0.1289,0.9913,0.0,0.2583,119,119,119,119.0,1,1,0.2583,119.0,0.0,0.0,False,False,False
Q05_MSLN_MUC1_LUNG,MSLN,MUC1,lung,P00_no_penalty,0.0,ACH-000945,NCIH650,lung,Lung Cancer,True,-0.8495002118082545,0.11176469285037331,0.1079,0.1686,0.1293,0.9848,0.0,0.2576,120,120,120,120.0,1,1,0.2576,120.0,0.0,0.0,False,False,False
Q05_MSLN_MUC1_LUNG,MSLN,MUC1,lung,P00_no_penalty,0.0,ACH-000587,NCIH1975,lung,Lung Cancer,True,0.7552419241939804,0.5096878383222244,0.1171,0.147,0.1277,0.9925,0.0,0.2574,121,121,121,121.0,1,1,0.2574,121.0,0.0,0.0,False,False,False
Q05_MSLN_MUC1_LUNG,MSLN,MUC1,lung,P00_no_penalty,0.0,ACH-000390,LUDLU1,lung,Lung Cancer,True,0.7223252781593708,0.5015255952835352,0.0945,0.1842,0.1261,0.9776,0.0,0.2539,122,122,122,122.0,1,1,0.2539,122.0,0.0,0.0,False,False,False
Q05_MSLN_MUC1_LUNG,MSLN,MUC1,lung,P00_no_penalty,0.0,ACH-000186,NCIH2444,lung,Lung Cancer,True,1.1962196067373638,0.6190357656831261,0.1923,,0.1923,0.5875,0.0,0.2516,123,123,123,123.0,1,1,0.2516,123.0,0.0,0.0,False,False,False
Q05_MSLN_MUC1_LUNG,MSLN,MUC1,lung,P00_no_penalty,0.0,ACH-000021,NCIH1693,lung,Lung Cancer,True,0.38952942475722335,0.41900319507057854,0.0903,0.2281,0.139,0.8781,0.0,0.2498,124,124,124,124.0,1,1,0.2498,124.0,0.0,0.0,False,False,False
Q05_MSLN_MUC1_LUNG,MSLN,MUC1,lung,P00_no_penalty,0.0,ACH-000510,NCIH1299,lung,Lung Cancer,True,-0.4495784062241572,0.2109321162329575,0.0955,0.1619,0.1189,0.9834,0.0,0.2486,125,125,125,125.0,1,1,0.2486,125.0,0.0,0.0,False,False,False
Q05_MSLN_MUC1_LUNG,MSLN,MUC1,lung,P00_no_penalty,0.0,ACH-000327,NCIH1395,lung,Lung Cancer,True,0.03883511812721268,0.3320425685234799,0.188,,0.188,0.5875,0.0,0.2479,126,126,126,126.0,1,1,0.2479,126.0,0.0,0.0,False,False,False
Q05_MSLN_MUC1_LUNG,MSLN,MUC1,lung,P00_no_penalty,0.0,ACH-000769,LK2,lung,Lung Cancer,True,-0.9692123532954279,0.08208002836563584,0.0851,0.176,0.1172,0.9773,0.0,0.2462,127,127,127,127.0,1,1,0.2462,127.0,0.0,0.0,False,False,False
Q05_MSLN_MUC1_LUNG,MSLN,MUC1,lung,P00_no_penalty,0.0,ACH-000670,SBC5,lung,Lung Cancer,True,0.0904302864587773,0.3448364693085573,0.1046,0.1816,0.1318,0.8932,0.0,0.246,128,128,128,128.0,1,1,0.246,128.0,0.0,0.0,False,False,False
Q05_MSLN_MUC1_LUNG,MSLN,MUC1,lung,P00_no_penalty,0.0,ACH-000747,NCIH1703,lung,Lung Cancer,True,-0.201444141495514,0.27246123353160695,0.1265,0.0751,0.1083,0.9872,0.0,0.2402,129,129,130,129.5,2,1,0.2402,129.5,0.0,0.0,False,False,False
Q05_MSLN_MUC1_LUNG,MSLN,MUC1,lung,P00_no_penalty,0.0,ACH-000454,HCC95,lung,Lung Cancer,True,-1.1456296640346284,0.03833435133124787,0.0783,0.1684,0.1101,0.9775,0.0,0.2402,130,129,130,129.5,2,1,0.2402,129.5,0.0,0.0,False,False,False
Q05_MSLN_MUC1_LUNG,MSLN,MUC1,lung,P00_no_penalty,0.0,ACH-000980,NCIH1155,lung,Lung Cancer,True,-0.4625426503926499,0.20771741107724734,0.1046,0.1084,0.106,0.9991,0.0,0.2399,131,131,131,131.0,1,1,0.2399,131.0,0.0,0.0,False,False,False
Q05_MSLN_MUC1_LUNG,MSLN,MUC1,lung,P00_no_penalty,0.0,ACH-000718,NCIH2291,lung,Lung Cancer,True,1.6373960494698745,0.7284329790183147,0.1299,0.0623,0.1061,0.9831,0.0,0.2376,132,132,132,132.0,1,1,0.2376,132.0,0.0,0.0,False,False,False
Q05_MSLN_MUC1_LUNG,MSLN,MUC1,lung,P00_no_penalty,0.0,ACH-000309,SKLU1,lung,Lung Cancer,True,-0.8027349326558469,0.12336094034815155,0.103,0.1961,0.1359,0.8017,0.0,0.2358,133,133,133,133.0,1,1,0.2358,133.0,0.0,0.0,False,False,False
Q05_MSLN_MUC1_LUNG,MSLN,MUC1,lung,P00_no_penalty,0.0,ACH-000904,NCIH2106,lung,Lung Cancer,True,1.5277182234334181,0.7012364939595584,0.1827,,0.1827,0.5,0.0,0.2303,134,134,134,134.0,1,1,0.2303,134.0,0.0,0.0,False,False,False
Q05_MSLN_MUC1_LUNG,MSLN,MUC1,lung,P00_no_penalty,0.0,ACH-000314,HCC2108,lung,Lung Cancer,True,-0.6929900190998985,0.15057406090003725,0.1793,,0.1793,0.5,0.0,0.2274,135,135,135,135.0,1,1,0.2274,135.0,0.0,0.0,False,False,False
Q05_MSLN_MUC1_LUNG,MSLN,MUC1,lung,P00_no_penalty,0.0,ACH-000448,NCIH1666,lung,Lung Cancer,True,-0.1031116368726311,0.29684445290611733,0.1115,0.0579,0.0925,0.9866,0.0,0.2267,136,136,136,136.0,1,1,0.2267,136.0,0.0,0.0,False,False,False
Q05_MSLN_MUC1_LUNG,MSLN,MUC1,lung,P00_no_penalty,0.0,ACH-000395,NCIH520,lung,Lung Cancer,True,-0.6481721473651464,0.1616874155592943,0.1095,0.0571,0.091,0.9869,0.0,0.2254,137,137,137,137.0,1,1,0.2254,137.0,0.0,0.0,False,False,False
Q05_MSLN_MUC1_LUNG,MSLN,MUC1,lung,P00_no_penalty,0.0,ACH-000015,NCIH1581,lung,Lung Cancer,True,-0.37497430563302875,0.22943147367257474,0.111,0.0361,0.0846,0.9813,0.0,0.2191,138,138,138,138.0,1,1,0.2191,138.0,0.0,0.0,False,False,False
Q05_MSLN_MUC1_LUNG,MSLN,MUC1,lung,P00_no_penalty,0.0,ACH-000729,NCIH1963,lung,Lung Cancer,True,0.5286911564585922,0.4535107167250366,0.1482,,0.1482,0.5875,0.0,0.2141,139,139,139,139.0,1,1,0.2141,139.0,0.0,0.0,False,False,False
Q05_MSLN_MUC1_LUNG,MSLN,MUC1,lung,P00_no_penalty,0.0,ACH-000339,HCC461,lung,Lung Cancer,True,-0.03505596234685509,0.3137200165664384,0.1618,,0.1618,0.5,0.0,0.2126,140,140,140,140.0,1,1,0.2126,140.0,0.0,0.0,False,False,False
Q05_MSLN_MUC1_LUNG,MSLN,MUC1,lung,P00_no_penalty,0.0,ACH-000179,NCIH1618,lung,Lung Cancer,True,0.6637786101364762,0.48700795174822903,0.1611,,0.1611,0.5,0.0,0.2119,141,141,141,141.0,1,1,0.2119,141.0,0.0,0.0,False,False,False
Q05_MSLN_MUC1_LUNG,MSLN,MUC1,lung,P00_no_penalty,0.0,ACH-000825,HOP92,lung,Lung Cancer,True,-0.5674562049901203,0.18170230826947759,0.1416,,0.1416,0.5875,0.0,0.2085,142,142,142,142.0,1,1,0.2085,142.0,0.0,0.0,False,False,False
Q05_MSLN_MUC1_LUNG,MSLN,MUC1,lung,P00_no_penalty,0.0,ACH-000749,DMS273,lung,Lung Cancer,True,-1.0058611946913518,0.07299232391830603,0.0677,0.117,0.0851,0.9002,0.0,0.2074,143,143,143,143.0,1,1,0.2074,143.0,0.0,0.0,False,False,False
Q05_MSLN_MUC1_LUNG,MSLN,MUC1,lung,P00_no_penalty,0.0,ACH-000672,IALM,lung,Lung Cancer,True,0.2567766488853586,0.3860848831749043,0.0918,0.0622,0.0813,0.9051,0.0,0.2049,144,144,144,144.0,1,1,0.2049,144.0,0.0,0.0,False,False,False
Q05_MSLN_MUC1_LUNG,MSLN,MUC1,lung,P00_no_penalty,0.0,ACH-000508,CORL88,lung,Lung Cancer,True,0.4125711126931538,0.4247167740529861,0.0821,0.0751,0.0797,0.9107,0.0,0.2043,145,145,145,145.0,1,1,0.2043,145.0,0.0,0.0,False,False,False
Q05_MSLN_MUC1_LUNG,MSLN,MUC1,lung,P00_no_penalty,0.0,ACH-000845,NCIH1373,lung,Lung Cancer,True,0.6370488993202483,0.48037986467621885,0.1516,,0.1516,0.5,0.0,0.2039,146,146,146,146.0,1,1,0.2039,146.0,0.0,0.0,False,False,False
Q05_MSLN_MUC1_LUNG,MSLN,MUC1,lung,P00_no_penalty,0.0,ACH-000727,NCIH2066,lung,Lung Cancer,True,-0.5659615158528059,0.18207294189944162,0.0715,0.089,0.0776,0.9081,0.0,0.2022,147,147,147,147.0,1,1,0.2022,147.0,0.0,0.0,False,False,False
Q05_MSLN_MUC1_LUNG,MSLN,MUC1,lung,P00_no_penalty,0.0,ACH-000775,NCIH727,lung,Lung Cancer,True,-1.1057612653363167,0.04822039984897431,0.1333,,0.1333,0.5875,0.0,0.2014,148,148,148,148.0,1,1,0.2014,148.0,0.0,0.0,False,False,False
Q05_MSLN_MUC1_LUNG,MSLN,MUC1,lung,P00_no_penalty,0.0,ACH-000890,SW1271,lung,Lung Cancer,True,-0.6697247599736476,0.15634307816707224,0.0853,0.0594,0.0762,0.906,0.0,0.2006,149,149,149,149.0,1,1,0.2006,149.0,0.0,0.0,False,False,False
Q05_MSLN_MUC1_LUNG,MSLN,MUC1,lung,P00_no_penalty,0.0,ACH-000712,HCC1833,lung,Lung Cancer,True,2.256383906924849,0.8819215612156867,0.082,0.0596,0.0741,0.9069,0.0,0.199,150,150,150,150.0,1,1,0.199,150.0,0.0,0.0,False,False,False
Q05_MSLN_MUC1_LUNG,MSLN,MUC1,lung,P00_no_penalty,0.0,ACH-000843,HARA,lung,Lung Cancer,True,-1.0367487224936338,0.06533323530637955,0.1294,,0.1294,0.5875,0.0,0.1981,151,151,151,151.0,1,1,0.1981,151.0,0.0,0.0,False,False,False
Q05_MSLN_MUC1_LUNG,MSLN,MUC1,lung,P00_no_penalty,0.0,ACH-000496,NCIH1792,lung,Lung Cancer,True,-0.6996822795625924,0.14891460093205375,0.0833,0.0516,0.0721,0.9046,0.0,0.197,152,152,152,152.0,1,1,0.197,152.0,0.0,0.0,False,False,False
Q05_MSLN_MUC1_LUNG,MSLN,MUC1,lung,P00_no_penalty,0.0,ACH-000866,NCIH1048,lung,Lung Cancer,True,-0.5190255579607811,0.19371151209780205,0.085,0.0397,0.069,0.9012,0.0,0.1938,153,153,153,153.0,1,1,0.1938,153.0,0.0,0.0,False,False,False
Q05_MSLN_MUC1_LUNG,MSLN,MUC1,lung,P00_no_penalty,0.0,ACH-000900,NCIH23,lung,Lung Cancer,True,0.28102192436941675,0.3920969121900348,0.12,,0.12,0.5875,0.0,0.1901,154,154,154,154.0,1,1,0.1901,154.0,0.0,0.0,False,False,False
Q05_MSLN_MUC1_LUNG,MSLN,MUC1,lung,P00_no_penalty,0.0,ACH-001363,NCIH2135,lung,Lung Cancer,True,-1.1940528611181738,0.02632699484387456,0.1338,,0.1338,0.5,0.0,0.1887,155,155,155,155.0,1,1,0.1887,155.0,0.0,0.0,False,False,False
Q05_MSLN_MUC1_LUNG,MSLN,MUC1,lung,P00_no_penalty,0.0,ACH-000731,HCC2279,lung,Lung Cancer,True,-0.5779046405844149,0.17911144070037427,0.1329,,0.1329,0.5,0.0,0.188,156,156,156,156.0,1,1,0.188,156.0,0.0,0.0,False,False,False
Q05_MSLN_MUC1_LUNG,MSLN,MUC1,lung,P00_no_penalty,0.0,ACH-000064,SALE,lung,Non-Cancerous,True,0.12055509427521965,0.35230642850892885,0.132,,0.132,0.5,0.0,0.1872,157,157,157,157.0,1,1,0.1872,157.0,0.0,0.0,False,False,False
Q05_MSLN_MUC1_LUNG,MSLN,MUC1,lung,P00_no_penalty,0.0,ACH-000434,NCIH1915,lung,Lung Cancer,True,-1.2669402259621099,0.008253331273160495,0.1281,,0.1281,0.5,0.0,0.1839,158,158,158,158.0,1,1,0.1839,158.0,0.0,0.0,False,False,False
Q05_MSLN_MUC1_LUNG,MSLN,MUC1,lung,P00_no_penalty,0.0,ACH-000921,NCIH157DM,lung,Lung Cancer,True,-0.6783566273391652,0.1542026596310827,0.1277,,0.1277,0.5,0.0,0.1836,159,159,159,159.0,1,1,0.1836,159.0,0.0,0.0,False,False,False
Q05_MSLN_MUC1_LUNG,MSLN,MUC1,lung,P00_no_penalty,0.0,ACH-000251,NCIH2887,lung,Lung Cancer,True,-1.099879711600908,0.049678831275524866,0.1276,,0.1276,0.5,0.0,0.1834,160,160,160,160.0,1,1,0.1834,160.0,0.0,0.0,False,False,False
Q05_MSLN_MUC1_LUNG,MSLN,MUC1,lung,P00_no_penalty,0.0,ACH-000578,HCC1171,lung,Lung Cancer,True,0.5712265403091961,0.46405808963683093,0.1265,,0.1265,0.5,0.0,0.1825,161,161,161,161.0,1,1,0.1825,161.0,0.0,0.0,False,False,False
Q05_MSLN_MUC1_LUNG,MSLN,MUC1,lung,P00_no_penalty,0.0,ACH-000161,CORL105,lung,Lung Cancer,True,1.4405709643644526,0.6796268467333921,0.084,0.0,0.0543,0.8915,0.0,0.1799,162,162,162,162.0,1,1,0.1799,162.0,0.0,0.0,False,False,False
Q05_MSLN_MUC1_LUNG,MSLN,MUC1,lung,P00_no_penalty,0.0,ACH-000665,SKMES1,lung,Lung Cancer,True,-0.16887637648745502,0.2805369655774294,0.1077,,0.1077,0.5875,0.0,0.1797,163,163,163,163.0,1,1,0.1797,163.0,0.0,0.0,False,False,False
Q05_MSLN_MUC1_LUNG,MSLN,MUC1,lung,P00_no_penalty,0.0,ACH-000733,NCIH1838,lung,Lung Cancer,True,1.1621188788808021,0.6105799093887515,0.0973,,0.0973,0.5875,0.0,0.1709,164,164,164,164.0,1,1,0.1709,164.0,0.0,0.0,False,False,False
Q05_MSLN_MUC1_LUNG,MSLN,MUC1,lung,P00_no_penalty,0.0,ACH-000585,EPLC272H,lung,Lung Cancer,True,-0.3645534191807533,0.23201550996268228,0.1126,,0.1126,0.5,0.0,0.1707,165,165,165,165.0,1,1,0.1707,165.0,0.0,0.0,False,False,False
Q05_MSLN_MUC1_LUNG,MSLN,MUC1,lung,P00_no_penalty,0.0,ACH-001233,VMRCLCD,lung,Lung Cancer,True,0.06557595599559328,0.3386734147375934,0.112,,0.112,0.5,0.0,0.1702,166,166,166,166.0,1,1,0.1702,166.0,0.0,0.0,False,False,False
Q05_MSLN_MUC1_LUNG,MSLN,MUC1,lung,P00_no_penalty,0.0,ACH-000779,PC9,lung,Lung Cancer,True,-0.08975645099988883,0.30015609871613014,0.0957,,0.0957,0.5875,0.0,0.1695,167,167,167,167.0,1,1,0.1695,167.0,0.0,0.0,False,False,False
Q05_MSLN_MUC1_LUNG,MSLN,MUC1,lung,P00_no_penalty,0.0,ACH-001362,NCIH1770,lung,Lung Cancer,True,-0.5834763264383852,0.17772984629286642,0.1103,,0.1103,0.5,0.0,0.1688,168,168,168,168.0,1,1,0.1688,168.0,0.0,0.0,False,False,False
Q05_MSLN_MUC1_LUNG,MSLN,MUC1,lung,P00_no_penalty,0.0,ACH-000594,DMS153,lung,Lung Cancer,True,0.5657551417314889,0.46270136316762056,0.1059,,0.1059,0.5,0.0,0.165,169,169,169,169.0,1,1,0.165,169.0,0.0,0.0,False,False,False
Q05_MSLN_MUC1_LUNG,MSLN,MUC1,lung,P00_no_penalty,0.0,ACH-000841,NCIH2087,lung,Lung Cancer,True,2.061894444358777,0.8336945863210027,0.1057,,0.1057,0.5,0.0,0.1649,170,170,170,170.0,1,1,0.1649,170.0,0.0,0.0,False,False,False
Q05_MSLN_MUC1_LUNG,MSLN,MUC1,lung,P00_no_penalty,0.0,ACH-000297,NCIH889,lung,Lung Cancer,True,-0.4406938958005897,0.2131351819183459,0.089,,0.089,0.5875,0.0,0.1638,171,171,171,171.0,1,1,0.1638,171.0,0.0,0.0,False,False,False
Q05_MSLN_MUC1_LUNG,MSLN,MUC1,lung,P00_no_penalty,0.0,ACH-000066,HCC4006,lung,Lung Cancer,True,1.5448581063677935,0.7054866198690439,0.0868,,0.0868,0.5875,0.0,0.1619,172,172,172,172.0,1,1,0.1619,172.0,0.0,0.0,False,False,False
Q05_MSLN_MUC1_LUNG,MSLN,MUC1,lung,P00_no_penalty,0.0,ACH-001234,VMRCLCP,lung,Lung Cancer,True,-0.09991110515077373,0.29763807925976726,0.1175,,0.1175,0.4125,0.0,0.1617,173,173,173,173.0,1,1,0.1617,173.0,0.0,0.0,False,False,False
Q05_MSLN_MUC1_LUNG,MSLN,MUC1,lung,P00_no_penalty,0.0,ACH-000559,NCIH1836,lung,Lung Cancer,True,-0.3851000842804786,0.22692061438911207,0.0986,,0.0986,0.5,0.0,0.1588,174,174,174,174.0,1,1,0.1588,174.0,0.0,0.0,False,False,False
Q05_MSLN_MUC1_LUNG,MSLN,MUC1,lung,P00_no_penalty,0.0,ACH-000603,BEN,lung,Lung Cancer,True,1.8114630586742941,0.7715958587555262,0.0978,,0.0978,0.5,0.0,0.1582,175,175,175,175.0,1,1,0.1582,175.0,0.0,0.0,False,False,False
Q05_MSLN_MUC1_LUNG,MSLN,MUC1,lung,P00_no_penalty,0.0,ACH-000705,LC1F,lung,Lung Cancer,True,-0.8529594344430379,0.11090691967869752,0.0956,,0.0956,0.5,0.0,0.1562,176,176,176,176.0,1,1,0.1562,176.0,0.0,0.0,False,False,False
Q05_MSLN_MUC1_LUNG,MSLN,MUC1,lung,P00_no_penalty,0.0,ACH-000355,NCIH82,lung,Lung Cancer,True,-1.1859579559004823,0.028334264469476154,0.0791,,0.0791,0.5875,0.0,0.1554,177,177,177,177.0,1,1,0.1554,177.0,0.0,0.0,False,False,False
Q05_MSLN_MUC1_LUNG,MSLN,MUC1,lung,P00_no_penalty,0.0,ACH-000789,NCIH810,lung,Lung Cancer,True,0.25958201376688167,0.3867805211797945,0.0781,,0.0781,0.5875,0.0,0.1545,178,178,178,178.0,1,1,0.1545,178.0,0.0,0.0,False,False,False
Q05_MSLN_MUC1_LUNG,MSLN,MUC1,lung,P00_no_penalty,0.0,ACH-000690,HCC2814,lung,Lung Cancer,True,-1.2331705514285645,0.016627097257411023,0.0931,,0.0931,0.5,0.0,0.1541,179,179,179,179.0,1,1,0.1541,179.0,0.0,0.0,False,False,False
Q05_MSLN_MUC1_LUNG,MSLN,MUC1,lung,P00_no_penalty,0.0,ACH-000610,NCIH2227,lung,Lung Cancer,True,-0.36502414597181243,0.23189878523716173,0.0927,,0.0927,0.5,0.0,0.1538,180,180,180,180.0,1,1,0.1538,180.0,0.0,0.0,False,False,False
Q05_MSLN_MUC1_LUNG,MSLN,MUC1,lung,P00_no_penalty,0.0,ACH-000525,NCIH2171,lung,Lung Cancer,True,-0.1367890075241806,0.2884935752415781,0.0911,,0.0911,0.5,0.0,0.1525,181,181,182,181.5,2,2,0.1525,181.5,0.0,0.0,False,False,False
Q05_MSLN_MUC1_LUNG,MSLN,MUC1,lung,P00_no_penalty,0.0,ACH-000737,NCIH1385,lung,Lung Cancer,True,1.3136746856385797,0.648160753056145,0.0911,,0.0911,0.5,0.0,0.1525,182,181,182,181.5,2,2,0.1525,181.5,0.0,0.0,False,False,False
Q05_MSLN_MUC1_LUNG,MSLN,MUC1,lung,P00_no_penalty,0.0,ACH-002133,H2810,lung,Lung Cancer,True,-0.6990560626448102,0.14906988208288857,0.103,,0.103,0.4125,0.0,0.1495,183,183,183,183.0,1,1,0.1495,183.0,0.0,0.0,False,False,False
Q05_MSLN_MUC1_LUNG,MSLN,MUC1,lung,P00_no_penalty,0.0,ACH-000515,HCC33,lung,Lung Cancer,True,0.13139302658276247,0.3549938784222042,0.0852,,0.0852,0.5,0.0,0.1474,184,184,184,184.0,1,1,0.1474,184.0,0.0,0.0,False,False,False
Q05_MSLN_MUC1_LUNG,MSLN,MUC1,lung,P00_no_penalty,0.0,ACH-000648,NCIH28,lung,Lung Cancer,True,-0.7880675869267035,0.12699795854398693,0.084,,0.084,0.5,0.0,0.1464,185,185,186,185.5,2,2,0.1464,185.5,0.0,0.0,False,False,False
Q05_MSLN_MUC1_LUNG,MSLN,MUC1,lung,P00_no_penalty,0.0,ACH-000868,HCC1195,lung,Lung Cancer,True,0.6388812234776671,0.48083422066020304,0.084,,0.084,0.5,0.0,0.1464,186,185,186,185.5,2,2,0.1464,185.5,0.0,0.0,False,False,False
Q05_MSLN_MUC1_LUNG,MSLN,MUC1,lung,P00_no_penalty,0.0,ACH-000506,NCIH146,lung,Lung Cancer,True,-0.7534939258662176,0.1355710866815328,0.0667,,0.0667,0.5875,0.0,0.1448,187,187,187,187.0,1,1,0.1448,187.0,0.0,0.0,False,False,False
Q05_MSLN_MUC1_LUNG,MSLN,MUC1,lung,P00_no_penalty,0.0,ACH-000176,LOUNH91,lung,Lung Cancer,True,-1.0874594684266898,0.05275864211898072,0.082,,0.082,0.5,0.0,0.1447,188,188,188,188.0,1,1,0.1447,188.0,0.0,0.0,False,False,False
Q05_MSLN_MUC1_LUNG,MSLN,MUC1,lung,P00_no_penalty,0.0,ACH-001386,SCLC22H,lung,Lung Cancer,True,0.3686554633580033,0.4138271408048581,0.0814,,0.0814,0.5,0.0,0.1442,189,189,189,189.0,1,1,0.1442,189.0,0.0,0.0,False,False,False
Q05_MSLN_MUC1_LUNG,MSLN,MUC1,lung,P00_no_penalty,0.0,ACH-000586,NCIH1876,lung,Lung Cancer,True,0.6800316691762034,0.49103817456816434,0.079,,0.079,0.5,0.0,0.1421,190,190,191,190.5,2,2,0.1421,190.5,0.0,0.0,False,False,False
Q05_MSLN_MUC1_LUNG,MSLN,MUC1,lung,P00_no_penalty,0.0,ACH-000703,DMS79,lung,Lung Cancer,True,0.6940117684776559,0.49450477830669487,0.079,,0.079,0.5,0.0,0.1421,191,190,191,190.5,2,2,0.1421,190.5,0.0,0.0,False,False,False
Q05_MSLN_MUC1_LUNG,MSLN,MUC1,lung,P00_no_penalty,0.0,ACH-000575,HCC364,lung,Lung Cancer,True,0.40577925669862935,0.4230326176765194,0.077,,0.077,0.5,0.0,0.1404,192,192,192,192.0,1,1,0.1404,192.0,0.0,0.0,False,False,False
Q05_MSLN_MUC1_LUNG,MSLN,MUC1,lung,P00_no_penalty,0.0,ACH-000257,CORL279,lung,Lung Cancer,True,0.09058615213688201,0.3448751188582333,0.0763,,0.0763,0.5,0.0,0.1399,193,193,193,193.0,1,1,0.1399,193.0,0.0,0.0,False,False,False
Q05_MSLN_MUC1_LUNG,MSLN,MUC1,lung,P00_no_penalty,0.0,ACH-000743,CORL95,lung,Lung Cancer,True,0.8644054753735959,0.5367568001708148,0.0756,,0.0756,0.5,0.0,0.1393,194,194,194,194.0,1,1,0.1393,194.0,0.0,0.0,False,False,False
Q05_MSLN_MUC1_LUNG,MSLN,MUC1,lung,P00_no_penalty,0.0,ACH-000669,SW900,lung,Lung Cancer,True,1.7459975402409158,0.7553625684152773,0.0749,,0.0749,0.5,0.0,0.1387,195,195,195,195.0,1,1,0.1387,195.0,0.0,0.0,False,False,False
Q05_MSLN_MUC1_LUNG,MSLN,MUC1,lung,P00_no_penalty,0.0,ACH-000399,NCIH2196,lung,Lung Cancer,True,0.09967085201135509,0.34712782492771055,0.0742,,0.0742,0.5,0.0,0.1381,196,196,197,196.5,2,2,0.1381,196.5,0.0,0.0,False,False,False
Q05_MSLN_MUC1_LUNG,MSLN,MUC1,lung,P00_no_penalty,0.0,ACH-000816,NCIH524,lung,Lung Cancer,True,-0.9600027597309388,0.08436370395281048,0.0742,,0.0742,0.5,0.0,0.1381,197,196,197,196.5,2,2,0.1381,196.5,0.0,0.0,False,False,False
Q05_MSLN_MUC1_LUNG,MSLN,MUC1,lung,P00_no_penalty,0.0,ACH-000382,CORL24,lung,Lung Cancer,True,-0.5393921621287209,0.1886612656991648,0.0735,,0.0735,0.5,0.0,0.1375,198,198,200,199.0,3,3,0.1375,199.0,0.0,0.0,False,False,False
Q05_MSLN_MUC1_LUNG,MSLN,MUC1,lung,P00_no_penalty,0.0,ACH-000444,LU99,lung,Lung Cancer,True,-1.144325918676285,0.03865763719895664,0.0735,,0.0735,0.5,0.0,0.1375,199,198,200,199.0,3,3,0.1375,199.0,0.0,0.0,False,False,False
Q05_MSLN_MUC1_LUNG,MSLN,MUC1,lung,P00_no_penalty,0.0,ACH-000659,SCLC21H,lung,Lung Cancer,True,0.35580558236574766,0.4106407939465924,0.0735,,0.0735,0.5,0.0,0.1375,200,198,200,199.0,3,3,0.1375,199.0,0.0,0.0,False,False,False
Q05_MSLN_MUC1_LUNG,MSLN,MUC1,lung,P00_no_penalty,0.0,ACH-000790,SHP77,lung,Lung Cancer,True,-0.18485038001527795,0.27657593932469765,0.0576,,0.0576,0.5875,0.0,0.1371,201,201,201,201.0,1,1,0.1371,201.0,0.0,0.0,False,False,False
Q05_MSLN_MUC1_LUNG,MSLN,MUC1,lung,P00_no_penalty,0.0,ACH-000710,NCIH854,lung,Lung Cancer,True,-0.8951961177605641,0.10043361465171151,0.0728,,0.0728,0.5,0.0,0.1369,202,202,203,202.5,2,2,0.1369,202.5,0.0,0.0,False,False,False
Q05_MSLN_MUC1_LUNG,MSLN,MUC1,lung,P00_no_penalty,0.0,ACH-000780,NCIH1105,lung,Lung Cancer,True,0.3028734487455324,0.3975153698462664,0.0728,,0.0728,0.5,0.0,0.1369,203,202,203,202.5,2,2,0.1369,202.5,0.0,0.0,False,False,False
Q05_MSLN_MUC1_LUNG,MSLN,MUC1,lung,P00_no_penalty,0.0,ACH-000298,NCIH2029,lung,Lung Cancer,True,1.0542668116031226,0.5838361523115608,0.0714,,0.0714,0.5,0.0,0.1357,204,204,205,204.5,2,2,0.1357,204.5,0.0,0.0,False,False,False
Q05_MSLN_MUC1_LUNG,MSLN,MUC1,lung,P00_no_penalty,0.0,ACH-000431,NCIH1694,lung,Lung Cancer,True,-0.37727891133014635,0.22886000743666352,0.0714,,0.0714,0.5,0.0,0.1357,205,204,205,204.5,2,2,0.1357,204.5,0.0,0.0,False,False,False
Q05_MSLN_MUC1_LUNG,MSLN,MUC1,lung,P00_no_penalty,0.0,ACH-000394,NCIH2081,lung,Lung Cancer,True,0.48748693147821653,0.443293427328145,0.0707,,0.0707,0.5,0.0,0.1351,206,206,207,206.5,2,2,0.1351,206.5,0.0,0.0,False,False,False
Q05_MSLN_MUC1_LUNG,MSLN,MUC1,lung,P00_no_penalty,0.0,ACH-000830,NCIH1436,lung,Lung Cancer,True,0.6777339225829209,0.490468409163877,0.0707,,0.0707,0.5,0.0,0.1351,207,206,207,206.5,2,2,0.1351,206.5,0.0,0.0,False,False,False
Q05_MSLN_MUC1_LUNG,MSLN,MUC1,lung,P00_no_penalty,0.0,ACH-000290,NCIH209,lung,Lung Cancer,True,0.3108300231604543,0.399488337993195,0.0538,,0.0538,0.5875,0.0,0.1338,208,208,209,208.5,2,1,0.1338,208.5,0.0,0.0,False,False,False
Q05_MSLN_MUC1_LUNG,MSLN,MUC1,lung,P00_no_penalty,0.0,ACH-000695,CORL47,lung,Lung Cancer,True,0.6117426019526584,0.4741047372131587,0.0692,,0.0692,0.5,0.0,0.1338,209,208,209,208.5,2,1,0.1338,208.5,0.0,0.0,False,False,False
Q05_MSLN_MUC1_LUNG,MSLN,MUC1,lung,P00_no_penalty,0.0,ACH-000143,HCC2429,lung,Lung Cancer,True,-0.9652463181122719,0.08306347434099051,0.0682,,0.0682,0.5,0.0,0.133,210,210,210,210.0,1,1,0.133,210.0,0.0,0.0,False,False,False
Q05_MSLN_MUC1_LUNG,MSLN,MUC1,lung,P00_no_penalty,0.0,ACH-000767,NCIH526,lung,Lung Cancer,True,0.744757281717467,0.5070879926399795,0.0527,,0.0527,0.5875,0.0,0.1329,211,211,211,211.0,1,1,0.1329,211.0,0.0,0.0,False,False,False
Q05_MSLN_MUC1_LUNG,MSLN,MUC1,lung,P00_no_penalty,0.0,ACH-000803,COLO668,lung,Lung Cancer,True,1.8493084291918374,0.7809802629785031,0.068,,0.068,0.5,0.0,0.1328,212,212,212,212.0,1,1,0.1328,212.0,0.0,0.0,False,False,False
Q05_MSLN_MUC1_LUNG,MSLN,MUC1,lung,P00_no_penalty,0.0,ACH-000358,NCIH69,lung,Lung Cancer,True,0.4540954061300517,0.4350134298752544,0.0514,,0.0514,0.5875,0.0,0.1318,213,213,213,213.0,1,1,0.1318,213.0,0.0,0.0,False,False,False
Q05_MSLN_MUC1_LUNG,MSLN,MUC1,lung,P00_no_penalty,0.0,ACH-000292,NCIH841,lung,Lung Cancer,True,0.15868549721775918,0.3617615113765126,0.0501,,0.0501,0.5875,0.0,0.1307,214,214,214,214.0,1,1,0.1307,214.0,0.0,0.0,False,False,False
Q05_MSLN_MUC1_LUNG,MSLN,MUC1,lung,P00_no_penalty,0.0,ACH-000187,CORL311,lung,Lung Cancer,True,0.02723387401857852,0.3291658424479778,0.063,,0.063,0.5,0.0,0.1286,215,215,219,217.0,5,5,0.1286,217.0,0.0,0.0,False,False,False
Q05_MSLN_MUC1_LUNG,MSLN,MUC1,lung,P00_no_penalty,0.0,ACH-000596,LCLC97TM1,lung,Lung Cancer,True,0.6251160607566091,0.47742091410769927,0.063,,0.063,0.5,0.0,0.1286,216,215,219,217.0,5,5,0.1286,217.0,0.0,0.0,False,False,False
Q05_MSLN_MUC1_LUNG,MSLN,MUC1,lung,P00_no_penalty,0.0,ACH-000639,NCIH211,lung,Lung Cancer,True,-0.8019248165449762,0.12356182243618484,0.063,,0.063,0.5,0.0,0.1286,217,215,219,217.0,5,5,0.1286,217.0,0.0,0.0,False,False,False
Q05_MSLN_MUC1_LUNG,MSLN,MUC1,lung,P00_no_penalty,0.0,ACH-000698,DMS53,lung,Lung Cancer,True,1.447524166052124,0.6813510115226031,0.063,,0.063,0.5,0.0,0.1286,218,215,219,217.0,5,5,0.1286,217.0,0.0,0.0,False,False,False
Q05_MSLN_MUC1_LUNG,MSLN,MUC1,lung,P00_no_penalty,0.0,ACH-000871,NCIH510,lung,Lung Cancer,True,0.6370078642211534,0.48036968932446594,0.063,,0.063,0.5,0.0,0.1286,219,215,219,217.0,5,5,0.1286,217.0,0.0,0.0,False,False,False
Q05_MSLN_MUC1_LUNG,MSLN,MUC1,lung,P00_no_penalty,0.0,ACH-000514,NCIH1092,lung,Lung Cancer,True,0.4568290885073603,0.4356912929822888,0.0623,,0.0623,0.5,0.0,0.1279,220,220,221,220.5,2,2,0.1279,220.5,0.0,0.0,False,False,False
Q05_MSLN_MUC1_LUNG,MSLN,MUC1,lung,P00_no_penalty,0.0,ACH-000800,NCIH446,lung,Lung Cancer,True,-1.1372411169745236,0.040414434453145104,0.0623,,0.0623,0.5,0.0,0.1279,221,220,221,220.5,2,2,0.1279,220.5,0.0,0.0,False,False,False
Q05_MSLN_MUC1_LUNG,MSLN,MUC1,lung,P00_no_penalty,0.0,ACH-002051,LU134A,lung,Lung Cancer,True,1.0056801837547689,0.5717882703824106,0.0764,,0.0764,0.4125,0.0,0.1268,222,222,222,222.0,1,1,0.1268,222.0,0.0,0.0,False,False,False
Q05_MSLN_MUC1_LUNG,MSLN,MUC1,lung,P00_no_penalty,0.0,ACH-000844,DMS454,lung,Lung Cancer,True,0.7674183571395843,0.5127071922667855,0.0608,,0.0608,0.5,0.0,0.1267,223,223,224,223.5,2,2,0.1267,223.5,0.0,0.0,False,False,False
Q05_MSLN_MUC1_LUNG,MSLN,MUC1,lung,P00_no_penalty,0.0,ACH-000870,NCIH1930,lung,Lung Cancer,True,-0.3133411209489228,0.24471447158527668,0.0608,,0.0608,0.5,0.0,0.1267,224,223,224,223.5,2,2,0.1267,223.5,0.0,0.0,False,False,False
Q05_MSLN_MUC1_LUNG,MSLN,MUC1,lung,P00_no_penalty,0.0,ACH-001113,LC1SQSF,lung,Lung Cancer,True,-0.9364362910804367,0.0902074112517497,0.072,,0.072,0.4125,0.0,0.1231,225,225,225,225.0,1,1,0.1231,225.0,0.0,0.0,False,False,False
Q05_MSLN_MUC1_LUNG,MSLN,MUC1,lung,P00_no_penalty,0.0,ACH-001136,NCIH187,lung,Lung Cancer,True,0.22454184464279298,0.3780917144220566,0.0555,,0.0555,0.5,0.0,0.1221,226,226,226,226.0,1,1,0.1221,226.0,0.0,0.0,False,False,False
Q05_MSLN_MUC1_LUNG,MSLN,MUC1,lung,P00_no_penalty,0.0,ACH-001549,LU135,lung,Lung Cancer,True,-0.42582065613224396,0.21682325502330527,0.0676,,0.0676,0.4125,0.0,0.1193,227,227,229,228.0,3,3,0.1193,228.0,0.0,0.0,False,False,False
Q05_MSLN_MUC1_LUNG,MSLN,MUC1,lung,P00_no_penalty,0.0,ACH-002077,LU165,lung,Lung Cancer,True,-0.16433174345242005,0.28166388474515414,0.0676,,0.0676,0.4125,0.0,0.1193,228,227,229,228.0,3,3,0.1193,228.0,0.0,0.0,False,False,False
Q05_MSLN_MUC1_LUNG,MSLN,MUC1,lung,P00_no_penalty,0.0,ACH-002170,NCIH1688,lung,Lung Cancer,True,2.5259260688542295,0.9487591312563307,0.0676,,0.0676,0.4125,0.0,0.1193,229,227,229,228.0,3,3,0.1193,228.0,0.0,0.0,False,False,False
Q05_MSLN_MUC1_LUNG,MSLN,MUC1,lung,P00_no_penalty,0.0,ACH-001049,CPCN,lung,Lung Cancer,True,0.0379718651588857,0.33182851024658416,0.054,,0.054,0.4125,0.0,0.1078,230,230,232,231.0,3,3,0.1078,231.0,0.0,0.0,False,False,False
Q05_MSLN_MUC1_LUNG,MSLN,MUC1,lung,P00_no_penalty,0.0,ACH-001365,NCIH847,lung,Lung Cancer,True,-0.5961751283240612,0.17458096207233953,0.054,,0.054,0.4125,0.0,0.1078,231,230,232,231.0,3,3,0.1078,231.0,0.0,0.0,False,False,False
Q05_MSLN_MUC1_LUNG,MSLN,MUC1,lung,P00_no_penalty,0.0,ACH-001417,UMC11,lung,Lung Cancer,True,2.0299051397037147,0.8257622933723604,0.054,,0.054,0.4125,0.0,0.1078,232,230,232,231.0,3,3,0.1078,231.0,0.0,0.0,False,False,False
Q05_MSLN_MUC1_LUNG,MSLN,MUC1,lung,P00_no_penalty,0.0,ACH-001364,NCIH345,lung,Lung Cancer,True,-0.7938777237571664,0.12555723615542966,0.0358,,0.0358,0.5,0.0,0.1054,233,233,233,233.0,1,1,0.1054,233.0,0.0,0.0,False,False,False
Q05_MSLN_MUC1_LUNG,MSLN,MUC1,lung,P00_no_penalty,0.0,ACH-002156,LC1SQ,lung,Lung Cancer,True,-1.3002242120964689,0.0,0.0194,,0.0194,0.4125,0.0,0.0783,234,234,234,234.0,1,1,0.0783,234.0,0.0,0.0,False,False,False
Q05_MSLN_MUC1_LUNG,MSLN,MUC1,lung,P00_no_penalty,0.0,ACH-002173,NCIH378,lung,Lung Cancer,True,-1.126354464930915,0.04311396525479925,0.0029,,0.0029,0.4125,0.0,0.0644,235,235,235,235.0,1,1,0.0644,235.0,0.0,0.0,False,False,False
Q05_MSLN_MUC1_LUNG,MSLN,MUC1,lung,P00_no_penalty,0.0,ACH-001138,NCIH2141,lung,Lung Cancer,True,0.7483696784841555,0.5079837479466072,0.0,,0.0,0.4125,0.0,0.0619,236,236,236,236.0,1,1,0.0619,236.0,0.0,0.0,False,False,False
Q05_MSLN_MUC1_LUNG,MSLN,MUC1,lung,P15_weak,0.15,ACH-002172,NCIH322M,lung,Lung Cancer,True,0.2765508631201727,0.39098823639971203,1.0,,1.0,0.4125,0.0586,0.8532,1,1,1,1.0,1,1,0.9119,1.0,0.0587,0.0,True,True,False
Q05_MSLN_MUC1_LUNG,MSLN,MUC1,lung,P15_weak,0.15,ACH-001562,MERO95,lung,Lung Cancer,True,0.5773588687449387,0.4655787049216618,0.9888,,0.9888,0.4125,0.0698,0.8325,2,2,2,2.0,1,1,0.9023,2.0,0.0698,0.0,True,True,False
Q05_MSLN_MUC1_LUNG,MSLN,MUC1,lung,P15_weak,0.15,ACH-000153,NCIH2052,lung,Lung Cancer,True,-0.9800565854947956,0.07939101628687933,0.784,0.8966,0.8237,0.8844,0.0119,0.8209,3,3,3,3.0,1,1,0.8328,7.0,0.0119,-4.0,True,True,False
Q05_MSLN_MUC1_LUNG,MSLN,MUC1,lung,P15_weak,0.15,ACH-002130,H2795,lung,Lung Cancer,True,0.06742091667674294,0.33913090416286884,0.9296,,0.9296,0.4125,0.0509,0.8011,4,4,4,4.0,1,1,0.852,6.0,0.0509,-2.0,True,True,False
Q05_MSLN_MUC1_LUNG,MSLN,MUC1,lung,P15_weak,0.15,ACH-000628,NCIH596,lung,Lung Cancer,True,1.9496008399868483,0.8058494744705919,0.9349,,0.9349,0.5875,0.1209,0.7619,5,5,5,5.0,1,1,0.8828,3.0,0.1209,2.0,True,True,False
Q05_MSLN_MUC1_LUNG,MSLN,MUC1,lung,P15_weak,0.15,ACH-000791,RERFLCAD1,lung,Lung Cancer,True,0.19588064808987873,0.37098468256350836,0.8489,,0.8489,0.5875,0.0556,0.7541,6,6,6,6.0,1,1,0.8097,11.0,0.0556,-5.0,True,False,False
Q05_MSLN_MUC1_LUNG,MSLN,MUC1,lung,P15_weak,0.15,ACH-000482,RERFLCKJ,lung,Lung Cancer,True,2.245725273852091,0.8792785716015993,0.9252,,0.9252,0.5875,0.1319,0.7427,7,7,7,7.0,1,1,0.8746,4.0,0.1319,3.0,True,True,False
Q05_MSLN_MUC1_LUNG,MSLN,MUC1,lung,P15_weak,0.15,ACH-000892,NCIH1563,lung,Lung Cancer,True,-0.010103357446125946,0.3199074399580559,0.8354,,0.8354,0.5,0.048,0.7371,8,8,8,8.0,1,1,0.7851,17.0,0.048,-9.0,True,False,False
Q05_MSLN_MUC1_LUNG,MSLN,MUC1,lung,P15_weak,0.15,ACH-000416,NCIH838,lung,Lung Cancer,True,0.4254882449578994,0.4279197970097263,0.6575,1.0,0.7784,0.9144,0.0642,0.7346,9,9,9,9.0,1,1,0.7988,15.0,0.0642,-6.0,True,False,False
Q05_MSLN_MUC1_LUNG,MSLN,MUC1,lung,P15_weak,0.15,ACH-000367,NCIH226,lung,Lung Cancer,True,-0.06373880435677877,0.30660761734814734,0.6928,0.8395,0.7446,0.9633,0.046,0.7314,10,10,10,10.0,1,1,0.7774,18.0,0.046,-8.0,True,False,False
Q05_MSLN_MUC1_LUNG,MSLN,MUC1,lung,P15_weak,0.15,ACH-000528,ABC1,lung,Lung Cancer,True,1.330295789103636,0.6522822387600754,0.756,0.8781,0.7991,0.9695,0.0978,0.7268,11,11,11,11.0,1,1,0.8247,9.0,0.0979,2.0,False,True,False
Q05_MSLN_MUC1_LUNG,MSLN,MUC1,lung,P15_weak,0.15,ACH-000894,NCIH1869,lung,Lung Cancer,True,2.7325699449243714,1.0,0.91,,0.91,0.5875,0.15,0.7117,12,12,12,12.0,1,1,0.8617,5.0,0.15,7.0,False,True,False
Q05_MSLN_MUC1_LUNG,MSLN,MUC1,lung,P15_weak,0.15,ACH-000590,NCIH2073,lung,Lung Cancer,True,1.3554407711435796,0.6585173653400344,0.8474,,0.8474,0.5875,0.0988,0.7096,13,13,13,13.0,1,1,0.8084,12.0,0.0988,1.0,False,False,False
Q05_MSLN_MUC1_LUNG,MSLN,MUC1,lung,P15_weak,0.15,ACH-000035,NCIH1650,lung,Lung Cancer,True,1.2262944867255439,0.6264933444280818,0.719,0.8753,0.7741,0.9609,0.094,0.7082,14,14,14,14.0,1,1,0.8022,14.0,0.094,0.0,False,False,False
Q05_MSLN_MUC1_LUNG,MSLN,MUC1,lung,P15_weak,0.15,ACH-000379,NCIH1781,lung,Lung Cancer,True,2.3199152234640272,0.8976752332518787,0.8742,,0.8742,0.5875,0.1347,0.6965,15,15,15,15.0,1,1,0.8312,8.0,0.1347,7.0,False,True,False
Q05_MSLN_MUC1_LUNG,MSLN,MUC1,lung,P15_weak,0.15,ACH-000852,NCIH1435,lung,Lung Cancer,True,1.8645133136528402,0.7847505730585582,0.8897,0.5954,0.7858,0.9264,0.1177,0.6892,16,16,16,16.0,1,1,0.8069,13.0,0.1177,3.0,False,False,False
Q05_MSLN_MUC1_LUNG,MSLN,MUC1,lung,P15_weak,0.15,ACH-002124,H2373,lung,Lung Cancer,True,0.33086585044764977,0.40445656263027807,0.809,,0.809,0.4125,0.0607,0.6889,17,17,17,17.0,1,1,0.7496,22.0,0.0607,-5.0,False,False,False
Q05_MSLN_MUC1_LUNG,MSLN,MUC1,lung,P15_weak,0.15,ACH-000030,PC14,lung,Lung Cancer,True,0.5834317234195973,0.46708457267444214,0.6296,0.9374,0.7382,0.8356,0.0701,0.6827,18,18,18,18.0,1,1,0.7528,21.0,0.0701,-3.0,False,False,False
Q05_MSLN_MUC1_LUNG,MSLN,MUC1,lung,P15_weak,0.15,ACH-001557,MERO41,lung,Lung Cancer,True,0.4176369342871374,0.4259729308010721,0.8054,,0.8054,0.4125,0.0639,0.6826,19,19,19,19.0,1,1,0.7465,24.0,0.0639,-5.0,False,False,False
Q05_MSLN_MUC1_LUNG,MSLN,MUC1,lung,P15_weak,0.15,ACH-000929,NCIH2110,lung,Lung Cancer,True,2.3949959079270986,0.9162927677799827,0.7422,0.93,0.8085,0.8655,0.1374,0.6796,20,20,20,20.0,1,1,0.817,10.0,0.1374,10.0,False,True,False
Q05_MSLN_MUC1_LUNG,MSLN,MUC1,lung,P15_weak,0.15,ACH-001547,LO68,lung,Lung Cancer,True,0.7438662735171266,0.5068670519805636,0.806,,0.806,0.4125,0.076,0.671,21,21,21,21.0,1,1,0.747,23.0,0.076,-2.0,False,False,False
Q05_MSLN_MUC1_LUNG,MSLN,MUC1,lung,P15_weak,0.15,ACH-001075,NCIH292,lung,Lung Cancer,True,0.38569551057906254,0.41805251074877,0.6373,0.7855,0.6896,0.9629,0.0627,0.6679,22,22,23,22.5,2,1,0.7306,27.0,0.0627,-4.5,False,False,False
Q05_MSLN_MUC1_LUNG,MSLN,MUC1,lung,P15_weak,0.15,ACH-000645,JL1,lung,Lung Cancer,True,0.569691981116645,0.46367756954758227,0.7794,,0.7794,0.5,0.0696,0.6679,23,22,23,22.5,2,1,0.7375,26.0,0.0696,-3.5,False,False,False
Q05_MSLN_MUC1_LUNG,MSLN,MUC1,lung,P15_weak,0.15,ACH-000916,NCIH1573,lung,Lung Cancer,True,-0.28348599608005437,0.25211755830540905,0.5609,0.9068,0.683,0.826,0.0378,0.6666,24,24,24,24.0,1,1,0.7044,30.0,0.0378,-6.0,False,False,False
Q05_MSLN_MUC1_LUNG,MSLN,MUC1,lung,P15_weak,0.15,ACH-000785,NCIH2126,lung,Lung Cancer,True,2.337541997485711,0.9020460920994587,0.8091,0.6915,0.7676,0.9706,0.1353,0.6627,25,25,25,25.0,1,1,0.7981,16.0,0.1354,9.0,False,False,False
Q05_MSLN_MUC1_LUNG,MSLN,MUC1,lung,P15_weak,0.15,ACH-001977,NO36,lung,Lung Cancer,True,-0.02485411115017765,0.31624973933419154,0.7623,,0.7623,0.4125,0.0474,0.6624,26,26,26,26.0,1,1,0.7099,29.0,0.0475,-3.0,False,False,False
Q05_MSLN_MUC1_LUNG,MSLN,MUC1,lung,P15_weak,0.15,ACH-000589,NCIH1437,lung,Lung Cancer,True,1.4001504317811861,0.6696038872146434,0.6526,0.8594,0.7256,0.9483,0.1004,0.6586,27,27,27,27.0,1,1,0.759,20.0,0.1004,7.0,False,False,False
Q05_MSLN_MUC1_LUNG,MSLN,MUC1,lung,P15_weak,0.15,ACH-000813,T3M10,lung,Lung Cancer,True,1.7543175065800276,0.7574256457792997,0.8102,,0.8102,0.5,0.1136,0.6501,28,28,28,28.0,1,1,0.7637,19.0,0.1136,9.0,False,False,False
Q05_MSLN_MUC1_LUNG,MSLN,MUC1,lung,P15_weak,0.15,ACH-000744,NCIH1623,lung,Lung Cancer,True,0.6431057649364541,0.4818817676696214,0.7451,,0.7451,0.5875,0.0723,0.6492,29,29,29,29.0,1,1,0.7215,28.0,0.0723,1.0,False,False,False
Q05_MSLN_MUC1_LUNG,MSLN,MUC1,lung,P15_weak,0.15,ACH-001561,MERO84,lung,Lung Cancer,True,0.28119463371595266,0.3921397384141889,0.7409,,0.7409,0.4125,0.0588,0.6328,30,30,30,30.0,1,1,0.6916,33.0,0.0588,-3.0,False,False,False
Q05_MSLN_MUC1_LUNG,MSLN,MUC1,lung,P15_weak,0.15,ACH-000925,DV90,lung,Lung Cancer,True,1.5850509759408622,0.7154531264667325,0.8514,0.4874,0.7229,0.8215,0.1073,0.6304,31,31,31,31.0,1,1,0.7377,25.0,0.1073,6.0,False,False,False
Q05_MSLN_MUC1_LUNG,MSLN,MUC1,lung,P15_weak,0.15,ACH-002131,H2803,lung,Lung Cancer,True,0.5603079432631417,0.46135063752771555,0.7402,,0.7402,0.4125,0.0692,0.6219,32,32,32,32.0,1,1,0.6911,34.0,0.0692,-2.0,False,False,False
Q05_MSLN_MUC1_LUNG,MSLN,MUC1,lung,P15_weak,0.15,ACH-000869,NCIH1568,lung,Lung Cancer,True,0.7707150054934665,0.5135246523764574,0.6724,0.604,0.6483,0.9829,0.077,0.6214,33,33,33,33.0,1,1,0.6985,31.0,0.0771,2.0,False,False,False
Q05_MSLN_MUC1_LUNG,MSLN,MUC1,lung,P15_weak,0.15,ACH-000261,RERFLCAI,lung,Lung Cancer,True,-0.7381898292851586,0.13936599809659114,0.6658,,0.6658,0.5,0.0209,0.62,34,34,34,34.0,1,1,0.6409,42.0,0.0209,-8.0,False,False,False
Q05_MSLN_MUC1_LUNG,MSLN,MUC1,lung,P15_weak,0.15,ACH-002125,H2461,lung,Lung Cancer,True,0.11811504515661642,0.3517013767697134,0.717,,0.717,0.4125,0.0528,0.6186,35,35,35,35.0,1,1,0.6713,36.0,0.0527,-1.0,False,False,False
Q05_MSLN_MUC1_LUNG,MSLN,MUC1,lung,P15_weak,0.15,ACH-000774,RERFLCAD2,lung,Lung Cancer,True,-0.07120887832332068,0.3047552852737376,0.6809,,0.6809,0.5,0.0457,0.6081,36,36,36,36.0,1,1,0.6538,38.0,0.0457,-2.0,False,False,False
Q05_MSLN_MUC1_LUNG,MSLN,MUC1,lung,P15_weak,0.15,ACH-000924,NCIH2172,lung,Lung Cancer,True,0.21187117998601399,0.3749498073066835,0.5182,0.7526,0.6009,0.9414,0.0562,0.5958,37,37,38,37.5,2,1,0.652,40.0,0.0562,-2.5,False,False,False
Q05_MSLN_MUC1_LUNG,MSLN,MUC1,lung,P15_weak,0.15,ACH-000319,MPP89,lung,Lung Cancer,True,0.2357604910190031,0.38087356887318924,0.6799,,0.6799,0.5,0.0571,0.5958,38,37,38,37.5,2,1,0.6529,39.0,0.0571,-1.5,False,False,False
Q05_MSLN_MUC1_LUNG,MSLN,MUC1,lung,P15_weak,0.15,ACH-000781,NCIH2023,lung,Lung Cancer,True,0.6931307933539543,0.4942863255195205,0.694,,0.694,0.5,0.0741,0.5907,39,39,39,39.0,1,1,0.6649,37.0,0.0742,2.0,False,False,False
Q05_MSLN_MUC1_LUNG,MSLN,MUC1,lung,P15_weak,0.15,ACH-000875,NCIH2347,lung,Lung Cancer,True,1.8153335320868955,0.7725556085622113,0.717,,0.717,0.5875,0.1159,0.5817,40,40,40,40.0,1,1,0.6976,32.0,0.1159,8.0,False,False,False
Q05_MSLN_MUC1_LUNG,MSLN,MUC1,lung,P15_weak,0.15,ACH-000826,CAL12T,lung,Lung Cancer,True,1.3771748970407292,0.663906712043811,0.7027,,0.7027,0.5,0.0996,0.5727,41,41,41,41.0,1,1,0.6723,35.0,0.0996,6.0,False,False,False
Q05_MSLN_MUC1_LUNG,MSLN,MUC1,lung,P15_weak,0.15,ACH-000858,KNS62,lung,Lung Cancer,True,-0.21117758038424964,0.2700476615738638,0.6043,,0.6043,0.5875,0.0405,0.5612,42,42,42,42.0,1,1,0.6017,48.5,0.0405,-6.5,False,False,False
Q05_MSLN_MUC1_LUNG,MSLN,MUC1,lung,P15_weak,0.15,ACH-000553,SQ1,lung,Lung Cancer,True,-0.5351425265052903,0.18971503523412414,0.5071,0.5851,0.5346,0.893,0.0285,0.5599,43,43,43,43.0,1,1,0.5884,51.0,0.0285,-8.0,False,False,False
Q05_MSLN_MUC1_LUNG,MSLN,MUC1,lung,P15_weak,0.15,ACH-001137,NCIH1993,lung,Lung Cancer,True,1.083520805167219,0.5910901782858761,0.6852,,0.6852,0.4125,0.0887,0.5557,44,44,44,44.0,1,1,0.6443,41.0,0.0886,3.0,False,False,False
Q05_MSLN_MUC1_LUNG,MSLN,MUC1,lung,P15_weak,0.15,ACH-000086,ACCMESO1,lung,Lung Cancer,True,0.11945526463177539,0.3520337070159339,0.6199,,0.6199,0.5,0.0528,0.5491,45,45,45,45.0,1,1,0.6019,47.0,0.0528,-2.0,False,False,False
Q05_MSLN_MUC1_LUNG,MSLN,MUC1,lung,P15_weak,0.15,ACH-002127,H2595,lung,Lung Cancer,True,0.9372521005884922,0.5548203616566088,0.6709,,0.6709,0.4125,0.0832,0.5489,46,46,46,46.0,1,1,0.6321,43.0,0.0832,3.0,False,False,False
Q05_MSLN_MUC1_LUNG,MSLN,MUC1,lung,P15_weak,0.15,ACH-001558,MERO48A,lung,Lung Cancer,True,0.15550747191801106,0.3609734658735663,0.6351,,0.6351,0.4125,0.0541,0.5475,47,47,47,47.0,1,1,0.6017,48.5,0.0542,-1.5,False,False,False
Q05_MSLN_MUC1_LUNG,MSLN,MUC1,lung,P15_weak,0.15,ACH-002123,H2369,lung,Lung Cancer,True,0.796429475543645,0.5199009932083868,0.6519,,0.6519,0.4125,0.078,0.538,48,48,48,48.0,1,1,0.616,45.0,0.078,3.0,False,False,False
Q05_MSLN_MUC1_LUNG,MSLN,MUC1,lung,P15_weak,0.15,ACH-000851,MORCPR,lung,Lung Cancer,True,1.2258001747689153,0.6263707713590428,0.6545,,0.6545,0.5,0.094,0.5373,49,49,49,49.0,1,1,0.6313,44.0,0.094,5.0,False,False,False
Q05_MSLN_MUC1_LUNG,MSLN,MUC1,lung,P15_weak,0.15,ACH-000872,HCC515,lung,Lung Cancer,True,0.3927424960095695,0.4197999308143934,0.6093,,0.6093,0.5,0.063,0.53,50,50,50,50.0,1,1,0.5929,50.0,0.0629,0.0,False,False,False
Q05_MSLN_MUC1_LUNG,MSLN,MUC1,lung,P15_weak,0.15,ACH-000331,ISTMES2,lung,Lung Cancer,True,-0.5754180777415682,0.17972802630976317,0.5582,,0.5582,0.5,0.027,0.5225,51,51,51,51.0,1,1,0.5495,59.0,0.027,-8.0,False,False,False
Q05_MSLN_MUC1_LUNG,MSLN,MUC1,lung,P15_weak,0.15,ACH-001559,MERO82,lung,Lung Cancer,True,-0.008233658377165618,0.3203710636879468,0.5916,,0.5916,0.4125,0.0481,0.5167,52,52,52,52.0,1,1,0.5647,56.0,0.048,-4.0,False,False,False
Q05_MSLN_MUC1_LUNG,MSLN,MUC1,lung,P15_weak,0.15,ACH-000706,EKVX,lung,Lung Cancer,True,1.3839188056858738,0.6655789790583333,0.6199,,0.6199,0.5875,0.0998,0.5152,53,53,53,53.0,1,1,0.615,46.0,0.0998,7.0,False,False,False
Q05_MSLN_MUC1_LUNG,MSLN,MUC1,lung,P15_weak,0.15,ACH-000627,LCLC103H,lung,Lung Cancer,True,-1.0257000665249545,0.06807293774059486,0.3935,0.5922,0.4636,0.8628,0.0102,0.5133,54,54,54,54.0,1,1,0.5235,62.0,0.0102,-8.0,False,False,False
Q05_MSLN_MUC1_LUNG,MSLN,MUC1,lung,P15_weak,0.15,ACH-000787,LXF289,lung,Lung Cancer,True,-1.260675375055799,0.009806807761764328,0.4565,0.4045,0.4381,0.8995,0.0015,0.5059,55,55,55,55.0,1,1,0.5073,63.0,0.0014,-8.0,False,False,False
Q05_MSLN_MUC1_LUNG,MSLN,MUC1,lung,P15_weak,0.15,ACH-000837,NCIH322,lung,Lung Cancer,True,0.549105081532008,0.45857269714818233,0.5701,,0.5701,0.5875,0.0688,0.504,56,56,56,56.0,1,1,0.5727,55.0,0.0687,1.0,False,False,False
Q05_MSLN_MUC1_LUNG,MSLN,MUC1,lung,P15_weak,0.15,ACH-000092,NCIH2452,lung,Lung Cancer,True,0.9531244515743487,0.558756181430158,0.6015,,0.6015,0.5,0.0838,0.5025,57,57,57,57.0,1,1,0.5863,52.0,0.0838,5.0,False,False,False
Q05_MSLN_MUC1_LUNG,MSLN,MUC1,lung,P15_weak,0.15,ACH-002132,H2804,lung,Lung Cancer,True,0.5468769313665175,0.45802018936357064,0.5889,,0.5889,0.4125,0.0687,0.4937,58,58,58,58.0,1,1,0.5624,57.0,0.0687,1.0,False,False,False
Q05_MSLN_MUC1_LUNG,MSLN,MUC1,lung,P15_weak,0.15,ACH-000662,CORL23,lung,Lung Cancer,True,-0.4667398011986403,0.20667665604672256,0.398,0.5831,0.4634,0.8662,0.031,0.4928,59,59,59,59.0,1,1,0.5238,61.0,0.031,-2.0,False,False,False
Q05_MSLN_MUC1_LUNG,MSLN,MUC1,lung,P15_weak,0.15,ACH-001555,MERO14,lung,Lung Cancer,True,0.39179233174526407,0.4195643214013388,0.576,,0.576,0.4125,0.0629,0.4885,60,60,60,60.0,1,1,0.5514,58.0,0.0629,2.0,False,False,False
Q05_MSLN_MUC1_LUNG,MSLN,MUC1,lung,P15_weak,0.15,ACH-000311,NCIH2122,lung,Lung Cancer,True,1.35413475103809,0.658193515410026,0.4706,0.569,0.5054,0.9754,0.0987,0.4771,61,61,61,61.0,1,1,0.5759,54.0,0.0988,7.0,False,False,False
Q05_MSLN_MUC1_LUNG,MSLN,MUC1,lung,P15_weak,0.15,ACH-000033,NCIH1819,lung,Lung Cancer,True,1.8049104429055236,0.7699710260679061,0.5987,,0.5987,0.5,0.1155,0.4684,62,62,62,62.0,1,1,0.5839,53.0,0.1155,9.0,False,False,False
Q05_MSLN_MUC1_LUNG,MSLN,MUC1,lung,P15_weak,0.15,ACH-001560,MERO83,lung,Lung Cancer,True,-0.4177129081719055,0.21883370922569081,0.4753,,0.4753,0.4125,0.0328,0.433,63,63,63,63.0,1,1,0.4658,66.0,0.0328,-3.0,False,False,False
Q05_MSLN_MUC1_LUNG,MSLN,MUC1,lung,P15_weak,0.15,ACH-000062,RERFLCMS,lung,Lung Cancer,True,0.39840880928791883,0.42120498970352227,0.3034,0.5492,0.3902,0.9385,0.0632,0.4092,64,64,64,64.0,1,1,0.4724,65.0,0.0632,-1.0,False,False,False
Q05_MSLN_MUC1_LUNG,MSLN,MUC1,lung,P15_weak,0.15,ACH-000912,NCIH2286,lung,Lung Cancer,True,-0.2712535763240091,0.2551507951332172,0.3185,0.3861,0.3423,0.9831,0.0383,0.4002,65,65,65,65.0,1,1,0.4384,71.0,0.0382,-6.0,False,False,False
Q05_MSLN_MUC1_LUNG,MSLN,MUC1,lung,P15_weak,0.15,ACH-000867,CHAGOK1,lung,Lung Cancer,True,2.2575596447812982,0.8822131054430066,0.5363,,0.5363,0.5,0.1323,0.3985,66,66,66,66.0,1,1,0.5309,60.0,0.1324,6.0,False,False,False
Q05_MSLN_MUC1_LUNG,MSLN,MUC1,lung,P15_weak,0.15,ACH-000975,HCC2450,lung,Lung Cancer,True,0.7407586142793021,0.5060964549411848,0.4555,,0.4555,0.5,0.0759,0.3863,67,67,67,67.0,1,1,0.4622,67.0,0.0759,0.0,False,False,False
Q05_MSLN_MUC1_LUNG,MSLN,MUC1,lung,P15_weak,0.15,ACH-000569,ISTMES1,lung,Lung Cancer,True,0.01638466807922693,0.32647559704567686,0.4228,,0.4228,0.5,0.049,0.3854,68,68,68,68.0,1,1,0.4344,73.0,0.049,-5.0,False,False,False
Q05_MSLN_MUC1_LUNG,MSLN,MUC1,lung,P15_weak,0.15,ACH-000335,MSTO211H,lung,Lung Cancer,True,-1.09368548340206,0.05121479566092855,0.3332,0.2504,0.304,0.8918,0.0077,0.3845,69,69,69,69.0,1,1,0.3921,78.0,0.0076,-9.0,False,False,False
Q05_MSLN_MUC1_LUNG,MSLN,MUC1,lung,P15_weak,0.15,ACH-000840,HCC366,lung,Lung Cancer,True,1.7817479978486699,0.764227503300564,0.4935,,0.4935,0.5,0.1146,0.3798,70,70,70,70.0,1,1,0.4945,64.0,0.1147,6.0,False,False,False
Q05_MSLN_MUC1_LUNG,MSLN,MUC1,lung,P15_weak,0.15,ACH-000878,HCC15,lung,Lung Cancer,True,0.1943063818763687,0.3705943164421011,0.4381,0.1759,0.3456,0.9344,0.0556,0.3783,71,71,71,71.0,1,1,0.4339,74.0,0.0556,-3.0,False,False,False
Q05_MSLN_MUC1_LUNG,MSLN,MUC1,lung,P15_weak,0.15,ACH-001992,ONE58,lung,Lung Cancer,True,-0.5941344100984812,0.17508699291500657,0.3952,,0.3952,0.4125,0.0263,0.3715,72,72,72,72.0,1,1,0.3978,76.0,0.0263,-4.0,False,False,False
Q05_MSLN_MUC1_LUNG,MSLN,MUC1,lung,P15_weak,0.15,ACH-000888,NCIH1793,lung,Lung Cancer,True,1.0319973455633047,0.578314058901202,0.4057,0.2763,0.36,0.9676,0.0867,0.3644,73,73,73,73.0,1,1,0.4512,69.0,0.0868,4.0,False,False,False
Q05_MSLN_MUC1_LUNG,MSLN,MUC1,lung,P15_weak,0.15,ACH-000886,NCIH2009,lung,Lung Cancer,True,1.475184147713543,0.6882097750955627,0.1999,0.6965,0.3752,0.8758,0.1032,0.347,74,74,74,74.0,1,1,0.4503,70.0,0.1033,4.0,False,False,False
Q05_MSLN_MUC1_LUNG,MSLN,MUC1,lung,P15_weak,0.15,ACH-000150,HCC2935,lung,Lung Cancer,True,1.7323728057661476,0.7519840834382922,0.4313,,0.4313,0.5875,0.1128,0.3419,75,75,75,75.0,1,1,0.4547,68.0,0.1128,7.0,False,False,False
Q05_MSLN_MUC1_LUNG,MSLN,MUC1,lung,P15_weak,0.15,ACH-000666,NCIH1355,lung,Lung Cancer,True,0.16493781303895358,0.36331187957725736,0.2759,0.3116,0.2885,0.9911,0.0545,0.3394,76,76,76,76.0,1,1,0.3939,77.0,0.0545,-1.0,False,False,False
Q05_MSLN_MUC1_LUNG,MSLN,MUC1,lung,P15_weak,0.15,ACH-000681,A549,lung,Lung Cancer,True,-0.6776263884800188,0.1543837347940377,0.2584,0.2301,0.2484,0.9929,0.0232,0.337,77,77,77,77.0,1,1,0.3601,83.0,0.0231,-6.0,False,False,False
Q05_MSLN_MUC1_LUNG,MSLN,MUC1,lung,P15_weak,0.15,ACH-001556,MERO25,lung,Lung Cancer,True,-0.9287277893621633,0.0921188655482338,0.3337,,0.3337,0.4125,0.0138,0.3317,78,78,78,78.0,1,1,0.3455,89.0,0.0138,-11.0,False,False,False
Q05_MSLN_MUC1_LUNG,MSLN,MUC1,lung,P15_weak,0.15,ACH-000451,NCIH2085,lung,Lung Cancer,True,-0.15170134174077937,0.2847958079774996,0.3328,,0.3328,0.5875,0.0427,0.3283,79,79,79,79.0,1,1,0.371,81.0,0.0427,-2.0,False,False,False
Q05_MSLN_MUC1_LUNG,MSLN,MUC1,lung,P15_weak,0.15,ACH-000951,NCIH2342,lung,Lung Cancer,True,1.0522010298965052,0.5833239065518756,0.3735,,0.3735,0.5875,0.0875,0.3181,80,80,80,80.0,1,1,0.4056,75.0,0.0875,5.0,False,False,False
Q05_MSLN_MUC1_LUNG,MSLN,MUC1,lung,P15_weak,0.15,ACH-000378,NCIH647,lung,Lung Cancer,True,-0.1737244463757371,0.27933480407363886,0.2973,0.1673,0.2514,0.9675,0.0419,0.3169,81,81,81,81.0,1,1,0.3588,84.0,0.0419,-3.0,False,False,False
Q05_MSLN_MUC1_LUNG,MSLN,MUC1,lung,P15_weak,0.15,ACH-000891,HCC1438,lung,Lung Cancer,True,0.43734976351655763,0.4308610625682494,0.3478,,0.3478,0.5,0.0646,0.306,82,82,82,82.0,1,1,0.3706,82.0,0.0646,0.0,False,False,False
Q05_MSLN_MUC1_LUNG,MSLN,MUC1,lung,P15_weak,0.15,ACH-000438,LU65,lung,Lung Cancer,True,2.2629348789322674,0.883545986304682,0.4378,0.2241,0.3624,0.8591,0.1325,0.3043,83,83,83,83.0,1,1,0.4369,72.0,0.1326,11.0,False,False,False
Q05_MSLN_MUC1_LUNG,MSLN,MUC1,lung,P15_weak,0.15,ACH-001078,HCC1588,lung,Lung Cancer,True,0.20351542182023075,0.3728778547496117,0.3259,,0.3259,0.5,0.0559,0.2961,84,84,84,84.0,1,1,0.352,87.0,0.0559,-3.0,False,False,False
Q05_MSLN_MUC1_LUNG,MSLN,MUC1,lung,P15_weak,0.15,ACH-000392,CALU3,lung,Lung Cancer,True,0.3466414367858648,0.40836838796129593,0.311,,0.311,0.5875,0.0613,0.2912,85,85,85,85.0,1,1,0.3524,86.0,0.0612,-1.0,False,False,False
Q05_MSLN_MUC1_LUNG,MSLN,MUC1,lung,P15_weak,0.15,ACH-000121,NCIH2405,lung,Lung Cancer,True,-0.2646899249544958,0.2567783642860058,0.2801,,0.2801,0.5875,0.0385,0.2877,86,86,86,86.0,1,1,0.3262,92.0,0.0385,-6.0,False,False,False
Q05_MSLN_MUC1_LUNG,MSLN,MUC1,lung,P15_weak,0.15,ACH-000343,NCIH522,lung,Lung Cancer,True,-0.0020002351298243812,0.321916747153216,0.2176,0.2104,0.2151,0.9982,0.0483,0.2843,87,87,87,87.0,1,1,0.3326,91.0,0.0483,-4.0,False,False,False
Q05_MSLN_MUC1_LUNG,MSLN,MUC1,lung,P15_weak,0.15,ACH-000901,HCC1359,lung,Lung Cancer,True,0.07359234556964936,0.340661215072034,0.3045,,0.3045,0.5,0.0511,0.2828,88,88,88,88.0,1,1,0.3339,90.0,0.0511,-2.0,False,False,False
Q05_MSLN_MUC1_LUNG,MSLN,MUC1,lung,P15_weak,0.15,ACH-000414,NCIH1944,lung,Lung Cancer,True,1.2851770323205338,0.6410942745282405,0.3506,0.1721,0.2876,0.8679,0.0962,0.2785,89,89,89,89.0,1,1,0.3747,79.0,0.0962,10.0,False,False,False
Q05_MSLN_MUC1_LUNG,MSLN,MUC1,lung,P15_weak,0.15,ACH-000675,NCIH1734,lung,Lung Cancer,True,1.0705218865979738,0.5878668750219059,0.3152,,0.3152,0.5875,0.0882,0.2679,90,90,90,90.0,1,1,0.356,85.0,0.0881,5.0,False,False,False
Q05_MSLN_MUC1_LUNG,MSLN,MUC1,lung,P15_weak,0.15,ACH-000264,CALU6,lung,Lung Cancer,True,-0.7110671869442262,0.14609151923277747,0.1314,0.234,0.1676,0.9743,0.0219,0.2667,91,91,91,91.0,1,1,0.2886,103.0,0.0219,-12.0,False,False,False
Q05_MSLN_MUC1_LUNG,MSLN,MUC1,lung,P15_weak,0.15,ACH-000481,NCIH2170,lung,Lung Cancer,True,-0.5987714606006834,0.17393715726219264,0.0729,0.3709,0.1781,0.9255,0.0261,0.2641,92,92,92,92.0,1,1,0.2902,99.0,0.0261,-7.0,False,False,False
Q05_MSLN_MUC1_LUNG,MSLN,MUC1,lung,P15_weak,0.15,ACH-000853,NCIH661,lung,Lung Cancer,True,-0.4919447071720413,0.20042667030680553,0.1742,0.1473,0.1647,0.9933,0.0301,0.2589,93,93,93,93.0,1,1,0.289,101.0,0.0301,-8.0,False,False,False
Q05_MSLN_MUC1_LUNG,MSLN,MUC1,lung,P15_weak,0.15,ACH-000562,HCC78,lung,Lung Cancer,True,1.8558101950072348,0.7825924865540799,0.3521,,0.3521,0.5,0.1174,0.2569,94,94,94,94.0,1,1,0.3743,80.0,0.1174,14.0,False,False,False
Q05_MSLN_MUC1_LUNG,MSLN,MUC1,lung,P15_weak,0.15,ACH-000667,HCC44,lung,Lung Cancer,True,0.07246017382988255,0.3403804738053874,0.2617,0.1014,0.2051,0.8724,0.0511,0.2542,95,95,95,95.0,1,1,0.3052,95.5,0.051,-0.5,False,False,False
Q05_MSLN_MUC1_LUNG,MSLN,MUC1,lung,P15_weak,0.15,ACH-000861,HOP62,lung,Lung Cancer,True,-0.7772425743268075,0.12968220479569564,0.2177,,0.2177,0.5875,0.0195,0.2537,96,96,96,96.0,1,1,0.2731,111.0,0.0194,-15.0,False,False,False
Q05_MSLN_MUC1_LUNG,MSLN,MUC1,lung,P15_weak,0.15,ACH-000511,CALU1,lung,Lung Cancer,True,-0.1389224219989533,0.28796455878507027,0.1813,0.1562,0.1724,0.9937,0.0432,0.2524,97,97,97,97.0,1,1,0.2956,98.0,0.0432,-1.0,False,False,False
Q05_MSLN_MUC1_LUNG,MSLN,MUC1,lung,P15_weak,0.15,ACH-000463,NCIH460,lung,Lung Cancer,True,-0.24705466254037747,0.261151327975069,0.1562,0.1625,0.1584,0.9984,0.0392,0.2452,98,98,98,98.0,1,1,0.2844,105.0,0.0392,-7.0,False,False,False
Q05_MSLN_MUC1_LUNG,MSLN,MUC1,lung,P15_weak,0.15,ACH-000523,NCIH1184,lung,Lung Cancer,True,0.2926886862848716,0.39498988452167333,0.2507,,0.2507,0.5875,0.0592,0.242,99,99,99,99.0,1,1,0.3012,97.0,0.0592,2.0,False,False,False
Q05_MSLN_MUC1_LUNG,MSLN,MUC1,lung,P15_weak,0.15,ACH-000129,NCIH1341,lung,Lung Cancer,True,-0.3178450349919423,0.24359764938517045,0.2392,,0.2392,0.5,0.0365,0.2418,100,100,100,100.0,1,1,0.2783,108.0,0.0365,-8.0,False,False,False
Q05_MSLN_MUC1_LUNG,MSLN,MUC1,lung,P15_weak,0.15,ACH-000945,NCIH650,lung,Lung Cancer,True,-0.8495002118082545,0.11176469285037331,0.1079,0.1686,0.1293,0.9848,0.0168,0.2409,101,101,101,101.0,1,1,0.2576,120.0,0.0167,-19.0,False,False,False
Q05_MSLN_MUC1_LUNG,MSLN,MUC1,lung,P15_weak,0.15,ACH-000563,EBC1,lung,Lung Cancer,True,-0.7275278379188342,0.14200982045676852,0.0992,0.2042,0.1363,0.9737,0.0213,0.2406,102,102,102,102.0,1,1,0.2619,117.0,0.0213,-15.0,False,False,False
Q05_MSLN_MUC1_LUNG,MSLN,MUC1,lung,P15_weak,0.15,ACH-000700,NCIH2882,lung,Lung Cancer,True,-0.2782348672889444,0.25341966512927655,0.2356,,0.2356,0.5,0.038,0.2372,103,103,103,103.0,1,1,0.2752,110.0,0.038,-7.0,False,False,False
Q05_MSLN_MUC1_LUNG,MSLN,MUC1,lung,P15_weak,0.15,ACH-000337,NCIH3122,lung,Lung Cancer,True,1.1137497758877595,0.5985859664524786,0.279,,0.279,0.5875,0.0898,0.2355,104,104,104,104.0,1,1,0.3253,93.0,0.0898,11.0,False,False,False
Q05_MSLN_MUC1_LUNG,MSLN,MUC1,lung,P15_weak,0.15,ACH-000454,HCC95,lung,Lung Cancer,True,-1.1456296640346284,0.03833435133124787,0.0783,0.1684,0.1101,0.9775,0.0058,0.2345,105,105,105,105.0,1,1,0.2402,129.5,0.0057,-24.5,False,False,False
Q05_MSLN_MUC1_LUNG,MSLN,MUC1,lung,P15_weak,0.15,ACH-000769,LK2,lung,Lung Cancer,True,-0.9692123532954279,0.08208002836563584,0.0851,0.176,0.1172,0.9773,0.0123,0.2339,106,106,106,106.0,1,1,0.2462,127.0,0.0123,-21.0,False,False,False
Q05_MSLN_MUC1_LUNG,MSLN,MUC1,lung,P15_weak,0.15,ACH-000442,RERFLCSQ1,lung,Lung Cancer,True,-0.5594143808667806,0.18369641553362825,0.1167,0.1514,0.1289,0.9913,0.0276,0.2307,107,107,107,107.0,1,1,0.2583,119.0,0.0276,-12.0,False,False,False
Q05_MSLN_MUC1_LUNG,MSLN,MUC1,lung,P15_weak,0.15,ACH-000766,NCIH1648,lung,Lung Cancer,True,0.999478754345698,0.5702505203342773,0.2793,,0.2793,0.5,0.0855,0.2269,108,108,108,108.0,1,1,0.3124,94.0,0.0855,14.0,False,False,False
Q05_MSLN_MUC1_LUNG,MSLN,MUC1,lung,P15_weak,0.15,ACH-000677,SW1573,lung,Lung Cancer,True,-0.08386712755137166,0.301616456775384,0.1537,0.1278,0.1446,0.9935,0.0452,0.2267,109,109,109,109.0,1,1,0.2719,112.0,0.0452,-3.0,False,False,False
Q05_MSLN_MUC1_LUNG,MSLN,MUC1,lung,P15_weak,0.15,ACH-000282,NCIH1755,lung,Lung Cancer,True,-0.10370148669198521,0.29669818959676214,0.2147,,0.2147,0.5875,0.0445,0.2261,110,110,110,110.0,1,1,0.2706,113.0,0.0445,-3.0,False,False,False
Q05_MSLN_MUC1_LUNG,MSLN,MUC1,lung,P15_weak,0.15,ACH-000530,DMS114,lung,Lung Cancer,True,-0.06930541864305033,0.30522728052223214,0.1183,0.1911,0.144,0.9818,0.0458,0.2239,111,111,111,111.0,1,1,0.2697,114.0,0.0458,-3.0,False,False,False
Q05_MSLN_MUC1_LUNG,MSLN,MUC1,lung,P15_weak,0.15,ACH-000757,A427,lung,Lung Cancer,True,0.49636083345099946,0.4454938624674724,0.236,,0.236,0.5875,0.0668,0.2219,112,112,112,112.0,1,1,0.2887,102.0,0.0668,10.0,False,False,False
Q05_MSLN_MUC1_LUNG,MSLN,MUC1,lung,P15_weak,0.15,ACH-000309,SKLU1,lung,Lung Cancer,True,-0.8027349326558469,0.12336094034815155,0.103,0.1961,0.1359,0.8017,0.0185,0.2173,113,113,113,113.0,1,1,0.2358,133.0,0.0185,-20.0,False,False,False
Q05_MSLN_MUC1_LUNG,MSLN,MUC1,lung,P15_weak,0.15,ACH-000510,NCIH1299,lung,Lung Cancer,True,-0.4495784062241572,0.2109321162329575,0.0955,0.1619,0.1189,0.9834,0.0316,0.217,114,114,114,114.0,1,1,0.2486,125.0,0.0316,-11.0,False,False,False
Q05_MSLN_MUC1_LUNG,MSLN,MUC1,lung,P15_weak,0.15,ACH-000860,NCIH358,lung,Lung Cancer,True,0.5997308128147568,0.47112620950502127,0.1267,0.2333,0.1643,0.9733,0.0707,0.215,115,115,115,115.0,1,1,0.2857,104.0,0.0707,11.0,False,False,False
Q05_MSLN_MUC1_LUNG,MSLN,MUC1,lung,P15_weak,0.15,ACH-000980,NCIH1155,lung,Lung Cancer,True,-0.4625426503926499,0.20771741107724734,0.1046,0.1084,0.106,0.9991,0.0312,0.2088,116,116,116,116.0,1,1,0.2399,131.0,0.0311,-15.0,False,False,False
Q05_MSLN_MUC1_LUNG,MSLN,MUC1,lung,P15_weak,0.15,ACH-000752,NCIH196,lung,Lung Cancer,True,0.10138147482917648,0.34755200299165734,0.0923,0.2074,0.1329,0.9712,0.0521,0.2065,117,117,117,117.0,1,1,0.2586,118.0,0.0521,-1.0,False,False,False
Q05_MSLN_MUC1_LUNG,MSLN,MUC1,lung,P15_weak,0.15,ACH-000109,NCIH3255,lung,Lung Cancer,True,2.6278318576514486,0.9740284073040079,0.3138,0.1203,0.2455,0.9516,0.1461,0.2053,118,118,118,118.0,1,1,0.3514,88.0,0.1461,30.0,False,False,False
Q05_MSLN_MUC1_LUNG,MSLN,MUC1,lung,P15_weak,0.15,ACH-000314,HCC2108,lung,Lung Cancer,True,-0.6929900190998985,0.15057406090003725,0.1793,,0.1793,0.5,0.0226,0.2048,119,119,119,119.0,1,1,0.2274,135.0,0.0226,-16.0,False,False,False
Q05_MSLN_MUC1_LUNG,MSLN,MUC1,lung,P15_weak,0.15,ACH-000893,NCIH1651,lung,Lung Cancer,True,1.479798695698611,0.689354030865978,0.2554,,0.2554,0.5875,0.1034,0.2018,120,120,120,120.0,1,1,0.3052,95.5,0.1034,24.5,False,False,False
Q05_MSLN_MUC1_LUNG,MSLN,MUC1,lung,P15_weak,0.15,ACH-000395,NCIH520,lung,Lung Cancer,True,-0.6481721473651464,0.1616874155592943,0.1095,0.0571,0.091,0.9869,0.0243,0.2012,121,121,121,121.0,1,1,0.2254,137.0,0.0242,-16.0,False,False,False
Q05_MSLN_MUC1_LUNG,MSLN,MUC1,lung,P15_weak,0.15,ACH-000747,NCIH1703,lung,Lung Cancer,True,-0.201444141495514,0.27246123353160695,0.1265,0.0751,0.1083,0.9872,0.0409,0.1993,122,122,122,122.0,1,1,0.2402,129.5,0.0409,-7.5,False,False,False
Q05_MSLN_MUC1_LUNG,MSLN,MUC1,lung,P15_weak,0.15,ACH-002128,H2722,lung,Lung Cancer,True,0.9707103033928699,0.5631168929204545,0.2597,,0.2597,0.4125,0.0845,0.1982,123,123,123,123.0,1,1,0.2826,106.0,0.0844,17.0,False,False,False
Q05_MSLN_MUC1_LUNG,MSLN,MUC1,lung,P15_weak,0.15,ACH-000327,NCIH1395,lung,Lung Cancer,True,0.03883511812721268,0.3320425685234799,0.188,,0.188,0.5875,0.0498,0.1981,124,124,124,124.0,1,1,0.2479,126.0,0.0498,-2.0,False,False,False
Q05_MSLN_MUC1_LUNG,MSLN,MUC1,lung,P15_weak,0.15,ACH-000029,HCC827GR5,lung,Lung Cancer,True,0.8785146427876953,0.5402554085462353,0.2394,,0.2394,0.5,0.081,0.1974,125,125,125,125.0,1,1,0.2785,107.0,0.0811,18.0,False,False,False
Q05_MSLN_MUC1_LUNG,MSLN,MUC1,lung,P15_weak,0.15,ACH-000749,DMS273,lung,Lung Cancer,True,-1.0058611946913518,0.07299232391830603,0.0677,0.117,0.0851,0.9002,0.0109,0.1964,126,126,126,126.0,1,1,0.2074,143.0,0.011,-17.0,False,False,False
Q05_MSLN_MUC1_LUNG,MSLN,MUC1,lung,P15_weak,0.15,ACH-000670,SBC5,lung,Lung Cancer,True,0.0904302864587773,0.3448364693085573,0.1046,0.1816,0.1318,0.8932,0.0517,0.1943,127,127,127,127.0,1,1,0.246,128.0,0.0517,-1.0,False,False,False
Q05_MSLN_MUC1_LUNG,MSLN,MUC1,lung,P15_weak,0.15,ACH-000775,NCIH727,lung,Lung Cancer,True,-1.1057612653363167,0.04822039984897431,0.1333,,0.1333,0.5875,0.0072,0.1942,128,128,128,128.0,1,1,0.2014,148.0,0.0072,-20.0,False,False,False
Q05_MSLN_MUC1_LUNG,MSLN,MUC1,lung,P15_weak,0.15,ACH-000012,HCC827,lung,Lung Cancer,True,0.7162418749040604,0.5000171118305131,0.1348,0.1492,0.1399,0.9964,0.075,0.1934,129,129,129,129.0,1,1,0.2684,115.0,0.075,14.0,False,False,False
Q05_MSLN_MUC1_LUNG,MSLN,MUC1,lung,P15_weak,0.15,ACH-000843,HARA,lung,Lung Cancer,True,-1.0367487224936338,0.06533323530637955,0.1294,,0.1294,0.5875,0.0098,0.1883,130,130,130,130.0,1,1,0.1981,151.0,0.0098,-21.0,False,False,False
Q05_MSLN_MUC1_LUNG,MSLN,MUC1,lung,P15_weak,0.15,ACH-000021,NCIH1693,lung,Lung Cancer,True,0.38952942475722335,0.41900319507057854,0.0903,0.2281,0.139,0.8781,0.0629,0.187,131,131,131,131.0,1,1,0.2498,124.0,0.0628,7.0,False,False,False
Q05_MSLN_MUC1_LUNG,MSLN,MUC1,lung,P15_weak,0.15,ACH-000521,NCIH2030,lung,Lung Cancer,True,0.7734054854712152,0.514191802712674,0.1278,0.1439,0.1335,0.996,0.0771,0.1857,132,132,132,132.0,1,1,0.2628,116.0,0.0771,16.0,False,False,False
Q05_MSLN_MUC1_LUNG,MSLN,MUC1,lung,P15_weak,0.15,ACH-001363,NCIH2135,lung,Lung Cancer,True,-1.1940528611181738,0.02632699484387456,0.1338,,0.1338,0.5,0.0039,0.1848,133,133,133,133.0,1,1,0.1887,155.0,0.0039,-22.0,False,False,False
Q05_MSLN_MUC1_LUNG,MSLN,MUC1,lung,P15_weak,0.15,ACH-000015,NCIH1581,lung,Lung Cancer,True,-0.37497430563302875,0.22943147367257474,0.111,0.0361,0.0846,0.9813,0.0344,0.1847,134,134,134,134.0,1,1,0.2191,138.0,0.0344,-4.0,False,False,False
Q05_MSLN_MUC1_LUNG,MSLN,MUC1,lung,P15_weak,0.15,ACH-000434,NCIH1915,lung,Lung Cancer,True,-1.2669402259621099,0.008253331273160495,0.1281,,0.1281,0.5,0.0012,0.1826,135,135,135,135.0,1,1,0.1839,158.0,0.0013,-23.0,False,False,False
Q05_MSLN_MUC1_LUNG,MSLN,MUC1,lung,P15_weak,0.15,ACH-000448,NCIH1666,lung,Lung Cancer,True,-0.1031116368726311,0.29684445290611733,0.1115,0.0579,0.0925,0.9866,0.0445,0.1821,136,136,136,136.0,1,1,0.2267,136.0,0.0446,0.0,False,False,False
Q05_MSLN_MUC1_LUNG,MSLN,MUC1,lung,P15_weak,0.15,ACH-000825,HOP92,lung,Lung Cancer,True,-0.5674562049901203,0.18170230826947759,0.1416,,0.1416,0.5875,0.0273,0.1813,137,137,137,137.0,1,1,0.2085,142.0,0.0272,-5.0,False,False,False
Q05_MSLN_MUC1_LUNG,MSLN,MUC1,lung,P15_weak,0.15,ACH-000587,NCIH1975,lung,Lung Cancer,True,0.7552419241939804,0.5096878383222244,0.1171,0.147,0.1277,0.9925,0.0765,0.1809,138,138,138,138.0,1,1,0.2574,121.0,0.0765,17.0,False,False,False
Q05_MSLN_MUC1_LUNG,MSLN,MUC1,lung,P15_weak,0.15,ACH-000390,LUDLU1,lung,Lung Cancer,True,0.7223252781593708,0.5015255952835352,0.0945,0.1842,0.1261,0.9776,0.0752,0.1786,139,139,139,139.0,1,1,0.2539,122.0,0.0753,17.0,False,False,False
Q05_MSLN_MUC1_LUNG,MSLN,MUC1,lung,P15_weak,0.15,ACH-000890,SW1271,lung,Lung Cancer,True,-0.6697247599736476,0.15634307816707224,0.0853,0.0594,0.0762,0.906,0.0235,0.1772,140,140,140,140.0,1,1,0.2006,149.0,0.0234,-9.0,False,False,False
Q05_MSLN_MUC1_LUNG,MSLN,MUC1,lung,P15_weak,0.15,ACH-000251,NCIH2887,lung,Lung Cancer,True,-1.099879711600908,0.049678831275524866,0.1276,,0.1276,0.5,0.0075,0.176,141,141,141,141.0,1,1,0.1834,160.0,0.0074,-19.0,False,False,False
Q05_MSLN_MUC1_LUNG,MSLN,MUC1,lung,P15_weak,0.15,ACH-000727,NCIH2066,lung,Lung Cancer,True,-0.5659615158528059,0.18207294189944162,0.0715,0.089,0.0776,0.9081,0.0273,0.1749,142,142,142,142.0,1,1,0.2022,147.0,0.0273,-5.0,False,False,False
Q05_MSLN_MUC1_LUNG,MSLN,MUC1,lung,P15_weak,0.15,ACH-000496,NCIH1792,lung,Lung Cancer,True,-0.6996822795625924,0.14891460093205375,0.0833,0.0516,0.0721,0.9046,0.0223,0.1747,143,143,143,143.0,1,1,0.197,152.0,0.0223,-9.0,False,False,False
Q05_MSLN_MUC1_LUNG,MSLN,MUC1,lung,P15_weak,0.15,ACH-000339,HCC461,lung,Lung Cancer,True,-0.03505596234685509,0.3137200165664384,0.1618,,0.1618,0.5,0.0471,0.1655,144,144,144,144.0,1,1,0.2126,140.0,0.0471,4.0,False,False,False
Q05_MSLN_MUC1_LUNG,MSLN,MUC1,lung,P15_weak,0.15,ACH-000866,NCIH1048,lung,Lung Cancer,True,-0.5190255579607811,0.19371151209780205,0.085,0.0397,0.069,0.9012,0.0291,0.1648,145,145,145,145.0,1,1,0.1938,153.0,0.029,-8.0,False,False,False
Q05_MSLN_MUC1_LUNG,MSLN,MUC1,lung,P15_weak,0.15,ACH-000731,HCC2279,lung,Lung Cancer,True,-0.5779046405844149,0.17911144070037427,0.1329,,0.1329,0.5,0.0269,0.1611,146,146,146,146.0,1,1,0.188,156.0,0.0269,-10.0,False,False,False
Q05_MSLN_MUC1_LUNG,MSLN,MUC1,lung,P15_weak,0.15,ACH-000921,NCIH157DM,lung,Lung Cancer,True,-0.6783566273391652,0.1542026596310827,0.1277,,0.1277,0.5,0.0231,0.1604,147,147,147,147.0,1,1,0.1836,159.0,0.0232,-12.0,False,False,False
Q05_MSLN_MUC1_LUNG,MSLN,MUC1,lung,P15_weak,0.15,ACH-000186,NCIH2444,lung,Lung Cancer,True,1.1962196067373638,0.6190357656831261,0.1923,,0.1923,0.5875,0.0929,0.1587,148,148,148,148.0,1,1,0.2516,123.0,0.0929,25.0,False,False,False
Q05_MSLN_MUC1_LUNG,MSLN,MUC1,lung,P15_weak,0.15,ACH-000690,HCC2814,lung,Lung Cancer,True,-1.2331705514285645,0.016627097257411023,0.0931,,0.0931,0.5,0.0025,0.1516,149,149,149,149.0,1,1,0.1541,179.0,0.0025,-30.0,False,False,False
Q05_MSLN_MUC1_LUNG,MSLN,MUC1,lung,P15_weak,0.15,ACH-000355,NCIH82,lung,Lung Cancer,True,-1.1859579559004823,0.028334264469476154,0.0791,,0.0791,0.5875,0.0043,0.1511,150,150,150,150.0,1,1,0.1554,177.0,0.0043,-27.0,False,False,False
Q05_MSLN_MUC1_LUNG,MSLN,MUC1,lung,P15_weak,0.15,ACH-000447,NCIH2228,lung,Lung Cancer,True,2.4321898274088976,0.9255156336227748,0.2077,0.0968,0.1686,0.9723,0.1388,0.1503,151,151,151,151.0,1,1,0.2891,100.0,0.1388,51.0,False,False,False
Q05_MSLN_MUC1_LUNG,MSLN,MUC1,lung,P15_weak,0.15,ACH-000672,IALM,lung,Lung Cancer,True,0.2567766488853586,0.3860848831749043,0.0918,0.0622,0.0813,0.9051,0.0579,0.147,152,152,152,152.0,1,1,0.2049,144.0,0.0579,8.0,False,False,False
Q05_MSLN_MUC1_LUNG,MSLN,MUC1,lung,P15_weak,0.15,ACH-000729,NCIH1963,lung,Lung Cancer,True,0.5286911564585922,0.4535107167250366,0.1482,,0.1482,0.5875,0.068,0.1461,153,153,153,153.0,1,1,0.2141,139.0,0.068,14.0,False,False,False
Q05_MSLN_MUC1_LUNG,MSLN,MUC1,lung,P15_weak,0.15,ACH-001362,NCIH1770,lung,Lung Cancer,True,-0.5834763264383852,0.17772984629286642,0.1103,,0.1103,0.5,0.0267,0.1421,154,154,154,154.0,1,1,0.1688,168.0,0.0267,-14.0,False,False,False
Q05_MSLN_MUC1_LUNG,MSLN,MUC1,lung,P15_weak,0.15,ACH-000508,CORL88,lung,Lung Cancer,True,0.4125711126931538,0.4247167740529861,0.0821,0.0751,0.0797,0.9107,0.0637,0.1406,155,155,155,155.0,1,1,0.2043,145.0,0.0637,10.0,False,False,False
Q05_MSLN_MUC1_LUNG,MSLN,MUC1,lung,P15_weak,0.15,ACH-000705,LC1F,lung,Lung Cancer,True,-0.8529594344430379,0.11090691967869752,0.0956,,0.0956,0.5,0.0166,0.1396,156,156,156,156.0,1,1,0.1562,176.0,0.0166,-20.0,False,False,False
Q05_MSLN_MUC1_LUNG,MSLN,MUC1,lung,P15_weak,0.15,ACH-000179,NCIH1618,lung,Lung Cancer,True,0.6637786101364762,0.48700795174822903,0.1611,,0.1611,0.5,0.0731,0.1389,157,157,157,157.0,1,1,0.2119,141.0,0.073,16.0,False,False,False
Q05_MSLN_MUC1_LUNG,MSLN,MUC1,lung,P15_weak,0.15,ACH-000665,SKMES1,lung,Lung Cancer,True,-0.16887637648745502,0.2805369655774294,0.1077,,0.1077,0.5875,0.0421,0.1376,158,158,158,158.0,1,1,0.1797,163.0,0.0421,-5.0,False,False,False
Q05_MSLN_MUC1_LUNG,MSLN,MUC1,lung,P15_weak,0.15,ACH-000176,LOUNH91,lung,Lung Cancer,True,-1.0874594684266898,0.05275864211898072,0.082,,0.082,0.5,0.0079,0.1368,159,159,159,159.0,1,1,0.1447,188.0,0.0079,-29.0,False,False,False
Q05_MSLN_MUC1_LUNG,MSLN,MUC1,lung,P15_weak,0.15,ACH-000585,EPLC272H,lung,Lung Cancer,True,-0.3645534191807533,0.23201550996268228,0.1126,,0.1126,0.5,0.0348,0.1359,160,160,160,160.0,1,1,0.1707,165.0,0.0348,-5.0,False,False,False
Q05_MSLN_MUC1_LUNG,MSLN,MUC1,lung,P15_weak,0.15,ACH-000638,NCIH441,lung,Lung Cancer,True,2.484390425953605,0.9384596611412211,0.1709,0.1119,0.1501,0.9852,0.1408,0.1346,161,161,161,161.0,1,1,0.2754,109.0,0.1408,52.0,False,False,False
Q05_MSLN_MUC1_LUNG,MSLN,MUC1,lung,P15_weak,0.15,ACH-000064,SALE,lung,Non-Cancerous,True,0.12055509427521965,0.35230642850892885,0.132,,0.132,0.5,0.0528,0.1344,162,162,162,162.0,1,1,0.1872,157.0,0.0528,5.0,False,False,False
Q05_MSLN_MUC1_LUNG,MSLN,MUC1,lung,P15_weak,0.15,ACH-000297,NCIH889,lung,Lung Cancer,True,-0.4406938958005897,0.2131351819183459,0.089,,0.089,0.5875,0.032,0.1318,163,163,164,163.5,2,1,0.1638,171.0,0.032,-7.5,False,False,False
Q05_MSLN_MUC1_LUNG,MSLN,MUC1,lung,P15_weak,0.15,ACH-000845,NCIH1373,lung,Lung Cancer,True,0.6370488993202483,0.48037986467621885,0.1516,,0.1516,0.5,0.0721,0.1318,164,163,164,163.5,2,1,0.2039,146.0,0.0721,17.5,False,False,False
Q05_MSLN_MUC1_LUNG,MSLN,MUC1,lung,P15_weak,0.15,ACH-000444,LU99,lung,Lung Cancer,True,-1.144325918676285,0.03865763719895664,0.0735,,0.0735,0.5,0.0058,0.1317,165,165,165,165.0,1,1,0.1375,199.0,0.0058,-34.0,False,False,False
Q05_MSLN_MUC1_LUNG,MSLN,MUC1,lung,P15_weak,0.15,ACH-000900,NCIH23,lung,Lung Cancer,True,0.28102192436941675,0.3920969121900348,0.12,,0.12,0.5875,0.0588,0.1313,166,166,166,166.0,1,1,0.1901,154.0,0.0588,12.0,False,False,False
Q05_MSLN_MUC1_LUNG,MSLN,MUC1,lung,P15_weak,0.15,ACH-000718,NCIH2291,lung,Lung Cancer,True,1.6373960494698745,0.7284329790183147,0.1299,0.0623,0.1061,0.9831,0.1093,0.1283,167,167,167,167.0,1,1,0.2376,132.0,0.1093,35.0,False,False,False
Q05_MSLN_MUC1_LUNG,MSLN,MUC1,lung,P15_weak,0.15,ACH-000648,NCIH28,lung,Lung Cancer,True,-0.7880675869267035,0.12699795854398693,0.084,,0.084,0.5,0.019,0.1273,168,168,168,168.0,1,1,0.1464,185.5,0.0191,-17.5,False,False,False
Q05_MSLN_MUC1_LUNG,MSLN,MUC1,lung,P15_weak,0.15,ACH-002133,H2810,lung,Lung Cancer,True,-0.6990560626448102,0.14906988208288857,0.103,,0.103,0.4125,0.0224,0.1271,169,169,169,169.0,1,1,0.1495,183.0,0.0224,-14.0,False,False,False
Q05_MSLN_MUC1_LUNG,MSLN,MUC1,lung,P15_weak,0.15,ACH-000816,NCIH524,lung,Lung Cancer,True,-0.9600027597309388,0.08436370395281048,0.0742,,0.0742,0.5,0.0127,0.1255,170,170,170,170.0,1,1,0.1381,196.5,0.0126,-26.5,False,False,False
Q05_MSLN_MUC1_LUNG,MSLN,MUC1,lung,P15_weak,0.15,ACH-000904,NCIH2106,lung,Lung Cancer,True,1.5277182234334181,0.7012364939595584,0.1827,,0.1827,0.5,0.1052,0.1251,171,171,171,171.0,1,1,0.2303,134.0,0.1052,37.0,False,False,False
Q05_MSLN_MUC1_LUNG,MSLN,MUC1,lung,P15_weak,0.15,ACH-000559,NCIH1836,lung,Lung Cancer,True,-0.3851000842804786,0.22692061438911207,0.0986,,0.0986,0.5,0.034,0.1248,172,172,172,172.0,1,1,0.1588,174.0,0.034,-2.0,False,False,False
Q05_MSLN_MUC1_LUNG,MSLN,MUC1,lung,P15_weak,0.15,ACH-000506,NCIH146,lung,Lung Cancer,True,-0.7534939258662176,0.1355710866815328,0.0667,,0.0667,0.5875,0.0203,0.1245,173,173,173,173.0,1,1,0.1448,187.0,0.0203,-14.0,False,False,False
Q05_MSLN_MUC1_LUNG,MSLN,MUC1,lung,P15_weak,0.15,ACH-000779,PC9,lung,Lung Cancer,True,-0.08975645099988883,0.30015609871613014,0.0957,,0.0957,0.5875,0.045,0.1244,174,174,174,174.0,1,1,0.1695,167.0,0.0451,7.0,False,False,False
Q05_MSLN_MUC1_LUNG,MSLN,MUC1,lung,P15_weak,0.15,ACH-000800,NCIH446,lung,Lung Cancer,True,-1.1372411169745236,0.040414434453145104,0.0623,,0.0623,0.5,0.0061,0.1219,175,175,175,175.0,1,1,0.1279,220.5,0.006,-45.5,False,False,False
Q05_MSLN_MUC1_LUNG,MSLN,MUC1,lung,P15_weak,0.15,ACH-000710,NCIH854,lung,Lung Cancer,True,-0.8951961177605641,0.10043361465171151,0.0728,,0.0728,0.5,0.0151,0.1218,176,176,176,176.0,1,1,0.1369,202.5,0.0151,-26.5,False,False,False
Q05_MSLN_MUC1_LUNG,MSLN,MUC1,lung,P15_weak,0.15,ACH-000143,HCC2429,lung,Lung Cancer,True,-0.9652463181122719,0.08306347434099051,0.0682,,0.0682,0.5,0.0125,0.1205,177,177,177,177.0,1,1,0.133,210.0,0.0125,-33.0,False,False,False
Q05_MSLN_MUC1_LUNG,MSLN,MUC1,lung,P15_weak,0.15,ACH-001233,VMRCLCD,lung,Lung Cancer,True,0.06557595599559328,0.3386734147375934,0.112,,0.112,0.5,0.0508,0.1194,178,178,178,178.0,1,1,0.1702,166.0,0.0508,12.0,False,False,False
Q05_MSLN_MUC1_LUNG,MSLN,MUC1,lung,P15_weak,0.15,ACH-000610,NCIH2227,lung,Lung Cancer,True,-0.36502414597181243,0.23189878523716173,0.0927,,0.0927,0.5,0.0348,0.1191,179,179,179,179.0,1,1,0.1538,180.0,0.0347,-1.0,False,False,False
Q05_MSLN_MUC1_LUNG,MSLN,MUC1,lung,P15_weak,0.15,ACH-001234,VMRCLCP,lung,Lung Cancer,True,-0.09991110515077373,0.29763807925976726,0.1175,,0.1175,0.4125,0.0446,0.1171,180,180,180,180.0,1,1,0.1617,173.0,0.0446,7.0,False,False,False
Q05_MSLN_MUC1_LUNG,MSLN,MUC1,lung,P15_weak,0.15,ACH-000578,HCC1171,lung,Lung Cancer,True,0.5712265403091961,0.46405808963683093,0.1265,,0.1265,0.5,0.0696,0.1129,181,181,181,181.0,1,1,0.1825,161.0,0.0696,20.0,False,False,False
Q05_MSLN_MUC1_LUNG,MSLN,MUC1,lung,P15_weak,0.15,ACH-000639,NCIH211,lung,Lung Cancer,True,-0.8019248165449762,0.12356182243618484,0.063,,0.063,0.5,0.0185,0.11,182,182,182,182.0,1,1,0.1286,217.0,0.0186,-35.0,False,False,False
Q05_MSLN_MUC1_LUNG,MSLN,MUC1,lung,P15_weak,0.15,ACH-001113,LC1SQSF,lung,Lung Cancer,True,-0.9364362910804367,0.0902074112517497,0.072,,0.072,0.4125,0.0135,0.1096,183,183,183,183.0,1,1,0.1231,225.0,0.0135,-42.0,False,False,False
Q05_MSLN_MUC1_LUNG,MSLN,MUC1,lung,P15_weak,0.15,ACH-000382,CORL24,lung,Lung Cancer,True,-0.5393921621287209,0.1886612656991648,0.0735,,0.0735,0.5,0.0283,0.1092,184,184,185,184.5,2,2,0.1375,199.0,0.0283,-14.5,False,False,False
Q05_MSLN_MUC1_LUNG,MSLN,MUC1,lung,P15_weak,0.15,ACH-000525,NCIH2171,lung,Lung Cancer,True,-0.1367890075241806,0.2884935752415781,0.0911,,0.0911,0.5,0.0433,0.1092,185,184,185,184.5,2,2,0.1525,181.5,0.0433,3.0,False,False,False
Q05_MSLN_MUC1_LUNG,MSLN,MUC1,lung,P15_weak,0.15,ACH-000431,NCIH1694,lung,Lung Cancer,True,-0.37727891133014635,0.22886000743666352,0.0714,,0.0714,0.5,0.0343,0.1014,186,186,186,186.0,1,1,0.1357,204.5,0.0343,-18.5,False,False,False
Q05_MSLN_MUC1_LUNG,MSLN,MUC1,lung,P15_weak,0.15,ACH-000789,NCIH810,lung,Lung Cancer,True,0.25958201376688167,0.3867805211797945,0.0781,,0.0781,0.5875,0.058,0.0965,187,187,187,187.0,1,1,0.1545,178.0,0.058,9.0,False,False,False
Q05_MSLN_MUC1_LUNG,MSLN,MUC1,lung,P15_weak,0.15,ACH-000790,SHP77,lung,Lung Cancer,True,-0.18485038001527795,0.27657593932469765,0.0576,,0.0576,0.5875,0.0415,0.0956,188,188,189,188.5,2,1,0.1371,201.0,0.0415,-12.5,False,False,False
Q05_MSLN_MUC1_LUNG,MSLN,MUC1,lung,P15_weak,0.15,ACH-000594,DMS153,lung,Lung Cancer,True,0.5657551417314889,0.46270136316762056,0.1059,,0.1059,0.5,0.0694,0.0956,189,188,189,188.5,2,1,0.165,169.0,0.0694,19.5,False,False,False
Q05_MSLN_MUC1_LUNG,MSLN,MUC1,lung,P15_weak,0.15,ACH-000515,HCC33,lung,Lung Cancer,True,0.13139302658276247,0.3549938784222042,0.0852,,0.0852,0.5,0.0532,0.0942,190,190,190,190.0,1,1,0.1474,184.0,0.0532,6.0,False,False,False
Q05_MSLN_MUC1_LUNG,MSLN,MUC1,lung,P15_weak,0.15,ACH-000870,NCIH1930,lung,Lung Cancer,True,-0.3133411209489228,0.24471447158527668,0.0608,,0.0608,0.5,0.0367,0.0899,191,191,191,191.0,1,1,0.1267,223.5,0.0368,-32.5,False,False,False
Q05_MSLN_MUC1_LUNG,MSLN,MUC1,lung,P15_weak,0.15,ACH-000257,CORL279,lung,Lung Cancer,True,0.09058615213688201,0.3448751188582333,0.0763,,0.0763,0.5,0.0517,0.0881,192,192,192,192.0,1,1,0.1399,193.0,0.0518,-1.0,False,False,False
Q05_MSLN_MUC1_LUNG,MSLN,MUC1,lung,P15_weak,0.15,ACH-001549,LU135,lung,Lung Cancer,True,-0.42582065613224396,0.21682325502330527,0.0676,,0.0676,0.4125,0.0325,0.0868,193,193,193,193.0,1,1,0.1193,228.0,0.0325,-35.0,False,False,False
Q05_MSLN_MUC1_LUNG,MSLN,MUC1,lung,P15_weak,0.15,ACH-001364,NCIH345,lung,Lung Cancer,True,-0.7938777237571664,0.12555723615542966,0.0358,,0.0358,0.5,0.0188,0.0866,194,194,194,194.0,1,1,0.1054,233.0,0.0188,-39.0,False,False,False
Q05_MSLN_MUC1_LUNG,MSLN,MUC1,lung,P15_weak,0.15,ACH-000399,NCIH2196,lung,Lung Cancer,True,0.09967085201135509,0.34712782492771055,0.0742,,0.0742,0.5,0.0521,0.086,195,195,195,195.0,1,1,0.1381,196.5,0.0521,-1.5,False,False,False
Q05_MSLN_MUC1_LUNG,MSLN,MUC1,lung,P15_weak,0.15,ACH-001386,SCLC22H,lung,Lung Cancer,True,0.3686554633580033,0.4138271408048581,0.0814,,0.0814,0.5,0.0621,0.0821,196,196,196,196.0,1,1,0.1442,189.0,0.0621,7.0,False,False,False
Q05_MSLN_MUC1_LUNG,MSLN,MUC1,lung,P15_weak,0.15,ACH-001365,NCIH847,lung,Lung Cancer,True,-0.5961751283240612,0.17458096207233953,0.054,,0.054,0.4125,0.0262,0.0816,197,197,197,197.0,1,1,0.1078,231.0,0.0262,-34.0,False,False,False
Q05_MSLN_MUC1_LUNG,MSLN,MUC1,lung,P15_weak,0.15,ACH-000733,NCIH1838,lung,Lung Cancer,True,1.1621188788808021,0.6105799093887515,0.0973,,0.0973,0.5875,0.0916,0.0793,198,198,198,198.0,1,1,0.1709,164.0,0.0916,34.0,False,False,False
Q05_MSLN_MUC1_LUNG,MSLN,MUC1,lung,P15_weak,0.15,ACH-000187,CORL311,lung,Lung Cancer,True,0.02723387401857852,0.3291658424479778,0.063,,0.063,0.5,0.0494,0.0792,199,199,199,199.0,1,1,0.1286,217.0,0.0494,-18.0,False,False,False
Q05_MSLN_MUC1_LUNG,MSLN,MUC1,lung,P15_weak,0.15,ACH-002156,LC1SQ,lung,Lung Cancer,True,-1.3002242120964689,0.0,0.0194,,0.0194,0.4125,0.0,0.0783,200,200,200,200.0,1,1,0.0783,234.0,0.0,-34.0,False,False,False
Q05_MSLN_MUC1_LUNG,MSLN,MUC1,lung,P15_weak,0.15,ACH-000161,CORL105,lung,Lung Cancer,True,1.4405709643644526,0.6796268467333921,0.084,0.0,0.0543,0.8915,0.1019,0.078,201,201,201,201.0,1,1,0.1799,162.0,0.1019,39.0,False,False,False
Q05_MSLN_MUC1_LUNG,MSLN,MUC1,lung,P15_weak,0.15,ACH-000780,NCIH1105,lung,Lung Cancer,True,0.3028734487455324,0.3975153698462664,0.0728,,0.0728,0.5,0.0596,0.0773,202,202,202,202.0,1,1,0.1369,202.5,0.0596,-0.5,False,False,False
Q05_MSLN_MUC1_LUNG,MSLN,MUC1,lung,P15_weak,0.15,ACH-000575,HCC364,lung,Lung Cancer,True,0.40577925669862935,0.4230326176765194,0.077,,0.077,0.5,0.0635,0.077,203,203,204,203.5,2,1,0.1404,192.0,0.0634,11.5,False,False,False
Q05_MSLN_MUC1_LUNG,MSLN,MUC1,lung,P15_weak,0.15,ACH-002077,LU165,lung,Lung Cancer,True,-0.16433174345242005,0.28166388474515414,0.0676,,0.0676,0.4125,0.0422,0.077,204,203,204,203.5,2,1,0.1193,228.0,0.0423,-24.5,False,False,False
Q05_MSLN_MUC1_LUNG,MSLN,MUC1,lung,P15_weak,0.15,ACH-000292,NCIH841,lung,Lung Cancer,True,0.15868549721775918,0.3617615113765126,0.0501,,0.0501,0.5875,0.0543,0.0764,205,205,205,205.0,1,1,0.1307,214.0,0.0543,-9.0,False,False,False
Q05_MSLN_MUC1_LUNG,MSLN,MUC1,lung,P15_weak,0.15,ACH-000659,SCLC21H,lung,Lung Cancer,True,0.35580558236574766,0.4106407939465924,0.0735,,0.0735,0.5,0.0616,0.0759,206,206,206,206.0,1,1,0.1375,199.0,0.0616,7.0,False,False,False
Q05_MSLN_MUC1_LUNG,MSLN,MUC1,lung,P15_weak,0.15,ACH-000868,HCC1195,lung,Lung Cancer,True,0.6388812234776671,0.48083422066020304,0.084,,0.084,0.5,0.0721,0.0743,207,207,207,207.0,1,1,0.1464,185.5,0.0721,21.5,False,False,False
Q05_MSLN_MUC1_LUNG,MSLN,MUC1,lung,P15_weak,0.15,ACH-000290,NCIH209,lung,Lung Cancer,True,0.3108300231604543,0.399488337993195,0.0538,,0.0538,0.5875,0.0599,0.0739,208,208,208,208.0,1,1,0.1338,208.5,0.0599,-0.5,False,False,False
Q05_MSLN_MUC1_LUNG,MSLN,MUC1,lung,P15_weak,0.15,ACH-000394,NCIH2081,lung,Lung Cancer,True,0.48748693147821653,0.443293427328145,0.0707,,0.0707,0.5,0.0665,0.0686,209,209,209,209.0,1,1,0.1351,206.5,0.0665,2.5,False,False,False
Q05_MSLN_MUC1_LUNG,MSLN,MUC1,lung,P15_weak,0.15,ACH-000586,NCIH1876,lung,Lung Cancer,True,0.6800316691762034,0.49103817456816434,0.079,,0.079,0.5,0.0737,0.0685,210,210,210,210.0,1,1,0.1421,190.5,0.0736,19.5,False,False,False
Q05_MSLN_MUC1_LUNG,MSLN,MUC1,lung,P15_weak,0.15,ACH-000703,DMS79,lung,Lung Cancer,True,0.6940117684776559,0.49450477830669487,0.079,,0.079,0.5,0.0742,0.0679,211,211,211,211.0,1,1,0.1421,190.5,0.0742,20.5,False,False,False
Q05_MSLN_MUC1_LUNG,MSLN,MUC1,lung,P15_weak,0.15,ACH-000712,HCC1833,lung,Lung Cancer,True,2.256383906924849,0.8819215612156867,0.082,0.0596,0.0741,0.9069,0.1323,0.0667,212,212,212,212.0,1,1,0.199,150.0,0.1323,62.0,False,False,False
Q05_MSLN_MUC1_LUNG,MSLN,MUC1,lung,P15_weak,0.15,ACH-000358,NCIH69,lung,Lung Cancer,True,0.4540954061300517,0.4350134298752544,0.0514,,0.0514,0.5875,0.0653,0.0665,213,213,213,213.0,1,1,0.1318,213.0,0.0653,0.0,False,False,False
Q05_MSLN_MUC1_LUNG,MSLN,MUC1,lung,P15_weak,0.15,ACH-001136,NCIH187,lung,Lung Cancer,True,0.22454184464279298,0.3780917144220566,0.0555,,0.0555,0.5,0.0567,0.0654,214,214,214,214.0,1,1,0.1221,226.0,0.0567,-12.0,False,False,False
Q05_MSLN_MUC1_LUNG,MSLN,MUC1,lung,P15_weak,0.15,ACH-000695,CORL47,lung,Lung Cancer,True,0.6117426019526584,0.4741047372131587,0.0692,,0.0692,0.5,0.0711,0.0627,215,215,215,215.0,1,1,0.1338,208.5,0.0711,6.5,False,False,False
Q05_MSLN_MUC1_LUNG,MSLN,MUC1,lung,P15_weak,0.15,ACH-000514,NCIH1092,lung,Lung Cancer,True,0.4568290885073603,0.4356912929822888,0.0623,,0.0623,0.5,0.0654,0.0626,216,216,216,216.0,1,1,0.1279,220.5,0.0653,-4.5,False,False,False
Q05_MSLN_MUC1_LUNG,MSLN,MUC1,lung,P15_weak,0.15,ACH-000830,NCIH1436,lung,Lung Cancer,True,0.6777339225829209,0.490468409163877,0.0707,,0.0707,0.5,0.0736,0.0615,217,217,217,217.0,1,1,0.1351,206.5,0.0736,10.5,False,False,False
Q05_MSLN_MUC1_LUNG,MSLN,MUC1,lung,P15_weak,0.15,ACH-000743,CORL95,lung,Lung Cancer,True,0.8644054753735959,0.5367568001708148,0.0756,,0.0756,0.5,0.0805,0.0588,218,218,218,218.0,1,1,0.1393,194.0,0.0805,24.0,False,False,False
Q05_MSLN_MUC1_LUNG,MSLN,MUC1,lung,P15_weak,0.15,ACH-001049,CPCN,lung,Lung Cancer,True,0.0379718651588857,0.33182851024658416,0.054,,0.054,0.4125,0.0498,0.058,219,219,219,219.0,1,1,0.1078,231.0,0.0498,-12.0,False,False,False
Q05_MSLN_MUC1_LUNG,MSLN,MUC1,lung,P15_weak,0.15,ACH-002173,NCIH378,lung,Lung Cancer,True,-1.126354464930915,0.04311396525479925,0.0029,,0.0029,0.4125,0.0065,0.0579,220,220,220,220.0,1,1,0.0644,235.0,0.0065,-15.0,False,False,False
Q05_MSLN_MUC1_LUNG,MSLN,MUC1,lung,P15_weak,0.15,ACH-000767,NCIH526,lung,Lung Cancer,True,0.744757281717467,0.5070879926399795,0.0527,,0.0527,0.5875,0.0761,0.0569,221,221,222,221.5,2,1,0.1329,211.0,0.076,10.5,False,False,False
Q05_MSLN_MUC1_LUNG,MSLN,MUC1,lung,P15_weak,0.15,ACH-000596,LCLC97TM1,lung,Lung Cancer,True,0.6251160607566091,0.47742091410769927,0.063,,0.063,0.5,0.0716,0.0569,222,221,222,221.5,2,1,0.1286,217.0,0.0717,4.5,False,False,False
Q05_MSLN_MUC1_LUNG,MSLN,MUC1,lung,P15_weak,0.15,ACH-000871,NCIH510,lung,Lung Cancer,True,0.6370078642211534,0.48036968932446594,0.063,,0.063,0.5,0.0721,0.0565,223,223,223,223.0,1,1,0.1286,217.0,0.0721,6.0,False,False,False
Q05_MSLN_MUC1_LUNG,MSLN,MUC1,lung,P15_weak,0.15,ACH-000066,HCC4006,lung,Lung Cancer,True,1.5448581063677935,0.7054866198690439,0.0868,,0.0868,0.5875,0.1058,0.0561,224,224,224,224.0,1,1,0.1619,172.0,0.1058,52.0,False,False,False
Q05_MSLN_MUC1_LUNG,MSLN,MUC1,lung,P15_weak,0.15,ACH-000737,NCIH1385,lung,Lung Cancer,True,1.3136746856385797,0.648160753056145,0.0911,,0.0911,0.5,0.0972,0.0552,225,225,225,225.0,1,1,0.1525,181.5,0.0973,43.5,False,False,False
Q05_MSLN_MUC1_LUNG,MSLN,MUC1,lung,P15_weak,0.15,ACH-000844,DMS454,lung,Lung Cancer,True,0.7674183571395843,0.5127071922667855,0.0608,,0.0608,0.5,0.0769,0.0498,226,226,226,226.0,1,1,0.1267,223.5,0.0769,2.5,False,False,False
Q05_MSLN_MUC1_LUNG,MSLN,MUC1,lung,P15_weak,0.15,ACH-000298,NCIH2029,lung,Lung Cancer,True,1.0542668116031226,0.5838361523115608,0.0714,,0.0714,0.5,0.0876,0.0481,227,227,227,227.0,1,1,0.1357,204.5,0.0876,22.5,False,False,False
Q05_MSLN_MUC1_LUNG,MSLN,MUC1,lung,P15_weak,0.15,ACH-000603,BEN,lung,Lung Cancer,True,1.8114630586742941,0.7715958587555262,0.0978,,0.0978,0.5,0.1157,0.0424,228,228,228,228.0,1,1,0.1582,175.0,0.1158,53.0,False,False,False
Q05_MSLN_MUC1_LUNG,MSLN,MUC1,lung,P15_weak,0.15,ACH-002051,LU134A,lung,Lung Cancer,True,1.0056801837547689,0.5717882703824106,0.0764,,0.0764,0.4125,0.0858,0.041,229,229,229,229.0,1,1,0.1268,222.0,0.0858,7.0,False,False,False
Q05_MSLN_MUC1_LUNG,MSLN,MUC1,lung,P15_weak,0.15,ACH-000841,NCIH2087,lung,Lung Cancer,True,2.061894444358777,0.8336945863210027,0.1057,,0.1057,0.5,0.1251,0.0398,230,230,230,230.0,1,1,0.1649,170.0,0.1251,60.0,False,False,False
Q05_MSLN_MUC1_LUNG,MSLN,MUC1,lung,P15_weak,0.15,ACH-000698,DMS53,lung,Lung Cancer,True,1.447524166052124,0.6813510115226031,0.063,,0.063,0.5,0.1022,0.0264,231,231,231,231.0,1,1,0.1286,217.0,0.1022,14.0,False,False,False
Q05_MSLN_MUC1_LUNG,MSLN,MUC1,lung,P15_weak,0.15,ACH-000669,SW900,lung,Lung Cancer,True,1.7459975402409158,0.7553625684152773,0.0749,,0.0749,0.5,0.1133,0.0254,232,232,232,232.0,1,1,0.1387,195.0,0.1133,37.0,False,False,False
Q05_MSLN_MUC1_LUNG,MSLN,MUC1,lung,P15_weak,0.15,ACH-000803,COLO668,lung,Lung Cancer,True,1.8493084291918374,0.7809802629785031,0.068,,0.068,0.5,0.1171,0.0156,233,233,233,233.0,1,1,0.1328,212.0,0.1172,21.0,False,False,False
Q05_MSLN_MUC1_LUNG,MSLN,MUC1,lung,P15_weak,0.15,ACH-001138,NCIH2141,lung,Lung Cancer,True,0.7483696784841555,0.5079837479466072,0.0,,0.0,0.4125,0.0762,0.0,234,234,236,235.0,3,3,0.0619,236.0,0.0619,-1.0,False,False,True
Q05_MSLN_MUC1_LUNG,MSLN,MUC1,lung,P15_weak,0.15,ACH-001417,UMC11,lung,Lung Cancer,True,2.0299051397037147,0.8257622933723604,0.054,,0.054,0.4125,0.1239,0.0,235,234,236,235.0,3,3,0.1078,231.0,0.1078,4.0,False,False,True
Q05_MSLN_MUC1_LUNG,MSLN,MUC1,lung,P15_weak,0.15,ACH-002170,NCIH1688,lung,Lung Cancer,True,2.5259260688542295,0.9487591312563307,0.0676,,0.0676,0.4125,0.1423,0.0,236,234,236,235.0,3,3,0.1193,228.0,0.1193,7.0,False,False,True
Q05_MSLN_MUC1_LUNG,MSLN,MUC1,lung,P30_team_baseline,0.3,ACH-000153,NCIH2052,lung,Lung Cancer,True,-0.9800565854947956,0.07939101628687933,0.784,0.8966,0.8237,0.8844,0.0238,0.809,1,1,1,1.0,1,1,0.8328,7.0,0.0238,-6.0,True,True,False
Q05_MSLN_MUC1_LUNG,MSLN,MUC1,lung,P30_team_baseline,0.3,ACH-002172,NCIH322M,lung,Lung Cancer,True,0.2765508631201727,0.39098823639971203,1.0,,1.0,0.4125,0.1173,0.7946,2,2,2,2.0,1,1,0.9119,1.0,0.1173,1.0,True,True,False
Q05_MSLN_MUC1_LUNG,MSLN,MUC1,lung,P30_team_baseline,0.3,ACH-001562,MERO95,lung,Lung Cancer,True,0.5773588687449387,0.4655787049216618,0.9888,,0.9888,0.4125,0.1397,0.7626,3,3,3,3.0,1,1,0.9023,2.0,0.1397,1.0,True,True,False
Q05_MSLN_MUC1_LUNG,MSLN,MUC1,lung,P30_team_baseline,0.3,ACH-002130,H2795,lung,Lung Cancer,True,0.06742091667674294,0.33913090416286884,0.9296,,0.9296,0.4125,0.1017,0.7503,4,4,4,4.0,1,1,0.852,6.0,0.1017,-2.0,True,True,False
Q05_MSLN_MUC1_LUNG,MSLN,MUC1,lung,P30_team_baseline,0.3,ACH-000791,RERFLCAD1,lung,Lung Cancer,True,0.19588064808987873,0.37098468256350836,0.8489,,0.8489,0.5875,0.1113,0.6984,5,5,5,5.0,1,1,0.8097,11.0,0.1113,-6.0,True,False,False
Q05_MSLN_MUC1_LUNG,MSLN,MUC1,lung,P30_team_baseline,0.3,ACH-000892,NCIH1563,lung,Lung Cancer,True,-0.010103357446125946,0.3199074399580559,0.8354,,0.8354,0.5,0.096,0.6892,6,6,6,6.0,1,1,0.7851,17.0,0.0959,-11.0,True,False,False
Q05_MSLN_MUC1_LUNG,MSLN,MUC1,lung,P30_team_baseline,0.3,ACH-000367,NCIH226,lung,Lung Cancer,True,-0.06373880435677877,0.30660761734814734,0.6928,0.8395,0.7446,0.9633,0.092,0.6854,7,7,7,7.0,1,1,0.7774,18.0,0.092,-11.0,True,False,False
Q05_MSLN_MUC1_LUNG,MSLN,MUC1,lung,P30_team_baseline,0.3,ACH-000416,NCIH838,lung,Lung Cancer,True,0.4254882449578994,0.4279197970097263,0.6575,1.0,0.7784,0.9144,0.1284,0.6704,8,8,8,8.0,1,1,0.7988,15.0,0.1284,-7.0,True,False,False
Q05_MSLN_MUC1_LUNG,MSLN,MUC1,lung,P30_team_baseline,0.3,ACH-000628,NCIH596,lung,Lung Cancer,True,1.9496008399868483,0.8058494744705919,0.9349,,0.9349,0.5875,0.2418,0.641,9,9,9,9.0,1,1,0.8828,3.0,0.2418,6.0,True,True,False
Q05_MSLN_MUC1_LUNG,MSLN,MUC1,lung,P30_team_baseline,0.3,ACH-000528,ABC1,lung,Lung Cancer,True,1.330295789103636,0.6522822387600754,0.756,0.8781,0.7991,0.9695,0.1957,0.629,10,10,10,10.0,1,1,0.8247,9.0,0.1957,1.0,True,True,False
Q05_MSLN_MUC1_LUNG,MSLN,MUC1,lung,P30_team_baseline,0.3,ACH-000916,NCIH1573,lung,Lung Cancer,True,-0.28348599608005437,0.25211755830540905,0.5609,0.9068,0.683,0.826,0.0756,0.6288,11,11,11,11.0,1,1,0.7044,30.0,0.0756,-19.0,False,False,False
Q05_MSLN_MUC1_LUNG,MSLN,MUC1,lung,P30_team_baseline,0.3,ACH-002124,H2373,lung,Lung Cancer,True,0.33086585044764977,0.40445656263027807,0.809,,0.809,0.4125,0.1213,0.6282,12,12,12,12.0,1,1,0.7496,22.0,0.1214,-10.0,False,False,False
Q05_MSLN_MUC1_LUNG,MSLN,MUC1,lung,P30_team_baseline,0.3,ACH-001557,MERO41,lung,Lung Cancer,True,0.4176369342871374,0.4259729308010721,0.8054,,0.8054,0.4125,0.1278,0.6187,13,13,13,13.0,1,1,0.7465,24.0,0.1278,-11.0,False,False,False
Q05_MSLN_MUC1_LUNG,MSLN,MUC1,lung,P30_team_baseline,0.3,ACH-001977,NO36,lung,Lung Cancer,True,-0.02485411115017765,0.31624973933419154,0.7623,,0.7623,0.4125,0.0949,0.615,14,14,14,14.0,1,1,0.7099,29.0,0.0949,-15.0,False,False,False
Q05_MSLN_MUC1_LUNG,MSLN,MUC1,lung,P30_team_baseline,0.3,ACH-000035,NCIH1650,lung,Lung Cancer,True,1.2262944867255439,0.6264933444280818,0.719,0.8753,0.7741,0.9609,0.1879,0.6142,15,15,15,15.0,1,1,0.8022,14.0,0.188,1.0,False,False,False
Q05_MSLN_MUC1_LUNG,MSLN,MUC1,lung,P30_team_baseline,0.3,ACH-000030,PC14,lung,Lung Cancer,True,0.5834317234195973,0.46708457267444214,0.6296,0.9374,0.7382,0.8356,0.1401,0.6127,16,16,16,16.0,1,1,0.7528,21.0,0.1401,-5.0,False,False,False
Q05_MSLN_MUC1_LUNG,MSLN,MUC1,lung,P30_team_baseline,0.3,ACH-000590,NCIH2073,lung,Lung Cancer,True,1.3554407711435796,0.6585173653400344,0.8474,,0.8474,0.5875,0.1976,0.6109,17,17,17,17.0,1,1,0.8084,12.0,0.1975,5.0,False,False,False
Q05_MSLN_MUC1_LUNG,MSLN,MUC1,lung,P30_team_baseline,0.3,ACH-000482,RERFLCKJ,lung,Lung Cancer,True,2.245725273852091,0.8792785716015993,0.9252,,0.9252,0.5875,0.2638,0.6108,18,18,18,18.0,1,1,0.8746,4.0,0.2638,14.0,False,True,False
Q05_MSLN_MUC1_LUNG,MSLN,MUC1,lung,P30_team_baseline,0.3,ACH-001075,NCIH292,lung,Lung Cancer,True,0.38569551057906254,0.41805251074877,0.6373,0.7855,0.6896,0.9629,0.1254,0.6052,19,19,19,19.0,1,1,0.7306,27.0,0.1254,-8.0,False,False,False
Q05_MSLN_MUC1_LUNG,MSLN,MUC1,lung,P30_team_baseline,0.3,ACH-000261,RERFLCAI,lung,Lung Cancer,True,-0.7381898292851586,0.13936599809659114,0.6658,,0.6658,0.5,0.0418,0.5991,20,20,20,20.0,1,1,0.6409,42.0,0.0418,-22.0,False,False,False
Q05_MSLN_MUC1_LUNG,MSLN,MUC1,lung,P30_team_baseline,0.3,ACH-000645,JL1,lung,Lung Cancer,True,0.569691981116645,0.46367756954758227,0.7794,,0.7794,0.5,0.1391,0.5984,21,21,21,21.0,1,1,0.7375,26.0,0.1391,-5.0,False,False,False
Q05_MSLN_MUC1_LUNG,MSLN,MUC1,lung,P30_team_baseline,0.3,ACH-001547,LO68,lung,Lung Cancer,True,0.7438662735171266,0.5068670519805636,0.806,,0.806,0.4125,0.1521,0.595,22,22,22,22.0,1,1,0.747,23.0,0.152,-1.0,False,False,False
Q05_MSLN_MUC1_LUNG,MSLN,MUC1,lung,P30_team_baseline,0.3,ACH-000744,NCIH1623,lung,Lung Cancer,True,0.6431057649364541,0.4818817676696214,0.7451,,0.7451,0.5875,0.1446,0.5769,23,23,23,23.0,1,1,0.7215,28.0,0.1446,-5.0,False,False,False
Q05_MSLN_MUC1_LUNG,MSLN,MUC1,lung,P30_team_baseline,0.3,ACH-001561,MERO84,lung,Lung Cancer,True,0.28119463371595266,0.3921397384141889,0.7409,,0.7409,0.4125,0.1176,0.574,24,24,24,24.0,1,1,0.6916,33.0,0.1176,-9.0,False,False,False
Q05_MSLN_MUC1_LUNG,MSLN,MUC1,lung,P30_team_baseline,0.3,ACH-000852,NCIH1435,lung,Lung Cancer,True,1.8645133136528402,0.7847505730585582,0.8897,0.5954,0.7858,0.9264,0.2354,0.5715,25,25,25,25.0,1,1,0.8069,13.0,0.2354,12.0,False,False,False
Q05_MSLN_MUC1_LUNG,MSLN,MUC1,lung,P30_team_baseline,0.3,ACH-002125,H2461,lung,Lung Cancer,True,0.11811504515661642,0.3517013767697134,0.717,,0.717,0.4125,0.1055,0.5658,26,26,26,26.0,1,1,0.6713,36.0,0.1055,-10.0,False,False,False
Q05_MSLN_MUC1_LUNG,MSLN,MUC1,lung,P30_team_baseline,0.3,ACH-000774,RERFLCAD2,lung,Lung Cancer,True,-0.07120887832332068,0.3047552852737376,0.6809,,0.6809,0.5,0.0914,0.5623,27,27,27,27.0,1,1,0.6538,38.0,0.0915,-11.0,False,False,False
Q05_MSLN_MUC1_LUNG,MSLN,MUC1,lung,P30_team_baseline,0.3,ACH-000379,NCIH1781,lung,Lung Cancer,True,2.3199152234640272,0.8976752332518787,0.8742,,0.8742,0.5875,0.2693,0.5619,28,28,28,28.0,1,1,0.8312,8.0,0.2693,20.0,False,True,False
Q05_MSLN_MUC1_LUNG,MSLN,MUC1,lung,P30_team_baseline,0.3,ACH-000894,NCIH1869,lung,Lung Cancer,True,2.7325699449243714,1.0,0.91,,0.91,0.5875,0.3,0.5617,29,29,29,29.0,1,1,0.8617,5.0,0.3,24.0,False,True,False
Q05_MSLN_MUC1_LUNG,MSLN,MUC1,lung,P30_team_baseline,0.3,ACH-000589,NCIH1437,lung,Lung Cancer,True,1.4001504317811861,0.6696038872146434,0.6526,0.8594,0.7256,0.9483,0.2009,0.5581,30,30,30,30.0,1,1,0.759,20.0,0.2009,10.0,False,False,False
Q05_MSLN_MUC1_LUNG,MSLN,MUC1,lung,P30_team_baseline,0.3,ACH-002131,H2803,lung,Lung Cancer,True,0.5603079432631417,0.46135063752771555,0.7402,,0.7402,0.4125,0.1384,0.5526,31,31,31,31.0,1,1,0.6911,34.0,0.1385,-3.0,False,False,False
Q05_MSLN_MUC1_LUNG,MSLN,MUC1,lung,P30_team_baseline,0.3,ACH-000869,NCIH1568,lung,Lung Cancer,True,0.7707150054934665,0.5135246523764574,0.6724,0.604,0.6483,0.9829,0.1541,0.5444,32,32,32,32.0,1,1,0.6985,31.0,0.1541,1.0,False,False,False
Q05_MSLN_MUC1_LUNG,MSLN,MUC1,lung,P30_team_baseline,0.3,ACH-000929,NCIH2110,lung,Lung Cancer,True,2.3949959079270986,0.9162927677799827,0.7422,0.93,0.8085,0.8655,0.2749,0.5422,33,33,33,33.0,1,1,0.817,10.0,0.2748,23.0,False,True,False
Q05_MSLN_MUC1_LUNG,MSLN,MUC1,lung,P30_team_baseline,0.3,ACH-000924,NCIH2172,lung,Lung Cancer,True,0.21187117998601399,0.3749498073066835,0.5182,0.7526,0.6009,0.9414,0.1125,0.5395,34,34,34,34.0,1,1,0.652,40.0,0.1125,-6.0,False,False,False
Q05_MSLN_MUC1_LUNG,MSLN,MUC1,lung,P30_team_baseline,0.3,ACH-000319,MPP89,lung,Lung Cancer,True,0.2357604910190031,0.38087356887318924,0.6799,,0.6799,0.5,0.1143,0.5386,35,35,35,35.0,1,1,0.6529,39.0,0.1143,-4.0,False,False,False
Q05_MSLN_MUC1_LUNG,MSLN,MUC1,lung,P30_team_baseline,0.3,ACH-000813,T3M10,lung,Lung Cancer,True,1.7543175065800276,0.7574256457792997,0.8102,,0.8102,0.5,0.2272,0.5365,36,36,36,36.0,1,1,0.7637,19.0,0.2272,17.0,False,False,False
Q05_MSLN_MUC1_LUNG,MSLN,MUC1,lung,P30_team_baseline,0.3,ACH-000553,SQ1,lung,Lung Cancer,True,-0.5351425265052903,0.18971503523412414,0.5071,0.5851,0.5346,0.893,0.0569,0.5315,37,37,37,37.0,1,1,0.5884,51.0,0.0569,-14.0,False,False,False
Q05_MSLN_MUC1_LUNG,MSLN,MUC1,lung,P30_team_baseline,0.3,ACH-000785,NCIH2126,lung,Lung Cancer,True,2.337541997485711,0.9020460920994587,0.8091,0.6915,0.7676,0.9706,0.2706,0.5274,38,38,38,38.0,1,1,0.7981,16.0,0.2707,22.0,False,False,False
Q05_MSLN_MUC1_LUNG,MSLN,MUC1,lung,P30_team_baseline,0.3,ACH-000925,DV90,lung,Lung Cancer,True,1.5850509759408622,0.7154531264667325,0.8514,0.4874,0.7229,0.8215,0.2146,0.5231,39,39,39,39.0,1,1,0.7377,25.0,0.2146,14.0,False,False,False
Q05_MSLN_MUC1_LUNG,MSLN,MUC1,lung,P30_team_baseline,0.3,ACH-000858,KNS62,lung,Lung Cancer,True,-0.21117758038424964,0.2700476615738638,0.6043,,0.6043,0.5875,0.081,0.5207,40,40,40,40.0,1,1,0.6017,48.5,0.081,-8.5,False,False,False
Q05_MSLN_MUC1_LUNG,MSLN,MUC1,lung,P30_team_baseline,0.3,ACH-000781,NCIH2023,lung,Lung Cancer,True,0.6931307933539543,0.4942863255195205,0.694,,0.694,0.5,0.1483,0.5166,41,41,41,41.0,1,1,0.6649,37.0,0.1483,4.0,False,False,False
Q05_MSLN_MUC1_LUNG,MSLN,MUC1,lung,P30_team_baseline,0.3,ACH-000787,LXF289,lung,Lung Cancer,True,-1.260675375055799,0.009806807761764328,0.4565,0.4045,0.4381,0.8995,0.0029,0.5044,42,42,42,42.0,1,1,0.5073,63.0,0.0029,-21.0,False,False,False
Q05_MSLN_MUC1_LUNG,MSLN,MUC1,lung,P30_team_baseline,0.3,ACH-000627,LCLC103H,lung,Lung Cancer,True,-1.0257000665249545,0.06807293774059486,0.3935,0.5922,0.4636,0.8628,0.0204,0.5031,43,43,43,43.0,1,1,0.5235,62.0,0.0204,-19.0,False,False,False
Q05_MSLN_MUC1_LUNG,MSLN,MUC1,lung,P30_team_baseline,0.3,ACH-000086,ACCMESO1,lung,Lung Cancer,True,0.11945526463177539,0.3520337070159339,0.6199,,0.6199,0.5,0.1056,0.4963,44,44,44,44.0,1,1,0.6019,47.0,0.1056,-3.0,False,False,False
Q05_MSLN_MUC1_LUNG,MSLN,MUC1,lung,P30_team_baseline,0.3,ACH-000331,ISTMES2,lung,Lung Cancer,True,-0.5754180777415682,0.17972802630976317,0.5582,,0.5582,0.5,0.0539,0.4956,45,45,45,45.0,1,1,0.5495,59.0,0.0539,-14.0,False,False,False
Q05_MSLN_MUC1_LUNG,MSLN,MUC1,lung,P30_team_baseline,0.3,ACH-001558,MERO48A,lung,Lung Cancer,True,0.15550747191801106,0.3609734658735663,0.6351,,0.6351,0.4125,0.1083,0.4934,46,46,46,46.0,1,1,0.6017,48.5,0.1083,-2.5,False,False,False
Q05_MSLN_MUC1_LUNG,MSLN,MUC1,lung,P30_team_baseline,0.3,ACH-000826,CAL12T,lung,Lung Cancer,True,1.3771748970407292,0.663906712043811,0.7027,,0.7027,0.5,0.1992,0.4731,47,47,47,47.0,1,1,0.6723,35.0,0.1992,12.0,False,False,False
Q05_MSLN_MUC1_LUNG,MSLN,MUC1,lung,P30_team_baseline,0.3,ACH-001559,MERO82,lung,Lung Cancer,True,-0.008233658377165618,0.3203710636879468,0.5916,,0.5916,0.4125,0.0961,0.4686,48,48,48,48.0,1,1,0.5647,56.0,0.0961,-8.0,False,False,False
Q05_MSLN_MUC1_LUNG,MSLN,MUC1,lung,P30_team_baseline,0.3,ACH-000872,HCC515,lung,Lung Cancer,True,0.3927424960095695,0.4197999308143934,0.6093,,0.6093,0.5,0.1259,0.467,49,49,50,49.5,2,1,0.5929,50.0,0.1259,-0.5,False,False,False
Q05_MSLN_MUC1_LUNG,MSLN,MUC1,lung,P30_team_baseline,0.3,ACH-001137,NCIH1993,lung,Lung Cancer,True,1.083520805167219,0.5910901782858761,0.6852,,0.6852,0.4125,0.1773,0.467,50,49,50,49.5,2,1,0.6443,41.0,0.1773,8.5,False,False,False
Q05_MSLN_MUC1_LUNG,MSLN,MUC1,lung,P30_team_baseline,0.3,ACH-000875,NCIH2347,lung,Lung Cancer,True,1.8153335320868955,0.7725556085622113,0.717,,0.717,0.5875,0.2318,0.4658,51,51,51,51.0,1,1,0.6976,32.0,0.2318,19.0,False,False,False
Q05_MSLN_MUC1_LUNG,MSLN,MUC1,lung,P30_team_baseline,0.3,ACH-002127,H2595,lung,Lung Cancer,True,0.9372521005884922,0.5548203616566088,0.6709,,0.6709,0.4125,0.1664,0.4657,52,52,52,52.0,1,1,0.6321,43.0,0.1664,9.0,False,False,False
Q05_MSLN_MUC1_LUNG,MSLN,MUC1,lung,P30_team_baseline,0.3,ACH-000662,CORL23,lung,Lung Cancer,True,-0.4667398011986403,0.20667665604672256,0.398,0.5831,0.4634,0.8662,0.062,0.4618,53,53,53,53.0,1,1,0.5238,61.0,0.062,-8.0,False,False,False
Q05_MSLN_MUC1_LUNG,MSLN,MUC1,lung,P30_team_baseline,0.3,ACH-002123,H2369,lung,Lung Cancer,True,0.796429475543645,0.5199009932083868,0.6519,,0.6519,0.4125,0.156,0.46,54,54,54,54.0,1,1,0.616,45.0,0.156,9.0,False,False,False
Q05_MSLN_MUC1_LUNG,MSLN,MUC1,lung,P30_team_baseline,0.3,ACH-000851,MORCPR,lung,Lung Cancer,True,1.2258001747689153,0.6263707713590428,0.6545,,0.6545,0.5,0.1879,0.4434,55,55,55,55.0,1,1,0.6313,44.0,0.1879,11.0,False,False,False
Q05_MSLN_MUC1_LUNG,MSLN,MUC1,lung,P30_team_baseline,0.3,ACH-000837,NCIH322,lung,Lung Cancer,True,0.549105081532008,0.45857269714818233,0.5701,,0.5701,0.5875,0.1376,0.4352,56,56,56,56.0,1,1,0.5727,55.0,0.1375,1.0,False,False,False
Q05_MSLN_MUC1_LUNG,MSLN,MUC1,lung,P30_team_baseline,0.3,ACH-001555,MERO14,lung,Lung Cancer,True,0.39179233174526407,0.4195643214013388,0.576,,0.576,0.4125,0.1259,0.4256,57,57,57,57.0,1,1,0.5514,58.0,0.1258,-1.0,False,False,False
Q05_MSLN_MUC1_LUNG,MSLN,MUC1,lung,P30_team_baseline,0.3,ACH-002132,H2804,lung,Lung Cancer,True,0.5468769313665175,0.45802018936357064,0.5889,,0.5889,0.4125,0.1374,0.425,58,58,58,58.0,1,1,0.5624,57.0,0.1374,1.0,False,False,False
Q05_MSLN_MUC1_LUNG,MSLN,MUC1,lung,P30_team_baseline,0.3,ACH-000092,NCIH2452,lung,Lung Cancer,True,0.9531244515743487,0.558756181430158,0.6015,,0.6015,0.5,0.1676,0.4187,59,59,59,59.0,1,1,0.5863,52.0,0.1676,7.0,False,False,False
Q05_MSLN_MUC1_LUNG,MSLN,MUC1,lung,P30_team_baseline,0.3,ACH-000706,EKVX,lung,Lung Cancer,True,1.3839188056858738,0.6655789790583333,0.6199,,0.6199,0.5875,0.1997,0.4153,60,60,60,60.0,1,1,0.615,46.0,0.1997,14.0,False,False,False
Q05_MSLN_MUC1_LUNG,MSLN,MUC1,lung,P30_team_baseline,0.3,ACH-001560,MERO83,lung,Lung Cancer,True,-0.4177129081719055,0.21883370922569081,0.4753,,0.4753,0.4125,0.0657,0.4002,61,61,61,61.0,1,1,0.4658,66.0,0.0656,-5.0,False,False,False
Q05_MSLN_MUC1_LUNG,MSLN,MUC1,lung,P30_team_baseline,0.3,ACH-000311,NCIH2122,lung,Lung Cancer,True,1.35413475103809,0.658193515410026,0.4706,0.569,0.5054,0.9754,0.1975,0.3784,62,62,62,62.0,1,1,0.5759,54.0,0.1975,8.0,False,False,False
Q05_MSLN_MUC1_LUNG,MSLN,MUC1,lung,P30_team_baseline,0.3,ACH-000335,MSTO211H,lung,Lung Cancer,True,-1.09368548340206,0.05121479566092855,0.3332,0.2504,0.304,0.8918,0.0154,0.3768,63,63,63,63.0,1,1,0.3921,78.0,0.0153,-15.0,False,False,False
Q05_MSLN_MUC1_LUNG,MSLN,MUC1,lung,P30_team_baseline,0.3,ACH-000912,NCIH2286,lung,Lung Cancer,True,-0.2712535763240091,0.2551507951332172,0.3185,0.3861,0.3423,0.9831,0.0765,0.3619,64,64,64,64.0,1,1,0.4384,71.0,0.0765,-7.0,False,False,False
Q05_MSLN_MUC1_LUNG,MSLN,MUC1,lung,P30_team_baseline,0.3,ACH-000033,NCIH1819,lung,Lung Cancer,True,1.8049104429055236,0.7699710260679061,0.5987,,0.5987,0.5,0.231,0.3529,65,65,65,65.0,1,1,0.5839,53.0,0.231,12.0,False,False,False
Q05_MSLN_MUC1_LUNG,MSLN,MUC1,lung,P30_team_baseline,0.3,ACH-000062,RERFLCMS,lung,Lung Cancer,True,0.39840880928791883,0.42120498970352227,0.3034,0.5492,0.3902,0.9385,0.1264,0.3461,66,66,66,66.0,1,1,0.4724,65.0,0.1263,1.0,False,False,False
Q05_MSLN_MUC1_LUNG,MSLN,MUC1,lung,P30_team_baseline,0.3,ACH-001992,ONE58,lung,Lung Cancer,True,-0.5941344100984812,0.17508699291500657,0.3952,,0.3952,0.4125,0.0525,0.3453,67,67,67,67.0,1,1,0.3978,76.0,0.0525,-9.0,False,False,False
Q05_MSLN_MUC1_LUNG,MSLN,MUC1,lung,P30_team_baseline,0.3,ACH-000569,ISTMES1,lung,Lung Cancer,True,0.01638466807922693,0.32647559704567686,0.4228,,0.4228,0.5,0.0979,0.3364,68,68,68,68.0,1,1,0.4344,73.0,0.098,-5.0,False,False,False
Q05_MSLN_MUC1_LUNG,MSLN,MUC1,lung,P30_team_baseline,0.3,ACH-000878,HCC15,lung,Lung Cancer,True,0.1943063818763687,0.3705943164421011,0.4381,0.1759,0.3456,0.9344,0.1112,0.3228,69,69,69,69.0,1,1,0.4339,74.0,0.1111,-5.0,False,False,False
Q05_MSLN_MUC1_LUNG,MSLN,MUC1,lung,P30_team_baseline,0.3,ACH-001556,MERO25,lung,Lung Cancer,True,-0.9287277893621633,0.0921188655482338,0.3337,,0.3337,0.4125,0.0276,0.3178,70,70,70,70.0,1,1,0.3455,89.0,0.0277,-19.0,False,False,False
Q05_MSLN_MUC1_LUNG,MSLN,MUC1,lung,P30_team_baseline,0.3,ACH-000681,A549,lung,Lung Cancer,True,-0.6776263884800188,0.1543837347940377,0.2584,0.2301,0.2484,0.9929,0.0463,0.3138,71,71,71,71.0,1,1,0.3601,83.0,0.0463,-12.0,False,False,False
Q05_MSLN_MUC1_LUNG,MSLN,MUC1,lung,P30_team_baseline,0.3,ACH-000975,HCC2450,lung,Lung Cancer,True,0.7407586142793021,0.5060964549411848,0.4555,,0.4555,0.5,0.1518,0.3104,72,72,72,72.0,1,1,0.4622,67.0,0.1518,5.0,False,False,False
Q05_MSLN_MUC1_LUNG,MSLN,MUC1,lung,P30_team_baseline,0.3,ACH-000451,NCIH2085,lung,Lung Cancer,True,-0.15170134174077937,0.2847958079774996,0.3328,,0.3328,0.5875,0.0854,0.2856,73,73,73,73.0,1,1,0.371,81.0,0.0854,-8.0,False,False,False
Q05_MSLN_MUC1_LUNG,MSLN,MUC1,lung,P30_team_baseline,0.3,ACH-000666,NCIH1355,lung,Lung Cancer,True,0.16493781303895358,0.36331187957725736,0.2759,0.3116,0.2885,0.9911,0.109,0.2849,74,74,74,74.0,1,1,0.3939,77.0,0.109,-3.0,False,False,False
Q05_MSLN_MUC1_LUNG,MSLN,MUC1,lung,P30_team_baseline,0.3,ACH-000888,NCIH1793,lung,Lung Cancer,True,1.0319973455633047,0.578314058901202,0.4057,0.2763,0.36,0.9676,0.1735,0.2777,75,75,75,75.0,1,1,0.4512,69.0,0.1735,6.0,False,False,False
Q05_MSLN_MUC1_LUNG,MSLN,MUC1,lung,P30_team_baseline,0.3,ACH-000378,NCIH647,lung,Lung Cancer,True,-0.1737244463757371,0.27933480407363886,0.2973,0.1673,0.2514,0.9675,0.0838,0.275,76,76,76,76.0,1,1,0.3588,84.0,0.0838,-8.0,False,False,False
Q05_MSLN_MUC1_LUNG,MSLN,MUC1,lung,P30_team_baseline,0.3,ACH-000867,CHAGOK1,lung,Lung Cancer,True,2.2575596447812982,0.8822131054430066,0.5363,,0.5363,0.5,0.2647,0.2662,77,77,77,77.0,1,1,0.5309,60.0,0.2647,17.0,False,False,False
Q05_MSLN_MUC1_LUNG,MSLN,MUC1,lung,P30_team_baseline,0.3,ACH-000840,HCC366,lung,Lung Cancer,True,1.7817479978486699,0.764227503300564,0.4935,,0.4935,0.5,0.2293,0.2652,78,78,78,78.0,1,1,0.4945,64.0,0.2293,14.0,False,False,False
Q05_MSLN_MUC1_LUNG,MSLN,MUC1,lung,P30_team_baseline,0.3,ACH-000121,NCIH2405,lung,Lung Cancer,True,-0.2646899249544958,0.2567783642860058,0.2801,,0.2801,0.5875,0.077,0.2492,79,79,79,79.0,1,1,0.3262,92.0,0.077,-13.0,False,False,False
Q05_MSLN_MUC1_LUNG,MSLN,MUC1,lung,P30_team_baseline,0.3,ACH-000264,CALU6,lung,Lung Cancer,True,-0.7110671869442262,0.14609151923277747,0.1314,0.234,0.1676,0.9743,0.0438,0.2448,80,80,80,80.0,1,1,0.2886,103.0,0.0438,-23.0,False,False,False
Q05_MSLN_MUC1_LUNG,MSLN,MUC1,lung,P30_team_baseline,0.3,ACH-000886,NCIH2009,lung,Lung Cancer,True,1.475184147713543,0.6882097750955627,0.1999,0.6965,0.3752,0.8758,0.2065,0.2438,81,81,81,81.0,1,1,0.4503,70.0,0.2065,11.0,False,False,False
Q05_MSLN_MUC1_LUNG,MSLN,MUC1,lung,P30_team_baseline,0.3,ACH-000891,HCC1438,lung,Lung Cancer,True,0.43734976351655763,0.4308610625682494,0.3478,,0.3478,0.5,0.1293,0.2413,82,82,82,82.0,1,1,0.3706,82.0,0.1293,0.0,False,False,False
Q05_MSLN_MUC1_LUNG,MSLN,MUC1,lung,P30_team_baseline,0.3,ACH-001078,HCC1588,lung,Lung Cancer,True,0.20351542182023075,0.3728778547496117,0.3259,,0.3259,0.5,0.1119,0.2402,83,83,83,83.0,1,1,0.352,87.0,0.1118,-4.0,False,False,False
Q05_MSLN_MUC1_LUNG,MSLN,MUC1,lung,P30_team_baseline,0.3,ACH-000481,NCIH2170,lung,Lung Cancer,True,-0.5987714606006834,0.17393715726219264,0.0729,0.3709,0.1781,0.9255,0.0522,0.238,84,84,84,84.0,1,1,0.2902,99.0,0.0522,-15.0,False,False,False
Q05_MSLN_MUC1_LUNG,MSLN,MUC1,lung,P30_team_baseline,0.3,ACH-000343,NCIH522,lung,Lung Cancer,True,-0.0020002351298243812,0.321916747153216,0.2176,0.2104,0.2151,0.9982,0.0966,0.236,85,85,85,85.0,1,1,0.3326,91.0,0.0966,-6.0,False,False,False
Q05_MSLN_MUC1_LUNG,MSLN,MUC1,lung,P30_team_baseline,0.3,ACH-000861,HOP62,lung,Lung Cancer,True,-0.7772425743268075,0.12968220479569564,0.2177,,0.2177,0.5875,0.0389,0.2342,86,86,86,86.0,1,1,0.2731,111.0,0.0389,-25.0,False,False,False
Q05_MSLN_MUC1_LUNG,MSLN,MUC1,lung,P30_team_baseline,0.3,ACH-000901,HCC1359,lung,Lung Cancer,True,0.07359234556964936,0.340661215072034,0.3045,,0.3045,0.5,0.1022,0.2317,87,87,87,87.0,1,1,0.3339,90.0,0.1022,-3.0,False,False,False
Q05_MSLN_MUC1_LUNG,MSLN,MUC1,lung,P30_team_baseline,0.3,ACH-000951,NCIH2342,lung,Lung Cancer,True,1.0522010298965052,0.5833239065518756,0.3735,,0.3735,0.5875,0.175,0.2306,88,88,88,88.0,1,1,0.4056,75.0,0.175,13.0,False,False,False
Q05_MSLN_MUC1_LUNG,MSLN,MUC1,lung,P30_team_baseline,0.3,ACH-000392,CALU3,lung,Lung Cancer,True,0.3466414367858648,0.40836838796129593,0.311,,0.311,0.5875,0.1225,0.2299,89,89,89,89.0,1,1,0.3524,86.0,0.1225,3.0,False,False,False
Q05_MSLN_MUC1_LUNG,MSLN,MUC1,lung,P30_team_baseline,0.3,ACH-000150,HCC2935,lung,Lung Cancer,True,1.7323728057661476,0.7519840834382922,0.4313,,0.4313,0.5875,0.2256,0.2291,90,90,90,90.0,1,1,0.4547,68.0,0.2256,22.0,False,False,False
Q05_MSLN_MUC1_LUNG,MSLN,MUC1,lung,P30_team_baseline,0.3,ACH-000853,NCIH661,lung,Lung Cancer,True,-0.4919447071720413,0.20042667030680553,0.1742,0.1473,0.1647,0.9933,0.0601,0.2289,91,91,91,91.0,1,1,0.289,101.0,0.0601,-10.0,False,False,False
Q05_MSLN_MUC1_LUNG,MSLN,MUC1,lung,P30_team_baseline,0.3,ACH-000454,HCC95,lung,Lung Cancer,True,-1.1456296640346284,0.03833435133124787,0.0783,0.1684,0.1101,0.9775,0.0115,0.2287,92,92,92,92.0,1,1,0.2402,129.5,0.0115,-37.5,False,False,False
Q05_MSLN_MUC1_LUNG,MSLN,MUC1,lung,P30_team_baseline,0.3,ACH-000945,NCIH650,lung,Lung Cancer,True,-0.8495002118082545,0.11176469285037331,0.1079,0.1686,0.1293,0.9848,0.0335,0.2241,93,93,93,93.0,1,1,0.2576,120.0,0.0335,-27.0,False,False,False
Q05_MSLN_MUC1_LUNG,MSLN,MUC1,lung,P30_team_baseline,0.3,ACH-000769,LK2,lung,Lung Cancer,True,-0.9692123532954279,0.08208002836563584,0.0851,0.176,0.1172,0.9773,0.0246,0.2216,94,94,94,94.0,1,1,0.2462,127.0,0.0246,-33.0,False,False,False
Q05_MSLN_MUC1_LUNG,MSLN,MUC1,lung,P30_team_baseline,0.3,ACH-000563,EBC1,lung,Lung Cancer,True,-0.7275278379188342,0.14200982045676852,0.0992,0.2042,0.1363,0.9737,0.0426,0.2193,95,95,95,95.0,1,1,0.2619,117.0,0.0426,-22.0,False,False,False
Q05_MSLN_MUC1_LUNG,MSLN,MUC1,lung,P30_team_baseline,0.3,ACH-000511,CALU1,lung,Lung Cancer,True,-0.1389224219989533,0.28796455878507027,0.1813,0.1562,0.1724,0.9937,0.0864,0.2092,96,96,96,96.0,1,1,0.2956,98.0,0.0864,-2.0,False,False,False
Q05_MSLN_MUC1_LUNG,MSLN,MUC1,lung,P30_team_baseline,0.3,ACH-000463,NCIH460,lung,Lung Cancer,True,-0.24705466254037747,0.261151327975069,0.1562,0.1625,0.1584,0.9984,0.0783,0.2061,97,97,97,97.0,1,1,0.2844,105.0,0.0783,-8.0,False,False,False
Q05_MSLN_MUC1_LUNG,MSLN,MUC1,lung,P30_team_baseline,0.3,ACH-000129,NCIH1341,lung,Lung Cancer,True,-0.3178450349919423,0.24359764938517045,0.2392,,0.2392,0.5,0.0731,0.2052,98,98,98,98.0,1,1,0.2783,108.0,0.0731,-10.0,False,False,False
Q05_MSLN_MUC1_LUNG,MSLN,MUC1,lung,P30_team_baseline,0.3,ACH-000442,RERFLCSQ1,lung,Lung Cancer,True,-0.5594143808667806,0.18369641553362825,0.1167,0.1514,0.1289,0.9913,0.0551,0.2032,99,99,99,99.0,1,1,0.2583,119.0,0.0551,-20.0,False,False,False
Q05_MSLN_MUC1_LUNG,MSLN,MUC1,lung,P30_team_baseline,0.3,ACH-000667,HCC44,lung,Lung Cancer,True,0.07246017382988255,0.3403804738053874,0.2617,0.1014,0.2051,0.8724,0.1021,0.2031,100,100,100,100.0,1,1,0.3052,95.5,0.1021,4.5,False,False,False
Q05_MSLN_MUC1_LUNG,MSLN,MUC1,lung,P30_team_baseline,0.3,ACH-000700,NCIH2882,lung,Lung Cancer,True,-0.2782348672889444,0.25341966512927655,0.2356,,0.2356,0.5,0.076,0.1992,101,101,101,101.0,1,1,0.2752,110.0,0.076,-9.0,False,False,False
Q05_MSLN_MUC1_LUNG,MSLN,MUC1,lung,P30_team_baseline,0.3,ACH-000309,SKLU1,lung,Lung Cancer,True,-0.8027349326558469,0.12336094034815155,0.103,0.1961,0.1359,0.8017,0.037,0.1988,102,102,102,102.0,1,1,0.2358,133.0,0.037,-31.0,False,False,False
Q05_MSLN_MUC1_LUNG,MSLN,MUC1,lung,P30_team_baseline,0.3,ACH-000775,NCIH727,lung,Lung Cancer,True,-1.1057612653363167,0.04822039984897431,0.1333,,0.1333,0.5875,0.0145,0.1869,103,103,103,103.0,1,1,0.2014,148.0,0.0145,-45.0,False,False,False
Q05_MSLN_MUC1_LUNG,MSLN,MUC1,lung,P30_team_baseline,0.3,ACH-000749,DMS273,lung,Lung Cancer,True,-1.0058611946913518,0.07299232391830603,0.0677,0.117,0.0851,0.9002,0.0219,0.1855,104,104,104,104.0,1,1,0.2074,143.0,0.0219,-39.0,False,False,False
Q05_MSLN_MUC1_LUNG,MSLN,MUC1,lung,P30_team_baseline,0.3,ACH-000510,NCIH1299,lung,Lung Cancer,True,-0.4495784062241572,0.2109321162329575,0.0955,0.1619,0.1189,0.9834,0.0633,0.1853,105,105,105,105.0,1,1,0.2486,125.0,0.0633,-20.0,False,False,False
Q05_MSLN_MUC1_LUNG,MSLN,MUC1,lung,P30_team_baseline,0.3,ACH-000523,NCIH1184,lung,Lung Cancer,True,0.2926886862848716,0.39498988452167333,0.2507,,0.2507,0.5875,0.1185,0.1827,106,106,106,106.0,1,1,0.3012,97.0,0.1185,9.0,False,False,False
Q05_MSLN_MUC1_LUNG,MSLN,MUC1,lung,P30_team_baseline,0.3,ACH-000414,NCIH1944,lung,Lung Cancer,True,1.2851770323205338,0.6410942745282405,0.3506,0.1721,0.2876,0.8679,0.1923,0.1823,107,107,107,107.0,1,1,0.3747,79.0,0.1924,28.0,False,False,False
Q05_MSLN_MUC1_LUNG,MSLN,MUC1,lung,P30_team_baseline,0.3,ACH-000314,HCC2108,lung,Lung Cancer,True,-0.6929900190998985,0.15057406090003725,0.1793,,0.1793,0.5,0.0452,0.1822,108,108,108,108.0,1,1,0.2274,135.0,0.0452,-27.0,False,False,False
Q05_MSLN_MUC1_LUNG,MSLN,MUC1,lung,P30_team_baseline,0.3,ACH-000282,NCIH1755,lung,Lung Cancer,True,-0.10370148669198521,0.29669818959676214,0.2147,,0.2147,0.5875,0.089,0.1816,109,109,109,109.0,1,1,0.2706,113.0,0.089,-4.0,False,False,False
Q05_MSLN_MUC1_LUNG,MSLN,MUC1,lung,P30_team_baseline,0.3,ACH-000677,SW1573,lung,Lung Cancer,True,-0.08386712755137166,0.301616456775384,0.1537,0.1278,0.1446,0.9935,0.0905,0.1814,110,110,111,110.5,2,1,0.2719,112.0,0.0905,-1.5,False,False,False
Q05_MSLN_MUC1_LUNG,MSLN,MUC1,lung,P30_team_baseline,0.3,ACH-000434,NCIH1915,lung,Lung Cancer,True,-1.2669402259621099,0.008253331273160495,0.1281,,0.1281,0.5,0.0025,0.1814,111,110,111,110.5,2,1,0.1839,158.0,0.0025,-47.5,False,False,False
Q05_MSLN_MUC1_LUNG,MSLN,MUC1,lung,P30_team_baseline,0.3,ACH-001363,NCIH2135,lung,Lung Cancer,True,-1.1940528611181738,0.02632699484387456,0.1338,,0.1338,0.5,0.0079,0.1808,112,112,112,112.0,1,1,0.1887,155.0,0.0079,-43.0,False,False,False
Q05_MSLN_MUC1_LUNG,MSLN,MUC1,lung,P30_team_baseline,0.3,ACH-000675,NCIH1734,lung,Lung Cancer,True,1.0705218865979738,0.5878668750219059,0.3152,,0.3152,0.5875,0.1764,0.1797,113,113,113,113.0,1,1,0.356,85.0,0.1763,28.0,False,False,False
Q05_MSLN_MUC1_LUNG,MSLN,MUC1,lung,P30_team_baseline,0.3,ACH-000843,HARA,lung,Lung Cancer,True,-1.0367487224936338,0.06533323530637955,0.1294,,0.1294,0.5875,0.0196,0.1785,114,114,114,114.0,1,1,0.1981,151.0,0.0196,-37.0,False,False,False
Q05_MSLN_MUC1_LUNG,MSLN,MUC1,lung,P30_team_baseline,0.3,ACH-000530,DMS114,lung,Lung Cancer,True,-0.06930541864305033,0.30522728052223214,0.1183,0.1911,0.144,0.9818,0.0916,0.1781,115,115,115,115.0,1,1,0.2697,114.0,0.0916,1.0,False,False,False
Q05_MSLN_MUC1_LUNG,MSLN,MUC1,lung,P30_team_baseline,0.3,ACH-000980,NCIH1155,lung,Lung Cancer,True,-0.4625426503926499,0.20771741107724734,0.1046,0.1084,0.106,0.9991,0.0623,0.1776,116,116,116,116.0,1,1,0.2399,131.0,0.0623,-15.0,False,False,False
Q05_MSLN_MUC1_LUNG,MSLN,MUC1,lung,P30_team_baseline,0.3,ACH-000395,NCIH520,lung,Lung Cancer,True,-0.6481721473651464,0.1616874155592943,0.1095,0.0571,0.091,0.9869,0.0485,0.1769,117,117,117,117.0,1,1,0.2254,137.0,0.0485,-20.0,False,False,False
Q05_MSLN_MUC1_LUNG,MSLN,MUC1,lung,P30_team_baseline,0.3,ACH-000438,LU65,lung,Lung Cancer,True,2.2629348789322674,0.883545986304682,0.4378,0.2241,0.3624,0.8591,0.2651,0.1718,118,118,118,118.0,1,1,0.4369,72.0,0.2651,46.0,False,False,False
Q05_MSLN_MUC1_LUNG,MSLN,MUC1,lung,P30_team_baseline,0.3,ACH-000251,NCIH2887,lung,Lung Cancer,True,-1.099879711600908,0.049678831275524866,0.1276,,0.1276,0.5,0.0149,0.1685,119,119,119,119.0,1,1,0.1834,160.0,0.0149,-41.0,False,False,False
Q05_MSLN_MUC1_LUNG,MSLN,MUC1,lung,P30_team_baseline,0.3,ACH-000747,NCIH1703,lung,Lung Cancer,True,-0.201444141495514,0.27246123353160695,0.1265,0.0751,0.1083,0.9872,0.0817,0.1584,120,120,120,120.0,1,1,0.2402,129.5,0.0818,-9.5,False,False,False
Q05_MSLN_MUC1_LUNG,MSLN,MUC1,lung,P30_team_baseline,0.3,ACH-000757,A427,lung,Lung Cancer,True,0.49636083345099946,0.4454938624674724,0.236,,0.236,0.5875,0.1336,0.1551,121,121,121,121.0,1,1,0.2887,102.0,0.1336,19.0,False,False,False
Q05_MSLN_MUC1_LUNG,MSLN,MUC1,lung,P30_team_baseline,0.3,ACH-000752,NCIH196,lung,Lung Cancer,True,0.10138147482917648,0.34755200299165734,0.0923,0.2074,0.1329,0.9712,0.1043,0.1544,122,122,122,122.0,1,1,0.2586,118.0,0.1042,4.0,False,False,False
Q05_MSLN_MUC1_LUNG,MSLN,MUC1,lung,P30_team_baseline,0.3,ACH-000825,HOP92,lung,Lung Cancer,True,-0.5674562049901203,0.18170230826947759,0.1416,,0.1416,0.5875,0.0545,0.154,123,123,123,123.0,1,1,0.2085,142.0,0.0545,-19.0,False,False,False
Q05_MSLN_MUC1_LUNG,MSLN,MUC1,lung,P30_team_baseline,0.3,ACH-000890,SW1271,lung,Lung Cancer,True,-0.6697247599736476,0.15634307816707224,0.0853,0.0594,0.0762,0.906,0.0469,0.1537,124,124,124,124.0,1,1,0.2006,149.0,0.0469,-25.0,False,False,False
Q05_MSLN_MUC1_LUNG,MSLN,MUC1,lung,P30_team_baseline,0.3,ACH-000496,NCIH1792,lung,Lung Cancer,True,-0.6996822795625924,0.14891460093205375,0.0833,0.0516,0.0721,0.9046,0.0447,0.1523,125,125,125,125.0,1,1,0.197,152.0,0.0447,-27.0,False,False,False
Q05_MSLN_MUC1_LUNG,MSLN,MUC1,lung,P30_team_baseline,0.3,ACH-000015,NCIH1581,lung,Lung Cancer,True,-0.37497430563302875,0.22943147367257474,0.111,0.0361,0.0846,0.9813,0.0688,0.1502,126,126,126,126.0,1,1,0.2191,138.0,0.0689,-12.0,False,False,False
Q05_MSLN_MUC1_LUNG,MSLN,MUC1,lung,P30_team_baseline,0.3,ACH-000690,HCC2814,lung,Lung Cancer,True,-1.2331705514285645,0.016627097257411023,0.0931,,0.0931,0.5,0.005,0.1491,127,127,127,127.0,1,1,0.1541,179.0,0.005,-52.0,False,False,False
Q05_MSLN_MUC1_LUNG,MSLN,MUC1,lung,P30_team_baseline,0.3,ACH-000327,NCIH1395,lung,Lung Cancer,True,0.03883511812721268,0.3320425685234799,0.188,,0.188,0.5875,0.0996,0.1483,128,128,128,128.0,1,1,0.2479,126.0,0.0996,2.0,False,False,False
Q05_MSLN_MUC1_LUNG,MSLN,MUC1,lung,P30_team_baseline,0.3,ACH-000727,NCIH2066,lung,Lung Cancer,True,-0.5659615158528059,0.18207294189944162,0.0715,0.089,0.0776,0.9081,0.0546,0.1476,129,129,129,129.0,1,1,0.2022,147.0,0.0546,-18.0,False,False,False
Q05_MSLN_MUC1_LUNG,MSLN,MUC1,lung,P30_team_baseline,0.3,ACH-000355,NCIH82,lung,Lung Cancer,True,-1.1859579559004823,0.028334264469476154,0.0791,,0.0791,0.5875,0.0085,0.1469,130,130,130,130.0,1,1,0.1554,177.0,0.0085,-47.0,False,False,False
Q05_MSLN_MUC1_LUNG,MSLN,MUC1,lung,P30_team_baseline,0.3,ACH-000337,NCIH3122,lung,Lung Cancer,True,1.1137497758877595,0.5985859664524786,0.279,,0.279,0.5875,0.1796,0.1457,131,131,131,131.0,1,1,0.3253,93.0,0.1796,38.0,False,False,False
Q05_MSLN_MUC1_LUNG,MSLN,MUC1,lung,P30_team_baseline,0.3,ACH-000860,NCIH358,lung,Lung Cancer,True,0.5997308128147568,0.47112620950502127,0.1267,0.2333,0.1643,0.9733,0.1413,0.1443,132,132,132,132.0,1,1,0.2857,104.0,0.1414,28.0,False,False,False
Q05_MSLN_MUC1_LUNG,MSLN,MUC1,lung,P30_team_baseline,0.3,ACH-000670,SBC5,lung,Lung Cancer,True,0.0904302864587773,0.3448364693085573,0.1046,0.1816,0.1318,0.8932,0.1035,0.1425,133,133,133,133.0,1,1,0.246,128.0,0.1035,5.0,False,False,False
Q05_MSLN_MUC1_LUNG,MSLN,MUC1,lung,P30_team_baseline,0.3,ACH-000766,NCIH1648,lung,Lung Cancer,True,0.999478754345698,0.5702505203342773,0.2793,,0.2793,0.5,0.1711,0.1414,134,134,134,134.0,1,1,0.3124,94.0,0.171,40.0,False,False,False
Q05_MSLN_MUC1_LUNG,MSLN,MUC1,lung,P30_team_baseline,0.3,ACH-000562,HCC78,lung,Lung Cancer,True,1.8558101950072348,0.7825924865540799,0.3521,,0.3521,0.5,0.2348,0.1395,135,135,135,135.0,1,1,0.3743,80.0,0.2348,55.0,False,False,False
Q05_MSLN_MUC1_LUNG,MSLN,MUC1,lung,P30_team_baseline,0.3,ACH-000448,NCIH1666,lung,Lung Cancer,True,-0.1031116368726311,0.29684445290611733,0.1115,0.0579,0.0925,0.9866,0.0891,0.1376,136,136,136,136.0,1,1,0.2267,136.0,0.0891,0.0,False,False,False
Q05_MSLN_MUC1_LUNG,MSLN,MUC1,lung,P30_team_baseline,0.3,ACH-000921,NCIH157DM,lung,Lung Cancer,True,-0.6783566273391652,0.1542026596310827,0.1277,,0.1277,0.5,0.0463,0.1373,137,137,137,137.0,1,1,0.1836,159.0,0.0463,-22.0,False,False,False
Q05_MSLN_MUC1_LUNG,MSLN,MUC1,lung,P30_team_baseline,0.3,ACH-000866,NCIH1048,lung,Lung Cancer,True,-0.5190255579607811,0.19371151209780205,0.085,0.0397,0.069,0.9012,0.0581,0.1357,138,138,138,138.0,1,1,0.1938,153.0,0.0581,-15.0,False,False,False
Q05_MSLN_MUC1_LUNG,MSLN,MUC1,lung,P30_team_baseline,0.3,ACH-000731,HCC2279,lung,Lung Cancer,True,-0.5779046405844149,0.17911144070037427,0.1329,,0.1329,0.5,0.0537,0.1343,139,139,139,139.0,1,1,0.188,156.0,0.0537,-17.0,False,False,False
Q05_MSLN_MUC1_LUNG,MSLN,MUC1,lung,P30_team_baseline,0.3,ACH-000176,LOUNH91,lung,Lung Cancer,True,-1.0874594684266898,0.05275864211898072,0.082,,0.082,0.5,0.0158,0.1288,140,140,140,140.0,1,1,0.1447,188.0,0.0159,-48.0,False,False,False
Q05_MSLN_MUC1_LUNG,MSLN,MUC1,lung,P30_team_baseline,0.3,ACH-000444,LU99,lung,Lung Cancer,True,-1.144325918676285,0.03865763719895664,0.0735,,0.0735,0.5,0.0116,0.1259,141,141,141,141.0,1,1,0.1375,199.0,0.0116,-58.0,False,False,False
Q05_MSLN_MUC1_LUNG,MSLN,MUC1,lung,P30_team_baseline,0.3,ACH-000021,NCIH1693,lung,Lung Cancer,True,0.38952942475722335,0.41900319507057854,0.0903,0.2281,0.139,0.8781,0.1257,0.1241,142,142,142,142.0,1,1,0.2498,124.0,0.1257,18.0,False,False,False
Q05_MSLN_MUC1_LUNG,MSLN,MUC1,lung,P30_team_baseline,0.3,ACH-000705,LC1F,lung,Lung Cancer,True,-0.8529594344430379,0.11090691967869752,0.0956,,0.0956,0.5,0.0333,0.123,143,143,143,143.0,1,1,0.1562,176.0,0.0332,-33.0,False,False,False
Q05_MSLN_MUC1_LUNG,MSLN,MUC1,lung,P30_team_baseline,0.3,ACH-000339,HCC461,lung,Lung Cancer,True,-0.03505596234685509,0.3137200165664384,0.1618,,0.1618,0.5,0.0941,0.1185,144,144,144,144.0,1,1,0.2126,140.0,0.0941,4.0,False,False,False
Q05_MSLN_MUC1_LUNG,MSLN,MUC1,lung,P30_team_baseline,0.3,ACH-000012,HCC827,lung,Lung Cancer,True,0.7162418749040604,0.5000171118305131,0.1348,0.1492,0.1399,0.9964,0.15,0.1184,145,145,145,145.0,1,1,0.2684,115.0,0.15,30.0,False,False,False
Q05_MSLN_MUC1_LUNG,MSLN,MUC1,lung,P30_team_baseline,0.3,ACH-000029,HCC827GR5,lung,Lung Cancer,True,0.8785146427876953,0.5402554085462353,0.2394,,0.2394,0.5,0.1621,0.1164,146,146,146,146.0,1,1,0.2785,107.0,0.1621,39.0,False,False,False
Q05_MSLN_MUC1_LUNG,MSLN,MUC1,lung,P30_team_baseline,0.3,ACH-000800,NCIH446,lung,Lung Cancer,True,-1.1372411169745236,0.040414434453145104,0.0623,,0.0623,0.5,0.0121,0.1158,147,147,147,147.0,1,1,0.1279,220.5,0.0121,-73.5,False,False,False
Q05_MSLN_MUC1_LUNG,MSLN,MUC1,lung,P30_team_baseline,0.3,ACH-001362,NCIH1770,lung,Lung Cancer,True,-0.5834763264383852,0.17772984629286642,0.1103,,0.1103,0.5,0.0533,0.1155,148,148,148,148.0,1,1,0.1688,168.0,0.0533,-20.0,False,False,False
Q05_MSLN_MUC1_LUNG,MSLN,MUC1,lung,P30_team_baseline,0.3,ACH-002128,H2722,lung,Lung Cancer,True,0.9707103033928699,0.5631168929204545,0.2597,,0.2597,0.4125,0.1689,0.1137,149,149,149,149.0,1,1,0.2826,106.0,0.1689,43.0,False,False,False
Q05_MSLN_MUC1_LUNG,MSLN,MUC1,lung,P30_team_baseline,0.3,ACH-000816,NCIH524,lung,Lung Cancer,True,-0.9600027597309388,0.08436370395281048,0.0742,,0.0742,0.5,0.0253,0.1128,150,150,150,150.0,1,1,0.1381,196.5,0.0253,-46.5,False,False,False
Q05_MSLN_MUC1_LUNG,MSLN,MUC1,lung,P30_team_baseline,0.3,ACH-000521,NCIH2030,lung,Lung Cancer,True,0.7734054854712152,0.514191802712674,0.1278,0.1439,0.1335,0.996,0.1543,0.1086,151,151,151,151.0,1,1,0.2628,116.0,0.1542,35.0,False,False,False
Q05_MSLN_MUC1_LUNG,MSLN,MUC1,lung,P30_team_baseline,0.3,ACH-000648,NCIH28,lung,Lung Cancer,True,-0.7880675869267035,0.12699795854398693,0.084,,0.084,0.5,0.0381,0.1083,152,152,152,152.0,1,1,0.1464,185.5,0.0381,-33.5,False,False,False
Q05_MSLN_MUC1_LUNG,MSLN,MUC1,lung,P30_team_baseline,0.3,ACH-000143,HCC2429,lung,Lung Cancer,True,-0.9652463181122719,0.08306347434099051,0.0682,,0.0682,0.5,0.0249,0.1081,153,153,153,153.0,1,1,0.133,210.0,0.0249,-57.0,False,False,False
Q05_MSLN_MUC1_LUNG,MSLN,MUC1,lung,P30_team_baseline,0.3,ACH-000710,NCIH854,lung,Lung Cancer,True,-0.8951961177605641,0.10043361465171151,0.0728,,0.0728,0.5,0.0301,0.1068,154,154,154,154.0,1,1,0.1369,202.5,0.0301,-48.5,False,False,False
Q05_MSLN_MUC1_LUNG,MSLN,MUC1,lung,P30_team_baseline,0.3,ACH-002133,H2810,lung,Lung Cancer,True,-0.6990560626448102,0.14906988208288857,0.103,,0.103,0.4125,0.0447,0.1047,155,155,155,155.0,1,1,0.1495,183.0,0.0448,-28.0,False,False,False
Q05_MSLN_MUC1_LUNG,MSLN,MUC1,lung,P30_team_baseline,0.3,ACH-000587,NCIH1975,lung,Lung Cancer,True,0.7552419241939804,0.5096878383222244,0.1171,0.147,0.1277,0.9925,0.1529,0.1045,156,156,156,156.0,1,1,0.2574,121.0,0.1529,35.0,False,False,False
Q05_MSLN_MUC1_LUNG,MSLN,MUC1,lung,P30_team_baseline,0.3,ACH-000506,NCIH146,lung,Lung Cancer,True,-0.7534939258662176,0.1355710866815328,0.0667,,0.0667,0.5875,0.0407,0.1042,157,157,157,157.0,1,1,0.1448,187.0,0.0406,-30.0,False,False,False
Q05_MSLN_MUC1_LUNG,MSLN,MUC1,lung,P30_team_baseline,0.3,ACH-000390,LUDLU1,lung,Lung Cancer,True,0.7223252781593708,0.5015255952835352,0.0945,0.1842,0.1261,0.9776,0.1505,0.1034,158,158,158,158.0,1,1,0.2539,122.0,0.1505,36.0,False,False,False
Q05_MSLN_MUC1_LUNG,MSLN,MUC1,lung,P30_team_baseline,0.3,ACH-000585,EPLC272H,lung,Lung Cancer,True,-0.3645534191807533,0.23201550996268228,0.1126,,0.1126,0.5,0.0696,0.1011,159,159,159,159.0,1,1,0.1707,165.0,0.0696,-6.0,False,False,False
Q05_MSLN_MUC1_LUNG,MSLN,MUC1,lung,P30_team_baseline,0.3,ACH-000297,NCIH889,lung,Lung Cancer,True,-0.4406938958005897,0.2131351819183459,0.089,,0.089,0.5875,0.0639,0.0999,160,160,160,160.0,1,1,0.1638,171.0,0.0639,-11.0,False,False,False
Q05_MSLN_MUC1_LUNG,MSLN,MUC1,lung,P30_team_baseline,0.3,ACH-000893,NCIH1651,lung,Lung Cancer,True,1.479798695698611,0.689354030865978,0.2554,,0.2554,0.5875,0.2068,0.0984,161,161,161,161.0,1,1,0.3052,95.5,0.2068,65.5,False,False,False
Q05_MSLN_MUC1_LUNG,MSLN,MUC1,lung,P30_team_baseline,0.3,ACH-001113,LC1SQSF,lung,Lung Cancer,True,-0.9364362910804367,0.0902074112517497,0.072,,0.072,0.4125,0.0271,0.096,162,162,162,162.0,1,1,0.1231,225.0,0.0271,-63.0,False,False,False
Q05_MSLN_MUC1_LUNG,MSLN,MUC1,lung,P30_team_baseline,0.3,ACH-000665,SKMES1,lung,Lung Cancer,True,-0.16887637648745502,0.2805369655774294,0.1077,,0.1077,0.5875,0.0842,0.0955,163,163,163,163.0,1,1,0.1797,163.0,0.0842,0.0,False,False,False
Q05_MSLN_MUC1_LUNG,MSLN,MUC1,lung,P30_team_baseline,0.3,ACH-000639,NCIH211,lung,Lung Cancer,True,-0.8019248165449762,0.12356182243618484,0.063,,0.063,0.5,0.0371,0.0915,164,164,164,164.0,1,1,0.1286,217.0,0.0371,-53.0,False,False,False
Q05_MSLN_MUC1_LUNG,MSLN,MUC1,lung,P30_team_baseline,0.3,ACH-000559,NCIH1836,lung,Lung Cancer,True,-0.3851000842804786,0.22692061438911207,0.0986,,0.0986,0.5,0.0681,0.0907,165,165,165,165.0,1,1,0.1588,174.0,0.0681,-9.0,False,False,False
Q05_MSLN_MUC1_LUNG,MSLN,MUC1,lung,P30_team_baseline,0.3,ACH-000672,IALM,lung,Lung Cancer,True,0.2567766488853586,0.3860848831749043,0.0918,0.0622,0.0813,0.9051,0.1158,0.0891,166,166,166,166.0,1,1,0.2049,144.0,0.1158,22.0,False,False,False
Q05_MSLN_MUC1_LUNG,MSLN,MUC1,lung,P30_team_baseline,0.3,ACH-000610,NCIH2227,lung,Lung Cancer,True,-0.36502414597181243,0.23189878523716173,0.0927,,0.0927,0.5,0.0696,0.0843,167,167,167,167.0,1,1,0.1538,180.0,0.0695,-13.0,False,False,False
Q05_MSLN_MUC1_LUNG,MSLN,MUC1,lung,P30_team_baseline,0.3,ACH-000064,SALE,lung,Non-Cancerous,True,0.12055509427521965,0.35230642850892885,0.132,,0.132,0.5,0.1057,0.0815,168,168,168,168.0,1,1,0.1872,157.0,0.1057,11.0,False,False,False
Q05_MSLN_MUC1_LUNG,MSLN,MUC1,lung,P30_team_baseline,0.3,ACH-000382,CORL24,lung,Lung Cancer,True,-0.5393921621287209,0.1886612656991648,0.0735,,0.0735,0.5,0.0566,0.0809,169,169,169,169.0,1,1,0.1375,199.0,0.0566,-30.0,False,False,False
Q05_MSLN_MUC1_LUNG,MSLN,MUC1,lung,P30_team_baseline,0.3,ACH-000779,PC9,lung,Lung Cancer,True,-0.08975645099988883,0.30015609871613014,0.0957,,0.0957,0.5875,0.09,0.0794,170,170,170,170.0,1,1,0.1695,167.0,0.0901,3.0,False,False,False
Q05_MSLN_MUC1_LUNG,MSLN,MUC1,lung,P30_team_baseline,0.3,ACH-002156,LC1SQ,lung,Lung Cancer,True,-1.3002242120964689,0.0,0.0194,,0.0194,0.4125,0.0,0.0783,171,171,171,171.0,1,1,0.0783,234.0,0.0,-63.0,False,False,False
Q05_MSLN_MUC1_LUNG,MSLN,MUC1,lung,P30_team_baseline,0.3,ACH-000729,NCIH1963,lung,Lung Cancer,True,0.5286911564585922,0.4535107167250366,0.1482,,0.1482,0.5875,0.1361,0.0781,172,172,172,172.0,1,1,0.2141,139.0,0.136,33.0,False,False,False
Q05_MSLN_MUC1_LUNG,MSLN,MUC1,lung,P30_team_baseline,0.3,ACH-000508,CORL88,lung,Lung Cancer,True,0.4125711126931538,0.4247167740529861,0.0821,0.0751,0.0797,0.9107,0.1274,0.0769,173,173,173,173.0,1,1,0.2043,145.0,0.1274,28.0,False,False,False
Q05_MSLN_MUC1_LUNG,MSLN,MUC1,lung,P30_team_baseline,0.3,ACH-000900,NCIH23,lung,Lung Cancer,True,0.28102192436941675,0.3920969121900348,0.12,,0.12,0.5875,0.1176,0.0725,174,174,174,174.0,1,1,0.1901,154.0,0.1176,20.0,False,False,False
Q05_MSLN_MUC1_LUNG,MSLN,MUC1,lung,P30_team_baseline,0.3,ACH-001234,VMRCLCP,lung,Lung Cancer,True,-0.09991110515077373,0.29763807925976726,0.1175,,0.1175,0.4125,0.0893,0.0724,175,175,175,175.0,1,1,0.1617,173.0,0.0893,2.0,False,False,False
Q05_MSLN_MUC1_LUNG,MSLN,MUC1,lung,P30_team_baseline,0.3,ACH-001233,VMRCLCD,lung,Lung Cancer,True,0.06557595599559328,0.3386734147375934,0.112,,0.112,0.5,0.1016,0.0686,176,176,176,176.0,1,1,0.1702,166.0,0.1016,10.0,False,False,False
Q05_MSLN_MUC1_LUNG,MSLN,MUC1,lung,P30_team_baseline,0.3,ACH-001364,NCIH345,lung,Lung Cancer,True,-0.7938777237571664,0.12555723615542966,0.0358,,0.0358,0.5,0.0377,0.0678,177,177,177,177.0,1,1,0.1054,233.0,0.0376,-56.0,False,False,False
Q05_MSLN_MUC1_LUNG,MSLN,MUC1,lung,P30_team_baseline,0.3,ACH-000431,NCIH1694,lung,Lung Cancer,True,-0.37727891133014635,0.22886000743666352,0.0714,,0.0714,0.5,0.0687,0.067,178,178,178,178.0,1,1,0.1357,204.5,0.0687,-26.5,False,False,False
Q05_MSLN_MUC1_LUNG,MSLN,MUC1,lung,P30_team_baseline,0.3,ACH-000525,NCIH2171,lung,Lung Cancer,True,-0.1367890075241806,0.2884935752415781,0.0911,,0.0911,0.5,0.0865,0.0659,179,179,179,179.0,1,1,0.1525,181.5,0.0866,-2.5,False,False,False
Q05_MSLN_MUC1_LUNG,MSLN,MUC1,lung,P30_team_baseline,0.3,ACH-000186,NCIH2444,lung,Lung Cancer,True,1.1962196067373638,0.6190357656831261,0.1923,,0.1923,0.5875,0.1857,0.0658,180,180,181,180.5,2,1,0.2516,123.0,0.1858,57.5,False,False,False
Q05_MSLN_MUC1_LUNG,MSLN,MUC1,lung,P30_team_baseline,0.3,ACH-000179,NCIH1618,lung,Lung Cancer,True,0.6637786101364762,0.48700795174822903,0.1611,,0.1611,0.5,0.1461,0.0658,181,180,181,180.5,2,1,0.2119,141.0,0.1461,39.5,False,False,False
Q05_MSLN_MUC1_LUNG,MSLN,MUC1,lung,P30_team_baseline,0.3,ACH-000845,NCIH1373,lung,Lung Cancer,True,0.6370488993202483,0.48037986467621885,0.1516,,0.1516,0.5,0.1441,0.0598,182,182,182,182.0,1,1,0.2039,146.0,0.1441,36.0,False,False,False
Q05_MSLN_MUC1_LUNG,MSLN,MUC1,lung,P30_team_baseline,0.3,ACH-000109,NCIH3255,lung,Lung Cancer,True,2.6278318576514486,0.9740284073040079,0.3138,0.1203,0.2455,0.9516,0.2922,0.0592,183,183,183,183.0,1,1,0.3514,88.0,0.2922,95.0,False,False,False
Q05_MSLN_MUC1_LUNG,MSLN,MUC1,lung,P30_team_baseline,0.3,ACH-001365,NCIH847,lung,Lung Cancer,True,-0.5961751283240612,0.17458096207233953,0.054,,0.054,0.4125,0.0524,0.0554,184,184,184,184.0,1,1,0.1078,231.0,0.0524,-47.0,False,False,False
Q05_MSLN_MUC1_LUNG,MSLN,MUC1,lung,P30_team_baseline,0.3,ACH-001549,LU135,lung,Lung Cancer,True,-0.42582065613224396,0.21682325502330527,0.0676,,0.0676,0.4125,0.065,0.0542,185,185,185,185.0,1,1,0.1193,228.0,0.0651,-43.0,False,False,False
Q05_MSLN_MUC1_LUNG,MSLN,MUC1,lung,P30_team_baseline,0.3,ACH-000790,SHP77,lung,Lung Cancer,True,-0.18485038001527795,0.27657593932469765,0.0576,,0.0576,0.5875,0.083,0.0541,186,186,186,186.0,1,1,0.1371,201.0,0.083,-15.0,False,False,False
Q05_MSLN_MUC1_LUNG,MSLN,MUC1,lung,P30_team_baseline,0.3,ACH-000870,NCIH1930,lung,Lung Cancer,True,-0.3133411209489228,0.24471447158527668,0.0608,,0.0608,0.5,0.0734,0.0532,187,187,187,187.0,1,1,0.1267,223.5,0.0735,-36.5,False,False,False
Q05_MSLN_MUC1_LUNG,MSLN,MUC1,lung,P30_team_baseline,0.3,ACH-002173,NCIH378,lung,Lung Cancer,True,-1.126354464930915,0.04311396525479925,0.0029,,0.0029,0.4125,0.0129,0.0514,188,188,188,188.0,1,1,0.0644,235.0,0.013,-47.0,False,False,False
Q05_MSLN_MUC1_LUNG,MSLN,MUC1,lung,P30_team_baseline,0.3,ACH-000578,HCC1171,lung,Lung Cancer,True,0.5712265403091961,0.46405808963683093,0.1265,,0.1265,0.5,0.1392,0.0433,189,189,189,189.0,1,1,0.1825,161.0,0.1392,28.0,False,False,False
Q05_MSLN_MUC1_LUNG,MSLN,MUC1,lung,P30_team_baseline,0.3,ACH-000515,HCC33,lung,Lung Cancer,True,0.13139302658276247,0.3549938784222042,0.0852,,0.0852,0.5,0.1065,0.0409,190,190,190,190.0,1,1,0.1474,184.0,0.1065,6.0,False,False,False
Q05_MSLN_MUC1_LUNG,MSLN,MUC1,lung,P30_team_baseline,0.3,ACH-000789,NCIH810,lung,Lung Cancer,True,0.25958201376688167,0.3867805211797945,0.0781,,0.0781,0.5875,0.116,0.0385,191,191,191,191.0,1,1,0.1545,178.0,0.116,13.0,False,False,False
Q05_MSLN_MUC1_LUNG,MSLN,MUC1,lung,P30_team_baseline,0.3,ACH-000257,CORL279,lung,Lung Cancer,True,0.09058615213688201,0.3448751188582333,0.0763,,0.0763,0.5,0.1035,0.0364,192,192,192,192.0,1,1,0.1399,193.0,0.1035,-1.0,False,False,False
Q05_MSLN_MUC1_LUNG,MSLN,MUC1,lung,P30_team_baseline,0.3,ACH-002077,LU165,lung,Lung Cancer,True,-0.16433174345242005,0.28166388474515414,0.0676,,0.0676,0.4125,0.0845,0.0348,193,193,193,193.0,1,1,0.1193,228.0,0.0845,-35.0,False,False,False
Q05_MSLN_MUC1_LUNG,MSLN,MUC1,lung,P30_team_baseline,0.3,ACH-000399,NCIH2196,lung,Lung Cancer,True,0.09967085201135509,0.34712782492771055,0.0742,,0.0742,0.5,0.1041,0.034,194,194,194,194.0,1,1,0.1381,196.5,0.1041,-2.5,False,False,False
Q05_MSLN_MUC1_LUNG,MSLN,MUC1,lung,P30_team_baseline,0.3,ACH-000187,CORL311,lung,Lung Cancer,True,0.02723387401857852,0.3291658424479778,0.063,,0.063,0.5,0.0987,0.0298,195,195,195,195.0,1,1,0.1286,217.0,0.0988,-22.0,False,False,False
Q05_MSLN_MUC1_LUNG,MSLN,MUC1,lung,P30_team_baseline,0.3,ACH-000594,DMS153,lung,Lung Cancer,True,0.5657551417314889,0.46270136316762056,0.1059,,0.1059,0.5,0.1388,0.0262,196,196,196,196.0,1,1,0.165,169.0,0.1388,27.0,False,False,False
Q05_MSLN_MUC1_LUNG,MSLN,MUC1,lung,P30_team_baseline,0.3,ACH-000292,NCIH841,lung,Lung Cancer,True,0.15868549721775918,0.3617615113765126,0.0501,,0.0501,0.5875,0.1085,0.0222,197,197,197,197.0,1,1,0.1307,214.0,0.1085,-17.0,False,False,False
Q05_MSLN_MUC1_LUNG,MSLN,MUC1,lung,P30_team_baseline,0.3,ACH-001386,SCLC22H,lung,Lung Cancer,True,0.3686554633580033,0.4138271408048581,0.0814,,0.0814,0.5,0.1241,0.02,198,198,198,198.0,1,1,0.1442,189.0,0.1242,9.0,False,False,False
Q05_MSLN_MUC1_LUNG,MSLN,MUC1,lung,P30_team_baseline,0.3,ACH-000904,NCIH2106,lung,Lung Cancer,True,1.5277182234334181,0.7012364939595584,0.1827,,0.1827,0.5,0.2104,0.0199,199,199,199,199.0,1,1,0.2303,134.0,0.2104,65.0,False,False,False
Q05_MSLN_MUC1_LUNG,MSLN,MUC1,lung,P30_team_baseline,0.3,ACH-000718,NCIH2291,lung,Lung Cancer,True,1.6373960494698745,0.7284329790183147,0.1299,0.0623,0.1061,0.9831,0.2185,0.0191,200,200,200,200.0,1,1,0.2376,132.0,0.2185,68.0,False,False,False
Q05_MSLN_MUC1_LUNG,MSLN,MUC1,lung,P30_team_baseline,0.3,ACH-000780,NCIH1105,lung,Lung Cancer,True,0.3028734487455324,0.3975153698462664,0.0728,,0.0728,0.5,0.1193,0.0177,201,201,201,201.0,1,1,0.1369,202.5,0.1192,-1.5,False,False,False
Q05_MSLN_MUC1_LUNG,MSLN,MUC1,lung,P30_team_baseline,0.3,ACH-000659,SCLC21H,lung,Lung Cancer,True,0.35580558236574766,0.4106407939465924,0.0735,,0.0735,0.5,0.1232,0.0143,202,202,202,202.0,1,1,0.1375,199.0,0.1232,3.0,False,False,False
Q05_MSLN_MUC1_LUNG,MSLN,MUC1,lung,P30_team_baseline,0.3,ACH-000290,NCIH209,lung,Lung Cancer,True,0.3108300231604543,0.399488337993195,0.0538,,0.0538,0.5875,0.1198,0.014,203,203,203,203.0,1,1,0.1338,208.5,0.1198,-5.5,False,False,False
Q05_MSLN_MUC1_LUNG,MSLN,MUC1,lung,P30_team_baseline,0.3,ACH-000575,HCC364,lung,Lung Cancer,True,0.40577925669862935,0.4230326176765194,0.077,,0.077,0.5,0.1269,0.0135,204,204,204,204.0,1,1,0.1404,192.0,0.1269,12.0,False,False,False
Q05_MSLN_MUC1_LUNG,MSLN,MUC1,lung,P30_team_baseline,0.3,ACH-000447,NCIH2228,lung,Lung Cancer,True,2.4321898274088976,0.9255156336227748,0.2077,0.0968,0.1686,0.9723,0.2777,0.0115,205,205,205,205.0,1,1,0.2891,100.0,0.2776,105.0,False,False,False
Q05_MSLN_MUC1_LUNG,MSLN,MUC1,lung,P30_team_baseline,0.3,ACH-001136,NCIH187,lung,Lung Cancer,True,0.22454184464279298,0.3780917144220566,0.0555,,0.0555,0.5,0.1134,0.0087,206,206,206,206.0,1,1,0.1221,226.0,0.1134,-20.0,False,False,False
Q05_MSLN_MUC1_LUNG,MSLN,MUC1,lung,P30_team_baseline,0.3,ACH-001049,CPCN,lung,Lung Cancer,True,0.0379718651588857,0.33182851024658416,0.054,,0.054,0.4125,0.0995,0.0082,207,207,207,207.0,1,1,0.1078,231.0,0.0996,-24.0,False,False,False
Q05_MSLN_MUC1_LUNG,MSLN,MUC1,lung,P30_team_baseline,0.3,ACH-000394,NCIH2081,lung,Lung Cancer,True,0.48748693147821653,0.443293427328145,0.0707,,0.0707,0.5,0.133,0.0021,208,208,209,208.5,2,2,0.1351,206.5,0.133,2.0,False,False,False
Q05_MSLN_MUC1_LUNG,MSLN,MUC1,lung,P30_team_baseline,0.3,ACH-000868,HCC1195,lung,Lung Cancer,True,0.6388812234776671,0.48083422066020304,0.084,,0.084,0.5,0.1443,0.0021,209,208,209,208.5,2,2,0.1464,185.5,0.1443,23.0,False,False,False
Q05_MSLN_MUC1_LUNG,MSLN,MUC1,lung,P30_team_baseline,0.3,ACH-000358,NCIH69,lung,Lung Cancer,True,0.4540954061300517,0.4350134298752544,0.0514,,0.0514,0.5875,0.1305,0.0013,210,210,210,210.0,1,1,0.1318,213.0,0.1305,-3.0,False,False,False
Q05_MSLN_MUC1_LUNG,MSLN,MUC1,lung,P30_team_baseline,0.3,ACH-000638,NCIH441,lung,Lung Cancer,True,2.484390425953605,0.9384596611412211,0.1709,0.1119,0.1501,0.9852,0.2815,0.0,211,211,236,223.5,26,1,0.2754,109.0,0.2754,114.5,False,False,True
Q05_MSLN_MUC1_LUNG,MSLN,MUC1,lung,P30_team_baseline,0.3,ACH-000712,HCC1833,lung,Lung Cancer,True,2.256383906924849,0.8819215612156867,0.082,0.0596,0.0741,0.9069,0.2646,0.0,212,211,236,223.5,26,1,0.199,150.0,0.199,73.5,False,False,True
Q05_MSLN_MUC1_LUNG,MSLN,MUC1,lung,P30_team_baseline,0.3,ACH-000161,CORL105,lung,Lung Cancer,True,1.4405709643644526,0.6796268467333921,0.084,0.0,0.0543,0.8915,0.2039,0.0,213,211,236,223.5,26,1,0.1799,162.0,0.1799,61.5,False,False,True
Q05_MSLN_MUC1_LUNG,MSLN,MUC1,lung,P30_team_baseline,0.3,ACH-000066,HCC4006,lung,Lung Cancer,True,1.5448581063677935,0.7054866198690439,0.0868,,0.0868,0.5875,0.2116,0.0,214,211,236,223.5,26,3,0.1619,172.0,0.1619,51.5,False,False,True
Q05_MSLN_MUC1_LUNG,MSLN,MUC1,lung,P30_team_baseline,0.3,ACH-000733,NCIH1838,lung,Lung Cancer,True,1.1621188788808021,0.6105799093887515,0.0973,,0.0973,0.5875,0.1832,0.0,215,211,236,223.5,26,3,0.1709,164.0,0.1709,59.5,False,False,True
Q05_MSLN_MUC1_LUNG,MSLN,MUC1,lung,P30_team_baseline,0.3,ACH-000767,NCIH526,lung,Lung Cancer,True,0.744757281717467,0.5070879926399795,0.0527,,0.0527,0.5875,0.1521,0.0,216,211,236,223.5,26,3,0.1329,211.0,0.1329,12.5,False,False,True
Q05_MSLN_MUC1_LUNG,MSLN,MUC1,lung,P30_team_baseline,0.3,ACH-000298,NCIH2029,lung,Lung Cancer,True,1.0542668116031226,0.5838361523115608,0.0714,,0.0714,0.5,0.1752,0.0,217,211,236,223.5,26,16,0.1357,204.5,0.1357,19.0,False,False,True
Q05_MSLN_MUC1_LUNG,MSLN,MUC1,lung,P30_team_baseline,0.3,ACH-000514,NCIH1092,lung,Lung Cancer,True,0.4568290885073603,0.4356912929822888,0.0623,,0.0623,0.5,0.1307,0.0,218,211,236,223.5,26,16,0.1279,220.5,0.1279,3.0,False,False,True
Q05_MSLN_MUC1_LUNG,MSLN,MUC1,lung,P30_team_baseline,0.3,ACH-000586,NCIH1876,lung,Lung Cancer,True,0.6800316691762034,0.49103817456816434,0.079,,0.079,0.5,0.1473,0.0,219,211,236,223.5,26,16,0.1421,190.5,0.1421,33.0,False,False,True
Q05_MSLN_MUC1_LUNG,MSLN,MUC1,lung,P30_team_baseline,0.3,ACH-000596,LCLC97TM1,lung,Lung Cancer,True,0.6251160607566091,0.47742091410769927,0.063,,0.063,0.5,0.1432,0.0,220,211,236,223.5,26,16,0.1286,217.0,0.1286,6.5,False,False,True
Q05_MSLN_MUC1_LUNG,MSLN,MUC1,lung,P30_team_baseline,0.3,ACH-000603,BEN,lung,Lung Cancer,True,1.8114630586742941,0.7715958587555262,0.0978,,0.0978,0.5,0.2315,0.0,221,211,236,223.5,26,16,0.1582,175.0,0.1582,48.5,False,False,True
Q05_MSLN_MUC1_LUNG,MSLN,MUC1,lung,P30_team_baseline,0.3,ACH-000669,SW900,lung,Lung Cancer,True,1.7459975402409158,0.7553625684152773,0.0749,,0.0749,0.5,0.2266,0.0,222,211,236,223.5,26,16,0.1387,195.0,0.1387,28.5,False,False,True
Q05_MSLN_MUC1_LUNG,MSLN,MUC1,lung,P30_team_baseline,0.3,ACH-000695,CORL47,lung,Lung Cancer,True,0.6117426019526584,0.4741047372131587,0.0692,,0.0692,0.5,0.1422,0.0,223,211,236,223.5,26,16,0.1338,208.5,0.1338,15.0,False,False,True
Q05_MSLN_MUC1_LUNG,MSLN,MUC1,lung,P30_team_baseline,0.3,ACH-000698,DMS53,lung,Lung Cancer,True,1.447524166052124,0.6813510115226031,0.063,,0.063,0.5,0.2044,0.0,224,211,236,223.5,26,16,0.1286,217.0,0.1286,6.5,False,False,True
Q05_MSLN_MUC1_LUNG,MSLN,MUC1,lung,P30_team_baseline,0.3,ACH-000703,DMS79,lung,Lung Cancer,True,0.6940117684776559,0.49450477830669487,0.079,,0.079,0.5,0.1484,0.0,225,211,236,223.5,26,16,0.1421,190.5,0.1421,33.0,False,False,True
Q05_MSLN_MUC1_LUNG,MSLN,MUC1,lung,P30_team_baseline,0.3,ACH-000737,NCIH1385,lung,Lung Cancer,True,1.3136746856385797,0.648160753056145,0.0911,,0.0911,0.5,0.1944,0.0,226,211,236,223.5,26,16,0.1525,181.5,0.1525,42.0,False,False,True
Q05_MSLN_MUC1_LUNG,MSLN,MUC1,lung,P30_team_baseline,0.3,ACH-000743,CORL95,lung,Lung Cancer,True,0.8644054753735959,0.5367568001708148,0.0756,,0.0756,0.5,0.161,0.0,227,211,236,223.5,26,16,0.1393,194.0,0.1393,29.5,False,False,True
Q05_MSLN_MUC1_LUNG,MSLN,MUC1,lung,P30_team_baseline,0.3,ACH-000803,COLO668,lung,Lung Cancer,True,1.8493084291918374,0.7809802629785031,0.068,,0.068,0.5,0.2343,0.0,228,211,236,223.5,26,16,0.1328,212.0,0.1328,11.5,False,False,True
Q05_MSLN_MUC1_LUNG,MSLN,MUC1,lung,P30_team_baseline,0.3,ACH-000830,NCIH1436,lung,Lung Cancer,True,0.6777339225829209,0.490468409163877,0.0707,,0.0707,0.5,0.1471,0.0,229,211,236,223.5,26,16,0.1351,206.5,0.1351,17.0,False,False,True
Q05_MSLN_MUC1_LUNG,MSLN,MUC1,lung,P30_team_baseline,0.3,ACH-000841,NCIH2087,lung,Lung Cancer,True,2.061894444358777,0.8336945863210027,0.1057,,0.1057,0.5,0.2501,0.0,230,211,236,223.5,26,16,0.1649,170.0,0.1649,53.5,False,False,True
Q05_MSLN_MUC1_LUNG,MSLN,MUC1,lung,P30_team_baseline,0.3,ACH-000844,DMS454,lung,Lung Cancer,True,0.7674183571395843,0.5127071922667855,0.0608,,0.0608,0.5,0.1538,0.0,231,211,236,223.5,26,16,0.1267,223.5,0.1267,0.0,False,False,True
Q05_MSLN_MUC1_LUNG,MSLN,MUC1,lung,P30_team_baseline,0.3,ACH-000871,NCIH510,lung,Lung Cancer,True,0.6370078642211534,0.48036968932446594,0.063,,0.063,0.5,0.1441,0.0,232,211,236,223.5,26,16,0.1286,217.0,0.1286,6.5,False,False,True
Q05_MSLN_MUC1_LUNG,MSLN,MUC1,lung,P30_team_baseline,0.3,ACH-001138,NCIH2141,lung,Lung Cancer,True,0.7483696784841555,0.5079837479466072,0.0,,0.0,0.4125,0.1524,0.0,233,211,236,223.5,26,4,0.0619,236.0,0.0619,-12.5,False,False,True
Q05_MSLN_MUC1_LUNG,MSLN,MUC1,lung,P30_team_baseline,0.3,ACH-001417,UMC11,lung,Lung Cancer,True,2.0299051397037147,0.8257622933723604,0.054,,0.054,0.4125,0.2477,0.0,234,211,236,223.5,26,4,0.1078,231.0,0.1078,-7.5,False,False,True
Q05_MSLN_MUC1_LUNG,MSLN,MUC1,lung,P30_team_baseline,0.3,ACH-002051,LU134A,lung,Lung Cancer,True,1.0056801837547689,0.5717882703824106,0.0764,,0.0764,0.4125,0.1715,0.0,235,211,236,223.5,26,4,0.1268,222.0,0.1268,1.5,False,False,True
Q05_MSLN_MUC1_LUNG,MSLN,MUC1,lung,P30_team_baseline,0.3,ACH-002170,NCIH1688,lung,Lung Cancer,True,2.5259260688542295,0.9487591312563307,0.0676,,0.0676,0.4125,0.2846,0.0,236,211,236,223.5,26,4,0.1193,228.0,0.1193,-4.5,False,False,True
Q05_MSLN_MUC1_LUNG,MSLN,MUC1,lung,P45_stress,0.45,ACH-000153,NCIH2052,lung,Lung Cancer,True,-0.9800565854947956,0.07939101628687933,0.784,0.8966,0.8237,0.8844,0.0357,0.7971,1,1,1,1.0,1,1,0.8328,7.0,0.0357,-6.0,True,True,False
Q05_MSLN_MUC1_LUNG,MSLN,MUC1,lung,P45_stress,0.45,ACH-002172,NCIH322M,lung,Lung Cancer,True,0.2765508631201727,0.39098823639971203,1.0,,1.0,0.4125,0.1759,0.7359,2,2,2,2.0,1,1,0.9119,1.0,0.176,1.0,True,True,False
Q05_MSLN_MUC1_LUNG,MSLN,MUC1,lung,P45_stress,0.45,ACH-002130,H2795,lung,Lung Cancer,True,0.06742091667674294,0.33913090416286884,0.9296,,0.9296,0.4125,0.1526,0.6994,3,3,3,3.0,1,1,0.852,6.0,0.1526,-3.0,True,True,False
Q05_MSLN_MUC1_LUNG,MSLN,MUC1,lung,P45_stress,0.45,ACH-001562,MERO95,lung,Lung Cancer,True,0.5773588687449387,0.4655787049216618,0.9888,,0.9888,0.4125,0.2095,0.6928,4,4,4,4.0,1,1,0.9023,2.0,0.2095,2.0,True,True,False
Q05_MSLN_MUC1_LUNG,MSLN,MUC1,lung,P45_stress,0.45,ACH-000791,RERFLCAD1,lung,Lung Cancer,True,0.19588064808987873,0.37098468256350836,0.8489,,0.8489,0.5875,0.1669,0.6428,5,5,5,5.0,1,1,0.8097,11.0,0.1669,-6.0,True,False,False
Q05_MSLN_MUC1_LUNG,MSLN,MUC1,lung,P45_stress,0.45,ACH-000892,NCIH1563,lung,Lung Cancer,True,-0.010103357446125946,0.3199074399580559,0.8354,,0.8354,0.5,0.144,0.6412,6,6,6,6.0,1,1,0.7851,17.0,0.1439,-11.0,True,False,False
Q05_MSLN_MUC1_LUNG,MSLN,MUC1,lung,P45_stress,0.45,ACH-000367,NCIH226,lung,Lung Cancer,True,-0.06373880435677877,0.30660761734814734,0.6928,0.8395,0.7446,0.9633,0.138,0.6394,7,7,7,7.0,1,1,0.7774,18.0,0.138,-11.0,True,False,False
Q05_MSLN_MUC1_LUNG,MSLN,MUC1,lung,P45_stress,0.45,ACH-000416,NCIH838,lung,Lung Cancer,True,0.4254882449578994,0.4279197970097263,0.6575,1.0,0.7784,0.9144,0.1926,0.6062,8,8,8,8.0,1,1,0.7988,15.0,0.1926,-7.0,True,False,False
Q05_MSLN_MUC1_LUNG,MSLN,MUC1,lung,P45_stress,0.45,ACH-000916,NCIH1573,lung,Lung Cancer,True,-0.28348599608005437,0.25211755830540905,0.5609,0.9068,0.683,0.826,0.1135,0.591,9,9,9,9.0,1,1,0.7044,30.0,0.1134,-21.0,True,False,False
Q05_MSLN_MUC1_LUNG,MSLN,MUC1,lung,P45_stress,0.45,ACH-000261,RERFLCAI,lung,Lung Cancer,True,-0.7381898292851586,0.13936599809659114,0.6658,,0.6658,0.5,0.0627,0.5782,10,10,10,10.0,1,1,0.6409,42.0,0.0627,-32.0,True,False,False
Q05_MSLN_MUC1_LUNG,MSLN,MUC1,lung,P45_stress,0.45,ACH-001977,NO36,lung,Lung Cancer,True,-0.02485411115017765,0.31624973933419154,0.7623,,0.7623,0.4125,0.1423,0.5676,11,11,12,11.5,2,2,0.7099,29.0,0.1423,-17.5,False,False,False
Q05_MSLN_MUC1_LUNG,MSLN,MUC1,lung,P45_stress,0.45,ACH-002124,H2373,lung,Lung Cancer,True,0.33086585044764977,0.40445656263027807,0.809,,0.809,0.4125,0.182,0.5676,12,11,12,11.5,2,2,0.7496,22.0,0.182,-10.5,False,False,False
Q05_MSLN_MUC1_LUNG,MSLN,MUC1,lung,P45_stress,0.45,ACH-001557,MERO41,lung,Lung Cancer,True,0.4176369342871374,0.4259729308010721,0.8054,,0.8054,0.4125,0.1917,0.5548,13,13,13,13.0,1,1,0.7465,24.0,0.1917,-11.0,False,False,False
Q05_MSLN_MUC1_LUNG,MSLN,MUC1,lung,P45_stress,0.45,ACH-000030,PC14,lung,Lung Cancer,True,0.5834317234195973,0.46708457267444214,0.6296,0.9374,0.7382,0.8356,0.2102,0.5426,14,14,14,14.0,1,1,0.7528,21.0,0.2102,-7.0,False,False,False
Q05_MSLN_MUC1_LUNG,MSLN,MUC1,lung,P45_stress,0.45,ACH-001075,NCIH292,lung,Lung Cancer,True,0.38569551057906254,0.41805251074877,0.6373,0.7855,0.6896,0.9629,0.1881,0.5425,15,15,15,15.0,1,1,0.7306,27.0,0.1881,-12.0,False,False,False
Q05_MSLN_MUC1_LUNG,MSLN,MUC1,lung,P45_stress,0.45,ACH-000528,ABC1,lung,Lung Cancer,True,1.330295789103636,0.6522822387600754,0.756,0.8781,0.7991,0.9695,0.2935,0.5311,16,16,16,16.0,1,1,0.8247,9.0,0.2936,7.0,False,True,False
Q05_MSLN_MUC1_LUNG,MSLN,MUC1,lung,P45_stress,0.45,ACH-000645,JL1,lung,Lung Cancer,True,0.569691981116645,0.46367756954758227,0.7794,,0.7794,0.5,0.2087,0.5288,17,17,17,17.0,1,1,0.7375,26.0,0.2087,-9.0,False,False,False
Q05_MSLN_MUC1_LUNG,MSLN,MUC1,lung,P45_stress,0.45,ACH-000035,NCIH1650,lung,Lung Cancer,True,1.2262944867255439,0.6264933444280818,0.719,0.8753,0.7741,0.9609,0.2819,0.5202,18,18,19,18.5,2,1,0.8022,14.0,0.282,4.5,False,False,False
Q05_MSLN_MUC1_LUNG,MSLN,MUC1,lung,P45_stress,0.45,ACH-000628,NCIH596,lung,Lung Cancer,True,1.9496008399868483,0.8058494744705919,0.9349,,0.9349,0.5875,0.3626,0.5202,19,18,19,18.5,2,1,0.8828,3.0,0.3626,15.5,False,True,False
Q05_MSLN_MUC1_LUNG,MSLN,MUC1,lung,P45_stress,0.45,ACH-001547,LO68,lung,Lung Cancer,True,0.7438662735171266,0.5068670519805636,0.806,,0.806,0.4125,0.2281,0.5189,20,20,20,20.0,1,1,0.747,23.0,0.2281,-3.0,False,False,False
Q05_MSLN_MUC1_LUNG,MSLN,MUC1,lung,P45_stress,0.45,ACH-000774,RERFLCAD2,lung,Lung Cancer,True,-0.07120887832332068,0.3047552852737376,0.6809,,0.6809,0.5,0.1371,0.5166,21,21,21,21.0,1,1,0.6538,38.0,0.1372,-17.0,False,False,False
Q05_MSLN_MUC1_LUNG,MSLN,MUC1,lung,P45_stress,0.45,ACH-001561,MERO84,lung,Lung Cancer,True,0.28119463371595266,0.3921397384141889,0.7409,,0.7409,0.4125,0.1765,0.5151,22,22,22,22.0,1,1,0.6916,33.0,0.1765,-11.0,False,False,False
Q05_MSLN_MUC1_LUNG,MSLN,MUC1,lung,P45_stress,0.45,ACH-002125,H2461,lung,Lung Cancer,True,0.11811504515661642,0.3517013767697134,0.717,,0.717,0.4125,0.1583,0.513,23,23,23,23.0,1,1,0.6713,36.0,0.1583,-13.0,False,False,False
Q05_MSLN_MUC1_LUNG,MSLN,MUC1,lung,P45_stress,0.45,ACH-000590,NCIH2073,lung,Lung Cancer,True,1.3554407711435796,0.6585173653400344,0.8474,,0.8474,0.5875,0.2963,0.5121,24,24,24,24.0,1,1,0.8084,12.0,0.2963,12.0,False,False,False
Q05_MSLN_MUC1_LUNG,MSLN,MUC1,lung,P45_stress,0.45,ACH-000744,NCIH1623,lung,Lung Cancer,True,0.6431057649364541,0.4818817676696214,0.7451,,0.7451,0.5875,0.2168,0.5046,25,25,25,25.0,1,1,0.7215,28.0,0.2169,-3.0,False,False,False
Q05_MSLN_MUC1_LUNG,MSLN,MUC1,lung,P45_stress,0.45,ACH-000553,SQ1,lung,Lung Cancer,True,-0.5351425265052903,0.18971503523412414,0.5071,0.5851,0.5346,0.893,0.0854,0.503,26,26,26,26.0,1,1,0.5884,51.0,0.0854,-25.0,False,False,False
Q05_MSLN_MUC1_LUNG,MSLN,MUC1,lung,P45_stress,0.45,ACH-000787,LXF289,lung,Lung Cancer,True,-1.260675375055799,0.009806807761764328,0.4565,0.4045,0.4381,0.8995,0.0044,0.5029,27,27,27,27.0,1,1,0.5073,63.0,0.0044,-36.0,False,False,False
Q05_MSLN_MUC1_LUNG,MSLN,MUC1,lung,P45_stress,0.45,ACH-000627,LCLC103H,lung,Lung Cancer,True,-1.0257000665249545,0.06807293774059486,0.3935,0.5922,0.4636,0.8628,0.0306,0.4929,28,28,28,28.0,1,1,0.5235,62.0,0.0306,-34.0,False,False,False
Q05_MSLN_MUC1_LUNG,MSLN,MUC1,lung,P45_stress,0.45,ACH-002131,H2803,lung,Lung Cancer,True,0.5603079432631417,0.46135063752771555,0.7402,,0.7402,0.4125,0.2076,0.4834,29,29,29,29.0,1,1,0.6911,34.0,0.2077,-5.0,False,False,False
Q05_MSLN_MUC1_LUNG,MSLN,MUC1,lung,P45_stress,0.45,ACH-000924,NCIH2172,lung,Lung Cancer,True,0.21187117998601399,0.3749498073066835,0.5182,0.7526,0.6009,0.9414,0.1687,0.4833,30,30,30,30.0,1,1,0.652,40.0,0.1687,-10.0,False,False,False
Q05_MSLN_MUC1_LUNG,MSLN,MUC1,lung,P45_stress,0.45,ACH-000319,MPP89,lung,Lung Cancer,True,0.2357604910190031,0.38087356887318924,0.6799,,0.6799,0.5,0.1714,0.4815,31,31,31,31.0,1,1,0.6529,39.0,0.1714,-8.0,False,False,False
Q05_MSLN_MUC1_LUNG,MSLN,MUC1,lung,P45_stress,0.45,ACH-000858,KNS62,lung,Lung Cancer,True,-0.21117758038424964,0.2700476615738638,0.6043,,0.6043,0.5875,0.1215,0.4802,32,32,32,32.0,1,1,0.6017,48.5,0.1215,-16.5,False,False,False
Q05_MSLN_MUC1_LUNG,MSLN,MUC1,lung,P45_stress,0.45,ACH-000482,RERFLCKJ,lung,Lung Cancer,True,2.245725273852091,0.8792785716015993,0.9252,,0.9252,0.5875,0.3957,0.4789,33,33,33,33.0,1,1,0.8746,4.0,0.3957,29.0,False,True,False
Q05_MSLN_MUC1_LUNG,MSLN,MUC1,lung,P45_stress,0.45,ACH-000331,ISTMES2,lung,Lung Cancer,True,-0.5754180777415682,0.17972802630976317,0.5582,,0.5582,0.5,0.0809,0.4686,34,34,34,34.0,1,1,0.5495,59.0,0.0809,-25.0,False,False,False
Q05_MSLN_MUC1_LUNG,MSLN,MUC1,lung,P45_stress,0.45,ACH-000869,NCIH1568,lung,Lung Cancer,True,0.7707150054934665,0.5135246523764574,0.6724,0.604,0.6483,0.9829,0.2311,0.4674,35,35,35,35.0,1,1,0.6985,31.0,0.2311,4.0,False,False,False
Q05_MSLN_MUC1_LUNG,MSLN,MUC1,lung,P45_stress,0.45,ACH-000589,NCIH1437,lung,Lung Cancer,True,1.4001504317811861,0.6696038872146434,0.6526,0.8594,0.7256,0.9483,0.3013,0.4577,36,36,36,36.0,1,1,0.759,20.0,0.3013,16.0,False,False,False
Q05_MSLN_MUC1_LUNG,MSLN,MUC1,lung,P45_stress,0.45,ACH-000852,NCIH1435,lung,Lung Cancer,True,1.8645133136528402,0.7847505730585582,0.8897,0.5954,0.7858,0.9264,0.3531,0.4538,37,37,37,37.0,1,1,0.8069,13.0,0.3531,24.0,False,False,False
Q05_MSLN_MUC1_LUNG,MSLN,MUC1,lung,P45_stress,0.45,ACH-000086,ACCMESO1,lung,Lung Cancer,True,0.11945526463177539,0.3520337070159339,0.6199,,0.6199,0.5,0.1584,0.4435,38,38,38,38.0,1,1,0.6019,47.0,0.1584,-9.0,False,False,False
Q05_MSLN_MUC1_LUNG,MSLN,MUC1,lung,P45_stress,0.45,ACH-000781,NCIH2023,lung,Lung Cancer,True,0.6931307933539543,0.4942863255195205,0.694,,0.694,0.5,0.2224,0.4424,39,39,39,39.0,1,1,0.6649,37.0,0.2225,2.0,False,False,False
Q05_MSLN_MUC1_LUNG,MSLN,MUC1,lung,P45_stress,0.45,ACH-001558,MERO48A,lung,Lung Cancer,True,0.15550747191801106,0.3609734658735663,0.6351,,0.6351,0.4125,0.1624,0.4392,40,40,40,40.0,1,1,0.6017,48.5,0.1625,-8.5,False,False,False
Q05_MSLN_MUC1_LUNG,MSLN,MUC1,lung,P45_stress,0.45,ACH-000662,CORL23,lung,Lung Cancer,True,-0.4667398011986403,0.20667665604672256,0.398,0.5831,0.4634,0.8662,0.093,0.4308,41,41,41,41.0,1,1,0.5238,61.0,0.093,-20.0,False,False,False
Q05_MSLN_MUC1_LUNG,MSLN,MUC1,lung,P45_stress,0.45,ACH-000379,NCIH1781,lung,Lung Cancer,True,2.3199152234640272,0.8976752332518787,0.8742,,0.8742,0.5875,0.404,0.4272,42,42,42,42.0,1,1,0.8312,8.0,0.404,34.0,False,True,False
Q05_MSLN_MUC1_LUNG,MSLN,MUC1,lung,P45_stress,0.45,ACH-000813,T3M10,lung,Lung Cancer,True,1.7543175065800276,0.7574256457792997,0.8102,,0.8102,0.5,0.3408,0.4229,43,43,43,43.0,1,1,0.7637,19.0,0.3408,24.0,False,False,False
Q05_MSLN_MUC1_LUNG,MSLN,MUC1,lung,P45_stress,0.45,ACH-001559,MERO82,lung,Lung Cancer,True,-0.008233658377165618,0.3203710636879468,0.5916,,0.5916,0.4125,0.1442,0.4205,44,44,44,44.0,1,1,0.5647,56.0,0.1442,-12.0,False,False,False
Q05_MSLN_MUC1_LUNG,MSLN,MUC1,lung,P45_stress,0.45,ACH-000925,DV90,lung,Lung Cancer,True,1.5850509759408622,0.7154531264667325,0.8514,0.4874,0.7229,0.8215,0.322,0.4158,45,45,45,45.0,1,1,0.7377,25.0,0.3219,20.0,False,False,False
Q05_MSLN_MUC1_LUNG,MSLN,MUC1,lung,P45_stress,0.45,ACH-000894,NCIH1869,lung,Lung Cancer,True,2.7325699449243714,1.0,0.91,,0.91,0.5875,0.45,0.4117,46,46,46,46.0,1,1,0.8617,5.0,0.45,41.0,False,True,False
Q05_MSLN_MUC1_LUNG,MSLN,MUC1,lung,P45_stress,0.45,ACH-000929,NCIH2110,lung,Lung Cancer,True,2.3949959079270986,0.9162927677799827,0.7422,0.93,0.8085,0.8655,0.4123,0.4047,47,47,47,47.0,1,1,0.817,10.0,0.4123,37.0,False,True,False
Q05_MSLN_MUC1_LUNG,MSLN,MUC1,lung,P45_stress,0.45,ACH-000872,HCC515,lung,Lung Cancer,True,0.3927424960095695,0.4197999308143934,0.6093,,0.6093,0.5,0.1889,0.404,48,48,48,48.0,1,1,0.5929,50.0,0.1889,-2.0,False,False,False
Q05_MSLN_MUC1_LUNG,MSLN,MUC1,lung,P45_stress,0.45,ACH-000785,NCIH2126,lung,Lung Cancer,True,2.337541997485711,0.9020460920994587,0.8091,0.6915,0.7676,0.9706,0.4059,0.3921,49,49,49,49.0,1,1,0.7981,16.0,0.406,33.0,False,False,False
Q05_MSLN_MUC1_LUNG,MSLN,MUC1,lung,P45_stress,0.45,ACH-002127,H2595,lung,Lung Cancer,True,0.9372521005884922,0.5548203616566088,0.6709,,0.6709,0.4125,0.2497,0.3824,50,50,50,50.0,1,1,0.6321,43.0,0.2497,7.0,False,False,False
Q05_MSLN_MUC1_LUNG,MSLN,MUC1,lung,P45_stress,0.45,ACH-002123,H2369,lung,Lung Cancer,True,0.796429475543645,0.5199009932083868,0.6519,,0.6519,0.4125,0.234,0.382,51,51,51,51.0,1,1,0.616,45.0,0.234,6.0,False,False,False
Q05_MSLN_MUC1_LUNG,MSLN,MUC1,lung,P45_stress,0.45,ACH-001137,NCIH1993,lung,Lung Cancer,True,1.083520805167219,0.5910901782858761,0.6852,,0.6852,0.4125,0.266,0.3783,52,52,52,52.0,1,1,0.6443,41.0,0.266,11.0,False,False,False
Q05_MSLN_MUC1_LUNG,MSLN,MUC1,lung,P45_stress,0.45,ACH-000826,CAL12T,lung,Lung Cancer,True,1.3771748970407292,0.663906712043811,0.7027,,0.7027,0.5,0.2988,0.3735,53,53,53,53.0,1,1,0.6723,35.0,0.2988,18.0,False,False,False
Q05_MSLN_MUC1_LUNG,MSLN,MUC1,lung,P45_stress,0.45,ACH-000335,MSTO211H,lung,Lung Cancer,True,-1.09368548340206,0.05121479566092855,0.3332,0.2504,0.304,0.8918,0.023,0.3691,54,54,54,54.0,1,1,0.3921,78.0,0.023,-24.0,False,False,False
Q05_MSLN_MUC1_LUNG,MSLN,MUC1,lung,P45_stress,0.45,ACH-001560,MERO83,lung,Lung Cancer,True,-0.4177129081719055,0.21883370922569081,0.4753,,0.4753,0.4125,0.0985,0.3674,55,55,55,55.0,1,1,0.4658,66.0,0.0984,-11.0,False,False,False
Q05_MSLN_MUC1_LUNG,MSLN,MUC1,lung,P45_stress,0.45,ACH-000837,NCIH322,lung,Lung Cancer,True,0.549105081532008,0.45857269714818233,0.5701,,0.5701,0.5875,0.2064,0.3664,56,56,56,56.0,1,1,0.5727,55.0,0.2063,1.0,False,False,False
Q05_MSLN_MUC1_LUNG,MSLN,MUC1,lung,P45_stress,0.45,ACH-001555,MERO14,lung,Lung Cancer,True,0.39179233174526407,0.4195643214013388,0.576,,0.576,0.4125,0.1888,0.3626,57,57,57,57.0,1,1,0.5514,58.0,0.1888,-1.0,False,False,False
Q05_MSLN_MUC1_LUNG,MSLN,MUC1,lung,P45_stress,0.45,ACH-002132,H2804,lung,Lung Cancer,True,0.5468769313665175,0.45802018936357064,0.5889,,0.5889,0.4125,0.2061,0.3563,58,58,58,58.0,1,1,0.5624,57.0,0.2061,1.0,False,False,False
Q05_MSLN_MUC1_LUNG,MSLN,MUC1,lung,P45_stress,0.45,ACH-000875,NCIH2347,lung,Lung Cancer,True,1.8153335320868955,0.7725556085622113,0.717,,0.717,0.5875,0.3477,0.35,59,59,59,59.0,1,1,0.6976,32.0,0.3476,27.0,False,False,False
Q05_MSLN_MUC1_LUNG,MSLN,MUC1,lung,P45_stress,0.45,ACH-000851,MORCPR,lung,Lung Cancer,True,1.2258001747689153,0.6263707713590428,0.6545,,0.6545,0.5,0.2819,0.3494,60,60,60,60.0,1,1,0.6313,44.0,0.2819,16.0,False,False,False
Q05_MSLN_MUC1_LUNG,MSLN,MUC1,lung,P45_stress,0.45,ACH-000092,NCIH2452,lung,Lung Cancer,True,0.9531244515743487,0.558756181430158,0.6015,,0.6015,0.5,0.2514,0.3348,61,61,61,61.0,1,1,0.5863,52.0,0.2515,9.0,False,False,False
Q05_MSLN_MUC1_LUNG,MSLN,MUC1,lung,P45_stress,0.45,ACH-000912,NCIH2286,lung,Lung Cancer,True,-0.2712535763240091,0.2551507951332172,0.3185,0.3861,0.3423,0.9831,0.1148,0.3236,62,62,62,62.0,1,1,0.4384,71.0,0.1148,-9.0,False,False,False
Q05_MSLN_MUC1_LUNG,MSLN,MUC1,lung,P45_stress,0.45,ACH-001992,ONE58,lung,Lung Cancer,True,-0.5941344100984812,0.17508699291500657,0.3952,,0.3952,0.4125,0.0788,0.319,63,63,63,63.0,1,1,0.3978,76.0,0.0788,-13.0,False,False,False
Q05_MSLN_MUC1_LUNG,MSLN,MUC1,lung,P45_stress,0.45,ACH-000706,EKVX,lung,Lung Cancer,True,1.3839188056858738,0.6655789790583333,0.6199,,0.6199,0.5875,0.2995,0.3155,64,64,64,64.0,1,1,0.615,46.0,0.2995,18.0,False,False,False
Q05_MSLN_MUC1_LUNG,MSLN,MUC1,lung,P45_stress,0.45,ACH-001556,MERO25,lung,Lung Cancer,True,-0.9287277893621633,0.0921188655482338,0.3337,,0.3337,0.4125,0.0415,0.304,65,65,65,65.0,1,1,0.3455,89.0,0.0415,-24.0,False,False,False
Q05_MSLN_MUC1_LUNG,MSLN,MUC1,lung,P45_stress,0.45,ACH-000681,A549,lung,Lung Cancer,True,-0.6776263884800188,0.1543837347940377,0.2584,0.2301,0.2484,0.9929,0.0695,0.2906,66,66,66,66.0,1,1,0.3601,83.0,0.0695,-17.0,False,False,False
Q05_MSLN_MUC1_LUNG,MSLN,MUC1,lung,P45_stress,0.45,ACH-000569,ISTMES1,lung,Lung Cancer,True,0.01638466807922693,0.32647559704567686,0.4228,,0.4228,0.5,0.1469,0.2875,67,67,67,67.0,1,1,0.4344,73.0,0.1469,-6.0,False,False,False
Q05_MSLN_MUC1_LUNG,MSLN,MUC1,lung,P45_stress,0.45,ACH-000062,RERFLCMS,lung,Lung Cancer,True,0.39840880928791883,0.42120498970352227,0.3034,0.5492,0.3902,0.9385,0.1895,0.2829,68,68,68,68.0,1,1,0.4724,65.0,0.1895,3.0,False,False,False
Q05_MSLN_MUC1_LUNG,MSLN,MUC1,lung,P45_stress,0.45,ACH-000311,NCIH2122,lung,Lung Cancer,True,1.35413475103809,0.658193515410026,0.4706,0.569,0.5054,0.9754,0.2962,0.2797,69,69,69,69.0,1,1,0.5759,54.0,0.2962,15.0,False,False,False
Q05_MSLN_MUC1_LUNG,MSLN,MUC1,lung,P45_stress,0.45,ACH-000878,HCC15,lung,Lung Cancer,True,0.1943063818763687,0.3705943164421011,0.4381,0.1759,0.3456,0.9344,0.1668,0.2672,70,70,70,70.0,1,1,0.4339,74.0,0.1667,-4.0,False,False,False
Q05_MSLN_MUC1_LUNG,MSLN,MUC1,lung,P45_stress,0.45,ACH-000451,NCIH2085,lung,Lung Cancer,True,-0.15170134174077937,0.2847958079774996,0.3328,,0.3328,0.5875,0.1282,0.2429,71,71,71,71.0,1,1,0.371,81.0,0.1281,-10.0,False,False,False
Q05_MSLN_MUC1_LUNG,MSLN,MUC1,lung,P45_stress,0.45,ACH-000033,NCIH1819,lung,Lung Cancer,True,1.8049104429055236,0.7699710260679061,0.5987,,0.5987,0.5,0.3465,0.2374,72,72,72,72.0,1,1,0.5839,53.0,0.3465,19.0,False,False,False
Q05_MSLN_MUC1_LUNG,MSLN,MUC1,lung,P45_stress,0.45,ACH-000975,HCC2450,lung,Lung Cancer,True,0.7407586142793021,0.5060964549411848,0.4555,,0.4555,0.5,0.2277,0.2345,73,73,73,73.0,1,1,0.4622,67.0,0.2277,6.0,False,False,False
Q05_MSLN_MUC1_LUNG,MSLN,MUC1,lung,P45_stress,0.45,ACH-000378,NCIH647,lung,Lung Cancer,True,-0.1737244463757371,0.27933480407363886,0.2973,0.1673,0.2514,0.9675,0.1257,0.2331,74,74,74,74.0,1,1,0.3588,84.0,0.1257,-10.0,False,False,False
Q05_MSLN_MUC1_LUNG,MSLN,MUC1,lung,P45_stress,0.45,ACH-000666,NCIH1355,lung,Lung Cancer,True,0.16493781303895358,0.36331187957725736,0.2759,0.3116,0.2885,0.9911,0.1635,0.2304,75,75,75,75.0,1,1,0.3939,77.0,0.1635,-2.0,False,False,False
Q05_MSLN_MUC1_LUNG,MSLN,MUC1,lung,P45_stress,0.45,ACH-000454,HCC95,lung,Lung Cancer,True,-1.1456296640346284,0.03833435133124787,0.0783,0.1684,0.1101,0.9775,0.0173,0.223,76,76,76,76.0,1,1,0.2402,129.5,0.0172,-53.5,False,False,False
Q05_MSLN_MUC1_LUNG,MSLN,MUC1,lung,P45_stress,0.45,ACH-000264,CALU6,lung,Lung Cancer,True,-0.7110671869442262,0.14609151923277747,0.1314,0.234,0.1676,0.9743,0.0657,0.2229,77,77,77,77.0,1,1,0.2886,103.0,0.0657,-26.0,False,False,False
Q05_MSLN_MUC1_LUNG,MSLN,MUC1,lung,P45_stress,0.45,ACH-000861,HOP62,lung,Lung Cancer,True,-0.7772425743268075,0.12968220479569564,0.2177,,0.2177,0.5875,0.0584,0.2148,78,78,78,78.0,1,1,0.2731,111.0,0.0583,-33.0,False,False,False
Q05_MSLN_MUC1_LUNG,MSLN,MUC1,lung,P45_stress,0.45,ACH-000481,NCIH2170,lung,Lung Cancer,True,-0.5987714606006834,0.17393715726219264,0.0729,0.3709,0.1781,0.9255,0.0783,0.2119,79,79,79,79.0,1,1,0.2902,99.0,0.0783,-20.0,False,False,False
Q05_MSLN_MUC1_LUNG,MSLN,MUC1,lung,P45_stress,0.45,ACH-000121,NCIH2405,lung,Lung Cancer,True,-0.2646899249544958,0.2567783642860058,0.2801,,0.2801,0.5875,0.1156,0.2106,80,80,80,80.0,1,1,0.3262,92.0,0.1156,-12.0,False,False,False
Q05_MSLN_MUC1_LUNG,MSLN,MUC1,lung,P45_stress,0.45,ACH-000769,LK2,lung,Lung Cancer,True,-0.9692123532954279,0.08208002836563584,0.0851,0.176,0.1172,0.9773,0.0369,0.2092,81,81,81,81.0,1,1,0.2462,127.0,0.037,-46.0,False,False,False
Q05_MSLN_MUC1_LUNG,MSLN,MUC1,lung,P45_stress,0.45,ACH-000945,NCIH650,lung,Lung Cancer,True,-0.8495002118082545,0.11176469285037331,0.1079,0.1686,0.1293,0.9848,0.0503,0.2073,82,82,82,82.0,1,1,0.2576,120.0,0.0503,-38.0,False,False,False
Q05_MSLN_MUC1_LUNG,MSLN,MUC1,lung,P45_stress,0.45,ACH-000853,NCIH661,lung,Lung Cancer,True,-0.4919447071720413,0.20042667030680553,0.1742,0.1473,0.1647,0.9933,0.0902,0.1988,83,83,83,83.0,1,1,0.289,101.0,0.0902,-18.0,False,False,False
Q05_MSLN_MUC1_LUNG,MSLN,MUC1,lung,P45_stress,0.45,ACH-000563,EBC1,lung,Lung Cancer,True,-0.7275278379188342,0.14200982045676852,0.0992,0.2042,0.1363,0.9737,0.0639,0.198,84,84,84,84.0,1,1,0.2619,117.0,0.0639,-33.0,False,False,False
Q05_MSLN_MUC1_LUNG,MSLN,MUC1,lung,P45_stress,0.45,ACH-000888,NCIH1793,lung,Lung Cancer,True,1.0319973455633047,0.578314058901202,0.4057,0.2763,0.36,0.9676,0.2602,0.1909,85,85,85,85.0,1,1,0.4512,69.0,0.2603,16.0,False,False,False
Q05_MSLN_MUC1_LUNG,MSLN,MUC1,lung,P45_stress,0.45,ACH-000343,NCIH522,lung,Lung Cancer,True,-0.0020002351298243812,0.321916747153216,0.2176,0.2104,0.2151,0.9982,0.1449,0.1877,86,86,86,86.0,1,1,0.3326,91.0,0.1449,-5.0,False,False,False
Q05_MSLN_MUC1_LUNG,MSLN,MUC1,lung,P45_stress,0.45,ACH-001078,HCC1588,lung,Lung Cancer,True,0.20351542182023075,0.3728778547496117,0.3259,,0.3259,0.5,0.1678,0.1842,87,87,87,87.0,1,1,0.352,87.0,0.1678,0.0,False,False,False
Q05_MSLN_MUC1_LUNG,MSLN,MUC1,lung,P45_stress,0.45,ACH-000901,HCC1359,lung,Lung Cancer,True,0.07359234556964936,0.340661215072034,0.3045,,0.3045,0.5,0.1533,0.1806,88,88,88,88.0,1,1,0.3339,90.0,0.1533,-2.0,False,False,False
Q05_MSLN_MUC1_LUNG,MSLN,MUC1,lung,P45_stress,0.45,ACH-000309,SKLU1,lung,Lung Cancer,True,-0.8027349326558469,0.12336094034815155,0.103,0.1961,0.1359,0.8017,0.0555,0.1802,89,89,90,89.5,2,1,0.2358,133.0,0.0556,-43.5,False,False,False
Q05_MSLN_MUC1_LUNG,MSLN,MUC1,lung,P45_stress,0.45,ACH-000434,NCIH1915,lung,Lung Cancer,True,-1.2669402259621099,0.008253331273160495,0.1281,,0.1281,0.5,0.0037,0.1802,90,89,90,89.5,2,1,0.1839,158.0,0.0037,-68.5,False,False,False
Q05_MSLN_MUC1_LUNG,MSLN,MUC1,lung,P45_stress,0.45,ACH-000775,NCIH727,lung,Lung Cancer,True,-1.1057612653363167,0.04822039984897431,0.1333,,0.1333,0.5875,0.0217,0.1797,91,91,91,91.0,1,1,0.2014,148.0,0.0217,-57.0,False,False,False
Q05_MSLN_MUC1_LUNG,MSLN,MUC1,lung,P45_stress,0.45,ACH-001363,NCIH2135,lung,Lung Cancer,True,-1.1940528611181738,0.02632699484387456,0.1338,,0.1338,0.5,0.0118,0.1769,92,92,92,92.0,1,1,0.1887,155.0,0.0118,-63.0,False,False,False
Q05_MSLN_MUC1_LUNG,MSLN,MUC1,lung,P45_stress,0.45,ACH-000891,HCC1438,lung,Lung Cancer,True,0.43734976351655763,0.4308610625682494,0.3478,,0.3478,0.5,0.1939,0.1767,93,93,93,93.0,1,1,0.3706,82.0,0.1939,11.0,False,False,False
Q05_MSLN_MUC1_LUNG,MSLN,MUC1,lung,P45_stress,0.45,ACH-000442,RERFLCSQ1,lung,Lung Cancer,True,-0.5594143808667806,0.18369641553362825,0.1167,0.1514,0.1289,0.9913,0.0827,0.1756,94,94,94,94.0,1,1,0.2583,119.0,0.0827,-25.0,False,False,False
Q05_MSLN_MUC1_LUNG,MSLN,MUC1,lung,P45_stress,0.45,ACH-000749,DMS273,lung,Lung Cancer,True,-1.0058611946913518,0.07299232391830603,0.0677,0.117,0.0851,0.9002,0.0328,0.1745,95,95,95,95.0,1,1,0.2074,143.0,0.0329,-48.0,False,False,False
Q05_MSLN_MUC1_LUNG,MSLN,MUC1,lung,P45_stress,0.45,ACH-000392,CALU3,lung,Lung Cancer,True,0.3466414367858648,0.40836838796129593,0.311,,0.311,0.5875,0.1838,0.1687,96,96,98,97.0,3,2,0.3524,86.0,0.1837,11.0,False,False,False
Q05_MSLN_MUC1_LUNG,MSLN,MUC1,lung,P45_stress,0.45,ACH-000843,HARA,lung,Lung Cancer,True,-1.0367487224936338,0.06533323530637955,0.1294,,0.1294,0.5875,0.0294,0.1687,97,96,98,97.0,3,2,0.1981,151.0,0.0294,-54.0,False,False,False
Q05_MSLN_MUC1_LUNG,MSLN,MUC1,lung,P45_stress,0.45,ACH-000129,NCIH1341,lung,Lung Cancer,True,-0.3178450349919423,0.24359764938517045,0.2392,,0.2392,0.5,0.1096,0.1687,98,96,98,97.0,3,1,0.2783,108.0,0.1096,-11.0,False,False,False
Q05_MSLN_MUC1_LUNG,MSLN,MUC1,lung,P45_stress,0.45,ACH-000463,NCIH460,lung,Lung Cancer,True,-0.24705466254037747,0.261151327975069,0.1562,0.1625,0.1584,0.9984,0.1175,0.1669,99,99,99,99.0,1,1,0.2844,105.0,0.1175,-6.0,False,False,False
Q05_MSLN_MUC1_LUNG,MSLN,MUC1,lung,P45_stress,0.45,ACH-000511,CALU1,lung,Lung Cancer,True,-0.1389224219989533,0.28796455878507027,0.1813,0.1562,0.1724,0.9937,0.1296,0.166,100,100,100,100.0,1,1,0.2956,98.0,0.1296,2.0,False,False,False
Q05_MSLN_MUC1_LUNG,MSLN,MUC1,lung,P45_stress,0.45,ACH-000700,NCIH2882,lung,Lung Cancer,True,-0.2782348672889444,0.25341966512927655,0.2356,,0.2356,0.5,0.114,0.1612,101,101,101,101.0,1,1,0.2752,110.0,0.114,-9.0,False,False,False
Q05_MSLN_MUC1_LUNG,MSLN,MUC1,lung,P45_stress,0.45,ACH-000251,NCIH2887,lung,Lung Cancer,True,-1.099879711600908,0.049678831275524866,0.1276,,0.1276,0.5,0.0224,0.1611,102,102,102,102.0,1,1,0.1834,160.0,0.0223,-58.0,False,False,False
Q05_MSLN_MUC1_LUNG,MSLN,MUC1,lung,P45_stress,0.45,ACH-000314,HCC2108,lung,Lung Cancer,True,-0.6929900190998985,0.15057406090003725,0.1793,,0.1793,0.5,0.0678,0.1596,103,103,103,103.0,1,1,0.2274,135.0,0.0678,-32.0,False,False,False
Q05_MSLN_MUC1_LUNG,MSLN,MUC1,lung,P45_stress,0.45,ACH-000510,NCIH1299,lung,Lung Cancer,True,-0.4495784062241572,0.2109321162329575,0.0955,0.1619,0.1189,0.9834,0.0949,0.1537,104,104,104,104.0,1,1,0.2486,125.0,0.0949,-21.0,False,False,False
Q05_MSLN_MUC1_LUNG,MSLN,MUC1,lung,P45_stress,0.45,ACH-000395,NCIH520,lung,Lung Cancer,True,-0.6481721473651464,0.1616874155592943,0.1095,0.0571,0.091,0.9869,0.0728,0.1526,105,105,105,105.0,1,1,0.2254,137.0,0.0728,-32.0,False,False,False
Q05_MSLN_MUC1_LUNG,MSLN,MUC1,lung,P45_stress,0.45,ACH-000667,HCC44,lung,Lung Cancer,True,0.07246017382988255,0.3403804738053874,0.2617,0.1014,0.2051,0.8724,0.1532,0.1521,106,106,106,106.0,1,1,0.3052,95.5,0.1531,10.5,False,False,False
Q05_MSLN_MUC1_LUNG,MSLN,MUC1,lung,P45_stress,0.45,ACH-000840,HCC366,lung,Lung Cancer,True,1.7817479978486699,0.764227503300564,0.4935,,0.4935,0.5,0.3439,0.1506,107,107,107,107.0,1,1,0.4945,64.0,0.3439,43.0,False,False,False
Q05_MSLN_MUC1_LUNG,MSLN,MUC1,lung,P45_stress,0.45,ACH-000690,HCC2814,lung,Lung Cancer,True,-1.2331705514285645,0.016627097257411023,0.0931,,0.0931,0.5,0.0075,0.1466,108,108,108,108.0,1,1,0.1541,179.0,0.0075,-71.0,False,False,False
Q05_MSLN_MUC1_LUNG,MSLN,MUC1,lung,P45_stress,0.45,ACH-000980,NCIH1155,lung,Lung Cancer,True,-0.4625426503926499,0.20771741107724734,0.1046,0.1084,0.106,0.9991,0.0935,0.1465,109,109,109,109.0,1,1,0.2399,131.0,0.0934,-22.0,False,False,False
Q05_MSLN_MUC1_LUNG,MSLN,MUC1,lung,P45_stress,0.45,ACH-000951,NCIH2342,lung,Lung Cancer,True,1.0522010298965052,0.5833239065518756,0.3735,,0.3735,0.5875,0.2625,0.1431,110,110,110,110.0,1,1,0.4056,75.0,0.2625,35.0,False,False,False
Q05_MSLN_MUC1_LUNG,MSLN,MUC1,lung,P45_stress,0.45,ACH-000355,NCIH82,lung,Lung Cancer,True,-1.1859579559004823,0.028334264469476154,0.0791,,0.0791,0.5875,0.0128,0.1426,111,111,111,111.0,1,1,0.1554,177.0,0.0128,-66.0,False,False,False
Q05_MSLN_MUC1_LUNG,MSLN,MUC1,lung,P45_stress,0.45,ACH-000886,NCIH2009,lung,Lung Cancer,True,1.475184147713543,0.6882097750955627,0.1999,0.6965,0.3752,0.8758,0.3097,0.1406,112,112,112,112.0,1,1,0.4503,70.0,0.3097,42.0,False,False,False
Q05_MSLN_MUC1_LUNG,MSLN,MUC1,lung,P45_stress,0.45,ACH-000282,NCIH1755,lung,Lung Cancer,True,-0.10370148669198521,0.29669818959676214,0.2147,,0.2147,0.5875,0.1335,0.1371,113,113,113,113.0,1,1,0.2706,113.0,0.1335,0.0,False,False,False
Q05_MSLN_MUC1_LUNG,MSLN,MUC1,lung,P45_stress,0.45,ACH-000677,SW1573,lung,Lung Cancer,True,-0.08386712755137166,0.301616456775384,0.1537,0.1278,0.1446,0.9935,0.1357,0.1362,114,114,114,114.0,1,1,0.2719,112.0,0.1357,2.0,False,False,False
Q05_MSLN_MUC1_LUNG,MSLN,MUC1,lung,P45_stress,0.45,ACH-000867,CHAGOK1,lung,Lung Cancer,True,2.2575596447812982,0.8822131054430066,0.5363,,0.5363,0.5,0.397,0.1339,115,115,115,115.0,1,1,0.5309,60.0,0.397,55.0,False,False,False
Q05_MSLN_MUC1_LUNG,MSLN,MUC1,lung,P45_stress,0.45,ACH-000530,DMS114,lung,Lung Cancer,True,-0.06930541864305033,0.30522728052223214,0.1183,0.1911,0.144,0.9818,0.1374,0.1323,116,116,116,116.0,1,1,0.2697,114.0,0.1374,2.0,False,False,False
Q05_MSLN_MUC1_LUNG,MSLN,MUC1,lung,P45_stress,0.45,ACH-000890,SW1271,lung,Lung Cancer,True,-0.6697247599736476,0.15634307816707224,0.0853,0.0594,0.0762,0.906,0.0704,0.1303,117,117,117,117.0,1,1,0.2006,149.0,0.0703,-32.0,False,False,False
Q05_MSLN_MUC1_LUNG,MSLN,MUC1,lung,P45_stress,0.45,ACH-000496,NCIH1792,lung,Lung Cancer,True,-0.6996822795625924,0.14891460093205375,0.0833,0.0516,0.0721,0.9046,0.067,0.13,118,118,118,118.0,1,1,0.197,152.0,0.067,-34.0,False,False,False
Q05_MSLN_MUC1_LUNG,MSLN,MUC1,lung,P45_stress,0.45,ACH-000825,HOP92,lung,Lung Cancer,True,-0.5674562049901203,0.18170230826947759,0.1416,,0.1416,0.5875,0.0818,0.1267,119,119,119,119.0,1,1,0.2085,142.0,0.0818,-23.0,False,False,False
Q05_MSLN_MUC1_LUNG,MSLN,MUC1,lung,P45_stress,0.45,ACH-000523,NCIH1184,lung,Lung Cancer,True,0.2926886862848716,0.39498988452167333,0.2507,,0.2507,0.5875,0.1777,0.1235,120,120,120,120.0,1,1,0.3012,97.0,0.1777,23.0,False,False,False
Q05_MSLN_MUC1_LUNG,MSLN,MUC1,lung,P45_stress,0.45,ACH-000176,LOUNH91,lung,Lung Cancer,True,-1.0874594684266898,0.05275864211898072,0.082,,0.082,0.5,0.0237,0.1209,121,121,121,121.0,1,1,0.1447,188.0,0.0238,-67.0,False,False,False
Q05_MSLN_MUC1_LUNG,MSLN,MUC1,lung,P45_stress,0.45,ACH-000727,NCIH2066,lung,Lung Cancer,True,-0.5659615158528059,0.18207294189944162,0.0715,0.089,0.0776,0.9081,0.0819,0.1203,122,122,122,122.0,1,1,0.2022,147.0,0.0819,-25.0,False,False,False
Q05_MSLN_MUC1_LUNG,MSLN,MUC1,lung,P45_stress,0.45,ACH-000444,LU99,lung,Lung Cancer,True,-1.144325918676285,0.03865763719895664,0.0735,,0.0735,0.5,0.0174,0.1201,123,123,123,123.0,1,1,0.1375,199.0,0.0174,-76.0,False,False,False
Q05_MSLN_MUC1_LUNG,MSLN,MUC1,lung,P45_stress,0.45,ACH-000747,NCIH1703,lung,Lung Cancer,True,-0.201444141495514,0.27246123353160695,0.1265,0.0751,0.1083,0.9872,0.1226,0.1175,124,124,124,124.0,1,1,0.2402,129.5,0.1227,-5.5,False,False,False
Q05_MSLN_MUC1_LUNG,MSLN,MUC1,lung,P45_stress,0.45,ACH-000150,HCC2935,lung,Lung Cancer,True,1.7323728057661476,0.7519840834382922,0.4313,,0.4313,0.5875,0.3384,0.1163,125,125,125,125.0,1,1,0.4547,68.0,0.3384,57.0,False,False,False
Q05_MSLN_MUC1_LUNG,MSLN,MUC1,lung,P45_stress,0.45,ACH-000015,NCIH1581,lung,Lung Cancer,True,-0.37497430563302875,0.22943147367257474,0.111,0.0361,0.0846,0.9813,0.1032,0.1158,126,126,126,126.0,1,1,0.2191,138.0,0.1033,-12.0,False,False,False
Q05_MSLN_MUC1_LUNG,MSLN,MUC1,lung,P45_stress,0.45,ACH-000921,NCIH157DM,lung,Lung Cancer,True,-0.6783566273391652,0.1542026596310827,0.1277,,0.1277,0.5,0.0694,0.1142,127,127,127,127.0,1,1,0.1836,159.0,0.0694,-32.0,False,False,False
Q05_MSLN_MUC1_LUNG,MSLN,MUC1,lung,P45_stress,0.45,ACH-000800,NCIH446,lung,Lung Cancer,True,-1.1372411169745236,0.040414434453145104,0.0623,,0.0623,0.5,0.0182,0.1097,128,128,128,128.0,1,1,0.1279,220.5,0.0182,-92.5,False,False,False
Q05_MSLN_MUC1_LUNG,MSLN,MUC1,lung,P45_stress,0.45,ACH-000731,HCC2279,lung,Lung Cancer,True,-0.5779046405844149,0.17911144070037427,0.1329,,0.1329,0.5,0.0806,0.1074,129,129,129,129.0,1,1,0.188,156.0,0.0806,-27.0,False,False,False
Q05_MSLN_MUC1_LUNG,MSLN,MUC1,lung,P45_stress,0.45,ACH-000866,NCIH1048,lung,Lung Cancer,True,-0.5190255579607811,0.19371151209780205,0.085,0.0397,0.069,0.9012,0.0872,0.1067,130,130,130,130.0,1,1,0.1938,153.0,0.0871,-23.0,False,False,False
Q05_MSLN_MUC1_LUNG,MSLN,MUC1,lung,P45_stress,0.45,ACH-000705,LC1F,lung,Lung Cancer,True,-0.8529594344430379,0.11090691967869752,0.0956,,0.0956,0.5,0.0499,0.1063,131,131,131,131.0,1,1,0.1562,176.0,0.0499,-45.0,False,False,False
Q05_MSLN_MUC1_LUNG,MSLN,MUC1,lung,P45_stress,0.45,ACH-000752,NCIH196,lung,Lung Cancer,True,0.10138147482917648,0.34755200299165734,0.0923,0.2074,0.1329,0.9712,0.1564,0.1022,132,132,132,132.0,1,1,0.2586,118.0,0.1564,14.0,False,False,False
Q05_MSLN_MUC1_LUNG,MSLN,MUC1,lung,P45_stress,0.45,ACH-000816,NCIH524,lung,Lung Cancer,True,-0.9600027597309388,0.08436370395281048,0.0742,,0.0742,0.5,0.038,0.1001,133,133,133,133.0,1,1,0.1381,196.5,0.038,-63.5,False,False,False
Q05_MSLN_MUC1_LUNG,MSLN,MUC1,lung,P45_stress,0.45,ACH-000327,NCIH1395,lung,Lung Cancer,True,0.03883511812721268,0.3320425685234799,0.188,,0.188,0.5875,0.1494,0.0985,134,134,134,134.0,1,1,0.2479,126.0,0.1494,8.0,False,False,False
Q05_MSLN_MUC1_LUNG,MSLN,MUC1,lung,P45_stress,0.45,ACH-000143,HCC2429,lung,Lung Cancer,True,-0.9652463181122719,0.08306347434099051,0.0682,,0.0682,0.5,0.0374,0.0956,135,135,135,135.0,1,1,0.133,210.0,0.0374,-75.0,False,False,False
Q05_MSLN_MUC1_LUNG,MSLN,MUC1,lung,P45_stress,0.45,ACH-000448,NCIH1666,lung,Lung Cancer,True,-0.1031116368726311,0.29684445290611733,0.1115,0.0579,0.0925,0.9866,0.1336,0.0931,136,136,136,136.0,1,1,0.2267,136.0,0.1336,0.0,False,False,False
Q05_MSLN_MUC1_LUNG,MSLN,MUC1,lung,P45_stress,0.45,ACH-000710,NCIH854,lung,Lung Cancer,True,-0.8951961177605641,0.10043361465171151,0.0728,,0.0728,0.5,0.0452,0.0917,137,137,137,137.0,1,1,0.1369,202.5,0.0452,-65.5,False,False,False
Q05_MSLN_MUC1_LUNG,MSLN,MUC1,lung,P45_stress,0.45,ACH-000675,NCIH1734,lung,Lung Cancer,True,1.0705218865979738,0.5878668750219059,0.3152,,0.3152,0.5875,0.2645,0.0915,138,138,138,138.0,1,1,0.356,85.0,0.2645,53.0,False,False,False
Q05_MSLN_MUC1_LUNG,MSLN,MUC1,lung,P45_stress,0.45,ACH-000670,SBC5,lung,Lung Cancer,True,0.0904302864587773,0.3448364693085573,0.1046,0.1816,0.1318,0.8932,0.1552,0.0908,139,139,139,139.0,1,1,0.246,128.0,0.1552,11.0,False,False,False
Q05_MSLN_MUC1_LUNG,MSLN,MUC1,lung,P45_stress,0.45,ACH-000648,NCIH28,lung,Lung Cancer,True,-0.7880675869267035,0.12699795854398693,0.084,,0.084,0.5,0.0571,0.0892,140,140,140,140.0,1,1,0.1464,185.5,0.0572,-45.5,False,False,False
Q05_MSLN_MUC1_LUNG,MSLN,MUC1,lung,P45_stress,0.45,ACH-001362,NCIH1770,lung,Lung Cancer,True,-0.5834763264383852,0.17772984629286642,0.1103,,0.1103,0.5,0.08,0.0888,141,141,141,141.0,1,1,0.1688,168.0,0.08,-27.0,False,False,False
Q05_MSLN_MUC1_LUNG,MSLN,MUC1,lung,P45_stress,0.45,ACH-000757,A427,lung,Lung Cancer,True,0.49636083345099946,0.4454938624674724,0.236,,0.236,0.5875,0.2005,0.0883,142,142,142,142.0,1,1,0.2887,102.0,0.2004,40.0,False,False,False
Q05_MSLN_MUC1_LUNG,MSLN,MUC1,lung,P45_stress,0.45,ACH-000414,NCIH1944,lung,Lung Cancer,True,1.2851770323205338,0.6410942745282405,0.3506,0.1721,0.2876,0.8679,0.2885,0.0862,143,143,143,143.0,1,1,0.3747,79.0,0.2885,64.0,False,False,False
Q05_MSLN_MUC1_LUNG,MSLN,MUC1,lung,P45_stress,0.45,ACH-000506,NCIH146,lung,Lung Cancer,True,-0.7534939258662176,0.1355710866815328,0.0667,,0.0667,0.5875,0.061,0.0838,144,144,144,144.0,1,1,0.1448,187.0,0.061,-43.0,False,False,False
Q05_MSLN_MUC1_LUNG,MSLN,MUC1,lung,P45_stress,0.45,ACH-001113,LC1SQSF,lung,Lung Cancer,True,-0.9364362910804367,0.0902074112517497,0.072,,0.072,0.4125,0.0406,0.0825,145,145,145,145.0,1,1,0.1231,225.0,0.0406,-80.0,False,False,False
Q05_MSLN_MUC1_LUNG,MSLN,MUC1,lung,P45_stress,0.45,ACH-002133,H2810,lung,Lung Cancer,True,-0.6990560626448102,0.14906988208288857,0.103,,0.103,0.4125,0.0671,0.0824,146,146,146,146.0,1,1,0.1495,183.0,0.0671,-37.0,False,False,False
Q05_MSLN_MUC1_LUNG,MSLN,MUC1,lung,P45_stress,0.45,ACH-002156,LC1SQ,lung,Lung Cancer,True,-1.3002242120964689,0.0,0.0194,,0.0194,0.4125,0.0,0.0783,147,147,147,147.0,1,1,0.0783,234.0,0.0,-87.0,False,False,False
Q05_MSLN_MUC1_LUNG,MSLN,MUC1,lung,P45_stress,0.45,ACH-000860,NCIH358,lung,Lung Cancer,True,0.5997308128147568,0.47112620950502127,0.1267,0.2333,0.1643,0.9733,0.212,0.0737,148,148,148,148.0,1,1,0.2857,104.0,0.212,44.0,False,False,False
Q05_MSLN_MUC1_LUNG,MSLN,MUC1,lung,P45_stress,0.45,ACH-000639,NCIH211,lung,Lung Cancer,True,-0.8019248165449762,0.12356182243618484,0.063,,0.063,0.5,0.0556,0.073,149,149,149,149.0,1,1,0.1286,217.0,0.0556,-68.0,False,False,False
Q05_MSLN_MUC1_LUNG,MSLN,MUC1,lung,P45_stress,0.45,ACH-000339,HCC461,lung,Lung Cancer,True,-0.03505596234685509,0.3137200165664384,0.1618,,0.1618,0.5,0.1412,0.0714,150,150,150,150.0,1,1,0.2126,140.0,0.1412,10.0,False,False,False
Q05_MSLN_MUC1_LUNG,MSLN,MUC1,lung,P45_stress,0.45,ACH-000297,NCIH889,lung,Lung Cancer,True,-0.4406938958005897,0.2131351819183459,0.089,,0.089,0.5875,0.0959,0.0679,151,151,151,151.0,1,1,0.1638,171.0,0.0959,-20.0,False,False,False
Q05_MSLN_MUC1_LUNG,MSLN,MUC1,lung,P45_stress,0.45,ACH-000585,EPLC272H,lung,Lung Cancer,True,-0.3645534191807533,0.23201550996268228,0.1126,,0.1126,0.5,0.1044,0.0663,152,152,152,152.0,1,1,0.1707,165.0,0.1044,-13.0,False,False,False
Q05_MSLN_MUC1_LUNG,MSLN,MUC1,lung,P45_stress,0.45,ACH-000021,NCIH1693,lung,Lung Cancer,True,0.38952942475722335,0.41900319507057854,0.0903,0.2281,0.139,0.8781,0.1886,0.0613,153,153,153,153.0,1,1,0.2498,124.0,0.1885,29.0,False,False,False
Q05_MSLN_MUC1_LUNG,MSLN,MUC1,lung,P45_stress,0.45,ACH-000559,NCIH1836,lung,Lung Cancer,True,-0.3851000842804786,0.22692061438911207,0.0986,,0.0986,0.5,0.1021,0.0567,154,154,154,154.0,1,1,0.1588,174.0,0.1021,-20.0,False,False,False
Q05_MSLN_MUC1_LUNG,MSLN,MUC1,lung,P45_stress,0.45,ACH-000337,NCIH3122,lung,Lung Cancer,True,1.1137497758877595,0.5985859664524786,0.279,,0.279,0.5875,0.2694,0.0559,155,155,155,155.0,1,1,0.3253,93.0,0.2694,62.0,False,False,False
Q05_MSLN_MUC1_LUNG,MSLN,MUC1,lung,P45_stress,0.45,ACH-000766,NCIH1648,lung,Lung Cancer,True,0.999478754345698,0.5702505203342773,0.2793,,0.2793,0.5,0.2566,0.0558,156,156,156,156.0,1,1,0.3124,94.0,0.2566,62.0,False,False,False
Q05_MSLN_MUC1_LUNG,MSLN,MUC1,lung,P45_stress,0.45,ACH-000665,SKMES1,lung,Lung Cancer,True,-0.16887637648745502,0.2805369655774294,0.1077,,0.1077,0.5875,0.1262,0.0534,157,157,157,157.0,1,1,0.1797,163.0,0.1263,-6.0,False,False,False
Q05_MSLN_MUC1_LUNG,MSLN,MUC1,lung,P45_stress,0.45,ACH-000382,CORL24,lung,Lung Cancer,True,-0.5393921621287209,0.1886612656991648,0.0735,,0.0735,0.5,0.0849,0.0526,158,158,158,158.0,1,1,0.1375,199.0,0.0849,-41.0,False,False,False
Q05_MSLN_MUC1_LUNG,MSLN,MUC1,lung,P45_stress,0.45,ACH-000610,NCIH2227,lung,Lung Cancer,True,-0.36502414597181243,0.23189878523716173,0.0927,,0.0927,0.5,0.1044,0.0495,159,159,159,159.0,1,1,0.1538,180.0,0.1043,-21.0,False,False,False
Q05_MSLN_MUC1_LUNG,MSLN,MUC1,lung,P45_stress,0.45,ACH-001364,NCIH345,lung,Lung Cancer,True,-0.7938777237571664,0.12555723615542966,0.0358,,0.0358,0.5,0.0565,0.0489,160,160,160,160.0,1,1,0.1054,233.0,0.0565,-73.0,False,False,False
Q05_MSLN_MUC1_LUNG,MSLN,MUC1,lung,P45_stress,0.45,ACH-002173,NCIH378,lung,Lung Cancer,True,-1.126354464930915,0.04311396525479925,0.0029,,0.0029,0.4125,0.0194,0.045,161,161,161,161.0,1,1,0.0644,235.0,0.0194,-74.0,False,False,False
Q05_MSLN_MUC1_LUNG,MSLN,MUC1,lung,P45_stress,0.45,ACH-000012,HCC827,lung,Lung Cancer,True,0.7162418749040604,0.5000171118305131,0.1348,0.1492,0.1399,0.9964,0.225,0.0434,162,162,162,162.0,1,1,0.2684,115.0,0.225,47.0,False,False,False
Q05_MSLN_MUC1_LUNG,MSLN,MUC1,lung,P45_stress,0.45,ACH-000438,LU65,lung,Lung Cancer,True,2.2629348789322674,0.883545986304682,0.4378,0.2241,0.3624,0.8591,0.3976,0.0393,163,163,163,163.0,1,1,0.4369,72.0,0.3976,91.0,False,False,False
Q05_MSLN_MUC1_LUNG,MSLN,MUC1,lung,P45_stress,0.45,ACH-000029,HCC827GR5,lung,Lung Cancer,True,0.8785146427876953,0.5402554085462353,0.2394,,0.2394,0.5,0.2431,0.0354,164,164,164,164.0,1,1,0.2785,107.0,0.2431,57.0,False,False,False
Q05_MSLN_MUC1_LUNG,MSLN,MUC1,lung,P45_stress,0.45,ACH-000779,PC9,lung,Lung Cancer,True,-0.08975645099988883,0.30015609871613014,0.0957,,0.0957,0.5875,0.1351,0.0344,165,165,165,165.0,1,1,0.1695,167.0,0.1351,-2.0,False,False,False
Q05_MSLN_MUC1_LUNG,MSLN,MUC1,lung,P45_stress,0.45,ACH-000431,NCIH1694,lung,Lung Cancer,True,-0.37727891133014635,0.22886000743666352,0.0714,,0.0714,0.5,0.103,0.0327,166,166,166,166.0,1,1,0.1357,204.5,0.103,-38.5,False,False,False
Q05_MSLN_MUC1_LUNG,MSLN,MUC1,lung,P45_stress,0.45,ACH-000521,NCIH2030,lung,Lung Cancer,True,0.7734054854712152,0.514191802712674,0.1278,0.1439,0.1335,0.996,0.2314,0.0315,167,167,167,167.0,1,1,0.2628,116.0,0.2313,51.0,False,False,False
Q05_MSLN_MUC1_LUNG,MSLN,MUC1,lung,P45_stress,0.45,ACH-000672,IALM,lung,Lung Cancer,True,0.2567766488853586,0.3860848831749043,0.0918,0.0622,0.0813,0.9051,0.1737,0.0312,168,168,168,168.0,1,1,0.2049,144.0,0.1737,24.0,False,False,False
Q05_MSLN_MUC1_LUNG,MSLN,MUC1,lung,P45_stress,0.45,ACH-001365,NCIH847,lung,Lung Cancer,True,-0.5961751283240612,0.17458096207233953,0.054,,0.054,0.4125,0.0786,0.0292,169,169,170,169.5,2,2,0.1078,231.0,0.0786,-61.5,False,False,False
Q05_MSLN_MUC1_LUNG,MSLN,MUC1,lung,P45_stress,0.45,ACH-002128,H2722,lung,Lung Cancer,True,0.9707103033928699,0.5631168929204545,0.2597,,0.2597,0.4125,0.2534,0.0292,170,169,170,169.5,2,2,0.2826,106.0,0.2534,63.5,False,False,False
Q05_MSLN_MUC1_LUNG,MSLN,MUC1,lung,P45_stress,0.45,ACH-000064,SALE,lung,Non-Cancerous,True,0.12055509427521965,0.35230642850892885,0.132,,0.132,0.5,0.1585,0.0287,171,171,171,171.0,1,1,0.1872,157.0,0.1585,14.0,False,False,False
Q05_MSLN_MUC1_LUNG,MSLN,MUC1,lung,P45_stress,0.45,ACH-000390,LUDLU1,lung,Lung Cancer,True,0.7223252781593708,0.5015255952835352,0.0945,0.1842,0.1261,0.9776,0.2257,0.0282,172,172,172,172.0,1,1,0.2539,122.0,0.2257,50.0,False,False,False
Q05_MSLN_MUC1_LUNG,MSLN,MUC1,lung,P45_stress,0.45,ACH-000587,NCIH1975,lung,Lung Cancer,True,0.7552419241939804,0.5096878383222244,0.1171,0.147,0.1277,0.9925,0.2294,0.028,173,173,173,173.0,1,1,0.2574,121.0,0.2294,52.0,False,False,False
Q05_MSLN_MUC1_LUNG,MSLN,MUC1,lung,P45_stress,0.45,ACH-001234,VMRCLCP,lung,Lung Cancer,True,-0.09991110515077373,0.29763807925976726,0.1175,,0.1175,0.4125,0.1339,0.0278,174,174,174,174.0,1,1,0.1617,173.0,0.1339,1.0,False,False,False
Q05_MSLN_MUC1_LUNG,MSLN,MUC1,lung,P45_stress,0.45,ACH-000525,NCIH2171,lung,Lung Cancer,True,-0.1367890075241806,0.2884935752415781,0.0911,,0.0911,0.5,0.1298,0.0226,175,175,175,175.0,1,1,0.1525,181.5,0.1299,-6.5,False,False,False
Q05_MSLN_MUC1_LUNG,MSLN,MUC1,lung,P45_stress,0.45,ACH-000562,HCC78,lung,Lung Cancer,True,1.8558101950072348,0.7825924865540799,0.3521,,0.3521,0.5,0.3522,0.0221,176,176,176,176.0,1,1,0.3743,80.0,0.3522,96.0,False,False,False
Q05_MSLN_MUC1_LUNG,MSLN,MUC1,lung,P45_stress,0.45,ACH-001549,LU135,lung,Lung Cancer,True,-0.42582065613224396,0.21682325502330527,0.0676,,0.0676,0.4125,0.0976,0.0217,177,177,177,177.0,1,1,0.1193,228.0,0.0976,-51.0,False,False,False
Q05_MSLN_MUC1_LUNG,MSLN,MUC1,lung,P45_stress,0.45,ACH-001233,VMRCLCD,lung,Lung Cancer,True,0.06557595599559328,0.3386734147375934,0.112,,0.112,0.5,0.1524,0.0178,178,178,178,178.0,1,1,0.1702,166.0,0.1524,12.0,False,False,False
Q05_MSLN_MUC1_LUNG,MSLN,MUC1,lung,P45_stress,0.45,ACH-000870,NCIH1930,lung,Lung Cancer,True,-0.3133411209489228,0.24471447158527668,0.0608,,0.0608,0.5,0.1101,0.0165,179,179,179,179.0,1,1,0.1267,223.5,0.1102,-44.5,False,False,False
Q05_MSLN_MUC1_LUNG,MSLN,MUC1,lung,P45_stress,0.45,ACH-000900,NCIH23,lung,Lung Cancer,True,0.28102192436941675,0.3920969121900348,0.12,,0.12,0.5875,0.1764,0.0136,180,180,180,180.0,1,1,0.1901,154.0,0.1765,26.0,False,False,False
Q05_MSLN_MUC1_LUNG,MSLN,MUC1,lung,P45_stress,0.45,ACH-000508,CORL88,lung,Lung Cancer,True,0.4125711126931538,0.4247167740529861,0.0821,0.0751,0.0797,0.9107,0.1911,0.0132,181,181,181,181.0,1,1,0.2043,145.0,0.1911,36.0,False,False,False
Q05_MSLN_MUC1_LUNG,MSLN,MUC1,lung,P45_stress,0.45,ACH-000790,SHP77,lung,Lung Cancer,True,-0.18485038001527795,0.27657593932469765,0.0576,,0.0576,0.5875,0.1245,0.0127,182,182,182,182.0,1,1,0.1371,201.0,0.1244,-19.0,False,False,False
Q05_MSLN_MUC1_LUNG,MSLN,MUC1,lung,P45_stress,0.45,ACH-000729,NCIH1963,lung,Lung Cancer,True,0.5286911564585922,0.4535107167250366,0.1482,,0.1482,0.5875,0.2041,0.01,183,183,183,183.0,1,1,0.2141,139.0,0.2041,44.0,False,False,False
Q05_MSLN_MUC1_LUNG,MSLN,MUC1,lung,P45_stress,0.45,ACH-000638,NCIH441,lung,Lung Cancer,True,2.484390425953605,0.9384596611412211,0.1709,0.1119,0.1501,0.9852,0.4223,0.0,184,184,236,210.0,53,1,0.2754,109.0,0.2754,101.0,False,False,True
Q05_MSLN_MUC1_LUNG,MSLN,MUC1,lung,P45_stress,0.45,ACH-000718,NCIH2291,lung,Lung Cancer,True,1.6373960494698745,0.7284329790183147,0.1299,0.0623,0.1061,0.9831,0.3278,0.0,185,184,236,210.0,53,1,0.2376,132.0,0.2376,78.0,False,False,True
Q05_MSLN_MUC1_LUNG,MSLN,MUC1,lung,P45_stress,0.45,ACH-000447,NCIH2228,lung,Lung Cancer,True,2.4321898274088976,0.9255156336227748,0.2077,0.0968,0.1686,0.9723,0.4165,0.0,186,184,236,210.0,53,1,0.2891,100.0,0.2891,110.0,False,False,True
Q05_MSLN_MUC1_LUNG,MSLN,MUC1,lung,P45_stress,0.45,ACH-000109,NCIH3255,lung,Lung Cancer,True,2.6278318576514486,0.9740284073040079,0.3138,0.1203,0.2455,0.9516,0.4383,0.0,187,184,236,210.0,53,1,0.3514,88.0,0.3514,122.0,False,False,True
Q05_MSLN_MUC1_LUNG,MSLN,MUC1,lung,P45_stress,0.45,ACH-000712,HCC1833,lung,Lung Cancer,True,2.256383906924849,0.8819215612156867,0.082,0.0596,0.0741,0.9069,0.3969,0.0,188,184,236,210.0,53,1,0.199,150.0,0.199,60.0,False,False,True
Q05_MSLN_MUC1_LUNG,MSLN,MUC1,lung,P45_stress,0.45,ACH-000161,CORL105,lung,Lung Cancer,True,1.4405709643644526,0.6796268467333921,0.084,0.0,0.0543,0.8915,0.3058,0.0,189,184,236,210.0,53,1,0.1799,162.0,0.1799,48.0,False,False,True
Q05_MSLN_MUC1_LUNG,MSLN,MUC1,lung,P45_stress,0.45,ACH-000066,HCC4006,lung,Lung Cancer,True,1.5448581063677935,0.7054866198690439,0.0868,,0.0868,0.5875,0.3175,0.0,190,184,236,210.0,53,9,0.1619,172.0,0.1619,38.0,False,False,True
Q05_MSLN_MUC1_LUNG,MSLN,MUC1,lung,P45_stress,0.45,ACH-000186,NCIH2444,lung,Lung Cancer,True,1.1962196067373638,0.6190357656831261,0.1923,,0.1923,0.5875,0.2786,0.0,191,184,236,210.0,53,9,0.2516,123.0,0.2516,87.0,False,False,True
Q05_MSLN_MUC1_LUNG,MSLN,MUC1,lung,P45_stress,0.45,ACH-000290,NCIH209,lung,Lung Cancer,True,0.3108300231604543,0.399488337993195,0.0538,,0.0538,0.5875,0.1798,0.0,192,184,236,210.0,53,9,0.1338,208.5,0.1338,1.5,False,False,True
Q05_MSLN_MUC1_LUNG,MSLN,MUC1,lung,P45_stress,0.45,ACH-000292,NCIH841,lung,Lung Cancer,True,0.15868549721775918,0.3617615113765126,0.0501,,0.0501,0.5875,0.1628,0.0,193,184,236,210.0,53,9,0.1307,214.0,0.1307,-4.0,False,False,True
Q05_MSLN_MUC1_LUNG,MSLN,MUC1,lung,P45_stress,0.45,ACH-000358,NCIH69,lung,Lung Cancer,True,0.4540954061300517,0.4350134298752544,0.0514,,0.0514,0.5875,0.1958,0.0,194,184,236,210.0,53,9,0.1318,213.0,0.1318,-3.0,False,False,True
Q05_MSLN_MUC1_LUNG,MSLN,MUC1,lung,P45_stress,0.45,ACH-000733,NCIH1838,lung,Lung Cancer,True,1.1621188788808021,0.6105799093887515,0.0973,,0.0973,0.5875,0.2748,0.0,195,184,236,210.0,53,9,0.1709,164.0,0.1709,46.0,False,False,True
Q05_MSLN_MUC1_LUNG,MSLN,MUC1,lung,P45_stress,0.45,ACH-000767,NCIH526,lung,Lung Cancer,True,0.744757281717467,0.5070879926399795,0.0527,,0.0527,0.5875,0.2282,0.0,196,184,236,210.0,53,9,0.1329,211.0,0.1329,-1.0,False,False,True
Q05_MSLN_MUC1_LUNG,MSLN,MUC1,lung,P45_stress,0.45,ACH-000789,NCIH810,lung,Lung Cancer,True,0.25958201376688167,0.3867805211797945,0.0781,,0.0781,0.5875,0.1741,0.0,197,184,236,210.0,53,9,0.1545,178.0,0.1545,32.0,False,False,True
Q05_MSLN_MUC1_LUNG,MSLN,MUC1,lung,P45_stress,0.45,ACH-000893,NCIH1651,lung,Lung Cancer,True,1.479798695698611,0.689354030865978,0.2554,,0.2554,0.5875,0.3102,0.0,198,184,236,210.0,53,9,0.3052,95.5,0.3052,114.5,False,False,True
Q05_MSLN_MUC1_LUNG,MSLN,MUC1,lung,P45_stress,0.45,ACH-000179,NCIH1618,lung,Lung Cancer,True,0.6637786101364762,0.48700795174822903,0.1611,,0.1611,0.5,0.2192,0.0,199,184,236,210.0,53,32,0.2119,141.0,0.2119,69.0,False,False,True
Q05_MSLN_MUC1_LUNG,MSLN,MUC1,lung,P45_stress,0.45,ACH-000187,CORL311,lung,Lung Cancer,True,0.02723387401857852,0.3291658424479778,0.063,,0.063,0.5,0.1481,0.0,200,184,236,210.0,53,32,0.1286,217.0,0.1286,-7.0,False,False,True
Q05_MSLN_MUC1_LUNG,MSLN,MUC1,lung,P45_stress,0.45,ACH-000257,CORL279,lung,Lung Cancer,True,0.09058615213688201,0.3448751188582333,0.0763,,0.0763,0.5,0.1552,0.0,201,184,236,210.0,53,32,0.1399,193.0,0.1399,17.0,False,False,True
Q05_MSLN_MUC1_LUNG,MSLN,MUC1,lung,P45_stress,0.45,ACH-000298,NCIH2029,lung,Lung Cancer,True,1.0542668116031226,0.5838361523115608,0.0714,,0.0714,0.5,0.2627,0.0,202,184,236,210.0,53,32,0.1357,204.5,0.1357,5.5,False,False,True
Q05_MSLN_MUC1_LUNG,MSLN,MUC1,lung,P45_stress,0.45,ACH-000394,NCIH2081,lung,Lung Cancer,True,0.48748693147821653,0.443293427328145,0.0707,,0.0707,0.5,0.1995,0.0,203,184,236,210.0,53,32,0.1351,206.5,0.1351,3.5,False,False,True
Q05_MSLN_MUC1_LUNG,MSLN,MUC1,lung,P45_stress,0.45,ACH-000399,NCIH2196,lung,Lung Cancer,True,0.09967085201135509,0.34712782492771055,0.0742,,0.0742,0.5,0.1562,0.0,204,184,236,210.0,53,32,0.1381,196.5,0.1381,13.5,False,False,True
Q05_MSLN_MUC1_LUNG,MSLN,MUC1,lung,P45_stress,0.45,ACH-000514,NCIH1092,lung,Lung Cancer,True,0.4568290885073603,0.4356912929822888,0.0623,,0.0623,0.5,0.1961,0.0,205,184,236,210.0,53,32,0.1279,220.5,0.1279,-10.5,False,False,True
Q05_MSLN_MUC1_LUNG,MSLN,MUC1,lung,P45_stress,0.45,ACH-000515,HCC33,lung,Lung Cancer,True,0.13139302658276247,0.3549938784222042,0.0852,,0.0852,0.5,0.1597,0.0,206,184,236,210.0,53,32,0.1474,184.0,0.1474,26.0,False,False,True
Q05_MSLN_MUC1_LUNG,MSLN,MUC1,lung,P45_stress,0.45,ACH-000575,HCC364,lung,Lung Cancer,True,0.40577925669862935,0.4230326176765194,0.077,,0.077,0.5,0.1904,0.0,207,184,236,210.0,53,32,0.1404,192.0,0.1404,18.0,False,False,True
Q05_MSLN_MUC1_LUNG,MSLN,MUC1,lung,P45_stress,0.45,ACH-000578,HCC1171,lung,Lung Cancer,True,0.5712265403091961,0.46405808963683093,0.1265,,0.1265,0.5,0.2088,0.0,208,184,236,210.0,53,32,0.1825,161.0,0.1825,49.0,False,False,True
Q05_MSLN_MUC1_LUNG,MSLN,MUC1,lung,P45_stress,0.45,ACH-000586,NCIH1876,lung,Lung Cancer,True,0.6800316691762034,0.49103817456816434,0.079,,0.079,0.5,0.221,0.0,209,184,236,210.0,53,32,0.1421,190.5,0.1421,19.5,False,False,True
Q05_MSLN_MUC1_LUNG,MSLN,MUC1,lung,P45_stress,0.45,ACH-000594,DMS153,lung,Lung Cancer,True,0.5657551417314889,0.46270136316762056,0.1059,,0.1059,0.5,0.2082,0.0,210,184,236,210.0,53,32,0.165,169.0,0.165,41.0,False,False,True
Q05_MSLN_MUC1_LUNG,MSLN,MUC1,lung,P45_stress,0.45,ACH-000596,LCLC97TM1,lung,Lung Cancer,True,0.6251160607566091,0.47742091410769927,0.063,,0.063,0.5,0.2148,0.0,211,184,236,210.0,53,32,0.1286,217.0,0.1286,-7.0,False,False,True
Q05_MSLN_MUC1_LUNG,MSLN,MUC1,lung,P45_stress,0.45,ACH-000603,BEN,lung,Lung Cancer,True,1.8114630586742941,0.7715958587555262,0.0978,,0.0978,0.5,0.3472,0.0,212,184,236,210.0,53,32,0.1582,175.0,0.1582,35.0,False,False,True
Q05_MSLN_MUC1_LUNG,MSLN,MUC1,lung,P45_stress,0.45,ACH-000659,SCLC21H,lung,Lung Cancer,True,0.35580558236574766,0.4106407939465924,0.0735,,0.0735,0.5,0.1848,0.0,213,184,236,210.0,53,32,0.1375,199.0,0.1375,11.0,False,False,True
Q05_MSLN_MUC1_LUNG,MSLN,MUC1,lung,P45_stress,0.45,ACH-000669,SW900,lung,Lung Cancer,True,1.7459975402409158,0.7553625684152773,0.0749,,0.0749,0.5,0.3399,0.0,214,184,236,210.0,53,32,0.1387,195.0,0.1387,15.0,False,False,True
Q05_MSLN_MUC1_LUNG,MSLN,MUC1,lung,P45_stress,0.45,ACH-000695,CORL47,lung,Lung Cancer,True,0.6117426019526584,0.4741047372131587,0.0692,,0.0692,0.5,0.2133,0.0,215,184,236,210.0,53,32,0.1338,208.5,0.1338,1.5,False,False,True
Q05_MSLN_MUC1_LUNG,MSLN,MUC1,lung,P45_stress,0.45,ACH-000698,DMS53,lung,Lung Cancer,True,1.447524166052124,0.6813510115226031,0.063,,0.063,0.5,0.3066,0.0,216,184,236,210.0,53,32,0.1286,217.0,0.1286,-7.0,False,False,True
Q05_MSLN_MUC1_LUNG,MSLN,MUC1,lung,P45_stress,0.45,ACH-000703,DMS79,lung,Lung Cancer,True,0.6940117684776559,0.49450477830669487,0.079,,0.079,0.5,0.2225,0.0,217,184,236,210.0,53,32,0.1421,190.5,0.1421,19.5,False,False,True
Q05_MSLN_MUC1_LUNG,MSLN,MUC1,lung,P45_stress,0.45,ACH-000737,NCIH1385,lung,Lung Cancer,True,1.3136746856385797,0.648160753056145,0.0911,,0.0911,0.5,0.2917,0.0,218,184,236,210.0,53,32,0.1525,181.5,0.1525,28.5,False,False,True
Q05_MSLN_MUC1_LUNG,MSLN,MUC1,lung,P45_stress,0.45,ACH-000743,CORL95,lung,Lung Cancer,True,0.8644054753735959,0.5367568001708148,0.0756,,0.0756,0.5,0.2415,0.0,219,184,236,210.0,53,32,0.1393,194.0,0.1393,16.0,False,False,True
Q05_MSLN_MUC1_LUNG,MSLN,MUC1,lung,P45_stress,0.45,ACH-000780,NCIH1105,lung,Lung Cancer,True,0.3028734487455324,0.3975153698462664,0.0728,,0.0728,0.5,0.1789,0.0,220,184,236,210.0,53,32,0.1369,202.5,0.1369,7.5,False,False,True
Q05_MSLN_MUC1_LUNG,MSLN,MUC1,lung,P45_stress,0.45,ACH-000803,COLO668,lung,Lung Cancer,True,1.8493084291918374,0.7809802629785031,0.068,,0.068,0.5,0.3514,0.0,221,184,236,210.0,53,32,0.1328,212.0,0.1328,-2.0,False,False,True
Q05_MSLN_MUC1_LUNG,MSLN,MUC1,lung,P45_stress,0.45,ACH-000830,NCIH1436,lung,Lung Cancer,True,0.6777339225829209,0.490468409163877,0.0707,,0.0707,0.5,0.2207,0.0,222,184,236,210.0,53,32,0.1351,206.5,0.1351,3.5,False,False,True
Q05_MSLN_MUC1_LUNG,MSLN,MUC1,lung,P45_stress,0.45,ACH-000841,NCIH2087,lung,Lung Cancer,True,2.061894444358777,0.8336945863210027,0.1057,,0.1057,0.5,0.3752,0.0,223,184,236,210.0,53,32,0.1649,170.0,0.1649,40.0,False,False,True
Q05_MSLN_MUC1_LUNG,MSLN,MUC1,lung,P45_stress,0.45,ACH-000844,DMS454,lung,Lung Cancer,True,0.7674183571395843,0.5127071922667855,0.0608,,0.0608,0.5,0.2307,0.0,224,184,236,210.0,53,32,0.1267,223.5,0.1267,-13.5,False,False,True
Q05_MSLN_MUC1_LUNG,MSLN,MUC1,lung,P45_stress,0.45,ACH-000845,NCIH1373,lung,Lung Cancer,True,0.6370488993202483,0.48037986467621885,0.1516,,0.1516,0.5,0.2162,0.0,225,184,236,210.0,53,32,0.2039,146.0,0.2039,64.0,False,False,True
Q05_MSLN_MUC1_LUNG,MSLN,MUC1,lung,P45_stress,0.45,ACH-000868,HCC1195,lung,Lung Cancer,True,0.6388812234776671,0.48083422066020304,0.084,,0.084,0.5,0.2164,0.0,226,184,236,210.0,53,32,0.1464,185.5,0.1464,24.5,False,False,True
Q05_MSLN_MUC1_LUNG,MSLN,MUC1,lung,P45_stress,0.45,ACH-000871,NCIH510,lung,Lung Cancer,True,0.6370078642211534,0.48036968932446594,0.063,,0.063,0.5,0.2162,0.0,227,184,236,210.0,53,32,0.1286,217.0,0.1286,-7.0,False,False,True
Q05_MSLN_MUC1_LUNG,MSLN,MUC1,lung,P45_stress,0.45,ACH-000904,NCIH2106,lung,Lung Cancer,True,1.5277182234334181,0.7012364939595584,0.1827,,0.1827,0.5,0.3156,0.0,228,184,236,210.0,53,32,0.2303,134.0,0.2303,76.0,False,False,True
Q05_MSLN_MUC1_LUNG,MSLN,MUC1,lung,P45_stress,0.45,ACH-001136,NCIH187,lung,Lung Cancer,True,0.22454184464279298,0.3780917144220566,0.0555,,0.0555,0.5,0.1701,0.0,229,184,236,210.0,53,32,0.1221,226.0,0.1221,-16.0,False,False,True
Q05_MSLN_MUC1_LUNG,MSLN,MUC1,lung,P45_stress,0.45,ACH-001386,SCLC22H,lung,Lung Cancer,True,0.3686554633580033,0.4138271408048581,0.0814,,0.0814,0.5,0.1862,0.0,230,184,236,210.0,53,32,0.1442,189.0,0.1442,21.0,False,False,True
Q05_MSLN_MUC1_LUNG,MSLN,MUC1,lung,P45_stress,0.45,ACH-001049,CPCN,lung,Lung Cancer,True,0.0379718651588857,0.33182851024658416,0.054,,0.054,0.4125,0.1493,0.0,231,184,236,210.0,53,6,0.1078,231.0,0.1078,-21.0,False,False,True
Q05_MSLN_MUC1_LUNG,MSLN,MUC1,lung,P45_stress,0.45,ACH-001138,NCIH2141,lung,Lung Cancer,True,0.7483696784841555,0.5079837479466072,0.0,,0.0,0.4125,0.2286,0.0,232,184,236,210.0,53,6,0.0619,236.0,0.0619,-26.0,False,False,True
Q05_MSLN_MUC1_LUNG,MSLN,MUC1,lung,P45_stress,0.45,ACH-001417,UMC11,lung,Lung Cancer,True,2.0299051397037147,0.8257622933723604,0.054,,0.054,0.4125,0.3716,0.0,233,184,236,210.0,53,6,0.1078,231.0,0.1078,-21.0,False,False,True
Q05_MSLN_MUC1_LUNG,MSLN,MUC1,lung,P45_stress,0.45,ACH-002051,LU134A,lung,Lung Cancer,True,1.0056801837547689,0.5717882703824106,0.0764,,0.0764,0.4125,0.2573,0.0,234,184,236,210.0,53,6,0.1268,222.0,0.1268,-12.0,False,False,True
Q05_MSLN_MUC1_LUNG,MSLN,MUC1,lung,P45_stress,0.45,ACH-002077,LU165,lung,Lung Cancer,True,-0.16433174345242005,0.28166388474515414,0.0676,,0.0676,0.4125,0.1267,0.0,235,184,236,210.0,53,6,0.1193,228.0,0.1193,-18.0,False,False,True
Q05_MSLN_MUC1_LUNG,MSLN,MUC1,lung,P45_stress,0.45,ACH-002170,NCIH1688,lung,Lung Cancer,True,2.5259260688542295,0.9487591312563307,0.0676,,0.0676,0.4125,0.4269,0.0,236,184,236,210.0,53,6,0.1193,228.0,0.1193,-18.0,False,False,True
