panel,panel_stratum,gene,config,description,rna_protein_correlation,adaptive_rna_trust,n_candidates,gene_has_protein,n_candidates_depmap_rna,n_candidates_hpa_rna,n_candidates_geo_rna,n_candidates_protein,final_score_std,final_score_range,n_unique_final_scores,largest_final_score_tie,tied_candidate_fraction,confidence_std,n_unique_confidence_scores,confidence_is_constant,candidate_set_same_as_A0,ranking_identical_to_A0,top10_identical_to_A0,top10_jaccard_vs_A0,top1_identical_to_A0,rank_spearman_vs_A0,mean_abs_rank_change_vs_A0,max_abs_rank_change_vs_A0,mean_abs_score_change_vs_A0,n_shared_candidates_with_A0
unfiltered_random,unfiltered_random,AC004408.1,B0_rna_mean,RNA-only mean ranking; no protein or confidence in final score,,0.6,1412,False,1412,0,0,0,0.04962130697086818,1.0,36,1272,0.9886685552407932,8.770761894538737e-15,1,True,True,True,True,1.0,True,1.0,0.0,0.0,0.06062096317280452,1412
unfiltered_random,unfiltered_random,AC004408.1,A0_team_baseline,"Team baseline: RNA .55, protein .30, confidence .15",,0.6,1412,False,1412,0,0,0,0.04217363958772368,0.8500000000000001,36,1272,0.9886685552407932,1.099120794378905e-14,1,True,True,True,True,1.0,True,1.0,0.0,0.0,0.0,1412
unfiltered_random,unfiltered_random,AC004408.1,A1a_no_direct_protein,Remove direct protein; retain protein-derived confidence,,0.6,1412,False,1412,0,0,0,0.04217363958772368,0.8500000000000001,36,1272,0.9886685552407932,1.099120794378905e-14,1,True,True,True,True,1.0,True,1.0,0.0,0.0,0.0,1412
unfiltered_random,unfiltered_random,AC004408.1,A1b_no_protein_evidence,Remove direct protein and all protein-derived confidence,,0.6,1412,False,1412,0,0,0,0.0421842863299625,0.8500000000000001,35,1272,0.9893767705382436,8.770761894538737e-15,1,True,True,False,True,1.0,True,0.9999996394023463,0.009206798866855524,6.5,0.04140623229461756,1412
unfiltered_random,unfiltered_random,AC004408.1,A1c_no_protein_confidence,Retain direct protein; remove protein-derived confidence only,,0.6,1412,False,1412,0,0,0,0.0421842863299625,0.8500000000000001,35,1272,0.9893767705382436,8.770761894538737e-15,1,True,True,False,True,1.0,True,0.9999996394023463,0.009206798866855524,6.5,0.04140623229461756,1412
unfiltered_random,unfiltered_random,AC004408.1,A2_no_confidence,Remove the full confidence block; renormalise RNA/protein,,0.6,1412,False,1412,0,0,0,0.04962130697086818,1.0,36,1272,0.9886685552407932,1.099120794378905e-14,1,True,True,True,True,1.0,True,1.0,0.0,0.0,0.06062096317280452,1412
unfiltered_random,unfiltered_random,AC004408.1,A2a_no_conf_completeness,Remove completeness from confidence; renormalise retained components,,0.6,1412,False,1412,0,0,0,0.04218031841969096,0.85,35,1272,0.9893767705382436,5.6066262743570405e-15,1,True,True,False,True,1.0,True,0.9999996394023463,0.009206798866855524,6.5,0.008795892351274785,1412
unfiltered_random,unfiltered_random,AC004408.1,A2b_no_conf_source_support,Remove source support from confidence; renormalise retained components,,0.6,1412,False,1412,0,0,0,0.04217702425041124,0.8500000000000001,35,1272,0.9893767705382436,0.0,1,True,True,False,True,1.0,True,0.9999996394023463,0.009206798866855524,6.5,0.013102337110481586,1412
unfiltered_random,unfiltered_random,AC004408.1,A2c_no_conf_consistency,Remove RNA-protein consistency; renormalise retained components,,0.6,1412,False,1412,0,0,0,0.042177024250411414,0.85,35,1272,0.9893767705382436,5.828670879282072e-15,1,True,True,False,True,1.0,True,0.9999996394023463,0.009206798866855524,6.5,0.004397662889518409,1412
unfiltered_random,unfiltered_random,AC004408.1,A3_equal_bio,Equal RNA/protein biological weights,,0.6,1412,False,1412,0,0,0,0.04217363958772368,0.8500000000000001,36,1272,0.9886685552407932,1.099120794378905e-14,1,True,True,True,True,1.0,True,1.0,0.0,0.0,0.0,1412
unfiltered_random,unfiltered_random,AC004408.1,A3b_reversed_bio,Protein biological weight greater than RNA,,0.6,1412,False,1412,0,0,0,0.04217363958772368,0.8500000000000001,36,1272,0.9886685552407932,1.099120794378905e-14,1,True,True,True,True,1.0,True,1.0,0.0,0.0,0.0,1412
unfiltered_random,unfiltered_random,AC004408.1,A4_adaptive_trust,Team baseline plus gene-level adaptive RNA trust,,0.6,1412,False,1412,0,0,0,0.04217363958772368,0.8500000000000001,36,1272,0.9886685552407932,1.099120794378905e-14,1,True,True,True,True,1.0,True,1.0,0.0,0.0,0.0,1412
unfiltered_random,unfiltered_random,AC004408.1,A5_v3_structure,Flat v3 RNA/protein/consistency/completeness structure,,0.6,1412,False,1412,0,0,0,0.04411282861039536,0.889,35,1272,0.9893767705382436,1.099120794378905e-14,1,True,True,False,True,1.0,True,0.9999996394023463,0.009206798866855524,6.5,0.006180169971671384,1412
unfiltered_random,unfiltered_random,AC004408.1,A6_v3_full,Flat v3 structure plus adaptive trust,,0.6,1412,False,1412,0,0,0,0.04411282861039536,0.889,35,1272,0.9893767705382436,1.099120794378905e-14,1,True,True,False,True,1.0,True,0.9999996394023463,0.009206798866855524,6.5,0.006180169971671384,1412
unfiltered_random,unfiltered_random,AC006040.1,B0_rna_mean,RNA-only mean ranking; no protein or confidence in final score,,0.6,1412,False,1412,0,0,0,0.05589010379989002,1.0,20,1267,0.9950424929178471,8.770761894538737e-15,1,True,True,True,True,1.0,True,0.9999999999999999,0.0,0.0,0.06057351274787535,1412
unfiltered_random,unfiltered_random,AC006040.1,A0_team_baseline,"Team baseline: RNA .55, protein .30, confidence .15",,0.6,1412,False,1412,0,0,0,0.04750335230936178,0.8500000000000001,20,1267,0.9950424929178471,1.099120794378905e-14,1,True,True,True,True,1.0,True,0.9999999999999999,0.0,0.0,0.0,1412
unfiltered_random,unfiltered_random,AC006040.1,A1a_no_direct_protein,Remove direct protein; retain protein-derived confidence,,0.6,1412,False,1412,0,0,0,0.04750335230936178,0.8500000000000001,20,1267,0.9950424929178471,1.099120794378905e-14,1,True,True,True,True,1.0,True,0.9999999999999999,0.0,0.0,0.0,1412
unfiltered_random,unfiltered_random,AC006040.1,A1b_no_protein_evidence,Remove direct protein and all protein-derived confidence,,0.6,1412,False,1412,0,0,0,0.04751520329482962,0.8500000000000001,20,1267,0.9950424929178471,8.770761894538737e-15,1,True,True,True,True,1.0,True,0.9999999999999999,0.0,0.0,0.0414077195467422,1412
unfiltered_random,unfiltered_random,AC006040.1,A1c_no_protein_confidence,Retain direct protein; remove protein-derived confidence only,,0.6,1412,False,1412,0,0,0,0.04751520329482962,0.8500000000000001,20,1267,0.9950424929178471,8.770761894538737e-15,1,True,True,True,True,1.0,True,0.9999999999999999,0.0,0.0,0.0414077195467422,1412
unfiltered_random,unfiltered_random,AC006040.1,A2_no_confidence,Remove the full confidence block; renormalise RNA/protein,,0.6,1412,False,1412,0,0,0,0.05589010379989002,1.0,20,1267,0.9950424929178471,1.099120794378905e-14,1,True,True,True,True,1.0,True,0.9999999999999999,0.0,0.0,0.06057351274787535,1412
unfiltered_random,unfiltered_random,AC006040.1,A2a_no_conf_completeness,Remove completeness from confidence; renormalise retained components,,0.6,1412,False,1412,0,0,0,0.04751476581814036,0.85,20,1267,0.9950424929178471,5.6066262743570405e-15,1,True,True,True,True,1.0,True,0.9999999999999999,0.0,0.0,0.008792351274787533,1412
unfiltered_random,unfiltered_random,AC006040.1,A2b_no_conf_source_support,Remove source support from confidence; renormalise retained components,,0.6,1412,False,1412,0,0,0,0.047506526897271854,0.8500000000000001,20,1267,0.9950424929178471,0.0,1,True,True,True,True,1.0,True,0.9999999999999999,0.0,0.0,0.013101487252124648,1412
unfiltered_random,unfiltered_random,AC006040.1,A2c_no_conf_consistency,Remove RNA-protein consistency; renormalise retained components,,0.6,1412,False,1412,0,0,0,0.047506526897271986,0.85,20,1267,0.9950424929178471,5.828670879282072e-15,1,True,True,True,True,1.0,True,0.9999999999999999,0.0,0.0,0.00439851274787535,1412
unfiltered_random,unfiltered_random,AC006040.1,A3_equal_bio,Equal RNA/protein biological weights,,0.6,1412,False,1412,0,0,0,0.04750335230936178,0.8500000000000001,20,1267,0.9950424929178471,1.099120794378905e-14,1,True,True,True,True,1.0,True,0.9999999999999999,0.0,0.0,0.0,1412
unfiltered_random,unfiltered_random,AC006040.1,A3b_reversed_bio,Protein biological weight greater than RNA,,0.6,1412,False,1412,0,0,0,0.04750335230936178,0.8500000000000001,20,1267,0.9950424929178471,1.099120794378905e-14,1,True,True,True,True,1.0,True,0.9999999999999999,0.0,0.0,0.0,1412
unfiltered_random,unfiltered_random,AC006040.1,A4_adaptive_trust,Team baseline plus gene-level adaptive RNA trust,,0.6,1412,False,1412,0,0,0,0.04750335230936178,0.8500000000000001,20,1267,0.9950424929178471,1.099120794378905e-14,1,True,True,True,True,1.0,True,0.9999999999999999,0.0,0.0,0.0,1412
unfiltered_random,unfiltered_random,AC006040.1,A5_v3_structure,Flat v3 RNA/protein/consistency/completeness structure,,0.6,1412,False,1412,0,0,0,0.049684262931587814,0.889,20,1267,0.9950424929178471,1.099120794378905e-14,1,True,True,True,True,1.0,True,0.9999999999999999,0.0,0.0,0.006180028328611894,1412
unfiltered_random,unfiltered_random,AC006040.1,A6_v3_full,Flat v3 structure plus adaptive trust,,0.6,1412,False,1412,0,0,0,0.049684262931587814,0.889,20,1267,0.9950424929178471,1.099120794378905e-14,1,True,True,True,True,1.0,True,0.9999999999999999,0.0,0.0,0.006180028328611894,1412
unfiltered_random,unfiltered_random,AC007546.3,B0_rna_mean,RNA-only mean ranking; no protein or confidence in final score,,0.6,1412,False,1412,0,0,0,0.12271099301987497,1.0,143,226,0.9376770538243626,8.770761894538737e-15,1,True,True,False,True,1.0,True,0.9999937186635521,0.09490084985835694,52.5,0.05635729461756374,1412
unfiltered_random,unfiltered_random,AC007546.3,A0_team_baseline,"Team baseline: RNA .55, protein .30, confidence .15",,0.6,1412,False,1412,0,0,0,0.10430435829545155,0.8500000000000001,143,226,0.9383852691218131,1.099120794378905e-14,1,True,True,True,True,1.0,True,1.0,0.0,0.0,0.0,1412
unfiltered_random,unfiltered_random,AC007546.3,A1a_no_direct_protein,Remove direct protein; retain protein-derived confidence,,0.6,1412,False,1412,0,0,0,0.10430435829545155,0.8500000000000001,143,226,0.9383852691218131,1.099120794378905e-14,1,True,True,True,True,1.0,True,1.0,0.0,0.0,0.0,1412
unfiltered_random,unfiltered_random,AC007546.3,A1b_no_protein_evidence,Remove direct protein and all protein-derived confidence,,0.6,1412,False,1412,0,0,0,0.10430288747354874,0.8500000000000001,146,226,0.9355524079320113,8.770761894538737e-15,1,True,True,False,True,1.0,True,0.999967601581392,0.2953257790368272,93.5,0.04146246458923512,1412
unfiltered_random,unfiltered_random,AC007546.3,A1c_no_protein_confidence,Retain direct protein; remove protein-derived confidence only,,0.6,1412,False,1412,0,0,0,0.10430288747354874,0.8500000000000001,146,226,0.9355524079320113,8.770761894538737e-15,1,True,True,False,True,1.0,True,0.999967601581392,0.2953257790368272,93.5,0.04146246458923512,1412
unfiltered_random,unfiltered_random,AC007546.3,A2_no_confidence,Remove the full confidence block; renormalise RNA/protein,,0.6,1412,False,1412,0,0,0,0.12271099301987497,1.0,143,226,0.9376770538243626,1.099120794378905e-14,1,True,True,False,True,1.0,True,0.9999937186635521,0.09490084985835694,52.5,0.05635729461756374,1412
unfiltered_random,unfiltered_random,AC007546.3,A2a_no_conf_completeness,Remove completeness from confidence; renormalise retained components,,0.6,1412,False,1412,0,0,0,0.10430233622063775,0.85,145,226,0.9362606232294618,5.6066262743570405e-15,1,True,True,False,True,1.0,True,0.9999533559298974,0.36827195467422097,99.5,0.008749787535410763,1412
unfiltered_random,unfiltered_random,AC007546.3,A2b_no_conf_source_support,Remove source support from confidence; renormalise retained components,,0.6,1412,False,1412,0,0,0,0.10430881139010788,0.8500000000000001,143,226,0.9376770538243626,0.0,1,True,True,False,True,1.0,True,0.9999937186635521,0.09490084985835694,52.5,0.01311402266288952,1412
unfiltered_random,unfiltered_random,AC007546.3,A2c_no_conf_consistency,Remove RNA-protein consistency; renormalise retained components,,0.6,1412,False,1412,0,0,0,0.10430881139010749,0.85,143,226,0.9376770538243626,5.828670879282072e-15,1,True,True,False,True,1.0,True,0.9999937186635521,0.09490084985835694,52.5,0.004385977337110479,1412
unfiltered_random,unfiltered_random,AC007546.3,A3_equal_bio,Equal RNA/protein biological weights,,0.6,1412,False,1412,0,0,0,0.10430435829545155,0.8500000000000001,143,226,0.9383852691218131,1.099120794378905e-14,1,True,True,True,True,1.0,True,1.0,0.0,0.0,0.0,1412
unfiltered_random,unfiltered_random,AC007546.3,A3b_reversed_bio,Protein biological weight greater than RNA,,0.6,1412,False,1412,0,0,0,0.10430435829545155,0.8500000000000001,143,226,0.9383852691218131,1.099120794378905e-14,1,True,True,True,True,1.0,True,1.0,0.0,0.0,0.0,1412
unfiltered_random,unfiltered_random,AC007546.3,A4_adaptive_trust,Team baseline plus gene-level adaptive RNA trust,,0.6,1412,False,1412,0,0,0,0.10430435829545155,0.8500000000000001,143,226,0.9383852691218131,1.099120794378905e-14,1,True,True,True,True,1.0,True,1.0,0.0,0.0,0.0,1412
unfiltered_random,unfiltered_random,AC007546.3,A5_v3_structure,Flat v3 RNA/protein/consistency/completeness structure,,0.6,1412,False,1412,0,0,0,0.10909191637433993,0.889,143,226,0.9376770538243626,1.099120794378905e-14,1,True,True,False,True,1.0,True,0.9999922775917024,0.10339943342776203,58.5,0.005911189801699716,1412
unfiltered_random,unfiltered_random,AC007546.3,A6_v3_full,Flat v3 structure plus adaptive trust,,0.6,1412,False,1412,0,0,0,0.10909191637433993,0.889,143,226,0.9376770538243626,1.099120794378905e-14,1,True,True,False,True,1.0,True,0.9999922775917024,0.10339943342776203,58.5,0.005911189801699716,1412
unfiltered_random,unfiltered_random,AC008063.1,B0_rna_mean,RNA-only mean ranking; no protein or confidence in final score,,0.6,1412,False,1412,0,0,0,0.06460738973814911,1.0,84,979,0.9794617563739377,8.770761894538737e-15,1,True,True,False,True,1.0,True,0.9999999552385862,0.004957507082152974,3.5,0.0585990793201133,1412
unfiltered_random,unfiltered_random,AC008063.1,A0_team_baseline,"Team baseline: RNA .55, protein .30, confidence .15",,0.6,1412,False,1412,0,0,0,0.05491140403570899,0.8500000000000001,83,979,0.9801699716713881,1.099120794378905e-14,1,True,True,True,True,1.0,True,0.9999999999999998,0.0,0.0,0.0,1412
unfiltered_random,unfiltered_random,AC008063.1,A1a_no_direct_protein,Remove direct protein; retain protein-derived confidence,,0.6,1412,False,1412,0,0,0,0.05491140403570899,0.8500000000000001,83,979,0.9801699716713881,1.099120794378905e-14,1,True,True,True,True,1.0,True,0.9999999999999998,0.0,0.0,0.0,1412
unfiltered_random,unfiltered_random,AC008063.1,A1b_no_protein_evidence,Remove direct protein and all protein-derived confidence,,0.6,1412,False,1412,0,0,0,0.05492552778338141,0.8500000000000001,83,979,0.9794617563739377,8.770761894538737e-15,1,True,True,False,True,1.0,True,0.9999993797344664,0.030453257790368272,9.0,0.041419475920679884,1412
unfiltered_random,unfiltered_random,AC008063.1,A1c_no_protein_confidence,Retain direct protein; remove protein-derived confidence only,,0.6,1412,False,1412,0,0,0,0.05492552778338141,0.8500000000000001,83,979,0.9794617563739377,8.770761894538737e-15,1,True,True,False,True,1.0,True,0.9999993797344664,0.030453257790368272,9.0,0.041419475920679884,1412
unfiltered_random,unfiltered_random,AC008063.1,A2_no_confidence,Remove the full confidence block; renormalise RNA/protein,,0.6,1412,False,1412,0,0,0,0.06460738973814911,1.0,84,979,0.9794617563739377,1.099120794378905e-14,1,True,True,False,True,1.0,True,0.9999999552385862,0.004957507082152974,3.5,0.0585990793201133,1412
unfiltered_random,unfiltered_random,AC008063.1,A2a_no_conf_completeness,Remove completeness from confidence; renormalise retained components,,0.6,1412,False,1412,0,0,0,0.05492333087326007,0.85,83,979,0.9794617563739377,5.6066262743570405e-15,1,True,True,False,True,1.0,True,0.9999993797344664,0.030453257790368272,9.0,0.008782011331444756,1412
unfiltered_random,unfiltered_random,AC008063.1,A2b_no_conf_source_support,Remove source support from confidence; renormalise retained components,,0.6,1412,False,1412,0,0,0,0.05491622159162273,0.8500000000000001,84,979,0.9794617563739377,0.0,1,True,True,False,True,1.0,True,0.9999999552385862,0.004957507082152974,3.5,0.013109206798866856,1412
unfiltered_random,unfiltered_random,AC008063.1,A2c_no_conf_consistency,Remove RNA-protein consistency; renormalise retained components,,0.6,1412,False,1412,0,0,0,0.05491622159162245,0.85,84,979,0.9794617563739377,5.828670879282072e-15,1,True,True,False,True,1.0,True,0.9999999552385862,0.004957507082152974,3.5,0.00439079320113314,1412
unfiltered_random,unfiltered_random,AC008063.1,A3_equal_bio,Equal RNA/protein biological weights,,0.6,1412,False,1412,0,0,0,0.05491140403570899,0.8500000000000001,83,979,0.9801699716713881,1.099120794378905e-14,1,True,True,True,True,1.0,True,0.9999999999999998,0.0,0.0,0.0,1412
unfiltered_random,unfiltered_random,AC008063.1,A3b_reversed_bio,Protein biological weight greater than RNA,,0.6,1412,False,1412,0,0,0,0.05491140403570899,0.8500000000000001,83,979,0.9801699716713881,1.099120794378905e-14,1,True,True,True,True,1.0,True,0.9999999999999998,0.0,0.0,0.0,1412
unfiltered_random,unfiltered_random,AC008063.1,A4_adaptive_trust,Team baseline plus gene-level adaptive RNA trust,,0.6,1412,False,1412,0,0,0,0.05491140403570899,0.8500000000000001,83,979,0.9801699716713881,1.099120794378905e-14,1,True,True,True,True,1.0,True,0.9999999999999998,0.0,0.0,0.0,1412
unfiltered_random,unfiltered_random,AC008063.1,A5_v3_structure,Flat v3 RNA/protein/consistency/completeness structure,,0.6,1412,False,1412,0,0,0,0.057438258827759416,0.889,83,979,0.9794617563739377,1.099120794378905e-14,1,True,True,False,True,1.0,True,0.9999993797344664,0.030453257790368272,9.0,0.0058306657223796,1412
unfiltered_random,unfiltered_random,AC008063.1,A6_v3_full,Flat v3 structure plus adaptive trust,,0.6,1412,False,1412,0,0,0,0.057438258827759416,0.889,83,979,0.9794617563739377,1.099120794378905e-14,1,True,True,False,True,1.0,True,0.9999993797344664,0.030453257790368272,9.0,0.0058306657223796,1412
unfiltered_random,unfiltered_random,AC008121.1,B0_rna_mean,RNA-only mean ranking; no protein or confidence in final score,,0.6,1412,False,1412,0,0,0,0.060182766012133106,1.0,44,1312,0.9844192634560907,8.770761894538737e-15,1,True,True,True,True,1.0,True,1.0,0.0,0.0,0.059937181303116135,1412
unfiltered_random,unfiltered_random,AC008121.1,A0_team_baseline,"Team baseline: RNA .55, protein .30, confidence .15",,0.6,1412,False,1412,0,0,0,0.05114724020693178,0.8500000000000001,44,1312,0.9844192634560907,1.099120794378905e-14,1,True,True,True,True,1.0,True,1.0,0.0,0.0,0.0,1412
unfiltered_random,unfiltered_random,AC008121.1,A1a_no_direct_protein,Remove direct protein; retain protein-derived confidence,,0.6,1412,False,1412,0,0,0,0.05114724020693178,0.8500000000000001,44,1312,0.9844192634560907,1.099120794378905e-14,1,True,True,True,True,1.0,True,1.0,0.0,0.0,0.0,1412
unfiltered_random,unfiltered_random,AC008121.1,A1b_no_protein_evidence,Remove direct protein and all protein-derived confidence,,0.6,1412,False,1412,0,0,0,0.051162925988712776,0.8500000000000001,44,1312,0.9844192634560907,8.770761894538737e-15,1,True,True,True,True,1.0,True,1.0,0.0,0.0,0.04140538243626062,1412
unfiltered_random,unfiltered_random,AC008121.1,A1c_no_protein_confidence,Retain direct protein; remove protein-derived confidence only,,0.6,1412,False,1412,0,0,0,0.051162925988712776,0.8500000000000001,44,1312,0.9844192634560907,8.770761894538737e-15,1,True,True,True,True,1.0,True,1.0,0.0,0.0,0.04140538243626062,1412
unfiltered_random,unfiltered_random,AC008121.1,A2_no_confidence,Remove the full confidence block; renormalise RNA/protein,,0.6,1412,False,1412,0,0,0,0.060182766012133106,1.0,44,1312,0.9844192634560907,1.099120794378905e-14,1,True,True,True,True,1.0,True,1.0,0.0,0.0,0.059937181303116135,1412
unfiltered_random,unfiltered_random,AC008121.1,A2a_no_conf_completeness,Remove completeness from confidence; renormalise retained components,,0.6,1412,False,1412,0,0,0,0.05115928842932664,0.85,44,1312,0.9844192634560907,5.6066262743570405e-15,1,True,True,True,True,1.0,True,1.0,0.0,0.0,0.008795750708215293,1412
unfiltered_random,unfiltered_random,AC008121.1,A2b_no_conf_source_support,Remove source support from confidence; renormalise retained components,,0.6,1412,False,1412,0,0,0,0.05115388950124707,0.8500000000000001,44,1312,0.9844192634560907,0.0,1,True,True,True,True,1.0,True,1.0,0.0,0.0,0.013102266288951841,1412
unfiltered_random,unfiltered_random,AC008121.1,A2c_no_conf_consistency,Remove RNA-protein consistency; renormalise retained components,,0.6,1412,False,1412,0,0,0,0.05115388950124737,0.85,44,1312,0.9844192634560907,5.828670879282072e-15,1,True,True,True,True,1.0,True,1.0,0.0,0.0,0.0043977337110481535,1412
unfiltered_random,unfiltered_random,AC008121.1,A3_equal_bio,Equal RNA/protein biological weights,,0.6,1412,False,1412,0,0,0,0.05114724020693178,0.8500000000000001,44,1312,0.9844192634560907,1.099120794378905e-14,1,True,True,True,True,1.0,True,1.0,0.0,0.0,0.0,1412
unfiltered_random,unfiltered_random,AC008121.1,A3b_reversed_bio,Protein biological weight greater than RNA,,0.6,1412,False,1412,0,0,0,0.05114724020693178,0.8500000000000001,44,1312,0.9844192634560907,1.099120794378905e-14,1,True,True,True,True,1.0,True,1.0,0.0,0.0,0.0,1412
unfiltered_random,unfiltered_random,AC008121.1,A4_adaptive_trust,Team baseline plus gene-level adaptive RNA trust,,0.6,1412,False,1412,0,0,0,0.05114724020693178,0.8500000000000001,44,1312,0.9844192634560907,1.099120794378905e-14,1,True,True,True,True,1.0,True,1.0,0.0,0.0,0.0,1412
unfiltered_random,unfiltered_random,AC008121.1,A5_v3_structure,Flat v3 RNA/protein/consistency/completeness structure,,0.6,1412,False,1412,0,0,0,0.053501183310218074,0.889,44,1312,0.9844192634560907,1.099120794378905e-14,1,True,True,True,True,1.0,True,1.0,0.0,0.0,0.0061259206798866825,1412
unfiltered_random,unfiltered_random,AC008121.1,A6_v3_full,Flat v3 structure plus adaptive trust,,0.6,1412,False,1412,0,0,0,0.053501183310218074,0.889,44,1312,0.9844192634560907,1.099120794378905e-14,1,True,True,True,True,1.0,True,1.0,0.0,0.0,0.0061259206798866825,1412
unfiltered_random,unfiltered_random,AC008440.1,B0_rna_mean,RNA-only mean ranking; no protein or confidence in final score,,0.6,1412,False,1412,0,0,0,0.18066436191927224,1.0,260,568,0.9086402266288952,8.770761894538737e-15,1,True,True,True,True,1.0,True,0.9999999999999999,0.0,0.0,0.04614327195467423,1412
unfiltered_random,unfiltered_random,AC008440.1,A0_team_baseline,"Team baseline: RNA .55, protein .30, confidence .15",,0.6,1412,False,1412,0,0,0,0.15355772137761217,0.8500000000000001,260,568,0.9086402266288952,1.099120794378905e-14,1,True,True,True,True,1.0,True,0.9999999999999999,0.0,0.0,0.0,1412
unfiltered_random,unfiltered_random,AC008440.1,A1a_no_direct_protein,Remove direct protein; retain protein-derived confidence,,0.6,1412,False,1412,0,0,0,0.15355772137761217,0.8500000000000001,260,568,0.9086402266288952,1.099120794378905e-14,1,True,True,True,True,1.0,True,0.9999999999999999,0.0,0.0,0.0,1412
unfiltered_random,unfiltered_random,AC008440.1,A1b_no_protein_evidence,Remove direct protein and all protein-derived confidence,,0.6,1412,False,1412,0,0,0,0.15357337065600338,0.8500000000000001,260,568,0.9086402266288952,8.770761894538737e-15,1,True,True,True,True,1.0,True,0.9999999999999999,0.0,0.0,0.041437747875354106,1412
unfiltered_random,unfiltered_random,AC008440.1,A1c_no_protein_confidence,Retain direct protein; remove protein-derived confidence only,,0.6,1412,False,1412,0,0,0,0.15357337065600338,0.8500000000000001,260,568,0.9086402266288952,8.770761894538737e-15,1,True,True,True,True,1.0,True,0.9999999999999999,0.0,0.0,0.041437747875354106,1412
unfiltered_random,unfiltered_random,AC008440.1,A2_no_confidence,Remove the full confidence block; renormalise RNA/protein,,0.6,1412,False,1412,0,0,0,0.18066436191927224,1.0,260,568,0.9086402266288952,1.099120794378905e-14,1,True,True,True,True,1.0,True,0.9999999999999999,0.0,0.0,0.04614327195467423,1412
unfiltered_random,unfiltered_random,AC008440.1,A2a_no_conf_completeness,Remove completeness from confidence; renormalise retained components,,0.6,1412,False,1412,0,0,0,0.15357086025194686,0.85,260,568,0.9086402266288952,5.6066262743570405e-15,1,True,True,True,True,1.0,True,0.9999999999999999,0.0,0.0,0.008769192634560904,1412
unfiltered_random,unfiltered_random,AC008440.1,A2b_no_conf_source_support,Remove source support from confidence; renormalise retained components,,0.6,1412,False,1412,0,0,0,0.1535628806590583,0.8500000000000001,260,568,0.9086402266288952,0.0,1,True,True,True,True,1.0,True,0.9999999999999999,0.0,0.0,0.013112322946175639,1412
unfiltered_random,unfiltered_random,AC008440.1,A2c_no_conf_consistency,Remove RNA-protein consistency; renormalise retained components,,0.6,1412,False,1412,0,0,0,0.1535628806590577,0.85,260,568,0.9086402266288952,5.828670879282072e-15,1,True,True,True,True,1.0,True,0.9999999999999999,0.0,0.0,0.0043876770538243594,1412
unfiltered_random,unfiltered_random,AC008440.1,A3_equal_bio,Equal RNA/protein biological weights,,0.6,1412,False,1412,0,0,0,0.15355772137761217,0.8500000000000001,260,568,0.9086402266288952,1.099120794378905e-14,1,True,True,True,True,1.0,True,0.9999999999999999,0.0,0.0,0.0,1412
unfiltered_random,unfiltered_random,AC008440.1,A3b_reversed_bio,Protein biological weight greater than RNA,,0.6,1412,False,1412,0,0,0,0.15355772137761217,0.8500000000000001,260,568,0.9086402266288952,1.099120794378905e-14,1,True,True,True,True,1.0,True,0.9999999999999999,0.0,0.0,0.0,1412
unfiltered_random,unfiltered_random,AC008440.1,A4_adaptive_trust,Team baseline plus gene-level adaptive RNA trust,,0.6,1412,False,1412,0,0,0,0.15355772137761217,0.8500000000000001,260,568,0.9086402266288952,1.099120794378905e-14,1,True,True,True,True,1.0,True,0.9999999999999999,0.0,0.0,0.0,1412
unfiltered_random,unfiltered_random,AC008440.1,A5_v3_structure,Flat v3 RNA/protein/consistency/completeness structure,,0.6,1412,False,1412,0,0,0,0.1606085467585512,0.889,260,568,0.9086402266288952,1.099120794378905e-14,1,True,True,True,True,1.0,True,0.9999999999999999,0.0,0.0,0.005673866855524078,1412
unfiltered_random,unfiltered_random,AC008440.1,A6_v3_full,Flat v3 structure plus adaptive trust,,0.6,1412,False,1412,0,0,0,0.1606085467585512,0.889,260,568,0.9086402266288952,1.099120794378905e-14,1,True,True,True,True,1.0,True,0.9999999999999999,0.0,0.0,0.005673866855524078,1412
unfiltered_random,unfiltered_random,AC018448.2,B0_rna_mean,RNA-only mean ranking; no protein or confidence in final score,,0.6,1412,False,1412,0,0,0,0.029066285849206428,1.0,4,1409,0.9978753541076487,8.770761894538737e-15,1,True,True,True,True,1.0,True,1.0,0.0,0.0,0.061852195467422086,1412
unfiltered_random,unfiltered_random,AC018448.2,A0_team_baseline,"Team baseline: RNA .55, protein .30, confidence .15",,0.6,1412,False,1412,0,0,0,0.024705601696481793,0.8500000000000001,4,1409,0.9978753541076487,1.099120794378905e-14,1,True,True,True,True,1.0,True,1.0,0.0,0.0,0.0,1412
unfiltered_random,unfiltered_random,AC018448.2,A1a_no_direct_protein,Remove direct protein; retain protein-derived confidence,,0.6,1412,False,1412,0,0,0,0.024705601696481793,0.8500000000000001,4,1409,0.9978753541076487,1.099120794378905e-14,1,True,True,True,True,1.0,True,1.0,0.0,0.0,0.0,1412
unfiltered_random,unfiltered_random,AC018448.2,A1b_no_protein_evidence,Remove direct protein and all protein-derived confidence,,0.6,1412,False,1412,0,0,0,0.024706341193858027,0.8500000000000001,4,1409,0.9978753541076487,8.770761894538737e-15,1,True,True,True,True,1.0,True,1.0,0.0,0.0,0.041400070821529744,1412
unfiltered_random,unfiltered_random,AC018448.2,A1c_no_protein_confidence,Retain direct protein; remove protein-derived confidence only,,0.6,1412,False,1412,0,0,0,0.024706341193858027,0.8500000000000001,4,1409,0.9978753541076487,8.770761894538737e-15,1,True,True,True,True,1.0,True,1.0,0.0,0.0,0.041400070821529744,1412
unfiltered_random,unfiltered_random,AC018448.2,A2_no_confidence,Remove the full confidence block; renormalise RNA/protein,,0.6,1412,False,1412,0,0,0,0.029066285849206428,1.0,4,1409,0.9978753541076487,1.099120794378905e-14,1,True,True,True,True,1.0,True,1.0,0.0,0.0,0.061852195467422086,1412
unfiltered_random,unfiltered_random,AC018448.2,A2a_no_conf_completeness,Remove completeness from confidence; renormalise retained components,,0.6,1412,False,1412,0,0,0,0.024706341193858013,0.85,4,1409,0.9978753541076487,5.6066262743570405e-15,1,True,True,True,True,1.0,True,1.0,0.0,0.0,0.008799929178470252,1412
unfiltered_random,unfiltered_random,AC018448.2,A2b_no_conf_source_support,Remove source support from confidence; renormalise retained components,,0.6,1412,False,1412,0,0,0,0.02470634119385796,0.8500000000000001,4,1409,0.9978753541076487,0.0,1,True,True,True,True,1.0,True,1.0,0.0,0.0,0.013100070821529747,1412
unfiltered_random,unfiltered_random,AC018448.2,A2c_no_conf_consistency,Remove RNA-protein consistency; renormalise retained components,,0.6,1412,False,1412,0,0,0,0.024706341193858027,0.85,4,1409,0.9978753541076487,5.828670879282072e-15,1,True,True,True,True,1.0,True,1.0,0.0,0.0,0.004399929178470249,1412
unfiltered_random,unfiltered_random,AC018448.2,A3_equal_bio,Equal RNA/protein biological weights,,0.6,1412,False,1412,0,0,0,0.024705601696481793,0.8500000000000001,4,1409,0.9978753541076487,1.099120794378905e-14,1,True,True,True,True,1.0,True,1.0,0.0,0.0,0.0,1412
unfiltered_random,unfiltered_random,AC018448.2,A3b_reversed_bio,Protein biological weight greater than RNA,,0.6,1412,False,1412,0,0,0,0.024705601696481793,0.8500000000000001,4,1409,0.9978753541076487,1.099120794378905e-14,1,True,True,True,True,1.0,True,1.0,0.0,0.0,0.0,1412
unfiltered_random,unfiltered_random,AC018448.2,A4_adaptive_trust,Team baseline plus gene-level adaptive RNA trust,,0.6,1412,False,1412,0,0,0,0.024705601696481793,0.8500000000000001,4,1409,0.9978753541076487,1.099120794378905e-14,1,True,True,True,True,1.0,True,1.0,0.0,0.0,0.0,1412
unfiltered_random,unfiltered_random,AC018448.2,A5_v3_structure,Flat v3 RNA/protein/consistency/completeness structure,,0.6,1412,False,1412,0,0,0,0.025839677013456137,0.889,4,1409,0.9978753541076487,1.099120794378905e-14,1,True,True,True,True,1.0,True,1.0,0.0,0.0,0.006417705382436256,1412
unfiltered_random,unfiltered_random,AC018448.2,A6_v3_full,Flat v3 structure plus adaptive trust,,0.6,1412,False,1412,0,0,0,0.025839677013456137,0.889,4,1409,0.9978753541076487,1.099120794378905e-14,1,True,True,True,True,1.0,True,1.0,0.0,0.0,0.006417705382436256,1412
unfiltered_random,unfiltered_random,AC027250.1,B0_rna_mean,RNA-only mean ranking; no protein or confidence in final score,,0.6,1412,False,1412,0,0,0,0.0455766016330321,1.0,24,1349,0.990084985835694,8.770761894538737e-15,1,True,True,True,True,1.0,True,1.0,0.0,0.0,0.06130963172804532,1412
unfiltered_random,unfiltered_random,AC027250.1,A0_team_baseline,"Team baseline: RNA .55, protein .30, confidence .15",,0.6,1412,False,1412,0,0,0,0.03873790093827147,0.8500000000000001,24,1349,0.990084985835694,1.099120794378905e-14,1,True,True,True,True,1.0,True,1.0,0.0,0.0,0.0,1412
unfiltered_random,unfiltered_random,AC027250.1,A1a_no_direct_protein,Remove direct protein; retain protein-derived confidence,,0.6,1412,False,1412,0,0,0,0.03873790093827147,0.8500000000000001,24,1349,0.990084985835694,1.099120794378905e-14,1,True,True,True,True,1.0,True,1.0,0.0,0.0,0.0,1412
unfiltered_random,unfiltered_random,AC027250.1,A1b_no_protein_evidence,Remove direct protein and all protein-derived confidence,,0.6,1412,False,1412,0,0,0,0.03874360203191821,0.8500000000000001,24,1349,0.990084985835694,8.770761894538737e-15,1,True,True,True,True,1.0,True,1.0,0.0,0.0,0.041403611898016994,1412
unfiltered_random,unfiltered_random,AC027250.1,A1c_no_protein_confidence,Retain direct protein; remove protein-derived confidence only,,0.6,1412,False,1412,0,0,0,0.03874360203191821,0.8500000000000001,24,1349,0.990084985835694,8.770761894538737e-15,1,True,True,True,True,1.0,True,1.0,0.0,0.0,0.041403611898016994,1412
unfiltered_random,unfiltered_random,AC027250.1,A2_no_confidence,Remove the full confidence block; renormalise RNA/protein,,0.6,1412,False,1412,0,0,0,0.0455766016330321,1.0,24,1349,0.990084985835694,1.099120794378905e-14,1,True,True,True,True,1.0,True,1.0,0.0,0.0,0.06130963172804532,1412
unfiltered_random,unfiltered_random,AC027250.1,A2a_no_conf_completeness,Remove completeness from confidence; renormalise retained components,,0.6,1412,False,1412,0,0,0,0.038742989714725666,0.85,24,1349,0.990084985835694,5.6066262743570405e-15,1,True,True,True,True,1.0,True,1.0,0.0,0.0,0.00879652974504249,1412
unfiltered_random,unfiltered_random,AC027250.1,A2b_no_conf_source_support,Remove source support from confidence; renormalise retained components,,0.6,1412,False,1412,0,0,0,0.03874076112311934,0.8500000000000001,24,1349,0.990084985835694,0.0,1,True,True,True,True,1.0,True,1.0,0.0,0.0,0.013102266288951841,1412
unfiltered_random,unfiltered_random,AC027250.1,A2c_no_conf_consistency,Remove RNA-protein consistency; renormalise retained components,,0.6,1412,False,1412,0,0,0,0.038740761123119485,0.85,24,1349,0.990084985835694,5.828670879282072e-15,1,True,True,True,True,1.0,True,1.0,0.0,0.0,0.0043977337110481535,1412
unfiltered_random,unfiltered_random,AC027250.1,A3_equal_bio,Equal RNA/protein biological weights,,0.6,1412,False,1412,0,0,0,0.03873790093827147,0.8500000000000001,24,1349,0.990084985835694,1.099120794378905e-14,1,True,True,True,True,1.0,True,1.0,0.0,0.0,0.0,1412
unfiltered_random,unfiltered_random,AC027250.1,A3b_reversed_bio,Protein biological weight greater than RNA,,0.6,1412,False,1412,0,0,0,0.03873790093827147,0.8500000000000001,24,1349,0.990084985835694,1.099120794378905e-14,1,True,True,True,True,1.0,True,1.0,0.0,0.0,0.0,1412
unfiltered_random,unfiltered_random,AC027250.1,A4_adaptive_trust,Team baseline plus gene-level adaptive RNA trust,,0.6,1412,False,1412,0,0,0,0.03873790093827147,0.8500000000000001,24,1349,0.990084985835694,1.099120794378905e-14,1,True,True,True,True,1.0,True,1.0,0.0,0.0,0.0,1412
unfiltered_random,unfiltered_random,AC027250.1,A5_v3_structure,Flat v3 RNA/protein/consistency/completeness structure,,0.6,1412,False,1412,0,0,0,0.0405175467381735,0.889,24,1349,0.990084985835694,1.099120794378905e-14,1,True,True,True,True,1.0,True,1.0,0.0,0.0,0.006326274787535407,1412
unfiltered_random,unfiltered_random,AC027250.1,A6_v3_full,Flat v3 structure plus adaptive trust,,0.6,1412,False,1412,0,0,0,0.0405175467381735,0.889,24,1349,0.990084985835694,1.099120794378905e-14,1,True,True,True,True,1.0,True,1.0,0.0,0.0,0.006326274787535407,1412
unfiltered_random,unfiltered_random,AC063947.1,B0_rna_mean,RNA-only mean ranking; no protein or confidence in final score,,0.6,1412,False,1412,0,0,0,0.06247198873049589,1.0,34,1315,0.9886685552407932,8.770761894538737e-15,1,True,True,True,True,1.0,True,1.0,0.0,0.0,0.060469830028328606,1412
unfiltered_random,unfiltered_random,AC063947.1,A0_team_baseline,"Team baseline: RNA .55, protein .30, confidence .15",,0.6,1412,False,1412,0,0,0,0.05309818394921518,0.8500000000000001,34,1315,0.9886685552407932,1.099120794378905e-14,1,True,True,True,True,1.0,True,1.0,0.0,0.0,0.0,1412
unfiltered_random,unfiltered_random,AC063947.1,A1a_no_direct_protein,Remove direct protein; retain protein-derived confidence,,0.6,1412,False,1412,0,0,0,0.05309818394921518,0.8500000000000001,34,1315,0.9886685552407932,1.099120794378905e-14,1,True,True,True,True,1.0,True,1.0,0.0,0.0,0.0,1412
unfiltered_random,unfiltered_random,AC063947.1,A1b_no_protein_evidence,Remove direct protein and all protein-derived confidence,,0.6,1412,False,1412,0,0,0,0.053109267530659,0.8500000000000001,34,1315,0.9886685552407932,8.770761894538737e-15,1,True,True,True,True,1.0,True,1.0,0.0,0.0,0.0414050283286119,1412
unfiltered_random,unfiltered_random,AC063947.1,A1c_no_protein_confidence,Retain direct protein; remove protein-derived confidence only,,0.6,1412,False,1412,0,0,0,0.053109267530659,0.8500000000000001,34,1315,0.9886685552407932,8.770761894538737e-15,1,True,True,True,True,1.0,True,1.0,0.0,0.0,0.0414050283286119,1412
unfiltered_random,unfiltered_random,AC063947.1,A2_no_confidence,Remove the full confidence block; renormalise RNA/protein,,0.6,1412,False,1412,0,0,0,0.06247198873049589,1.0,34,1315,0.9886685552407932,1.099120794378905e-14,1,True,True,True,True,1.0,True,1.0,0.0,0.0,0.060469830028328606,1412
unfiltered_random,unfiltered_random,AC063947.1,A2a_no_conf_completeness,Remove completeness from confidence; renormalise retained components,,0.6,1412,False,1412,0,0,0,0.05310706818850225,0.85,34,1315,0.9886685552407932,5.6066262743570405e-15,1,True,True,True,True,1.0,True,1.0,0.0,0.0,0.008795609065155804,1412
unfiltered_random,unfiltered_random,AC063947.1,A2b_no_conf_source_support,Remove source support from confidence; renormalise retained components,,0.6,1412,False,1412,0,0,0,0.053103245818814,0.8500000000000001,34,1315,0.9886685552407932,0.0,1,True,True,True,True,1.0,True,1.0,0.0,0.0,0.013102337110481586,1412
unfiltered_random,unfiltered_random,AC063947.1,A2c_no_conf_consistency,Remove RNA-protein consistency; renormalise retained components,,0.6,1412,False,1412,0,0,0,0.053103245818810325,0.85,34,1315,0.9886685552407932,5.828670879282072e-15,1,True,True,True,True,1.0,True,1.0,0.0,0.0,0.004397662889518409,1412
unfiltered_random,unfiltered_random,AC063947.1,A3_equal_bio,Equal RNA/protein biological weights,,0.6,1412,False,1412,0,0,0,0.05309818394921518,0.8500000000000001,34,1315,0.9886685552407932,1.099120794378905e-14,1,True,True,True,True,1.0,True,1.0,0.0,0.0,0.0,1412
unfiltered_random,unfiltered_random,AC063947.1,A3b_reversed_bio,Protein biological weight greater than RNA,,0.6,1412,False,1412,0,0,0,0.05309818394921518,0.8500000000000001,34,1315,0.9886685552407932,1.099120794378905e-14,1,True,True,True,True,1.0,True,1.0,0.0,0.0,0.0,1412
unfiltered_random,unfiltered_random,AC063947.1,A4_adaptive_trust,Team baseline plus gene-level adaptive RNA trust,,0.6,1412,False,1412,0,0,0,0.05309818394921518,0.8500000000000001,34,1315,0.9886685552407932,1.099120794378905e-14,1,True,True,True,True,1.0,True,1.0,0.0,0.0,0.0,1412
unfiltered_random,unfiltered_random,AC063947.1,A5_v3_structure,Flat v3 RNA/protein/consistency/completeness structure,,0.6,1412,False,1412,0,0,0,0.05553813761149438,0.889,34,1315,0.9886685552407932,1.099120794378905e-14,1,True,True,True,True,1.0,True,1.0,0.0,0.0,0.006262677053824359,1412
unfiltered_random,unfiltered_random,AC063947.1,A6_v3_full,Flat v3 structure plus adaptive trust,,0.6,1412,False,1412,0,0,0,0.05553813761149438,0.889,34,1315,0.9886685552407932,1.099120794378905e-14,1,True,True,True,True,1.0,True,1.0,0.0,0.0,0.006262677053824359,1412
unfiltered_random,unfiltered_random,AC067817.2,B0_rna_mean,RNA-only mean ranking; no protein or confidence in final score,,0.6,1412,False,1412,0,0,0,0.11839337549894766,1.0,127,677,0.9617563739376771,8.770761894538737e-15,1,True,True,True,True,1.0,True,1.0,0.0,0.0,0.050579886685552404,1412
unfiltered_random,unfiltered_random,AC067817.2,A0_team_baseline,"Team baseline: RNA .55, protein .30, confidence .15",,0.6,1412,False,1412,0,0,0,0.10062523041254218,0.8500000000000001,127,677,0.9617563739376771,1.099120794378905e-14,1,True,True,True,True,1.0,True,1.0,0.0,0.0,0.0,1412
unfiltered_random,unfiltered_random,AC067817.2,A1a_no_direct_protein,Remove direct protein; retain protein-derived confidence,,0.6,1412,False,1412,0,0,0,0.10062523041254218,0.8500000000000001,127,677,0.9617563739376771,1.099120794378905e-14,1,True,True,True,True,1.0,True,1.0,0.0,0.0,0.0,1412
unfiltered_random,unfiltered_random,AC067817.2,A1b_no_protein_evidence,Remove direct protein and all protein-derived confidence,,0.6,1412,False,1412,0,0,0,0.10064744857219123,0.8500000000000001,127,677,0.9617563739376771,8.770761894538737e-15,1,True,True,True,True,1.0,True,1.0,0.0,0.0,0.04142754957507082,1412
unfiltered_random,unfiltered_random,AC067817.2,A1c_no_protein_confidence,Retain direct protein; remove protein-derived confidence only,,0.6,1412,False,1412,0,0,0,0.10064744857219123,0.8500000000000001,127,677,0.9617563739376771,8.770761894538737e-15,1,True,True,True,True,1.0,True,1.0,0.0,0.0,0.04142754957507082,1412
unfiltered_random,unfiltered_random,AC067817.2,A2_no_confidence,Remove the full confidence block; renormalise RNA/protein,,0.6,1412,False,1412,0,0,0,0.11839337549894766,1.0,127,677,0.9617563739376771,1.099120794378905e-14,1,True,True,True,True,1.0,True,1.0,0.0,0.0,0.050579886685552404,1412
unfiltered_random,unfiltered_random,AC067817.2,A2a_no_conf_completeness,Remove completeness from confidence; renormalise retained components,,0.6,1412,False,1412,0,0,0,0.10064558273016604,0.85,127,677,0.9617563739376771,5.6066262743570405e-15,1,True,True,True,True,1.0,True,1.0,0.0,0.0,0.008776274787535407,1412
unfiltered_random,unfiltered_random,AC067817.2,A2b_no_conf_source_support,Remove source support from confidence; renormalise retained components,,0.6,1412,False,1412,0,0,0,0.10063736349224554,0.8500000000000001,127,677,0.9617563739376771,0.0,1,True,True,True,True,1.0,True,1.0,0.0,0.0,0.013110906515580736,1412
unfiltered_random,unfiltered_random,AC067817.2,A2c_no_conf_consistency,Remove RNA-protein consistency; renormalise retained components,,0.6,1412,False,1412,0,0,0,0.10063736349224299,0.85,127,677,0.9617563739376771,5.828670879282072e-15,1,True,True,True,True,1.0,True,1.0,0.0,0.0,0.004389093484419261,1412
unfiltered_random,unfiltered_random,AC067817.2,A3_equal_bio,Equal RNA/protein biological weights,,0.6,1412,False,1412,0,0,0,0.10062523041254218,0.8500000000000001,127,677,0.9617563739376771,1.099120794378905e-14,1,True,True,True,True,1.0,True,1.0,0.0,0.0,0.0,1412
unfiltered_random,unfiltered_random,AC067817.2,A3b_reversed_bio,Protein biological weight greater than RNA,,0.6,1412,False,1412,0,0,0,0.10062523041254218,0.8500000000000001,127,677,0.9617563739376771,1.099120794378905e-14,1,True,True,True,True,1.0,True,1.0,0.0,0.0,0.0,1412
unfiltered_random,unfiltered_random,AC067817.2,A4_adaptive_trust,Team baseline plus gene-level adaptive RNA trust,,0.6,1412,False,1412,0,0,0,0.10062523041254218,0.8500000000000001,127,677,0.9617563739376771,1.099120794378905e-14,1,True,True,True,True,1.0,True,1.0,0.0,0.0,0.0,1412
unfiltered_random,unfiltered_random,AC067817.2,A5_v3_structure,Flat v3 RNA/protein/consistency/completeness structure,,0.6,1412,False,1412,0,0,0,0.10525260082867753,0.889,127,677,0.9617563739376771,1.099120794378905e-14,1,True,True,True,True,1.0,True,1.0,0.0,0.0,0.004902053824362603,1412
unfiltered_random,unfiltered_random,AC067817.2,A6_v3_full,Flat v3 structure plus adaptive trust,,0.6,1412,False,1412,0,0,0,0.10525260082867753,0.889,127,677,0.9617563739376771,1.099120794378905e-14,1,True,True,True,True,1.0,True,1.0,0.0,0.0,0.004902053824362603,1412
unfiltered_random,unfiltered_random,AC074276.2,B0_rna_mean,RNA-only mean ranking; no protein or confidence in final score,,0.6,1412,False,1412,0,0,0,0.08469961001900228,1.0,40,1252,0.9879603399433428,8.770761894538737e-15,1,True,True,True,True,1.0,True,0.9999999999999999,0.0,0.0,0.058486118980169956,1412
unfiltered_random,unfiltered_random,AC074276.2,A0_team_baseline,"Team baseline: RNA .55, protein .30, confidence .15",,0.6,1412,False,1412,0,0,0,0.07198995378909534,0.8500000000000001,40,1252,0.9879603399433428,1.099120794378905e-14,1,True,True,True,True,1.0,True,0.9999999999999999,0.0,0.0,0.0,1412
unfiltered_random,unfiltered_random,AC074276.2,A1a_no_direct_protein,Remove direct protein; retain protein-derived confidence,,0.6,1412,False,1412,0,0,0,0.07198995378909534,0.8500000000000001,40,1252,0.9879603399433428,1.099120794378905e-14,1,True,True,True,True,1.0,True,0.9999999999999999,0.0,0.0,0.0,1412
unfiltered_random,unfiltered_random,AC074276.2,A1b_no_protein_evidence,Remove direct protein and all protein-derived confidence,,0.6,1412,False,1412,0,0,0,0.07200072601064737,0.8500000000000001,40,1252,0.9879603399433428,8.770761894538737e-15,1,True,True,True,True,1.0,True,0.9999999999999999,0.0,0.0,0.04140432011331444,1412
unfiltered_random,unfiltered_random,AC074276.2,A1c_no_protein_confidence,Retain direct protein; remove protein-derived confidence only,,0.6,1412,False,1412,0,0,0,0.07200072601064737,0.8500000000000001,40,1252,0.9879603399433428,8.770761894538737e-15,1,True,True,True,True,1.0,True,0.9999999999999999,0.0,0.0,0.04140432011331444,1412
unfiltered_random,unfiltered_random,AC074276.2,A2_no_confidence,Remove the full confidence block; renormalise RNA/protein,,0.6,1412,False,1412,0,0,0,0.08469961001900228,1.0,40,1252,0.9879603399433428,1.099120794378905e-14,1,True,True,True,True,1.0,True,0.9999999999999999,0.0,0.0,0.058486118980169956,1412
unfiltered_random,unfiltered_random,AC074276.2,A2a_no_conf_completeness,Remove completeness from confidence; renormalise retained components,,0.6,1412,False,1412,0,0,0,0.07199924513410601,0.85,40,1252,0.9879603399433428,5.6066262743570405e-15,1,True,True,True,True,1.0,True,0.9999999999999999,0.0,0.0,0.008796458923512745,1412
unfiltered_random,unfiltered_random,AC074276.2,A2b_no_conf_source_support,Remove source support from confidence; renormalise retained components,,0.6,1412,False,1412,0,0,0,0.07199503213170771,0.8500000000000001,40,1252,0.9879603399433428,0.0,1,True,True,True,True,1.0,True,0.9999999999999999,0.0,0.0,0.013102124645892351,1412
unfiltered_random,unfiltered_random,AC074276.2,A2c_no_conf_consistency,Remove RNA-protein consistency; renormalise retained components,,0.6,1412,False,1412,0,0,0,0.07199503213170762,0.85,40,1252,0.9879603399433428,5.828670879282072e-15,1,True,True,True,True,1.0,True,0.9999999999999999,0.0,0.0,0.004397875354107643,1412
unfiltered_random,unfiltered_random,AC074276.2,A3_equal_bio,Equal RNA/protein biological weights,,0.6,1412,False,1412,0,0,0,0.07198995378909534,0.8500000000000001,40,1252,0.9879603399433428,1.099120794378905e-14,1,True,True,True,True,1.0,True,0.9999999999999999,0.0,0.0,0.0,1412
unfiltered_random,unfiltered_random,AC074276.2,A3b_reversed_bio,Protein biological weight greater than RNA,,0.6,1412,False,1412,0,0,0,0.07198995378909534,0.8500000000000001,40,1252,0.9879603399433428,1.099120794378905e-14,1,True,True,True,True,1.0,True,0.9999999999999999,0.0,0.0,0.0,1412
unfiltered_random,unfiltered_random,AC074276.2,A4_adaptive_trust,Team baseline plus gene-level adaptive RNA trust,,0.6,1412,False,1412,0,0,0,0.07198995378909534,0.8500000000000001,40,1252,0.9879603399433428,1.099120794378905e-14,1,True,True,True,True,1.0,True,0.9999999999999999,0.0,0.0,0.0,1412
unfiltered_random,unfiltered_random,AC074276.2,A5_v3_structure,Flat v3 RNA/protein/consistency/completeness structure,,0.6,1412,False,1412,0,0,0,0.07529663850456769,0.889,40,1252,0.9879603399433428,1.099120794378905e-14,1,True,True,True,True,1.0,True,0.9999999999999999,0.0,0.0,0.006051133144475917,1412
unfiltered_random,unfiltered_random,AC074276.2,A6_v3_full,Flat v3 structure plus adaptive trust,,0.6,1412,False,1412,0,0,0,0.07529663850456769,0.889,40,1252,0.9879603399433428,1.099120794378905e-14,1,True,True,True,True,1.0,True,0.9999999999999999,0.0,0.0,0.006051133144475917,1412
unfiltered_random,unfiltered_random,AC087749.1,B0_rna_mean,RNA-only mean ranking; no protein or confidence in final score,,0.6,1412,False,1412,0,0,0,0.08796634590635678,1.0,57,978,0.9851274787535411,8.770761894538737e-15,1,True,True,True,True,1.0,True,1.0,0.0,0.0,0.056051912181303114,1412
unfiltered_random,unfiltered_random,AC087749.1,A0_team_baseline,"Team baseline: RNA .55, protein .30, confidence .15",,0.6,1412,False,1412,0,0,0,0.07476296433311425,0.8500000000000001,57,978,0.9851274787535411,1.099120794378905e-14,1,True,True,True,True,1.0,True,1.0,0.0,0.0,0.0,1412
unfiltered_random,unfiltered_random,AC087749.1,A1a_no_direct_protein,Remove direct protein; retain protein-derived confidence,,0.6,1412,False,1412,0,0,0,0.07476296433311425,0.8500000000000001,57,978,0.9851274787535411,1.099120794378905e-14,1,True,True,True,True,1.0,True,1.0,0.0,0.0,0.0,1412
unfiltered_random,unfiltered_random,AC087749.1,A1b_no_protein_evidence,Remove direct protein and all protein-derived confidence,,0.6,1412,False,1412,0,0,0,0.07478019077066796,0.8500000000000001,57,978,0.9851274787535411,8.770761894538737e-15,1,True,True,True,True,1.0,True,1.0,0.0,0.0,0.04141366855524079,1412
unfiltered_random,unfiltered_random,AC087749.1,A1c_no_protein_confidence,Retain direct protein; remove protein-derived confidence only,,0.6,1412,False,1412,0,0,0,0.07478019077066796,0.8500000000000001,57,978,0.9851274787535411,8.770761894538737e-15,1,True,True,True,True,1.0,True,1.0,0.0,0.0,0.04141366855524079,1412
unfiltered_random,unfiltered_random,AC087749.1,A2_no_confidence,Remove the full confidence block; renormalise RNA/protein,,0.6,1412,False,1412,0,0,0,0.08796634590635678,1.0,57,978,0.9851274787535411,1.099120794378905e-14,1,True,True,True,True,1.0,True,1.0,0.0,0.0,0.056051912181303114,1412
unfiltered_random,unfiltered_random,AC087749.1,A2a_no_conf_completeness,Remove completeness from confidence; renormalise retained components,,0.6,1412,False,1412,0,0,0,0.07477858796874844,0.85,57,978,0.9851274787535411,5.6066262743570405e-15,1,True,True,True,True,1.0,True,1.0,0.0,0.0,0.00878753541076487,1412
unfiltered_random,unfiltered_random,AC087749.1,A2b_no_conf_source_support,Remove source support from confidence; renormalise retained components,,0.6,1412,False,1412,0,0,0,0.07477470661964733,0.8500000000000001,57,978,0.9851274787535411,0.0,1,True,True,True,True,1.0,True,1.0,0.0,0.0,0.013111048158640226,1412
unfiltered_random,unfiltered_random,AC087749.1,A2c_no_conf_consistency,Remove RNA-protein consistency; renormalise retained components,,0.6,1412,False,1412,0,0,0,0.07477470661964586,0.85,57,978,0.9851274787535411,5.828670879282072e-15,1,True,True,True,True,1.0,True,1.0,0.0,0.0,0.00438895184135977,1412
unfiltered_random,unfiltered_random,AC087749.1,A3_equal_bio,Equal RNA/protein biological weights,,0.6,1412,False,1412,0,0,0,0.07476296433311425,0.8500000000000001,57,978,0.9851274787535411,1.099120794378905e-14,1,True,True,True,True,1.0,True,1.0,0.0,0.0,0.0,1412
unfiltered_random,unfiltered_random,AC087749.1,A3b_reversed_bio,Protein biological weight greater than RNA,,0.6,1412,False,1412,0,0,0,0.07476296433311425,0.8500000000000001,57,978,0.9851274787535411,1.099120794378905e-14,1,True,True,True,True,1.0,True,1.0,0.0,0.0,0.0,1412
unfiltered_random,unfiltered_random,AC087749.1,A4_adaptive_trust,Team baseline plus gene-level adaptive RNA trust,,0.6,1412,False,1412,0,0,0,0.07476296433311425,0.8500000000000001,57,978,0.9851274787535411,1.099120794378905e-14,1,True,True,True,True,1.0,True,1.0,0.0,0.0,0.0,1412
unfiltered_random,unfiltered_random,AC087749.1,A5_v3_structure,Flat v3 RNA/protein/consistency/completeness structure,,0.6,1412,False,1412,0,0,0,0.07820120657268195,0.889,57,978,0.9851274787535411,1.099120794378905e-14,1,True,True,True,True,1.0,True,1.0,0.0,0.0,0.0054753541076487215,1412
unfiltered_random,unfiltered_random,AC087749.1,A6_v3_full,Flat v3 structure plus adaptive trust,,0.6,1412,False,1412,0,0,0,0.07820120657268195,0.889,57,978,0.9851274787535411,1.099120794378905e-14,1,True,True,True,True,1.0,True,1.0,0.0,0.0,0.0054753541076487215,1412
unfiltered_random,unfiltered_random,AC092353.2,B0_rna_mean,RNA-only mean ranking; no protein or confidence in final score,,0.6,1412,False,1412,0,0,0,0.05521801697865643,1.0,61,1120,0.9780453257790368,8.770761894538737e-15,1,True,True,True,True,1.0,True,1.0,0.0,0.0,0.060183073654390934,1412
unfiltered_random,unfiltered_random,AC092353.2,A0_team_baseline,"Team baseline: RNA .55, protein .30, confidence .15",,0.6,1412,False,1412,0,0,0,0.046929929634169865,0.8500000000000001,61,1120,0.9780453257790368,1.099120794378905e-14,1,True,True,True,True,1.0,True,1.0,0.0,0.0,0.0,1412
unfiltered_random,unfiltered_random,AC092353.2,A1a_no_direct_protein,Remove direct protein; retain protein-derived confidence,,0.6,1412,False,1412,0,0,0,0.046929929634169865,0.8500000000000001,61,1120,0.9780453257790368,1.099120794378905e-14,1,True,True,True,True,1.0,True,1.0,0.0,0.0,0.0,1412
unfiltered_random,unfiltered_random,AC092353.2,A1b_no_protein_evidence,Remove direct protein and all protein-derived confidence,,0.6,1412,False,1412,0,0,0,0.04694022860924865,0.8500000000000001,62,1120,0.9773371104815864,8.770761894538737e-15,1,True,True,False,True,1.0,True,0.999996723077079,0.03895184135977337,27.5,0.0414135269121813,1412
unfiltered_random,unfiltered_random,AC092353.2,A1c_no_protein_confidence,Retain direct protein; remove protein-derived confidence only,,0.6,1412,False,1412,0,0,0,0.04694022860924865,0.8500000000000001,62,1120,0.9773371104815864,8.770761894538737e-15,1,True,True,False,True,1.0,True,0.999996723077079,0.03895184135977337,27.5,0.0414135269121813,1412
unfiltered_random,unfiltered_random,AC092353.2,A2_no_confidence,Remove the full confidence block; renormalise RNA/protein,,0.6,1412,False,1412,0,0,0,0.05521801697865643,1.0,61,1120,0.9780453257790368,1.099120794378905e-14,1,True,True,True,True,1.0,True,1.0,0.0,0.0,0.060183073654390934,1412
unfiltered_random,unfiltered_random,AC092353.2,A2a_no_conf_completeness,Remove completeness from confidence; renormalise retained components,,0.6,1412,False,1412,0,0,0,0.04693975677820952,0.85,62,1120,0.9773371104815864,5.6066262743570405e-15,1,True,True,False,True,1.0,True,0.999996723077079,0.03895184135977337,27.5,0.008786685552407929,1412
unfiltered_random,unfiltered_random,AC092353.2,A2b_no_conf_source_support,Remove source support from confidence; renormalise retained components,,0.6,1412,False,1412,0,0,0,0.04693467771194576,0.8500000000000001,61,1120,0.9780453257790368,0.0,1,True,True,True,True,1.0,True,1.0,0.0,0.0,0.013106090651558074,1412
unfiltered_random,unfiltered_random,AC092353.2,A2c_no_conf_consistency,Remove RNA-protein consistency; renormalise retained components,,0.6,1412,False,1412,0,0,0,0.04693467771194601,0.85,61,1120,0.9780453257790368,5.828670879282072e-15,1,True,True,True,True,1.0,True,1.0,0.0,0.0,0.004393909348441922,1412
unfiltered_random,unfiltered_random,AC092353.2,A3_equal_bio,Equal RNA/protein biological weights,,0.6,1412,False,1412,0,0,0,0.046929929634169865,0.8500000000000001,61,1120,0.9780453257790368,1.099120794378905e-14,1,True,True,True,True,1.0,True,1.0,0.0,0.0,0.0,1412
unfiltered_random,unfiltered_random,AC092353.2,A3b_reversed_bio,Protein biological weight greater than RNA,,0.6,1412,False,1412,0,0,0,0.046929929634169865,0.8500000000000001,61,1120,0.9780453257790368,1.099120794378905e-14,1,True,True,True,True,1.0,True,1.0,0.0,0.0,0.0,1412
unfiltered_random,unfiltered_random,AC092353.2,A4_adaptive_trust,Team baseline plus gene-level adaptive RNA trust,,0.6,1412,False,1412,0,0,0,0.046929929634169865,0.8500000000000001,61,1120,0.9780453257790368,1.099120794378905e-14,1,True,True,True,True,1.0,True,1.0,0.0,0.0,0.0,1412
unfiltered_random,unfiltered_random,AC092353.2,A5_v3_structure,Flat v3 RNA/protein/consistency/completeness structure,,0.6,1412,False,1412,0,0,0,0.04908866470621571,0.889,61,1120,0.9780453257790368,1.099120794378905e-14,1,True,True,True,True,1.0,True,1.0,0.0,0.0,0.006166076487252121,1412
unfiltered_random,unfiltered_random,AC092353.2,A6_v3_full,Flat v3 structure plus adaptive trust,,0.6,1412,False,1412,0,0,0,0.04908866470621571,0.889,61,1120,0.9780453257790368,1.099120794378905e-14,1,True,True,True,True,1.0,True,1.0,0.0,0.0,0.006166076487252121,1412
unfiltered_random,unfiltered_random,AC092636.1,B0_rna_mean,RNA-only mean ranking; no protein or confidence in final score,,0.6,1412,False,1412,0,0,0,0.08049452937724383,1.0,64,999,0.9787535410764873,8.770761894538737e-15,1,True,True,False,True,1.0,True,0.9999869903986864,0.08852691218130311,62.5,0.058847662889518405,1412
unfiltered_random,unfiltered_random,AC092636.1,A0_team_baseline,"Team baseline: RNA .55, protein .30, confidence .15",,0.6,1412,False,1412,0,0,0,0.06841784767043615,0.8500000000000001,65,999,0.9780453257790368,1.099120794378905e-14,1,True,True,True,True,1.0,True,1.0,0.0,0.0,0.0,1412
unfiltered_random,unfiltered_random,AC092636.1,A1a_no_direct_protein,Remove direct protein; retain protein-derived confidence,,0.6,1412,False,1412,0,0,0,0.06841784767043615,0.8500000000000001,65,999,0.9780453257790368,1.099120794378905e-14,1,True,True,True,True,1.0,True,1.0,0.0,0.0,0.0,1412
unfiltered_random,unfiltered_random,AC092636.1,A1b_no_protein_evidence,Remove direct protein and all protein-derived confidence,,0.6,1412,False,1412,0,0,0,0.06843049055199782,0.8500000000000001,64,999,0.9787535410764873,8.770761894538737e-15,1,True,True,False,True,1.0,True,0.9999869903986864,0.08852691218130311,62.5,0.04141203966005665,1412
unfiltered_random,unfiltered_random,AC092636.1,A1c_no_protein_confidence,Retain direct protein; remove protein-derived confidence only,,0.6,1412,False,1412,0,0,0,0.06843049055199782,0.8500000000000001,64,999,0.9787535410764873,8.770761894538737e-15,1,True,True,False,True,1.0,True,0.9999869903986864,0.08852691218130311,62.5,0.04141203966005665,1412
unfiltered_random,unfiltered_random,AC092636.1,A2_no_confidence,Remove the full confidence block; renormalise RNA/protein,,0.6,1412,False,1412,0,0,0,0.08049452937724383,1.0,64,999,0.9787535410764873,1.099120794378905e-14,1,True,True,False,True,1.0,True,0.9999869903986864,0.08852691218130311,62.5,0.058847662889518405,1412
unfiltered_random,unfiltered_random,AC092636.1,A2a_no_conf_completeness,Remove completeness from confidence; renormalise retained components,,0.6,1412,False,1412,0,0,0,0.0684274289136006,0.85,64,999,0.9787535410764873,5.6066262743570405e-15,1,True,True,False,True,1.0,True,0.9999869903986864,0.08852691218130311,62.5,0.00878937677053824,1412
unfiltered_random,unfiltered_random,AC092636.1,A2b_no_conf_source_support,Remove source support from confidence; renormalise retained components,,0.6,1412,False,1412,0,0,0,0.06842184352825606,0.8500000000000001,64,999,0.9787535410764873,0.0,1,True,True,False,True,1.0,True,0.9999869903986864,0.08852691218130311,62.5,0.013105311614730879,1412
unfiltered_random,unfiltered_random,AC092636.1,A2c_no_conf_consistency,Remove RNA-protein consistency; renormalise retained components,,0.6,1412,False,1412,0,0,0,0.06842184352825602,0.85,64,999,0.9787535410764873,5.828670879282072e-15,1,True,True,False,True,1.0,True,0.9999869903986864,0.08852691218130311,62.5,0.004394688385269119,1412
unfiltered_random,unfiltered_random,AC092636.1,A3_equal_bio,Equal RNA/protein biological weights,,0.6,1412,False,1412,0,0,0,0.06841784767043615,0.8500000000000001,65,999,0.9780453257790368,1.099120794378905e-14,1,True,True,True,True,1.0,True,1.0,0.0,0.0,0.0,1412
unfiltered_random,unfiltered_random,AC092636.1,A3b_reversed_bio,Protein biological weight greater than RNA,,0.6,1412,False,1412,0,0,0,0.06841784767043615,0.8500000000000001,65,999,0.9780453257790368,1.099120794378905e-14,1,True,True,True,True,1.0,True,1.0,0.0,0.0,0.0,1412
unfiltered_random,unfiltered_random,AC092636.1,A4_adaptive_trust,Team baseline plus gene-level adaptive RNA trust,,0.6,1412,False,1412,0,0,0,0.06841784767043615,0.8500000000000001,65,999,0.9780453257790368,1.099120794378905e-14,1,True,True,True,True,1.0,True,1.0,0.0,0.0,0.0,1412
unfiltered_random,unfiltered_random,AC092636.1,A5_v3_structure,Flat v3 RNA/protein/consistency/completeness structure,,0.6,1412,False,1412,0,0,0,0.07156430042349449,0.889,64,999,0.9787535410764873,1.099120794378905e-14,1,True,True,False,True,1.0,True,0.9999869903986864,0.08852691218130311,62.5,0.00607393767705382,1412
unfiltered_random,unfiltered_random,AC092636.1,A6_v3_full,Flat v3 structure plus adaptive trust,,0.6,1412,False,1412,0,0,0,0.07156430042349449,0.889,64,999,0.9787535410764873,1.099120794378905e-14,1,True,True,False,True,1.0,True,0.9999869903986864,0.08852691218130311,62.5,0.00607393767705382,1412
unfiltered_random,unfiltered_random,AC108053.1,B0_rna_mean,RNA-only mean ranking; no protein or confidence in final score,,0.6,1412,False,1412,0,0,0,0.06633609688440169,1.0,33,874,0.9872521246458924,8.770761894538737e-15,1,True,True,False,True,1.0,True,0.9999460396062545,0.1954674220963173,138.0,0.059398087818696876,1412
unfiltered_random,unfiltered_random,AC108053.1,A0_team_baseline,"Team baseline: RNA .55, protein .30, confidence .15",,0.6,1412,False,1412,0,0,0,0.05638019349338057,0.8500000000000001,32,874,0.9879603399433428,1.099120794378905e-14,1,True,True,True,True,1.0,True,1.0,0.0,0.0,0.0,1412
unfiltered_random,unfiltered_random,AC108053.1,A1a_no_direct_protein,Remove direct protein; retain protein-derived confidence,,0.6,1412,False,1412,0,0,0,0.05638019349338057,0.8500000000000001,32,874,0.9879603399433428,1.099120794378905e-14,1,True,True,True,True,1.0,True,1.0,0.0,0.0,0.0,1412
unfiltered_random,unfiltered_random,AC108053.1,A1b_no_protein_evidence,Remove direct protein and all protein-derived confidence,,0.6,1412,False,1412,0,0,0,0.05638823742861567,0.8500000000000001,33,874,0.9872521246458924,8.770761894538737e-15,1,True,True,False,True,1.0,True,0.9999460396062545,0.1954674220963173,138.0,0.041424787535410755,1412
unfiltered_random,unfiltered_random,AC108053.1,A1c_no_protein_confidence,Retain direct protein; remove protein-derived confidence only,,0.6,1412,False,1412,0,0,0,0.05638823742861567,0.8500000000000001,33,874,0.9872521246458924,8.770761894538737e-15,1,True,True,False,True,1.0,True,0.9999460396062545,0.1954674220963173,138.0,0.041424787535410755,1412
unfiltered_random,unfiltered_random,AC108053.1,A2_no_confidence,Remove the full confidence block; renormalise RNA/protein,,0.6,1412,False,1412,0,0,0,0.06633609688440169,1.0,33,874,0.9872521246458924,1.099120794378905e-14,1,True,True,False,True,1.0,True,0.9999460396062545,0.1954674220963173,138.0,0.059398087818696876,1412
unfiltered_random,unfiltered_random,AC108053.1,A2a_no_conf_completeness,Remove completeness from confidence; renormalise retained components,,0.6,1412,False,1412,0,0,0,0.05638755815944557,0.85,33,874,0.9872521246458924,5.6066262743570405e-15,1,True,True,False,True,1.0,True,0.9999460396062545,0.1954674220963173,138.0,0.008775354107648722,1412
unfiltered_random,unfiltered_random,AC108053.1,A2b_no_conf_source_support,Remove source support from confidence; renormalise retained components,,0.6,1412,False,1412,0,0,0,0.056385280269158275,0.8500000000000001,33,874,0.9872521246458924,0.0,1,True,True,False,True,1.0,True,0.9999460396062545,0.1954674220963173,138.0,0.013123371104815864,1412
unfiltered_random,unfiltered_random,AC108053.1,A2c_no_conf_consistency,Remove RNA-protein consistency; renormalise retained components,,0.6,1412,False,1412,0,0,0,0.05638528026915854,0.85,33,874,0.9872521246458924,5.828670879282072e-15,1,True,True,False,True,1.0,True,0.9999460396062545,0.1954674220963173,138.0,0.004376628895184132,1412
unfiltered_random,unfiltered_random,AC108053.1,A3_equal_bio,Equal RNA/protein biological weights,,0.6,1412,False,1412,0,0,0,0.05638019349338057,0.8500000000000001,32,874,0.9879603399433428,1.099120794378905e-14,1,True,True,True,True,1.0,True,1.0,0.0,0.0,0.0,1412
unfiltered_random,unfiltered_random,AC108053.1,A3b_reversed_bio,Protein biological weight greater than RNA,,0.6,1412,False,1412,0,0,0,0.05638019349338057,0.8500000000000001,32,874,0.9879603399433428,1.099120794378905e-14,1,True,True,True,True,1.0,True,1.0,0.0,0.0,0.0,1412
unfiltered_random,unfiltered_random,AC108053.1,A4_adaptive_trust,Team baseline plus gene-level adaptive RNA trust,,0.6,1412,False,1412,0,0,0,0.05638019349338057,0.8500000000000001,32,874,0.9879603399433428,1.099120794378905e-14,1,True,True,True,True,1.0,True,1.0,0.0,0.0,0.0,1412
unfiltered_random,unfiltered_random,AC108053.1,A5_v3_structure,Flat v3 RNA/protein/consistency/completeness structure,,0.6,1412,False,1412,0,0,0,0.05897156910500413,0.889,33,874,0.9872521246458924,1.099120794378905e-14,1,True,True,False,True,1.0,True,0.9999460396062545,0.1954674220963173,138.0,0.005939022662889515,1412
unfiltered_random,unfiltered_random,AC108053.1,A6_v3_full,Flat v3 structure plus adaptive trust,,0.6,1412,False,1412,0,0,0,0.05897156910500413,0.889,33,874,0.9872521246458924,1.099120794378905e-14,1,True,True,False,True,1.0,True,0.9999460396062545,0.1954674220963173,138.0,0.005939022662889515,1412
unfiltered_random,unfiltered_random,AC124066.1,B0_rna_mean,RNA-only mean ranking; no protein or confidence in final score,,0.6,1412,False,1412,0,0,0,0.10136564339511685,1.0,78,546,0.9780453257790368,8.770761894538737e-15,1,True,True,True,True,1.0,True,1.0,0.0,0.0,0.051304532577903676,1412
unfiltered_random,unfiltered_random,AC124066.1,A0_team_baseline,"Team baseline: RNA .55, protein .30, confidence .15",,0.6,1412,False,1412,0,0,0,0.08615438534722153,0.8500000000000001,78,546,0.9780453257790368,1.099120794378905e-14,1,True,True,True,True,1.0,True,1.0,0.0,0.0,0.0,1412
unfiltered_random,unfiltered_random,AC124066.1,A1a_no_direct_protein,Remove direct protein; retain protein-derived confidence,,0.6,1412,False,1412,0,0,0,0.08615438534722153,0.8500000000000001,78,546,0.9780453257790368,1.099120794378905e-14,1,True,True,True,True,1.0,True,1.0,0.0,0.0,0.0,1412
unfiltered_random,unfiltered_random,AC124066.1,A1b_no_protein_evidence,Remove direct protein and all protein-derived confidence,,0.6,1412,False,1412,0,0,0,0.08617012794016192,0.8500000000000001,78,546,0.9780453257790368,8.770761894538737e-15,1,True,True,True,True,1.0,True,1.0,0.0,0.0,0.04144022662889518,1412
unfiltered_random,unfiltered_random,AC124066.1,A1c_no_protein_confidence,Retain direct protein; remove protein-derived confidence only,,0.6,1412,False,1412,0,0,0,0.08617012794016192,0.8500000000000001,78,546,0.9780453257790368,8.770761894538737e-15,1,True,True,True,True,1.0,True,1.0,0.0,0.0,0.04144022662889518,1412
unfiltered_random,unfiltered_random,AC124066.1,A2_no_confidence,Remove the full confidence block; renormalise RNA/protein,,0.6,1412,False,1412,0,0,0,0.10136564339511685,1.0,78,546,0.9780453257790368,1.099120794378905e-14,1,True,True,True,True,1.0,True,1.0,0.0,0.0,0.051304532577903676,1412
unfiltered_random,unfiltered_random,AC124066.1,A2a_no_conf_completeness,Remove completeness from confidence; renormalise retained components,,0.6,1412,False,1412,0,0,0,0.08616621312939265,0.85,78,546,0.9780453257790368,5.6066262743570405e-15,1,True,True,True,True,1.0,True,1.0,0.0,0.0,0.00876140226628895,1412
unfiltered_random,unfiltered_random,AC124066.1,A2b_no_conf_source_support,Remove source support from confidence; renormalise retained components,,0.6,1412,False,1412,0,0,0,0.0861621668131407,0.8500000000000001,78,546,0.9780453257790368,0.0,1,True,True,True,True,1.0,True,1.0,0.0,0.0,0.01312096317280453,1412
unfiltered_random,unfiltered_random,AC124066.1,A2c_no_conf_consistency,Remove RNA-protein consistency; renormalise retained components,,0.6,1412,False,1412,0,0,0,0.08616216681314222,0.85,78,546,0.9780453257790368,5.828670879282072e-15,1,True,True,True,True,1.0,True,1.0,0.0,0.0,0.004379036827195466,1412
unfiltered_random,unfiltered_random,AC124066.1,A3_equal_bio,Equal RNA/protein biological weights,,0.6,1412,False,1412,0,0,0,0.08615438534722153,0.8500000000000001,78,546,0.9780453257790368,1.099120794378905e-14,1,True,True,True,True,1.0,True,1.0,0.0,0.0,0.0,1412
unfiltered_random,unfiltered_random,AC124066.1,A3b_reversed_bio,Protein biological weight greater than RNA,,0.6,1412,False,1412,0,0,0,0.08615438534722153,0.8500000000000001,78,546,0.9780453257790368,1.099120794378905e-14,1,True,True,True,True,1.0,True,1.0,0.0,0.0,0.0,1412
unfiltered_random,unfiltered_random,AC124066.1,A4_adaptive_trust,Team baseline plus gene-level adaptive RNA trust,,0.6,1412,False,1412,0,0,0,0.08615438534722153,0.8500000000000001,78,546,0.9780453257790368,1.099120794378905e-14,1,True,True,True,True,1.0,True,1.0,0.0,0.0,0.0,1412
unfiltered_random,unfiltered_random,AC124066.1,A5_v3_structure,Flat v3 RNA/protein/consistency/completeness structure,,0.6,1412,False,1412,0,0,0,0.09011335909172118,0.889,78,546,0.9780453257790368,1.099120794378905e-14,1,True,True,True,True,1.0,True,1.0,0.0,0.0,0.004604957507082152,1412
unfiltered_random,unfiltered_random,AC124066.1,A6_v3_full,Flat v3 structure plus adaptive trust,,0.6,1412,False,1412,0,0,0,0.09011335909172118,0.889,78,546,0.9780453257790368,1.099120794378905e-14,1,True,True,True,True,1.0,True,1.0,0.0,0.0,0.004604957507082152,1412
unfiltered_random,unfiltered_random,AC138749.3,B0_rna_mean,RNA-only mean ranking; no protein or confidence in final score,,0.6,1412,False,1412,0,0,0,0.02783742827647764,1.0,4,1402,0.9992917847025495,8.770761894538737e-15,1,True,True,True,True,1.0,True,1.0,0.0,0.0,0.06181983002832861,1412
unfiltered_random,unfiltered_random,AC138749.3,A0_team_baseline,"Team baseline: RNA .55, protein .30, confidence .15",,0.6,1412,False,1412,0,0,0,0.023661286238644916,0.8500000000000001,4,1402,0.9992917847025495,1.099120794378905e-14,1,True,True,True,True,1.0,True,1.0,0.0,0.0,0.0,1412
unfiltered_random,unfiltered_random,AC138749.3,A1a_no_direct_protein,Remove direct protein; retain protein-derived confidence,,0.6,1412,False,1412,0,0,0,0.023661286238644916,0.8500000000000001,4,1402,0.9992917847025495,1.099120794378905e-14,1,True,True,True,True,1.0,True,1.0,0.0,0.0,0.0,1412
unfiltered_random,unfiltered_random,AC138749.3,A1b_no_protein_evidence,Remove direct protein and all protein-derived confidence,,0.6,1412,False,1412,0,0,0,0.02366270627907702,0.8500000000000001,4,1402,0.9992917847025495,8.770761894538737e-15,1,True,True,True,True,1.0,True,1.0,0.0,0.0,0.04140035410764873,1412
unfiltered_random,unfiltered_random,AC138749.3,A1c_no_protein_confidence,Retain direct protein; remove protein-derived confidence only,,0.6,1412,False,1412,0,0,0,0.02366270627907702,0.8500000000000001,4,1402,0.9992917847025495,8.770761894538737e-15,1,True,True,True,True,1.0,True,1.0,0.0,0.0,0.04140035410764873,1412
unfiltered_random,unfiltered_random,AC138749.3,A2_no_confidence,Remove the full confidence block; renormalise RNA/protein,,0.6,1412,False,1412,0,0,0,0.02783742827647764,1.0,4,1402,0.9992917847025495,1.099120794378905e-14,1,True,True,True,True,1.0,True,1.0,0.0,0.0,0.06181983002832861,1412
unfiltered_random,unfiltered_random,AC138749.3,A2a_no_conf_completeness,Remove completeness from confidence; renormalise retained components,,0.6,1412,False,1412,0,0,0,0.023662706279077003,0.85,4,1402,0.9992917847025495,5.6066262743570405e-15,1,True,True,True,True,1.0,True,1.0,0.0,0.0,0.008799645892351273,1412
unfiltered_random,unfiltered_random,AC138749.3,A2b_no_conf_source_support,Remove source support from confidence; renormalise retained components,,0.6,1412,False,1412,0,0,0,0.023661286238644778,0.8500000000000001,4,1402,0.9992917847025495,0.0,1,True,True,True,True,1.0,True,1.0,0.0,0.0,0.013099999999999999,1412
unfiltered_random,unfiltered_random,AC138749.3,A2c_no_conf_consistency,Remove RNA-protein consistency; renormalise retained components,,0.6,1412,False,1412,0,0,0,0.023661286238644857,0.85,4,1402,0.9992917847025495,5.828670879282072e-15,1,True,True,True,True,1.0,True,1.0,0.0,0.0,0.004399999999999995,1412
unfiltered_random,unfiltered_random,AC138749.3,A3_equal_bio,Equal RNA/protein biological weights,,0.6,1412,False,1412,0,0,0,0.023661286238644916,0.8500000000000001,4,1402,0.9992917847025495,1.099120794378905e-14,1,True,True,True,True,1.0,True,1.0,0.0,0.0,0.0,1412
unfiltered_random,unfiltered_random,AC138749.3,A3b_reversed_bio,Protein biological weight greater than RNA,,0.6,1412,False,1412,0,0,0,0.023661286238644916,0.8500000000000001,4,1402,0.9992917847025495,1.099120794378905e-14,1,True,True,True,True,1.0,True,1.0,0.0,0.0,0.0,1412
unfiltered_random,unfiltered_random,AC138749.3,A4_adaptive_trust,Team baseline plus gene-level adaptive RNA trust,,0.6,1412,False,1412,0,0,0,0.023661286238644916,0.8500000000000001,4,1402,0.9992917847025495,1.099120794378905e-14,1,True,True,True,True,1.0,True,1.0,0.0,0.0,0.0,1412
unfiltered_random,unfiltered_random,AC138749.3,A5_v3_structure,Flat v3 RNA/protein/consistency/completeness structure,,0.6,1412,False,1412,0,0,0,0.024748801987652565,0.889,4,1402,0.9992917847025495,1.099120794378905e-14,1,True,True,True,True,1.0,True,1.0,0.0,0.0,0.006392422096317276,1412
unfiltered_random,unfiltered_random,AC138749.3,A6_v3_full,Flat v3 structure plus adaptive trust,,0.6,1412,False,1412,0,0,0,0.024748801987652565,0.889,4,1402,0.9992917847025495,1.099120794378905e-14,1,True,True,True,True,1.0,True,1.0,0.0,0.0,0.006392422096317276,1412
unfiltered_random,unfiltered_random,AC243654.2,B0_rna_mean,RNA-only mean ranking; no protein or confidence in final score,,0.6,1412,False,1412,0,0,0,0.056782176738849915,1.0,53,1043,0.9844192634560907,8.770761894538737e-15,1,True,True,True,True,1.0,True,0.9999999999999998,0.0,0.0,0.05829752124645892,1412
unfiltered_random,unfiltered_random,AC243654.2,A0_team_baseline,"Team baseline: RNA .55, protein .30, confidence .15",,0.6,1412,False,1412,0,0,0,0.048255632138503646,0.8500000000000001,53,1043,0.9844192634560907,1.099120794378905e-14,1,True,True,True,True,1.0,True,0.9999999999999998,0.0,0.0,0.0,1412
unfiltered_random,unfiltered_random,AC243654.2,A1a_no_direct_protein,Remove direct protein; retain protein-derived confidence,,0.6,1412,False,1412,0,0,0,0.048255632138503646,0.8500000000000001,53,1043,0.9844192634560907,1.099120794378905e-14,1,True,True,True,True,1.0,True,0.9999999999999998,0.0,0.0,0.0,1412
unfiltered_random,unfiltered_random,AC243654.2,A1b_no_protein_evidence,Remove direct protein and all protein-derived confidence,,0.6,1412,False,1412,0,0,0,0.048276418654888596,0.8500000000000001,53,1043,0.9844192634560907,8.770761894538737e-15,1,True,True,True,True,1.0,True,0.9999999999999998,0.0,0.0,0.04141586402266289,1412
unfiltered_random,unfiltered_random,AC243654.2,A1c_no_protein_confidence,Retain direct protein; remove protein-derived confidence only,,0.6,1412,False,1412,0,0,0,0.048276418654888596,0.8500000000000001,53,1043,0.9844192634560907,8.770761894538737e-15,1,True,True,True,True,1.0,True,0.9999999999999998,0.0,0.0,0.04141586402266289,1412
unfiltered_random,unfiltered_random,AC243654.2,A2_no_confidence,Remove the full confidence block; renormalise RNA/protein,,0.6,1412,False,1412,0,0,0,0.056782176738849915,1.0,53,1043,0.9844192634560907,1.099120794378905e-14,1,True,True,True,True,1.0,True,0.9999999999999998,0.0,0.0,0.05829752124645892,1412
unfiltered_random,unfiltered_random,AC243654.2,A2a_no_conf_completeness,Remove completeness from confidence; renormalise retained components,,0.6,1412,False,1412,0,0,0,0.04827314496019798,0.85,53,1043,0.9844192634560907,5.6066262743570405e-15,1,True,True,True,True,1.0,True,0.9999999999999998,0.0,0.0,0.008786048158640224,1412
unfiltered_random,unfiltered_random,AC243654.2,A2b_no_conf_source_support,Remove source support from confidence; renormalise retained components,,0.6,1412,False,1412,0,0,0,0.04826449317049403,0.8500000000000001,53,1043,0.9844192634560907,0.0,1,True,True,True,True,1.0,True,0.9999999999999998,0.0,0.0,0.013106373937677053,1412
unfiltered_random,unfiltered_random,AC243654.2,A2c_no_conf_consistency,Remove RNA-protein consistency; renormalise retained components,,0.6,1412,False,1412,0,0,0,0.04826449317049369,0.85,53,1043,0.9844192634560907,5.828670879282072e-15,1,True,True,True,True,1.0,True,0.9999999999999998,0.0,0.0,0.004393626062322942,1412
unfiltered_random,unfiltered_random,AC243654.2,A3_equal_bio,Equal RNA/protein biological weights,,0.6,1412,False,1412,0,0,0,0.048255632138503646,0.8500000000000001,53,1043,0.9844192634560907,1.099120794378905e-14,1,True,True,True,True,1.0,True,0.9999999999999998,0.0,0.0,0.0,1412
unfiltered_random,unfiltered_random,AC243654.2,A3b_reversed_bio,Protein biological weight greater than RNA,,0.6,1412,False,1412,0,0,0,0.048255632138503646,0.8500000000000001,53,1043,0.9844192634560907,1.099120794378905e-14,1,True,True,True,True,1.0,True,0.9999999999999998,0.0,0.0,0.0,1412
unfiltered_random,unfiltered_random,AC243654.2,A4_adaptive_trust,Team baseline plus gene-level adaptive RNA trust,,0.6,1412,False,1412,0,0,0,0.048255632138503646,0.8500000000000001,53,1043,0.9844192634560907,1.099120794378905e-14,1,True,True,True,True,1.0,True,0.9999999999999998,0.0,0.0,0.0,1412
unfiltered_random,unfiltered_random,AC243654.2,A5_v3_structure,Flat v3 RNA/protein/consistency/completeness structure,,0.6,1412,False,1412,0,0,0,0.05047819218676158,0.889,53,1043,0.9844192634560907,1.099120794378905e-14,1,True,True,True,True,1.0,True,0.9999999999999998,0.0,0.0,0.005606090651558071,1412
unfiltered_random,unfiltered_random,AC243654.2,A6_v3_full,Flat v3 structure plus adaptive trust,,0.6,1412,False,1412,0,0,0,0.05047819218676158,0.889,53,1043,0.9844192634560907,1.099120794378905e-14,1,True,True,True,True,1.0,True,0.9999999999999998,0.0,0.0,0.005606090651558071,1412
unfiltered_random,unfiltered_random,ADORA2A,B0_rna_mean,RNA-only mean ranking; no protein or confidence in final score,,0.6,1476,False,1412,1105,0,0,0.20190630131409001,1.0,1089,8,0.4186991869918699,0.07089474244752349,2,False,True,False,False,0.8181818181818182,True,0.9981841105137162,20.053523035230352,59.0,0.04290934959349594,1476
unfiltered_random,unfiltered_random,ADORA2A,A0_team_baseline,"Team baseline: RNA .55, protein .30, confidence .15",,0.6,1476,False,1412,1105,0,0,0.17265904747522792,0.855,1087,8,0.4247967479674797,0.03989253996243303,2,False,True,True,True,1.0,True,0.9999999999999999,0.0,0.0,0.0,1476
unfiltered_random,unfiltered_random,ADORA2A,A1a_no_direct_protein,Remove direct protein; retain protein-derived confidence,,0.6,1476,False,1412,1105,0,0,0.17265904747522792,0.855,1087,8,0.4247967479674797,0.03989253996243303,2,False,True,True,True,1.0,True,0.9999999999999999,0.0,0.0,0.0,1476
unfiltered_random,unfiltered_random,ADORA2A,A1b_no_protein_evidence,Remove direct protein and all protein-derived confidence,,0.6,1476,False,1412,1105,0,0,0.17360582876395145,0.8652,1073,9,0.4410569105691057,0.07089474244752379,2,False,True,False,True,1.0,True,0.9990124695057021,14.39769647696477,51.5,0.04865873983739838,1476
unfiltered_random,unfiltered_random,ADORA2A,A1c_no_protein_confidence,Retain direct protein; remove protein-derived confidence only,,0.6,1476,False,1412,1105,0,0,0.17360582876395145,0.8652,1073,9,0.4410569105691057,0.07089474244752379,2,False,True,False,True,1.0,True,0.9990124695057021,14.39769647696477,51.5,0.04865873983739838,1476
unfiltered_random,unfiltered_random,ADORA2A,A2_no_confidence,Remove the full confidence block; renormalise RNA/protein,,0.6,1476,False,1412,1105,0,0,0.20190630131409001,1.0,1089,8,0.4186991869918699,0.03989253996243312,2,False,True,False,False,0.8181818181818182,True,0.9981841105137162,20.053523035230352,59.0,0.04290934959349594,1476
unfiltered_random,unfiltered_random,ADORA2A,A2a_no_conf_completeness,Remove completeness from confidence; renormalise retained components,,0.6,1476,False,1412,1105,0,0,0.17346367326709503,0.8637,1082,8,0.4342818428184282,0.06647236944597368,2,False,True,False,True,1.0,True,0.9992636347022377,12.409891598915989,41.0,0.0025787940379403793,1476
unfiltered_random,unfiltered_random,ADORA2A,A2b_no_conf_source_support,Remove source support from confidence; renormalise retained components,,0.6,1476,False,1412,1105,0,0,0.17162062333650704,0.8500000000000001,1072,8,0.4383468834688347,0.0,1,True,True,False,False,0.8181818181818182,True,0.9981871761430366,20.037262872628727,59.0,0.0038687669376693767,1476
unfiltered_random,unfiltered_random,ADORA2A,A2c_no_conf_consistency,Remove RNA-protein consistency; renormalise retained components,,0.6,1476,False,1412,1105,0,0,0.17305032237032172,0.8593000000000001,1080,8,0.43360433604336046,0.053205250441324285,2,False,True,False,True,1.0,True,0.9997975176772985,6.37940379403794,29.0,0.001288753387533875,1476
unfiltered_random,unfiltered_random,ADORA2A,A3_equal_bio,Equal RNA/protein biological weights,,0.6,1476,False,1412,1105,0,0,0.17265904747522792,0.855,1087,8,0.4247967479674797,0.03989253996243303,2,False,True,True,True,1.0,True,0.9999999999999999,0.0,0.0,0.0,1476
unfiltered_random,unfiltered_random,ADORA2A,A3b_reversed_bio,Protein biological weight greater than RNA,,0.6,1476,False,1412,1105,0,0,0.17265904747522792,0.855,1087,8,0.4247967479674797,0.03989253996243303,2,False,True,True,True,1.0,True,0.9999999999999999,0.0,0.0,0.0,1476
unfiltered_random,unfiltered_random,ADORA2A,A4_adaptive_trust,Team baseline plus gene-level adaptive RNA trust,,0.6,1476,False,1412,1105,0,0,0.17265904747522792,0.855,1087,8,0.4247967479674797,0.03989253996243303,2,False,True,True,True,1.0,True,0.9999999999999999,0.0,0.0,0.0,1476
unfiltered_random,unfiltered_random,ADORA2A,A5_v3_structure,Flat v3 RNA/protein/consistency/completeness structure,,0.6,1476,False,1412,1105,0,0,0.17949524766900946,0.889,1084,8,0.4275067750677507,0.03989253996243312,2,False,True,False,False,0.8181818181818182,True,0.9981843464985648,20.04810298102981,59.0,0.009520731707317076,1476
unfiltered_random,unfiltered_random,ADORA2A,A6_v3_full,Flat v3 structure plus adaptive trust,,0.6,1476,False,1412,1105,0,0,0.17949524766900946,0.889,1084,8,0.4275067750677507,0.03989253996243312,2,False,True,False,False,0.8181818181818182,True,0.9981843464985648,20.04810298102981,59.0,0.009520731707317076,1476
unfiltered_random,unfiltered_random,AF111169.1,B0_rna_mean,RNA-only mean ranking; no protein or confidence in final score,,0.6,1412,False,1412,0,0,0,0.1480613826109415,1.0,540,40,0.8321529745042493,8.770761894538737e-15,1,True,True,True,True,1.0,True,1.0,0.0,0.0,0.02640488668555241,1412
unfiltered_random,unfiltered_random,AF111169.1,A0_team_baseline,"Team baseline: RNA .55, protein .30, confidence .15",,0.6,1412,False,1412,0,0,0,0.12585258033542396,0.8500000000000001,540,40,0.8321529745042493,1.099120794378905e-14,1,True,True,True,True,1.0,True,1.0,0.0,0.0,0.0,1412
unfiltered_random,unfiltered_random,AF111169.1,A1a_no_direct_protein,Remove direct protein; retain protein-derived confidence,,0.6,1412,False,1412,0,0,0,0.12585258033542396,0.8500000000000001,540,40,0.8321529745042493,1.099120794378905e-14,1,True,True,True,True,1.0,True,1.0,0.0,0.0,0.0,1412
unfiltered_random,unfiltered_random,AF111169.1,A1b_no_protein_evidence,Remove direct protein and all protein-derived confidence,,0.6,1412,False,1412,0,0,0,0.125853220419684,0.8500000000000001,538,40,0.8342776203966006,8.770761894538737e-15,1,True,True,False,True,1.0,True,0.9999999765547574,0.007082152974504249,2.5,0.04145779036827195,1412
unfiltered_random,unfiltered_random,AF111169.1,A1c_no_protein_confidence,Retain direct protein; remove protein-derived confidence only,,0.6,1412,False,1412,0,0,0,0.125853220419684,0.8500000000000001,538,40,0.8342776203966006,8.770761894538737e-15,1,True,True,False,True,1.0,True,0.9999999765547574,0.007082152974504249,2.5,0.04145779036827195,1412
unfiltered_random,unfiltered_random,AF111169.1,A2_no_confidence,Remove the full confidence block; renormalise RNA/protein,,0.6,1412,False,1412,0,0,0,0.1480613826109415,1.0,540,40,0.8321529745042493,1.099120794378905e-14,1,True,True,True,True,1.0,True,1.0,0.0,0.0,0.02640488668555241,1412
unfiltered_random,unfiltered_random,AF111169.1,A2a_no_conf_completeness,Remove completeness from confidence; renormalise retained components,,0.6,1412,False,1412,0,0,0,0.12585208579748947,0.85,538,40,0.8342776203966006,5.6066262743570405e-15,1,True,True,False,True,1.0,True,0.9999999765547574,0.007082152974504249,2.5,0.008752266288951843,1412
unfiltered_random,unfiltered_random,AF111169.1,A2b_no_conf_source_support,Remove source support from confidence; renormalise retained components,,0.6,1412,False,1412,0,0,0,0.12585074562991008,0.8500000000000001,539,40,0.8335694050991501,0.0,1,True,True,False,True,1.0,True,0.9999999797518361,0.0056657223796034,2.5,0.013124575070821527,1412
unfiltered_random,unfiltered_random,AF111169.1,A2c_no_conf_consistency,Remove RNA-protein consistency; renormalise retained components,,0.6,1412,False,1412,0,0,0,0.12585074562991022,0.85,539,40,0.8335694050991501,5.828670879282072e-15,1,True,True,False,True,1.0,True,0.9999999797518361,0.0056657223796034,2.5,0.00437542492917847,1412
unfiltered_random,unfiltered_random,AF111169.1,A3_equal_bio,Equal RNA/protein biological weights,,0.6,1412,False,1412,0,0,0,0.12585258033542396,0.8500000000000001,540,40,0.8321529745042493,1.099120794378905e-14,1,True,True,True,True,1.0,True,1.0,0.0,0.0,0.0,1412
unfiltered_random,unfiltered_random,AF111169.1,A3b_reversed_bio,Protein biological weight greater than RNA,,0.6,1412,False,1412,0,0,0,0.12585258033542396,0.8500000000000001,540,40,0.8321529745042493,1.099120794378905e-14,1,True,True,True,True,1.0,True,1.0,0.0,0.0,0.0,1412
unfiltered_random,unfiltered_random,AF111169.1,A4_adaptive_trust,Team baseline plus gene-level adaptive RNA trust,,0.6,1412,False,1412,0,0,0,0.12585258033542396,0.8500000000000001,540,40,0.8321529745042493,1.099120794378905e-14,1,True,True,True,True,1.0,True,1.0,0.0,0.0,0.0,1412
unfiltered_random,unfiltered_random,AF111169.1,A5_v3_structure,Flat v3 RNA/protein/consistency/completeness structure,,0.6,1412,False,1412,0,0,0,0.13162486506621518,0.889,539,40,0.8335694050991501,1.099120794378905e-14,1,True,True,False,True,1.0,True,0.9999999797518361,0.0056657223796034,2.5,0.005418484419263453,1412
unfiltered_random,unfiltered_random,AF111169.1,A6_v3_full,Flat v3 structure plus adaptive trust,,0.6,1412,False,1412,0,0,0,0.13162486506621518,0.889,539,40,0.8335694050991501,1.099120794378905e-14,1,True,True,False,True,1.0,True,0.9999999797518361,0.0056657223796034,2.5,0.005418484419263453,1412
unfiltered_random,unfiltered_random,AL117339.4,B0_rna_mean,RNA-only mean ranking; no protein or confidence in final score,,0.6,1412,False,1412,0,0,0,0.17141320937598234,1.0,193,42,0.9525495750708215,8.770761894538737e-15,1,True,True,False,True,1.0,True,0.9999996706534339,0.023371104815864022,10.5,0.03404992917847025,1412
unfiltered_random,unfiltered_random,AL117339.4,A0_team_baseline,"Team baseline: RNA .55, protein .30, confidence .15",,0.6,1412,False,1412,0,0,0,0.14569971708324175,0.8500000000000001,193,42,0.9525495750708215,1.099120794378905e-14,1,True,True,True,True,1.0,True,1.0,0.0,0.0,0.0,1412
unfiltered_random,unfiltered_random,AL117339.4,A1a_no_direct_protein,Remove direct protein; retain protein-derived confidence,,0.6,1412,False,1412,0,0,0,0.14569971708324175,0.8500000000000001,193,42,0.9525495750708215,1.099120794378905e-14,1,True,True,True,True,1.0,True,1.0,0.0,0.0,0.0,1412
unfiltered_random,unfiltered_random,AL117339.4,A1b_no_protein_evidence,Remove direct protein and all protein-derived confidence,,0.6,1412,False,1412,0,0,0,0.14570336257368496,0.8500000000000001,194,42,0.9518413597733711,8.770761894538737e-15,1,True,True,False,True,1.0,True,0.9999996120318893,0.030453257790368272,10.5,0.04146366855524079,1412
unfiltered_random,unfiltered_random,AL117339.4,A1c_no_protein_confidence,Retain direct protein; remove protein-derived confidence only,,0.6,1412,False,1412,0,0,0,0.14570336257368496,0.8500000000000001,194,42,0.9518413597733711,8.770761894538737e-15,1,True,True,False,True,1.0,True,0.9999996120318893,0.030453257790368272,10.5,0.04146366855524079,1412
unfiltered_random,unfiltered_random,AL117339.4,A2_no_confidence,Remove the full confidence block; renormalise RNA/protein,,0.6,1412,False,1412,0,0,0,0.17141320937598234,1.0,193,42,0.9525495750708215,1.099120794378905e-14,1,True,True,False,True,1.0,True,0.9999996706534339,0.023371104815864022,10.5,0.03404992917847025,1412
unfiltered_random,unfiltered_random,AL117339.4,A2a_no_conf_completeness,Remove completeness from confidence; renormalise retained components,,0.6,1412,False,1412,0,0,0,0.145699800013633,0.85,193,42,0.9525495750708215,5.6066262743570405e-15,1,True,True,False,True,1.0,True,0.9999996706534339,0.023371104815864022,10.5,0.00874143059490085,1412
unfiltered_random,unfiltered_random,AL117339.4,A2b_no_conf_source_support,Remove source support from confidence; renormalise retained components,,0.6,1412,False,1412,0,0,0,0.14570222587386128,0.8500000000000001,193,42,0.9525495750708215,0.0,1,True,True,False,True,1.0,True,0.9999996706534339,0.023371104815864022,10.5,0.01313024079320113,1412
unfiltered_random,unfiltered_random,AL117339.4,A2c_no_conf_consistency,Remove RNA-protein consistency; renormalise retained components,,0.6,1412,False,1412,0,0,0,0.14570222587386136,0.85,193,42,0.9525495750708215,5.828670879282072e-15,1,True,True,False,True,1.0,True,0.9999996706534339,0.023371104815864022,10.5,0.004369759206798869,1412
unfiltered_random,unfiltered_random,AL117339.4,A3_equal_bio,Equal RNA/protein biological weights,,0.6,1412,False,1412,0,0,0,0.14569971708324175,0.8500000000000001,193,42,0.9525495750708215,1.099120794378905e-14,1,True,True,True,True,1.0,True,1.0,0.0,0.0,0.0,1412
unfiltered_random,unfiltered_random,AL117339.4,A3b_reversed_bio,Protein biological weight greater than RNA,,0.6,1412,False,1412,0,0,0,0.14569971708324175,0.8500000000000001,193,42,0.9525495750708215,1.099120794378905e-14,1,True,True,True,True,1.0,True,1.0,0.0,0.0,0.0,1412
unfiltered_random,unfiltered_random,AL117339.4,A4_adaptive_trust,Team baseline plus gene-level adaptive RNA trust,,0.6,1412,False,1412,0,0,0,0.14569971708324175,0.8500000000000001,193,42,0.9525495750708215,1.099120794378905e-14,1,True,True,True,True,1.0,True,1.0,0.0,0.0,0.0,1412
unfiltered_random,unfiltered_random,AL117339.4,A5_v3_structure,Flat v3 RNA/protein/consistency/completeness structure,,0.6,1412,False,1412,0,0,0,0.15238660286137837,0.889,192,42,0.953257790368272,1.099120794378905e-14,1,True,True,False,True,1.0,True,0.9999997537894602,0.014872521246458924,10.5,0.005132011331444757,1412
unfiltered_random,unfiltered_random,AL117339.4,A6_v3_full,Flat v3 structure plus adaptive trust,,0.6,1412,False,1412,0,0,0,0.15238660286137837,0.889,192,42,0.953257790368272,1.099120794378905e-14,1,True,True,False,True,1.0,True,0.9999997537894602,0.014872521246458924,10.5,0.005132011331444757,1412
unfiltered_random,unfiltered_random,AL137076.1,B0_rna_mean,RNA-only mean ranking; no protein or confidence in final score,,0.6,1412,False,1412,0,0,0,0.05574834578680306,1.0,14,1396,0.9929178470254958,8.770761894538737e-15,1,True,True,True,True,1.0,True,0.9999999999999998,0.0,0.0,0.06156890934844191,1412
unfiltered_random,unfiltered_random,AL137076.1,A0_team_baseline,"Team baseline: RNA .55, protein .30, confidence .15",,0.6,1412,False,1412,0,0,0,0.04738682052417566,0.8500000000000001,14,1396,0.9929178470254958,1.099120794378905e-14,1,True,True,True,True,1.0,True,0.9999999999999998,0.0,0.0,0.0,1412
unfiltered_random,unfiltered_random,AL137076.1,A1a_no_direct_protein,Remove direct protein; retain protein-derived confidence,,0.6,1412,False,1412,0,0,0,0.04738682052417566,0.8500000000000001,14,1396,0.9929178470254958,1.099120794378905e-14,1,True,True,True,True,1.0,True,0.9999999999999998,0.0,0.0,0.0,1412
unfiltered_random,unfiltered_random,AL137076.1,A1b_no_protein_evidence,Remove direct protein and all protein-derived confidence,,0.6,1412,False,1412,0,0,0,0.04738886324837295,0.8500000000000001,14,1396,0.9929178470254958,8.770761894538737e-15,1,True,True,True,True,1.0,True,0.9999999999999998,0.0,0.0,0.04140028328611898,1412
unfiltered_random,unfiltered_random,AL137076.1,A1c_no_protein_confidence,Retain direct protein; remove protein-derived confidence only,,0.6,1412,False,1412,0,0,0,0.04738886324837295,0.8500000000000001,14,1396,0.9929178470254958,8.770761894538737e-15,1,True,True,True,True,1.0,True,0.9999999999999998,0.0,0.0,0.04140028328611898,1412
unfiltered_random,unfiltered_random,AL137076.1,A2_no_confidence,Remove the full confidence block; renormalise RNA/protein,,0.6,1412,False,1412,0,0,0,0.05574834578680306,1.0,14,1396,0.9929178470254958,1.099120794378905e-14,1,True,True,True,True,1.0,True,0.9999999999999998,0.0,0.0,0.06156890934844191,1412
unfiltered_random,unfiltered_random,AL137076.1,A2a_no_conf_completeness,Remove completeness from confidence; renormalise retained components,,0.6,1412,False,1412,0,0,0,0.04738792529845047,0.85,14,1396,0.9929178470254958,5.6066262743570405e-15,1,True,True,True,True,1.0,True,0.9999999999999998,0.0,0.0,0.008799787535410762,1412
unfiltered_random,unfiltered_random,AL137076.1,A2b_no_conf_source_support,Remove source support from confidence; renormalise retained components,,0.6,1412,False,1412,0,0,0,0.047387405491451116,0.8500000000000001,14,1396,0.9929178470254958,0.0,1,True,True,True,True,1.0,True,0.9999999999999998,0.0,0.0,0.013100070821529747,1412
unfiltered_random,unfiltered_random,AL137076.1,A2c_no_conf_consistency,Remove RNA-protein consistency; renormalise retained components,,0.6,1412,False,1412,0,0,0,0.047387405491451255,0.85,14,1396,0.9929178470254958,5.828670879282072e-15,1,True,True,True,True,1.0,True,0.9999999999999998,0.0,0.0,0.0043999291784702485,1412
unfiltered_random,unfiltered_random,AL137076.1,A3_equal_bio,Equal RNA/protein biological weights,,0.6,1412,False,1412,0,0,0,0.04738682052417566,0.8500000000000001,14,1396,0.9929178470254958,1.099120794378905e-14,1,True,True,True,True,1.0,True,0.9999999999999998,0.0,0.0,0.0,1412
unfiltered_random,unfiltered_random,AL137076.1,A3b_reversed_bio,Protein biological weight greater than RNA,,0.6,1412,False,1412,0,0,0,0.04738682052417566,0.8500000000000001,14,1396,0.9929178470254958,1.099120794378905e-14,1,True,True,True,True,1.0,True,0.9999999999999998,0.0,0.0,0.0,1412
unfiltered_random,unfiltered_random,AL137076.1,A4_adaptive_trust,Team baseline plus gene-level adaptive RNA trust,,0.6,1412,False,1412,0,0,0,0.04738682052417566,0.8500000000000001,14,1396,0.9929178470254958,1.099120794378905e-14,1,True,True,True,True,1.0,True,0.9999999999999998,0.0,0.0,0.0,1412
unfiltered_random,unfiltered_random,AL137076.1,A5_v3_structure,Flat v3 RNA/protein/consistency/completeness structure,,0.6,1412,False,1412,0,0,0,0.04956037371393952,0.889,14,1396,0.9929178470254958,1.099120794378905e-14,1,True,True,True,True,1.0,True,0.9999999999999998,0.0,0.0,0.006460906515580732,1412
unfiltered_random,unfiltered_random,AL137076.1,A6_v3_full,Flat v3 structure plus adaptive trust,,0.6,1412,False,1412,0,0,0,0.04956037371393952,0.889,14,1396,0.9929178470254958,1.099120794378905e-14,1,True,True,True,True,1.0,True,0.9999999999999998,0.0,0.0,0.006460906515580732,1412
unfiltered_random,unfiltered_random,AL139383.1,B0_rna_mean,RNA-only mean ranking; no protein or confidence in final score,,0.6,1412,False,1412,0,0,0,0.15679479735411317,1.0,272,289,0.8746458923512748,8.770761894538737e-15,1,True,True,True,True,1.0,True,1.0,0.0,0.0,0.052981586402266294,1412
unfiltered_random,unfiltered_random,AL139383.1,A0_team_baseline,"Team baseline: RNA .55, protein .30, confidence .15",,0.6,1412,False,1412,0,0,0,0.1332723414511936,0.8500000000000001,272,289,0.8746458923512748,1.099120794378905e-14,1,True,True,True,True,1.0,True,1.0,0.0,0.0,0.0,1412
unfiltered_random,unfiltered_random,AL139383.1,A1a_no_direct_protein,Remove direct protein; retain protein-derived confidence,,0.6,1412,False,1412,0,0,0,0.1332723414511936,0.8500000000000001,272,289,0.8746458923512748,1.099120794378905e-14,1,True,True,True,True,1.0,True,1.0,0.0,0.0,0.0,1412
unfiltered_random,unfiltered_random,AL139383.1,A1b_no_protein_evidence,Remove direct protein and all protein-derived confidence,,0.6,1412,False,1412,0,0,0,0.13327924865418736,0.8500000000000001,272,289,0.8746458923512748,8.770761894538737e-15,1,True,True,True,True,1.0,True,1.0,0.0,0.0,0.04144036827195467,1412
unfiltered_random,unfiltered_random,AL139383.1,A1c_no_protein_confidence,Retain direct protein; remove protein-derived confidence only,,0.6,1412,False,1412,0,0,0,0.13327924865418736,0.8500000000000001,272,289,0.8746458923512748,8.770761894538737e-15,1,True,True,True,True,1.0,True,1.0,0.0,0.0,0.04144036827195467,1412
unfiltered_random,unfiltered_random,AL139383.1,A2_no_confidence,Remove the full confidence block; renormalise RNA/protein,,0.6,1412,False,1412,0,0,0,0.15679479735411317,1.0,272,289,0.8746458923512748,1.099120794378905e-14,1,True,True,True,True,1.0,True,1.0,0.0,0.0,0.052981586402266294,1412
unfiltered_random,unfiltered_random,AL139383.1,A2a_no_conf_completeness,Remove completeness from confidence; renormalise retained components,,0.6,1412,False,1412,0,0,0,0.1332778282404575,0.85,272,289,0.8746458923512748,5.6066262743570405e-15,1,True,True,True,True,1.0,True,1.0,0.0,0.0,0.008766076487252123,1412
unfiltered_random,unfiltered_random,AL139383.1,A2b_no_conf_source_support,Remove source support from confidence; renormalise retained components,,0.6,1412,False,1412,0,0,0,0.13327742482956312,0.8500000000000001,272,289,0.8746458923512748,0.0,1,True,True,True,True,1.0,True,1.0,0.0,0.0,0.01311841359773371,1412
unfiltered_random,unfiltered_random,AL139383.1,A2c_no_conf_consistency,Remove RNA-protein consistency; renormalise retained components,,0.6,1412,False,1412,0,0,0,0.13327742482956326,0.85,272,289,0.8746458923512748,5.828670879282072e-15,1,True,True,True,True,1.0,True,1.0,0.0,0.0,0.004381586402266288,1412
unfiltered_random,unfiltered_random,AL139383.1,A3_equal_bio,Equal RNA/protein biological weights,,0.6,1412,False,1412,0,0,0,0.1332723414511936,0.8500000000000001,272,289,0.8746458923512748,1.099120794378905e-14,1,True,True,True,True,1.0,True,1.0,0.0,0.0,0.0,1412
unfiltered_random,unfiltered_random,AL139383.1,A3b_reversed_bio,Protein biological weight greater than RNA,,0.6,1412,False,1412,0,0,0,0.1332723414511936,0.8500000000000001,272,289,0.8746458923512748,1.099120794378905e-14,1,True,True,True,True,1.0,True,1.0,0.0,0.0,0.0,1412
unfiltered_random,unfiltered_random,AL139383.1,A4_adaptive_trust,Team baseline plus gene-level adaptive RNA trust,,0.6,1412,False,1412,0,0,0,0.1332723414511936,0.8500000000000001,272,289,0.8746458923512748,1.099120794378905e-14,1,True,True,True,True,1.0,True,1.0,0.0,0.0,0.0,1412
unfiltered_random,unfiltered_random,AL139383.1,A5_v3_structure,Flat v3 RNA/protein/consistency/completeness structure,,0.6,1412,False,1412,0,0,0,0.13939006647617452,0.889,272,289,0.8746458923512748,1.099120794378905e-14,1,True,True,True,True,1.0,True,1.0,0.0,0.0,0.005798371104815863,1412
unfiltered_random,unfiltered_random,AL139383.1,A6_v3_full,Flat v3 structure plus adaptive trust,,0.6,1412,False,1412,0,0,0,0.13939006647617452,0.889,272,289,0.8746458923512748,1.099120794378905e-14,1,True,True,True,True,1.0,True,1.0,0.0,0.0,0.005798371104815863,1412
unfiltered_random,unfiltered_random,AL357833.1,B0_rna_mean,RNA-only mean ranking; no protein or confidence in final score,,0.6,1412,False,1412,0,0,0,0.08236771039838206,1.0,36,1266,0.9886685552407932,8.770761894538737e-15,1,True,True,True,True,1.0,True,1.0,0.0,0.0,0.060007507082152974,1412
unfiltered_random,unfiltered_random,AL357833.1,A0_team_baseline,"Team baseline: RNA .55, protein .30, confidence .15",,0.6,1412,False,1412,0,0,0,0.07000936473973478,0.8500000000000001,36,1266,0.9886685552407932,1.099120794378905e-14,1,True,True,True,True,1.0,True,1.0,0.0,0.0,0.0,1412
unfiltered_random,unfiltered_random,AL357833.1,A1a_no_direct_protein,Remove direct protein; retain protein-derived confidence,,0.6,1412,False,1412,0,0,0,0.07000936473973478,0.8500000000000001,36,1266,0.9886685552407932,1.099120794378905e-14,1,True,True,True,True,1.0,True,1.0,0.0,0.0,0.0,1412
unfiltered_random,unfiltered_random,AL357833.1,A1b_no_protein_evidence,Remove direct protein and all protein-derived confidence,,0.6,1412,False,1412,0,0,0,0.07002147213114687,0.8500000000000001,36,1266,0.9886685552407932,8.770761894538737e-15,1,True,True,True,True,1.0,True,1.0,0.0,0.0,0.0414078611898017,1412
unfiltered_random,unfiltered_random,AL357833.1,A1c_no_protein_confidence,Retain direct protein; remove protein-derived confidence only,,0.6,1412,False,1412,0,0,0,0.07002147213114687,0.8500000000000001,36,1266,0.9886685552407932,8.770761894538737e-15,1,True,True,True,True,1.0,True,1.0,0.0,0.0,0.0414078611898017,1412
unfiltered_random,unfiltered_random,AL357833.1,A2_no_confidence,Remove the full confidence block; renormalise RNA/protein,,0.6,1412,False,1412,0,0,0,0.08236771039838206,1.0,36,1266,0.9886685552407932,1.099120794378905e-14,1,True,True,True,True,1.0,True,1.0,0.0,0.0,0.060007507082152974,1412
unfiltered_random,unfiltered_random,AL357833.1,A2a_no_conf_completeness,Remove completeness from confidence; renormalise retained components,,0.6,1412,False,1412,0,0,0,0.07002015194563967,0.85,36,1266,0.9886685552407932,5.6066262743570405e-15,1,True,True,True,True,1.0,True,1.0,0.0,0.0,0.008793626062322946,1412
unfiltered_random,unfiltered_random,AL357833.1,A2b_no_conf_source_support,Remove source support from confidence; renormalise retained components,,0.6,1412,False,1412,0,0,0,0.07001213019248338,0.8500000000000001,36,1266,0.9886685552407932,0.0,1,True,True,True,True,1.0,True,1.0,0.0,0.0,0.013101487252124644,1412
unfiltered_random,unfiltered_random,AL357833.1,A2c_no_conf_consistency,Remove RNA-protein consistency; renormalise retained components,,0.6,1412,False,1412,0,0,0,0.0700121301924836,0.85,36,1266,0.9886685552407932,5.828670879282072e-15,1,True,True,True,True,1.0,True,1.0,0.0,0.0,0.00439851274787535,1412
unfiltered_random,unfiltered_random,AL357833.1,A3_equal_bio,Equal RNA/protein biological weights,,0.6,1412,False,1412,0,0,0,0.07000936473973478,0.8500000000000001,36,1266,0.9886685552407932,1.099120794378905e-14,1,True,True,True,True,1.0,True,1.0,0.0,0.0,0.0,1412
unfiltered_random,unfiltered_random,AL357833.1,A3b_reversed_bio,Protein biological weight greater than RNA,,0.6,1412,False,1412,0,0,0,0.07000936473973478,0.8500000000000001,36,1266,0.9886685552407932,1.099120794378905e-14,1,True,True,True,True,1.0,True,1.0,0.0,0.0,0.0,1412
unfiltered_random,unfiltered_random,AL357833.1,A4_adaptive_trust,Team baseline plus gene-level adaptive RNA trust,,0.6,1412,False,1412,0,0,0,0.07000936473973478,0.8500000000000001,36,1266,0.9886685552407932,1.099120794378905e-14,1,True,True,True,True,1.0,True,1.0,0.0,0.0,0.0,1412
unfiltered_random,unfiltered_random,AL357833.1,A5_v3_structure,Flat v3 RNA/protein/consistency/completeness structure,,0.6,1412,False,1412,0,0,0,0.07322545465636895,0.889,36,1266,0.9886685552407932,1.099120794378905e-14,1,True,True,True,True,1.0,True,1.0,0.0,0.0,0.006247733711048156,1412
unfiltered_random,unfiltered_random,AL357833.1,A6_v3_full,Flat v3 structure plus adaptive trust,,0.6,1412,False,1412,0,0,0,0.07322545465636895,0.889,36,1266,0.9886685552407932,1.099120794378905e-14,1,True,True,True,True,1.0,True,1.0,0.0,0.0,0.006247733711048156,1412
unfiltered_random,unfiltered_random,AL596223.2,B0_rna_mean,RNA-only mean ranking; no protein or confidence in final score,,0.6,1412,False,1412,0,0,0,0.15048489178239235,1.0,184,1019,0.9185552407932012,8.770761894538737e-15,1,True,True,False,True,1.0,True,0.9999999829260078,0.0028328611898017,2.0,0.05554376770538243,1412
unfiltered_random,unfiltered_random,AL596223.2,A0_team_baseline,"Team baseline: RNA .55, protein .30, confidence .15",,0.6,1412,False,1412,0,0,0,0.12790359838627077,0.8500000000000001,183,1019,0.9192634560906515,1.099120794378905e-14,1,True,True,True,True,1.0,True,1.0,0.0,0.0,0.0,1412
unfiltered_random,unfiltered_random,AL596223.2,A1a_no_direct_protein,Remove direct protein; retain protein-derived confidence,,0.6,1412,False,1412,0,0,0,0.12790359838627077,0.8500000000000001,183,1019,0.9192634560906515,1.099120794378905e-14,1,True,True,True,True,1.0,True,1.0,0.0,0.0,0.0,1412
unfiltered_random,unfiltered_random,AL596223.2,A1b_no_protein_evidence,Remove direct protein and all protein-derived confidence,,0.6,1412,False,1412,0,0,0,0.12792070136009137,0.8500000000000001,184,1019,0.9185552407932012,8.770761894538737e-15,1,True,True,False,True,1.0,True,0.9999999829260078,0.0028328611898017,2.0,0.041416076487252124,1412
unfiltered_random,unfiltered_random,AL596223.2,A1c_no_protein_confidence,Retain direct protein; remove protein-derived confidence only,,0.6,1412,False,1412,0,0,0,0.12792070136009137,0.8500000000000001,184,1019,0.9185552407932012,8.770761894538737e-15,1,True,True,False,True,1.0,True,0.9999999829260078,0.0028328611898017,2.0,0.041416076487252124,1412
unfiltered_random,unfiltered_random,AL596223.2,A2_no_confidence,Remove the full confidence block; renormalise RNA/protein,,0.6,1412,False,1412,0,0,0,0.15048489178239235,1.0,184,1019,0.9185552407932012,1.099120794378905e-14,1,True,True,False,True,1.0,True,0.9999999829260078,0.0028328611898017,2.0,0.05554376770538243,1412
unfiltered_random,unfiltered_random,AL596223.2,A2a_no_conf_completeness,Remove completeness from confidence; renormalise retained components,,0.6,1412,False,1412,0,0,0,0.12791873579823443,0.85,184,1019,0.9185552407932012,5.6066262743570405e-15,1,True,True,False,True,1.0,True,0.9999999829260078,0.0028328611898017,2.0,0.0087856940509915,1412
unfiltered_random,unfiltered_random,AL596223.2,A2b_no_conf_source_support,Remove source support from confidence; renormalise retained components,,0.6,1412,False,1412,0,0,0,0.1279100355619044,0.8500000000000001,184,1019,0.9185552407932012,0.0,1,True,True,False,True,1.0,True,0.9999999829260078,0.0028328611898017,2.0,0.013107223796033995,1412
unfiltered_random,unfiltered_random,AL596223.2,A2c_no_conf_consistency,Remove RNA-protein consistency; renormalise retained components,,0.6,1412,False,1412,0,0,0,0.12791003556191183,0.85,184,1019,0.9185552407932012,5.828670879282072e-15,1,True,True,False,True,1.0,True,0.9999999829260078,0.0028328611898017,2.0,0.004392776203966001,1412
unfiltered_random,unfiltered_random,AL596223.2,A3_equal_bio,Equal RNA/protein biological weights,,0.6,1412,False,1412,0,0,0,0.12790359838627077,0.8500000000000001,183,1019,0.9192634560906515,1.099120794378905e-14,1,True,True,True,True,1.0,True,1.0,0.0,0.0,0.0,1412
unfiltered_random,unfiltered_random,AL596223.2,A3b_reversed_bio,Protein biological weight greater than RNA,,0.6,1412,False,1412,0,0,0,0.12790359838627077,0.8500000000000001,183,1019,0.9192634560906515,1.099120794378905e-14,1,True,True,True,True,1.0,True,1.0,0.0,0.0,0.0,1412
unfiltered_random,unfiltered_random,AL596223.2,A4_adaptive_trust,Team baseline plus gene-level adaptive RNA trust,,0.6,1412,False,1412,0,0,0,0.12790359838627077,0.8500000000000001,183,1019,0.9192634560906515,1.099120794378905e-14,1,True,True,True,True,1.0,True,1.0,0.0,0.0,0.0,1412
unfiltered_random,unfiltered_random,AL596223.2,A5_v3_structure,Flat v3 RNA/protein/consistency/completeness structure,,0.6,1412,False,1412,0,0,0,0.13377979938927237,0.889,184,1019,0.9185552407932012,1.099120794378905e-14,1,True,True,False,True,1.0,True,0.9999999829260078,0.0028328611898017,2.0,0.006328611898016995,1412
unfiltered_random,unfiltered_random,AL596223.2,A6_v3_full,Flat v3 structure plus adaptive trust,,0.6,1412,False,1412,0,0,0,0.13377979938927237,0.889,184,1019,0.9185552407932012,1.099120794378905e-14,1,True,True,False,True,1.0,True,0.9999999829260078,0.0028328611898017,2.0,0.006328611898016995,1412
unfiltered_random,unfiltered_random,AL772161.1,B0_rna_mean,RNA-only mean ranking; no protein or confidence in final score,,0.6,1412,False,1412,0,0,0,0.07697404320563711,1.0,61,1141,0.9801699716713881,8.770761894538737e-15,1,True,True,True,True,1.0,True,1.0,0.0,0.0,0.059011827195467416,1412
unfiltered_random,unfiltered_random,AL772161.1,A0_team_baseline,"Team baseline: RNA .55, protein .30, confidence .15",,0.6,1412,False,1412,0,0,0,0.06542363612187031,0.8500000000000001,61,1141,0.9801699716713881,1.099120794378905e-14,1,True,True,True,True,1.0,True,1.0,0.0,0.0,0.0,1412
unfiltered_random,unfiltered_random,AL772161.1,A1a_no_direct_protein,Remove direct protein; retain protein-derived confidence,,0.6,1412,False,1412,0,0,0,0.06542363612187031,0.8500000000000001,61,1141,0.9801699716713881,1.099120794378905e-14,1,True,True,True,True,1.0,True,1.0,0.0,0.0,0.0,1412
unfiltered_random,unfiltered_random,AL772161.1,A1b_no_protein_evidence,Remove direct protein and all protein-derived confidence,,0.6,1412,False,1412,0,0,0,0.06543704356666737,0.8500000000000001,61,1141,0.9801699716713881,8.770761894538737e-15,1,True,True,True,True,1.0,True,1.0,0.0,0.0,0.04141218130311614,1412
unfiltered_random,unfiltered_random,AL772161.1,A1c_no_protein_confidence,Retain direct protein; remove protein-derived confidence only,,0.6,1412,False,1412,0,0,0,0.06543704356666737,0.8500000000000001,61,1141,0.9801699716713881,8.770761894538737e-15,1,True,True,True,True,1.0,True,1.0,0.0,0.0,0.04141218130311614,1412
unfiltered_random,unfiltered_random,AL772161.1,A2_no_confidence,Remove the full confidence block; renormalise RNA/protein,,0.6,1412,False,1412,0,0,0,0.07697404320563711,1.0,61,1141,0.9801699716713881,1.099120794378905e-14,1,True,True,True,True,1.0,True,1.0,0.0,0.0,0.059011827195467416,1412
unfiltered_random,unfiltered_random,AL772161.1,A2a_no_conf_completeness,Remove completeness from confidence; renormalise retained components,,0.6,1412,False,1412,0,0,0,0.06543330942393445,0.85,61,1141,0.9801699716713881,5.6066262743570405e-15,1,True,True,True,True,1.0,True,1.0,0.0,0.0,0.008790651558073653,1412
unfiltered_random,unfiltered_random,AL772161.1,A2b_no_conf_source_support,Remove source support from confidence; renormalise retained components,,0.6,1412,False,1412,0,0,0,0.06542910439545803,0.8500000000000001,61,1141,0.9801699716713881,0.0,1,True,True,True,True,1.0,True,1.0,0.0,0.0,0.013104957507082151,1412
unfiltered_random,unfiltered_random,AL772161.1,A2c_no_conf_consistency,Remove RNA-protein consistency; renormalise retained components,,0.6,1412,False,1412,0,0,0,0.06542910439545802,0.85,61,1141,0.9801699716713881,5.828670879282072e-15,1,True,True,True,True,1.0,True,1.0,0.0,0.0,0.004395042492917842,1412
unfiltered_random,unfiltered_random,AL772161.1,A3_equal_bio,Equal RNA/protein biological weights,,0.6,1412,False,1412,0,0,0,0.06542363612187031,0.8500000000000001,61,1141,0.9801699716713881,1.099120794378905e-14,1,True,True,True,True,1.0,True,1.0,0.0,0.0,0.0,1412
unfiltered_random,unfiltered_random,AL772161.1,A3b_reversed_bio,Protein biological weight greater than RNA,,0.6,1412,False,1412,0,0,0,0.06542363612187031,0.8500000000000001,61,1141,0.9801699716713881,1.099120794378905e-14,1,True,True,True,True,1.0,True,1.0,0.0,0.0,0.0,1412
unfiltered_random,unfiltered_random,AL772161.1,A4_adaptive_trust,Team baseline plus gene-level adaptive RNA trust,,0.6,1412,False,1412,0,0,0,0.06542363612187031,0.8500000000000001,61,1141,0.9801699716713881,1.099120794378905e-14,1,True,True,True,True,1.0,True,1.0,0.0,0.0,0.0,1412
unfiltered_random,unfiltered_random,AL772161.1,A5_v3_structure,Flat v3 RNA/protein/consistency/completeness structure,,0.6,1412,False,1412,0,0,0,0.06843042652374683,0.889,61,1141,0.9801699716713881,1.099120794378905e-14,1,True,True,True,True,1.0,True,1.0,0.0,0.0,0.00598753541076487,1412
unfiltered_random,unfiltered_random,AL772161.1,A6_v3_full,Flat v3 structure plus adaptive trust,,0.6,1412,False,1412,0,0,0,0.06843042652374683,0.889,61,1141,0.9801699716713881,1.099120794378905e-14,1,True,True,True,True,1.0,True,1.0,0.0,0.0,0.00598753541076487,1412
unfiltered_random,unfiltered_random,AP001994.3,B0_rna_mean,RNA-only mean ranking; no protein or confidence in final score,,0.6,1412,False,1412,0,0,0,0.07654909255458076,1.0,57,1247,0.9737960339943342,8.770761894538737e-15,1,True,True,True,True,1.0,True,1.0,0.0,0.0,0.06063031161473087,1412
unfiltered_random,unfiltered_random,AP001994.3,A0_team_baseline,"Team baseline: RNA .55, protein .30, confidence .15",,0.6,1412,False,1412,0,0,0,0.0650596855520848,0.8500000000000001,57,1247,0.9737960339943342,1.099120794378905e-14,1,True,True,True,True,1.0,True,1.0,0.0,0.0,0.0,1412
unfiltered_random,unfiltered_random,AP001994.3,A1a_no_direct_protein,Remove direct protein; retain protein-derived confidence,,0.6,1412,False,1412,0,0,0,0.0650596855520848,0.8500000000000001,57,1247,0.9737960339943342,1.099120794378905e-14,1,True,True,True,True,1.0,True,1.0,0.0,0.0,0.0,1412
unfiltered_random,unfiltered_random,AP001994.3,A1b_no_protein_evidence,Remove direct protein and all protein-derived confidence,,0.6,1412,False,1412,0,0,0,0.06507175641346813,0.8500000000000001,57,1247,0.9737960339943342,8.770761894538737e-15,1,True,True,True,True,1.0,True,1.0,0.0,0.0,0.04140609065155807,1412
unfiltered_random,unfiltered_random,AP001994.3,A1c_no_protein_confidence,Retain direct protein; remove protein-derived confidence only,,0.6,1412,False,1412,0,0,0,0.06507175641346813,0.8500000000000001,57,1247,0.9737960339943342,8.770761894538737e-15,1,True,True,True,True,1.0,True,1.0,0.0,0.0,0.04140609065155807,1412
unfiltered_random,unfiltered_random,AP001994.3,A2_no_confidence,Remove the full confidence block; renormalise RNA/protein,,0.6,1412,False,1412,0,0,0,0.07654909255458076,1.0,57,1247,0.9737960339943342,1.099120794378905e-14,1,True,True,True,True,1.0,True,1.0,0.0,0.0,0.06063031161473087,1412
unfiltered_random,unfiltered_random,AP001994.3,A2a_no_conf_completeness,Remove completeness from confidence; renormalise retained components,,0.6,1412,False,1412,0,0,0,0.06507084939555827,0.85,57,1247,0.9737960339943342,5.6066262743570405e-15,1,True,True,True,True,1.0,True,1.0,0.0,0.0,0.008795609065155804,1412
unfiltered_random,unfiltered_random,AP001994.3,A2b_no_conf_source_support,Remove source support from confidence; renormalise retained components,,0.6,1412,False,1412,0,0,0,0.06506589369808462,0.8500000000000001,57,1247,0.9737960339943342,0.0,1,True,True,True,True,1.0,True,1.0,0.0,0.0,0.013102903682719547,1412
unfiltered_random,unfiltered_random,AP001994.3,A2c_no_conf_consistency,Remove RNA-protein consistency; renormalise retained components,,0.6,1412,False,1412,0,0,0,0.06506589369808483,0.85,57,1247,0.9737960339943342,5.828670879282072e-15,1,True,True,True,True,1.0,True,1.0,0.0,0.0,0.004397096317280448,1412
unfiltered_random,unfiltered_random,AP001994.3,A3_equal_bio,Equal RNA/protein biological weights,,0.6,1412,False,1412,0,0,0,0.0650596855520848,0.8500000000000001,57,1247,0.9737960339943342,1.099120794378905e-14,1,True,True,True,True,1.0,True,1.0,0.0,0.0,0.0,1412
unfiltered_random,unfiltered_random,AP001994.3,A3b_reversed_bio,Protein biological weight greater than RNA,,0.6,1412,False,1412,0,0,0,0.0650596855520848,0.8500000000000001,57,1247,0.9737960339943342,1.099120794378905e-14,1,True,True,True,True,1.0,True,1.0,0.0,0.0,0.0,1412
unfiltered_random,unfiltered_random,AP001994.3,A4_adaptive_trust,Team baseline plus gene-level adaptive RNA trust,,0.6,1412,False,1412,0,0,0,0.0650596855520848,0.8500000000000001,57,1247,0.9737960339943342,1.099120794378905e-14,1,True,True,True,True,1.0,True,1.0,0.0,0.0,0.0,1412
unfiltered_random,unfiltered_random,AP001994.3,A5_v3_structure,Flat v3 RNA/protein/consistency/completeness structure,,0.6,1412,False,1412,0,0,0,0.06805094340676553,0.889,57,1247,0.9737960339943342,1.099120794378905e-14,1,True,True,True,True,1.0,True,1.0,0.0,0.0,0.006371671388101978,1412
unfiltered_random,unfiltered_random,AP001994.3,A6_v3_full,Flat v3 structure plus adaptive trust,,0.6,1412,False,1412,0,0,0,0.06805094340676553,0.889,57,1247,0.9737960339943342,1.099120794378905e-14,1,True,True,True,True,1.0,True,1.0,0.0,0.0,0.006371671388101978,1412
unfiltered_random,unfiltered_random,ARMC4P1,B0_rna_mean,RNA-only mean ranking; no protein or confidence in final score,,0.6,1412,False,1412,0,0,0,0.03919249482903583,1.0,56,1124,0.9808781869688386,8.770761894538737e-15,1,True,True,False,True,1.0,True,0.9999999677401241,0.0035410764872521247,2.5,0.06077209631728045,1412
unfiltered_random,unfiltered_random,ARMC4P1,A0_team_baseline,"Team baseline: RNA .55, protein .30, confidence .15",,0.6,1412,False,1412,0,0,0,0.033310374741101566,0.8500000000000001,55,1124,0.9815864022662889,1.099120794378905e-14,1,True,True,True,True,1.0,True,1.0,0.0,0.0,0.0,1412
unfiltered_random,unfiltered_random,ARMC4P1,A1a_no_direct_protein,Remove direct protein; retain protein-derived confidence,,0.6,1412,False,1412,0,0,0,0.033310374741101566,0.8500000000000001,55,1124,0.9815864022662889,1.099120794378905e-14,1,True,True,True,True,1.0,True,1.0,0.0,0.0,0.0,1412
unfiltered_random,unfiltered_random,ARMC4P1,A1b_no_protein_evidence,Remove direct protein and all protein-derived confidence,,0.6,1412,False,1412,0,0,0,0.03331794791608091,0.8500000000000001,55,1124,0.9815864022662889,8.770761894538737e-15,1,True,True,False,True,1.0,True,0.9999999075216829,0.0084985835694051,3.5,0.041408286118980175,1412
unfiltered_random,unfiltered_random,ARMC4P1,A1c_no_protein_confidence,Retain direct protein; remove protein-derived confidence only,,0.6,1412,False,1412,0,0,0,0.03331794791608091,0.8500000000000001,55,1124,0.9815864022662889,8.770761894538737e-15,1,True,True,False,True,1.0,True,0.9999999075216829,0.0084985835694051,3.5,0.041408286118980175,1412
unfiltered_random,unfiltered_random,ARMC4P1,A2_no_confidence,Remove the full confidence block; renormalise RNA/protein,,0.6,1412,False,1412,0,0,0,0.03919249482903583,1.0,56,1124,0.9808781869688386,1.099120794378905e-14,1,True,True,False,True,1.0,True,0.9999999677401241,0.0035410764872521247,2.5,0.06077209631728045,1412
unfiltered_random,unfiltered_random,ARMC4P1,A2a_no_conf_completeness,Remove completeness from confidence; renormalise retained components,,0.6,1412,False,1412,0,0,0,0.033317553489503826,0.85,55,1124,0.9815864022662889,5.6066262743570405e-15,1,True,True,False,True,1.0,True,0.9999999075216829,0.0084985835694051,3.5,0.008791855524079318,1412
unfiltered_random,unfiltered_random,ARMC4P1,A2b_no_conf_source_support,Remove source support from confidence; renormalise retained components,,0.6,1412,False,1412,0,0,0,0.0333143123897433,0.8500000000000001,54,1124,0.9822946175637394,0.0,1,True,True,False,True,1.0,True,0.9999999397815604,0.004957507082152974,3.5,0.013104886685552408,1412
unfiltered_random,unfiltered_random,ARMC4P1,A2c_no_conf_consistency,Remove RNA-protein consistency; renormalise retained components,,0.6,1412,False,1412,0,0,0,0.033314312389743625,0.85,54,1124,0.9822946175637394,5.828670879282072e-15,1,True,True,False,True,1.0,True,0.9999999397815604,0.004957507082152974,3.5,0.004395113314447588,1412
unfiltered_random,unfiltered_random,ARMC4P1,A3_equal_bio,Equal RNA/protein biological weights,,0.6,1412,False,1412,0,0,0,0.033310374741101566,0.8500000000000001,55,1124,0.9815864022662889,1.099120794378905e-14,1,True,True,True,True,1.0,True,1.0,0.0,0.0,0.0,1412
unfiltered_random,unfiltered_random,ARMC4P1,A3b_reversed_bio,Protein biological weight greater than RNA,,0.6,1412,False,1412,0,0,0,0.033310374741101566,0.8500000000000001,55,1124,0.9815864022662889,1.099120794378905e-14,1,True,True,True,True,1.0,True,1.0,0.0,0.0,0.0,1412
unfiltered_random,unfiltered_random,ARMC4P1,A4_adaptive_trust,Team baseline plus gene-level adaptive RNA trust,,0.6,1412,False,1412,0,0,0,0.033310374741101566,0.8500000000000001,55,1124,0.9815864022662889,1.099120794378905e-14,1,True,True,True,True,1.0,True,1.0,0.0,0.0,0.0,1412
unfiltered_random,unfiltered_random,ARMC4P1,A5_v3_structure,Flat v3 RNA/protein/consistency/completeness structure,,0.6,1412,False,1412,0,0,0,0.034841113096313665,0.889,56,1124,0.9808781869688386,1.099120794378905e-14,1,True,True,False,True,1.0,True,0.9999999677401241,0.0035410764872521247,2.5,0.006160198300283284,1412
unfiltered_random,unfiltered_random,ARMC4P1,A6_v3_full,Flat v3 structure plus adaptive trust,,0.6,1412,False,1412,0,0,0,0.034841113096313665,0.889,56,1124,0.9808781869688386,1.099120794378905e-14,1,True,True,False,True,1.0,True,0.9999999677401241,0.0035410764872521247,2.5,0.006160198300283284,1412
unfiltered_random,unfiltered_random,ATF4P3,B0_rna_mean,RNA-only mean ranking; no protein or confidence in final score,,0.6,1412,False,1412,0,0,0,0.16183137999958014,1.0,222,23,0.9497167138810199,8.770761894538737e-15,1,True,True,True,True,1.0,True,1.0,0.0,0.0,0.028286402266288955,1412
unfiltered_random,unfiltered_random,ATF4P3,A0_team_baseline,"Team baseline: RNA .55, protein .30, confidence .15",,0.6,1412,False,1412,0,0,0,0.1375578490133846,0.8500000000000001,222,23,0.9497167138810199,1.099120794378905e-14,1,True,True,True,True,1.0,True,1.0,0.0,0.0,0.0,1412
unfiltered_random,unfiltered_random,ATF4P3,A1a_no_direct_protein,Remove direct protein; retain protein-derived confidence,,0.6,1412,False,1412,0,0,0,0.1375578490133846,0.8500000000000001,222,23,0.9497167138810199,1.099120794378905e-14,1,True,True,True,True,1.0,True,1.0,0.0,0.0,0.0,1412
unfiltered_random,unfiltered_random,ATF4P3,A1b_no_protein_evidence,Remove direct protein and all protein-derived confidence,,0.6,1412,False,1412,0,0,0,0.137562320752578,0.8500000000000001,222,23,0.9497167138810199,8.770761894538737e-15,1,True,True,True,True,1.0,True,1.0,0.0,0.0,0.041453753541076485,1412
unfiltered_random,unfiltered_random,ATF4P3,A1c_no_protein_confidence,Retain direct protein; remove protein-derived confidence only,,0.6,1412,False,1412,0,0,0,0.137562320752578,0.8500000000000001,222,23,0.9497167138810199,8.770761894538737e-15,1,True,True,True,True,1.0,True,1.0,0.0,0.0,0.041453753541076485,1412
unfiltered_random,unfiltered_random,ATF4P3,A2_no_confidence,Remove the full confidence block; renormalise RNA/protein,,0.6,1412,False,1412,0,0,0,0.16183137999958014,1.0,222,23,0.9497167138810199,1.099120794378905e-14,1,True,True,True,True,1.0,True,1.0,0.0,0.0,0.028286402266288955,1412
unfiltered_random,unfiltered_random,ATF4P3,A2a_no_conf_completeness,Remove completeness from confidence; renormalise retained components,,0.6,1412,False,1412,0,0,0,0.13756031252097803,0.85,222,23,0.9497167138810199,5.6066262743570405e-15,1,True,True,True,True,1.0,True,1.0,0.0,0.0,0.008750283286118977,1412
unfiltered_random,unfiltered_random,ATF4P3,A2b_no_conf_source_support,Remove source support from confidence; renormalise retained components,,0.6,1412,False,1412,0,0,0,0.13755435206669528,0.8500000000000001,223,23,0.9490084985835694,0.0,1,True,True,False,True,1.0,True,0.9999998880966339,0.009915014164305949,7.0,0.013125212464589236,1412
unfiltered_random,unfiltered_random,ATF4P3,A2c_no_conf_consistency,Remove RNA-protein consistency; renormalise retained components,,0.6,1412,False,1412,0,0,0,0.1375543520666955,0.85,223,23,0.9490084985835694,5.828670879282072e-15,1,True,True,False,True,1.0,True,0.9999998880966339,0.009915014164305949,7.0,0.004374787535410763,1412
unfiltered_random,unfiltered_random,ATF4P3,A3_equal_bio,Equal RNA/protein biological weights,,0.6,1412,False,1412,0,0,0,0.1375578490133846,0.8500000000000001,222,23,0.9497167138810199,1.099120794378905e-14,1,True,True,True,True,1.0,True,1.0,0.0,0.0,0.0,1412
unfiltered_random,unfiltered_random,ATF4P3,A3b_reversed_bio,Protein biological weight greater than RNA,,0.6,1412,False,1412,0,0,0,0.1375578490133846,0.8500000000000001,222,23,0.9497167138810199,1.099120794378905e-14,1,True,True,True,True,1.0,True,1.0,0.0,0.0,0.0,1412
unfiltered_random,unfiltered_random,ATF4P3,A4_adaptive_trust,Team baseline plus gene-level adaptive RNA trust,,0.6,1412,False,1412,0,0,0,0.1375578490133846,0.8500000000000001,222,23,0.9497167138810199,1.099120794378905e-14,1,True,True,True,True,1.0,True,1.0,0.0,0.0,0.0,1412
unfiltered_random,unfiltered_random,ATF4P3,A5_v3_structure,Flat v3 RNA/protein/consistency/completeness structure,,0.6,1412,False,1412,0,0,0,0.14387046502820824,0.889,222,23,0.9497167138810199,1.099120794378905e-14,1,True,True,True,True,1.0,True,1.0,0.0,0.0,0.0055532577903682715,1412
unfiltered_random,unfiltered_random,ATF4P3,A6_v3_full,Flat v3 structure plus adaptive trust,,0.6,1412,False,1412,0,0,0,0.14387046502820824,0.889,222,23,0.9497167138810199,1.099120794378905e-14,1,True,True,True,True,1.0,True,1.0,0.0,0.0,0.0055532577903682715,1412
unfiltered_random,unfiltered_random,C1QTNF6,B0_rna_mean,RNA-only mean ranking; no protein or confidence in final score,0.648029214328707,1.0,1513,True,1412,1105,594,72,0.19387850224335323,1.0,1345,3,0.2108393919365499,0.11918386434811498,3,False,True,False,False,0.6666666666666666,False,0.9934768968913034,28.376074025115663,570.5,0.032740052875082616,1513
unfiltered_random,unfiltered_random,C1QTNF6,A0_team_baseline,"Team baseline: RNA .55, protein .30, confidence .15",0.648029214328707,1.0,1513,True,1412,1105,594,72,0.16550691496561537,0.8615,1314,4,0.25181758096497026,0.11293143217988644,72,False,True,True,True,1.0,True,1.0,0.0,0.0,0.0,1513
unfiltered_random,unfiltered_random,C1QTNF6,A1a_no_direct_protein,Remove direct protein; retain protein-derived confidence,0.648029214328707,1.0,1513,True,1412,1105,594,72,0.16733195757157587,0.8509,1322,4,0.23992068737607403,0.11293143217988638,72,False,True,False,True,1.0,False,0.9986155344420597,6.463978849966953,381.0,0.0020235955056179776,1513
unfiltered_random,unfiltered_random,C1QTNF6,A1b_no_protein_evidence,Remove direct protein and all protein-derived confidence,0.648029214328707,1.0,1513,True,1412,1105,594,72,0.16690082419328595,0.8612,1303,3,0.26437541308658297,0.11918386434811602,3,False,True,False,False,0.8181818181818182,False,0.9954031657885982,22.237937871777923,498.0,0.051566754791804364,1513
unfiltered_random,unfiltered_random,C1QTNF6,A1c_no_protein_confidence,Retain direct protein; remove protein-derived confidence only,0.648029214328707,1.0,1513,True,1412,1105,594,72,0.16527804208272764,0.8612,1301,3,0.26437541308658297,0.11918386434811602,3,False,True,False,True,1.0,False,0.9965836397069525,22.44415069398546,209.0,0.0497265697290152,1513
unfiltered_random,unfiltered_random,C1QTNF6,A2_no_confidence,Remove the full confidence block; renormalise RNA/protein,0.648029214328707,1.0,1513,True,1412,1105,594,72,0.19202522798317645,1.0,1344,3,0.21150033046926636,0.11293143217988647,72,False,True,False,False,0.8181818181818182,False,0.9945787352271094,29.342366159947126,249.5,0.0327137475214805,1513
unfiltered_random,unfiltered_random,C1QTNF6,A2a_no_conf_completeness,Remove completeness from confidence; renormalise retained components,0.648029214328707,1.0,1513,True,1412,1105,594,72,0.1661178720727195,0.867,1304,4,0.2604097818902842,0.13724620737810977,73,False,True,False,True,1.0,True,0.9990864633605977,14.197620621282221,59.0,0.005230072703238597,1513
unfiltered_random,unfiltered_random,C1QTNF6,A2b_no_conf_source_support,Remove source support from confidence; renormalise retained components,0.648029214328707,1.0,1513,True,1412,1105,594,72,0.16477960425763138,0.8500000000000001,1315,4,0.24719101123595505,0.09516508403138789,71,False,True,False,False,0.8181818181818182,False,0.9980326005960554,20.89358889623265,67.0,0.007622207534699273,1513
unfiltered_random,unfiltered_random,C1QTNF6,A2c_no_conf_consistency,Remove RNA-protein consistency; renormalise retained components,0.648029214328707,1.0,1513,True,1412,1105,594,72,0.16605089748878465,0.8708,1322,4,0.2452081956378057,0.13067352114529088,5,False,True,False,True,1.0,True,0.9997697945033809,7.185062789160608,45.5,0.002649306014540647,1513
unfiltered_random,unfiltered_random,C1QTNF6,A3_equal_bio,Equal RNA/protein biological weights,0.648029214328707,1.0,1513,True,1412,1105,594,72,0.16496029381586952,0.8778,1320,4,0.24256444150693984,0.11293143217988649,72,False,True,False,True,1.0,True,0.99971730006153,2.9543952412425645,147.0,0.0008435558493060146,1513
unfiltered_random,unfiltered_random,C1QTNF6,A3b_reversed_bio,Protein biological weight greater than RNA,0.648029214328707,1.0,1513,True,1412,1105,594,72,0.16454217536980864,0.8941,1315,4,0.24917382683410444,0.11293143217988653,72,False,True,False,True,1.0,True,0.9988388036183385,5.803701255783212,280.0,0.0016861863846662265,1513
unfiltered_random,unfiltered_random,C1QTNF6,A4_adaptive_trust,Team baseline plus gene-level adaptive RNA trust,0.648029214328707,1.0,1513,True,1412,1105,594,72,0.16550691496561537,0.8615,1314,4,0.25181758096497026,0.11293143217988644,72,False,True,True,True,1.0,True,1.0,0.0,0.0,0.0,1513
unfiltered_random,unfiltered_random,C1QTNF6,A5_v3_structure,Flat v3 RNA/protein/consistency/completeness structure,0.648029214328707,1.0,1513,True,1412,1105,594,72,0.17333820299649713,0.889,1313,4,0.2511566424322538,0.1129314321798868,72,False,True,False,False,0.8181818181818182,False,0.993694764387796,28.493060145406478,400.0,0.01324421678783873,1513
unfiltered_random,unfiltered_random,C1QTNF6,A6_v3_full,Flat v3 structure plus adaptive trust,0.648029214328707,1.0,1513,True,1412,1105,594,72,0.17333820299649713,0.889,1313,4,0.2511566424322538,0.1129314321798868,72,False,True,False,False,0.8181818181818182,False,0.993694764387796,28.493060145406478,400.0,0.01324421678783873,1513
unfiltered_random,unfiltered_random,C9orf116,B0_rna_mean,RNA-only mean ranking; no protein or confidence in final score,,0.6,1412,False,1412,0,0,0,0.176054808479794,1.0,923,5,0.5736543909348442,8.770761894538737e-15,1,True,True,False,True,1.0,True,0.9999999882777502,0.0035410764872521247,2.0,0.02154043909348442,1412
unfiltered_random,unfiltered_random,C9orf116,A0_team_baseline,"Team baseline: RNA .55, protein .30, confidence .15",,0.6,1412,False,1412,0,0,0,0.14964660674802557,0.8500000000000001,923,5,0.5743626062322946,1.099120794378905e-14,1,True,True,True,True,1.0,True,1.0,0.0,0.0,0.0,1412
unfiltered_random,unfiltered_random,C9orf116,A1a_no_direct_protein,Remove direct protein; retain protein-derived confidence,,0.6,1412,False,1412,0,0,0,0.14964660674802557,0.8500000000000001,923,5,0.5743626062322946,1.099120794378905e-14,1,True,True,True,True,1.0,True,1.0,0.0,0.0,0.0,1412
unfiltered_random,unfiltered_random,C9orf116,A1b_no_protein_evidence,Remove direct protein and all protein-derived confidence,,0.6,1412,False,1412,0,0,0,0.14964618431740534,0.8500000000000001,923,5,0.5736543909348442,8.770761894538737e-15,1,True,True,False,True,1.0,True,0.9999999861464319,0.004957507082152974,2.0,0.04145502832861189,1412
unfiltered_random,unfiltered_random,C9orf116,A1c_no_protein_confidence,Retain direct protein; remove protein-derived confidence only,,0.6,1412,False,1412,0,0,0,0.14964618431740534,0.8500000000000001,923,5,0.5736543909348442,8.770761894538737e-15,1,True,True,False,True,1.0,True,0.9999999861464319,0.004957507082152974,2.0,0.04145502832861189,1412
unfiltered_random,unfiltered_random,C9orf116,A2_no_confidence,Remove the full confidence block; renormalise RNA/protein,,0.6,1412,False,1412,0,0,0,0.176054808479794,1.0,923,5,0.5736543909348442,1.099120794378905e-14,1,True,True,False,True,1.0,True,0.9999999882777502,0.0035410764872521247,2.0,0.02154043909348442,1412
unfiltered_random,unfiltered_random,C9orf116,A2a_no_conf_completeness,Remove completeness from confidence; renormalise retained components,,0.6,1412,False,1412,0,0,0,0.1496473210095782,0.85,923,5,0.5736543909348442,5.6066262743570405e-15,1,True,True,False,True,1.0,True,0.9999999861464319,0.004957507082152974,2.0,0.008752266288951841,1412
unfiltered_random,unfiltered_random,C9orf116,A2b_no_conf_source_support,Remove source support from confidence; renormalise retained components,,0.6,1412,False,1412,0,0,0,0.14964585045272583,0.8500000000000001,925,5,0.5708215297450425,0.0,1,True,True,False,True,1.0,True,0.9999999861464319,0.004957507082152974,2.0,0.013124008498583568,1412
unfiltered_random,unfiltered_random,C9orf116,A2c_no_conf_consistency,Remove RNA-protein consistency; renormalise retained components,,0.6,1412,False,1412,0,0,0,0.1496458504527258,0.85,925,5,0.5708215297450425,5.828670879282072e-15,1,True,True,False,True,1.0,True,0.9999999861464319,0.004957507082152974,2.0,0.004375991501416432,1412
unfiltered_random,unfiltered_random,C9orf116,A3_equal_bio,Equal RNA/protein biological weights,,0.6,1412,False,1412,0,0,0,0.14964660674802557,0.8500000000000001,923,5,0.5743626062322946,1.099120794378905e-14,1,True,True,True,True,1.0,True,1.0,0.0,0.0,0.0,1412
unfiltered_random,unfiltered_random,C9orf116,A3b_reversed_bio,Protein biological weight greater than RNA,,0.6,1412,False,1412,0,0,0,0.14964660674802557,0.8500000000000001,923,5,0.5743626062322946,1.099120794378905e-14,1,True,True,True,True,1.0,True,1.0,0.0,0.0,0.0,1412
unfiltered_random,unfiltered_random,C9orf116,A4_adaptive_trust,Team baseline plus gene-level adaptive RNA trust,,0.6,1412,False,1412,0,0,0,0.14964660674802557,0.8500000000000001,923,5,0.5743626062322946,1.099120794378905e-14,1,True,True,True,True,1.0,True,1.0,0.0,0.0,0.0,1412
unfiltered_random,unfiltered_random,C9orf116,A5_v3_structure,Flat v3 RNA/protein/consistency/completeness structure,,0.6,1412,False,1412,0,0,0,0.15651115021806272,0.889,923,5,0.5736543909348442,1.099120794378905e-14,1,True,True,False,True,1.0,True,0.9999999882777502,0.0035410764872521247,2.0,0.009634206798866854,1412
unfiltered_random,unfiltered_random,C9orf116,A6_v3_full,Flat v3 structure plus adaptive trust,,0.6,1412,False,1412,0,0,0,0.15651115021806272,0.889,923,5,0.5736543909348442,1.099120794378905e-14,1,True,True,False,True,1.0,True,0.9999999882777502,0.0035410764872521247,2.0,0.009634206798866854,1412
unfiltered_random,unfiltered_random,CDK20,B0_rna_mean,RNA-only mean ranking; no protein or confidence in final score,,0.6,1513,False,1412,1105,594,0,0.1635298572133229,1.0,1260,18,0.2881692002643754,0.11918386434811507,3,False,True,False,False,0.6666666666666666,True,0.9965760134969908,26.339061467283543,80.5,0.023223198942498347,1513
unfiltered_random,unfiltered_random,CDK20,A0_team_baseline,"Team baseline: RNA .55, protein .30, confidence .15",,0.6,1513,False,1412,1105,594,0,0.13953097044181118,0.8631000000000001,1225,18,0.33113020489094513,0.06704247159647905,3,False,True,True,True,1.0,True,1.0,0.0,0.0,0.0,1513
unfiltered_random,unfiltered_random,CDK20,A1a_no_direct_protein,Remove direct protein; retain protein-derived confidence,,0.6,1513,False,1412,1105,594,0,0.13953097044181118,0.8631000000000001,1225,18,0.33113020489094513,0.06704247159647905,3,False,True,True,True,1.0,True,1.0,0.0,0.0,0.0,1513
unfiltered_random,unfiltered_random,CDK20,A1b_no_protein_evidence,Remove direct protein and all protein-derived confidence,,0.6,1513,False,1412,1105,594,0,0.14044065015507648,0.8734,1222,18,0.3298083278255122,0.11918386434811483,3,False,True,False,False,0.8181818181818182,True,0.9979176064152686,20.555188367481826,63.0,0.05224031725049571,1513
unfiltered_random,unfiltered_random,CDK20,A1c_no_protein_confidence,Retain direct protein; remove protein-derived confidence only,,0.6,1513,False,1412,1105,594,0,0.14044065015507648,0.8734,1222,18,0.3298083278255122,0.11918386434811483,3,False,True,False,False,0.8181818181818182,True,0.9979176064152686,20.555188367481826,63.0,0.05224031725049571,1513
unfiltered_random,unfiltered_random,CDK20,A2_no_confidence,Remove the full confidence block; renormalise RNA/protein,,0.6,1513,False,1412,1105,594,0,0.1635298572133229,1.0,1260,18,0.2881692002643754,0.06704247159647914,3,False,True,False,False,0.6666666666666666,True,0.9965760134969908,26.339061467283543,80.5,0.023223198942498347,1513
unfiltered_random,unfiltered_random,CDK20,A2a_no_conf_completeness,Remove completeness from confidence; renormalise retained components,,0.6,1513,False,1412,1105,594,0,0.14028606458727447,0.8719,1229,18,0.3238598810310641,0.11171191267161784,3,False,True,False,False,0.8181818181818182,True,0.9984552470416513,17.740912095175148,56.0,0.005163582286847325,1513
unfiltered_random,unfiltered_random,CDK20,A2b_no_conf_source_support,Remove source support from confidence; renormalise retained components,,0.6,1513,False,1412,1105,594,0,0.1389978110033196,0.8500000000000001,1224,18,0.33113020489094513,0.0,1,True,True,False,False,0.6666666666666666,True,0.9965737907500831,26.34699272967614,80.0,0.007748050231328486,1513
unfiltered_random,unfiltered_random,CDK20,A2c_no_conf_consistency,Remove RNA-protein consistency; renormalise retained components,,0.6,1513,False,1412,1105,594,0,0.13986794095278793,0.8675,1245,18,0.3007270323859881,0.08941550211781825,3,False,True,False,True,1.0,True,0.9995851614803489,9.14738929279577,37.0,0.0025807666886979524,1513
unfiltered_random,unfiltered_random,CDK20,A3_equal_bio,Equal RNA/protein biological weights,,0.6,1513,False,1412,1105,594,0,0.13953097044181118,0.8631000000000001,1225,18,0.33113020489094513,0.06704247159647905,3,False,True,True,True,1.0,True,1.0,0.0,0.0,0.0,1513
unfiltered_random,unfiltered_random,CDK20,A3b_reversed_bio,Protein biological weight greater than RNA,,0.6,1513,False,1412,1105,594,0,0.13953097044181118,0.8631000000000001,1225,18,0.33113020489094513,0.06704247159647905,3,False,True,True,True,1.0,True,1.0,0.0,0.0,0.0,1513
unfiltered_random,unfiltered_random,CDK20,A4_adaptive_trust,Team baseline plus gene-level adaptive RNA trust,,0.6,1513,False,1412,1105,594,0,0.13953097044181118,0.8631000000000001,1225,18,0.33113020489094513,0.06704247159647905,3,False,True,True,True,1.0,True,1.0,0.0,0.0,0.0,1513
unfiltered_random,unfiltered_random,CDK20,A5_v3_structure,Flat v3 RNA/protein/consistency/completeness structure,,0.6,1513,False,1412,1105,594,0,0.14537638385343266,0.889,1231,18,0.3205551883674818,0.06704247159647914,3,False,True,False,False,0.6666666666666666,True,0.9965746300656878,26.351619299405154,80.0,0.010246794448116322,1513
unfiltered_random,unfiltered_random,CDK20,A6_v3_full,Flat v3 structure plus adaptive trust,,0.6,1513,False,1412,1105,594,0,0.14537638385343266,0.889,1231,18,0.3205551883674818,0.06704247159647914,3,False,True,False,False,0.6666666666666666,True,0.9965746300656878,26.351619299405154,80.0,0.010246794448116322,1513
unfiltered_random,unfiltered_random,CHCHD7,B0_rna_mean,RNA-only mean ranking; no protein or confidence in final score,0.6219871025378789,1.0,1513,True,1412,1105,594,303,0.1218498034266845,1.0,1275,4,0.29411764705882354,0.11918386434811568,3,False,True,False,False,0.42857142857142855,True,0.8940347145109625,136.92267019167218,943.0,0.0346615333773959,1513
unfiltered_random,unfiltered_random,CHCHD7,A0_team_baseline,"Team baseline: RNA .55, protein .30, confidence .15",0.6219871025378789,1.0,1513,True,1412,1105,594,303,0.11339688299807303,0.8762000000000001,1263,5,0.30799735624586916,0.18620689841025714,271,False,True,True,True,1.0,True,0.9999999999999999,0.0,0.0,0.0,1513
unfiltered_random,unfiltered_random,CHCHD7,A1a_no_direct_protein,Remove direct protein; retain protein-derived confidence,0.6219871025378789,1.0,1513,True,1412,1105,594,303,0.107923865255441,0.8762000000000001,1247,5,0.325181758096497,0.18620689841025742,271,False,True,False,False,0.5384615384615384,True,0.9759672843612784,50.60674157303371,683.5,0.008943225380039659,1513
unfiltered_random,unfiltered_random,CHCHD7,A1b_no_protein_evidence,Remove direct protein and all protein-derived confidence,0.6219871025378789,1.0,1513,True,1412,1105,594,303,0.10658056946611445,0.8967,1217,4,0.356906807666887,0.11918386434811612,3,False,True,False,False,0.42857142857142855,True,0.9242162750388635,112.64044943820225,817.0,0.04918955717118308,1513
unfiltered_random,unfiltered_random,CHCHD7,A1c_no_protein_confidence,Retain direct protein; remove protein-derived confidence only,0.6219871025378789,1.0,1513,True,1412,1105,594,303,0.10964320690537618,0.8967,1223,4,0.3555849306014541,0.11918386434811616,3,False,True,False,False,0.6666666666666666,True,0.9781113397226152,63.518175809649705,351.5,0.04171929940515531,1513
unfiltered_random,unfiltered_random,CHCHD7,A2_no_confidence,Remove the full confidence block; renormalise RNA/protein,0.6219871025378789,1.0,1513,True,1412,1105,594,303,0.12442268335389856,1.0,1289,4,0.2795769993390615,0.186206898410258,271,False,True,False,False,0.5384615384615384,True,0.9611783514717626,85.90680766688698,389.0,0.025547984137475215,1513
unfiltered_random,unfiltered_random,CHCHD7,A2a_no_conf_completeness,Remove completeness from confidence; renormalise retained components,0.6219871025378789,1.0,1513,True,1412,1105,594,303,0.11362045952402415,0.8937999999999999,1250,4,0.3238598810310641,0.1904477186586305,287,False,True,False,False,0.8181818181818182,True,0.997700336094304,22.048909451421018,95.5,0.00544216787838731,1513
unfiltered_random,unfiltered_random,CHCHD7,A2b_no_conf_source_support,Remove source support from confidence; renormalise retained components,0.6219871025378789,1.0,1513,True,1412,1105,594,303,0.11221151814823802,0.8500000000000001,1244,5,0.3304692663582287,0.1781096868714613,268,False,True,False,False,0.8181818181818182,True,0.995605552448673,29.773298083278256,140.0,0.007187838730998017,1513
unfiltered_random,unfiltered_random,CHCHD7,A2c_no_conf_consistency,Remove RNA-protein consistency; renormalise retained components,0.6219871025378789,1.0,1513,True,1412,1105,594,303,0.11480008896709794,0.885,1258,4,0.310641110376735,0.20419203227470104,6,False,True,False,False,0.8181818181818182,True,0.9993565283348537,11.522141440846001,69.5,0.002957369464639788,1513
unfiltered_random,unfiltered_random,CHCHD7,A3_equal_bio,Equal RNA/protein biological weights,0.6219871025378789,1.0,1513,True,1412,1105,594,303,0.1169738534470676,0.8762000000000001,1262,5,0.310641110376735,0.18620689841025706,271,False,True,False,False,0.5384615384615384,True,0.9973943698406629,16.19762062128222,220.5,0.0037267680105750167,1513
unfiltered_random,unfiltered_random,CHCHD7,A3b_reversed_bio,Protein biological weight greater than RNA,0.6219871025378789,1.0,1513,True,1412,1105,594,303,0.12122202385025231,0.8762000000000001,1276,5,0.29411764705882354,0.18620689841025703,271,False,True,False,False,0.5384615384615384,True,0.9913299365125992,29.114342366159946,442.0,0.007453205551883676,1513
unfiltered_random,unfiltered_random,CHCHD7,A4_adaptive_trust,Team baseline plus gene-level adaptive RNA trust,0.6219871025378789,1.0,1513,True,1412,1105,594,303,0.11339688299807303,0.8762000000000001,1263,5,0.30799735624586916,0.18620689841025714,271,False,True,True,True,1.0,True,0.9999999999999999,0.0,0.0,0.0,1513
unfiltered_random,unfiltered_random,CHCHD7,A5_v3_structure,Flat v3 RNA/protein/consistency/completeness structure,0.6219871025378789,1.0,1513,True,1412,1105,594,303,0.12217751819818787,0.889,1264,5,0.3066754791804362,0.18620689841025725,271,False,True,False,False,0.8181818181818182,True,0.9750425570767937,64.46067415730337,471.0,0.01734745538664904,1513
unfiltered_random,unfiltered_random,CHCHD7,A6_v3_full,Flat v3 structure plus adaptive trust,0.6219871025378789,1.0,1513,True,1412,1105,594,303,0.12217751819818787,0.889,1264,5,0.3066754791804362,0.18620689841025725,271,False,True,False,False,0.8181818181818182,True,0.9750425570767937,64.46067415730337,471.0,0.01734745538664904,1513
unfiltered_random,unfiltered_random,CPXM1,B0_rna_mean,RNA-only mean ranking; no protein or confidence in final score,,0.6,1513,False,1412,1105,594,0,0.18892204511999905,1.0,823,122,0.5485789821546596,0.11918386434811637,3,False,True,False,False,0.8181818181818182,True,0.9347447220921757,93.61004626569729,591.0,0.05166331791143424,1513
unfiltered_random,unfiltered_random,CPXM1,A0_team_baseline,"Team baseline: RNA .55, protein .30, confidence .15",,0.6,1513,False,1412,1105,594,0,0.16084009542557287,0.8500000000000001,798,122,0.5796430931923331,0.06704247159647857,3,False,True,True,True,1.0,True,0.9999999999999999,0.0,0.0,0.0,1513
unfiltered_random,unfiltered_random,CPXM1,A1a_no_direct_protein,Remove direct protein; retain protein-derived confidence,,0.6,1513,False,1412,1105,594,0,0.16084009542557287,0.8500000000000001,798,122,0.5796430931923331,0.06704247159647857,3,False,True,True,True,1.0,True,0.9999999999999999,0.0,0.0,0.0,1513
unfiltered_random,unfiltered_random,CPXM1,A1b_no_protein_evidence,Remove direct protein and all protein-derived confidence,,0.6,1513,False,1412,1105,594,0,0.1614674130480058,0.8500000000000001,811,122,0.5750165234633179,0.11918386434811584,3,False,True,False,True,1.0,True,0.9895759300243379,30.27230667547918,348.0,0.05224210178453403,1513
unfiltered_random,unfiltered_random,CPXM1,A1c_no_protein_confidence,Retain direct protein; remove protein-derived confidence only,,0.6,1513,False,1412,1105,594,0,0.1614674130480058,0.8500000000000001,811,122,0.5750165234633179,0.11918386434811584,3,False,True,False,True,1.0,True,0.9895759300243379,30.27230667547918,348.0,0.05224210178453403,1513
unfiltered_random,unfiltered_random,CPXM1,A2_no_confidence,Remove the full confidence block; renormalise RNA/protein,,0.6,1513,False,1412,1105,594,0,0.18892204511999905,1.0,823,122,0.5485789821546596,0.06704247159647929,3,False,True,False,False,0.8181818181818182,True,0.9347447220921757,93.61004626569729,591.0,0.05166331791143424,1513
unfiltered_random,unfiltered_random,CPXM1,A2a_no_conf_completeness,Remove completeness from confidence; renormalise retained components,,0.6,1513,False,1412,1105,594,0,0.16135946526381248,0.85,812,122,0.573694646397885,0.11171191267161967,3,False,True,False,True,1.0,True,0.9918775621103758,26.651685393258425,316.0,0.005167614011896894,1513
unfiltered_random,unfiltered_random,CPXM1,A2b_no_conf_source_support,Remove source support from confidence; renormalise retained components,,0.6,1513,False,1412,1105,594,0,0.16058666632114785,0.8500000000000001,798,124,0.5796430931923331,0.0,1,True,True,False,False,0.8181818181818182,True,0.9350897031561595,93.41440846001322,591.0,0.007745076007931262,1513
unfiltered_random,unfiltered_random,CPXM1,A2c_no_conf_consistency,Remove RNA-protein consistency; renormalise retained components,,0.6,1513,False,1412,1105,594,0,0.161064413918051,0.85,800,122,0.5796430931923331,0.08941550211781807,3,False,True,False,True,1.0,True,0.9968954470468471,14.915399867812294,250.5,0.002583740912095176,1513
unfiltered_random,unfiltered_random,CPXM1,A3_equal_bio,Equal RNA/protein biological weights,,0.6,1513,False,1412,1105,594,0,0.16084009542557287,0.8500000000000001,798,122,0.5796430931923331,0.06704247159647857,3,False,True,True,True,1.0,True,0.9999999999999999,0.0,0.0,0.0,1513
unfiltered_random,unfiltered_random,CPXM1,A3b_reversed_bio,Protein biological weight greater than RNA,,0.6,1513,False,1412,1105,594,0,0.16084009542557287,0.8500000000000001,798,122,0.5796430931923331,0.06704247159647857,3,False,True,True,True,1.0,True,0.9999999999999999,0.0,0.0,0.0,1513
unfiltered_random,unfiltered_random,CPXM1,A4_adaptive_trust,Team baseline plus gene-level adaptive RNA trust,,0.6,1513,False,1412,1105,594,0,0.16084009542557287,0.8500000000000001,798,122,0.5796430931923331,0.06704247159647857,3,False,True,True,True,1.0,True,0.9999999999999999,0.0,0.0,0.0,1513
unfiltered_random,unfiltered_random,CPXM1,A5_v3_structure,Flat v3 RNA/protein/consistency/completeness structure,,0.6,1513,False,1412,1105,594,0,0.167952593940842,0.889,798,122,0.5809649702577661,0.06704247159647929,3,False,True,False,False,0.8181818181818182,True,0.9347719856763969,93.63251817580965,591.0,0.014813086582947785,1513
unfiltered_random,unfiltered_random,CPXM1,A6_v3_full,Flat v3 structure plus adaptive trust,,0.6,1513,False,1412,1105,594,0,0.167952593940842,0.889,798,122,0.5809649702577661,0.06704247159647929,3,False,True,False,False,0.8181818181818182,True,0.9347719856763969,93.63251817580965,591.0,0.014813086582947785,1513
unfiltered_random,unfiltered_random,DNAAF4-CCPG1,B0_rna_mean,RNA-only mean ranking; no protein or confidence in final score,,0.6,1412,False,1412,0,0,0,0.13154885749997058,1.0,111,616,0.9695467422096318,8.770761894538737e-15,1,True,True,False,True,1.0,True,0.9999997059405452,0.015580736543909348,11.0,0.05009837110481587,1412
unfiltered_random,unfiltered_random,DNAAF4-CCPG1,A0_team_baseline,"Team baseline: RNA .55, protein .30, confidence .15",,0.6,1412,False,1412,0,0,0,0.11180771053327834,0.8500000000000001,110,616,0.9702549575070821,1.099120794378905e-14,1,True,True,True,True,1.0,True,1.0,0.0,0.0,0.0,1412
unfiltered_random,unfiltered_random,DNAAF4-CCPG1,A1a_no_direct_protein,Remove direct protein; retain protein-derived confidence,,0.6,1412,False,1412,0,0,0,0.11180771053327834,0.8500000000000001,110,616,0.9702549575070821,1.099120794378905e-14,1,True,True,True,True,1.0,True,1.0,0.0,0.0,0.0,1412
unfiltered_random,unfiltered_random,DNAAF4-CCPG1,A1b_no_protein_evidence,Remove direct protein and all protein-derived confidence,,0.6,1412,False,1412,0,0,0,0.11182781985367102,0.8500000000000001,111,616,0.9695467422096318,8.770761894538737e-15,1,True,True,False,True,1.0,True,0.9999997059405452,0.015580736543909348,11.0,0.041429603399433426,1412
unfiltered_random,unfiltered_random,DNAAF4-CCPG1,A1c_no_protein_confidence,Retain direct protein; remove protein-derived confidence only,,0.6,1412,False,1412,0,0,0,0.11182781985367102,0.8500000000000001,111,616,0.9695467422096318,8.770761894538737e-15,1,True,True,False,True,1.0,True,0.9999997059405452,0.015580736543909348,11.0,0.041429603399433426,1412
unfiltered_random,unfiltered_random,DNAAF4-CCPG1,A2_no_confidence,Remove the full confidence block; renormalise RNA/protein,,0.6,1412,False,1412,0,0,0,0.13154885749997058,1.0,111,616,0.9695467422096318,1.099120794378905e-14,1,True,True,False,True,1.0,True,0.9999997059405452,0.015580736543909348,11.0,0.05009837110481587,1412
unfiltered_random,unfiltered_random,DNAAF4-CCPG1,A2a_no_conf_completeness,Remove completeness from confidence; renormalise retained components,,0.6,1412,False,1412,0,0,0,0.11182568728023555,0.85,110,616,0.9702549575070821,5.6066262743570405e-15,1,True,True,True,True,1.0,True,1.0,0.0,0.0,0.008780382436260623,1412
unfiltered_random,unfiltered_random,DNAAF4-CCPG1,A2b_no_conf_source_support,Remove source support from confidence; renormalise retained components,,0.6,1412,False,1412,0,0,0,0.11181776909973049,0.8500000000000001,110,616,0.9702549575070821,0.0,1,True,True,True,True,1.0,True,1.0,0.0,0.0,0.01310757790368272,1412
unfiltered_random,unfiltered_random,DNAAF4-CCPG1,A2c_no_conf_consistency,Remove RNA-protein consistency; renormalise retained components,,0.6,1412,False,1412,0,0,0,0.11181776909973021,0.85,110,616,0.9702549575070821,5.828670879282072e-15,1,True,True,True,True,1.0,True,1.0,0.0,0.0,0.004392422096317279,1412
unfiltered_random,unfiltered_random,DNAAF4-CCPG1,A3_equal_bio,Equal RNA/protein biological weights,,0.6,1412,False,1412,0,0,0,0.11180771053327834,0.8500000000000001,110,616,0.9702549575070821,1.099120794378905e-14,1,True,True,True,True,1.0,True,1.0,0.0,0.0,0.0,1412
unfiltered_random,unfiltered_random,DNAAF4-CCPG1,A3b_reversed_bio,Protein biological weight greater than RNA,,0.6,1412,False,1412,0,0,0,0.11180771053327834,0.8500000000000001,110,616,0.9702549575070821,1.099120794378905e-14,1,True,True,True,True,1.0,True,1.0,0.0,0.0,0.0,1412
unfiltered_random,unfiltered_random,DNAAF4-CCPG1,A4_adaptive_trust,Team baseline plus gene-level adaptive RNA trust,,0.6,1412,False,1412,0,0,0,0.11180771053327834,0.8500000000000001,110,616,0.9702549575070821,1.099120794378905e-14,1,True,True,True,True,1.0,True,1.0,0.0,0.0,0.0,1412
unfiltered_random,unfiltered_random,DNAAF4-CCPG1,A5_v3_structure,Flat v3 RNA/protein/consistency/completeness structure,,0.6,1412,False,1412,0,0,0,0.11694782869020713,0.889,110,616,0.9702549575070821,1.099120794378905e-14,1,True,True,True,True,1.0,True,1.0,0.0,0.0,0.005077124645892348,1412
unfiltered_random,unfiltered_random,DNAAF4-CCPG1,A6_v3_full,Flat v3 structure plus adaptive trust,,0.6,1412,False,1412,0,0,0,0.11694782869020713,0.889,110,616,0.9702549575070821,1.099120794378905e-14,1,True,True,True,True,1.0,True,1.0,0.0,0.0,0.005077124645892348,1412
unfiltered_random,unfiltered_random,EEF1B2P5,B0_rna_mean,RNA-only mean ranking; no protein or confidence in final score,,0.6,1412,False,1412,0,0,0,0.040511428145027895,1.0,13,1386,0.9950424929178471,8.770761894538737e-15,1,True,True,True,True,1.0,True,0.9999999999999999,0.0,0.0,0.06148895184135977,1412
unfiltered_random,unfiltered_random,EEF1B2P5,A0_team_baseline,"Team baseline: RNA .55, protein .30, confidence .15",,0.6,1412,False,1412,0,0,0,0.0344316596187713,0.8500000000000001,13,1386,0.9950424929178471,1.099120794378905e-14,1,True,True,True,True,1.0,True,0.9999999999999999,0.0,0.0,0.0,1412
unfiltered_random,unfiltered_random,EEF1B2P5,A1a_no_direct_protein,Remove direct protein; retain protein-derived confidence,,0.6,1412,False,1412,0,0,0,0.0344316596187713,0.8500000000000001,13,1386,0.9950424929178471,1.099120794378905e-14,1,True,True,True,True,1.0,True,0.9999999999999999,0.0,0.0,0.0,1412
unfiltered_random,unfiltered_random,EEF1B2P5,A1b_no_protein_evidence,Remove direct protein and all protein-derived confidence,,0.6,1412,False,1412,0,0,0,0.03443728606617797,0.8500000000000001,13,1386,0.9950424929178471,8.770761894538737e-15,1,True,True,True,True,1.0,True,0.9999999999999999,0.0,0.0,0.041401416430594896,1412
unfiltered_random,unfiltered_random,EEF1B2P5,A1c_no_protein_confidence,Retain direct protein; remove protein-derived confidence only,,0.6,1412,False,1412,0,0,0,0.03443728606617797,0.8500000000000001,13,1386,0.9950424929178471,8.770761894538737e-15,1,True,True,True,True,1.0,True,0.9999999999999999,0.0,0.0,0.041401416430594896,1412
unfiltered_random,unfiltered_random,EEF1B2P5,A2_no_confidence,Remove the full confidence block; renormalise RNA/protein,,0.6,1412,False,1412,0,0,0,0.040511428145027895,1.0,13,1386,0.9950424929178471,1.099120794378905e-14,1,True,True,True,True,1.0,True,0.9999999999999999,0.0,0.0,0.06148895184135977,1412
unfiltered_random,unfiltered_random,EEF1B2P5,A2a_no_conf_completeness,Remove completeness from confidence; renormalise retained components,,0.6,1412,False,1412,0,0,0,0.03443728606617791,0.85,13,1386,0.9950424929178471,5.6066262743570405e-15,1,True,True,True,True,1.0,True,0.9999999999999999,0.0,0.0,0.008798583569405096,1412
unfiltered_random,unfiltered_random,EEF1B2P5,A2b_no_conf_source_support,Remove source support from confidence; renormalise retained components,,0.6,1412,False,1412,0,0,0,0.034433915707267816,0.8500000000000001,13,1386,0.9950424929178471,0.0,1,True,True,True,True,1.0,True,0.9999999999999999,0.0,0.0,0.013100495750708216,1412
unfiltered_random,unfiltered_random,EEF1B2P5,A2c_no_conf_consistency,Remove RNA-protein consistency; renormalise retained components,,0.6,1412,False,1412,0,0,0,0.03443391570726797,0.85,13,1386,0.9950424929178471,5.828670879282072e-15,1,True,True,True,True,1.0,True,0.9999999999999999,0.0,0.0,0.004399504249291779,1412
unfiltered_random,unfiltered_random,EEF1B2P5,A3_equal_bio,Equal RNA/protein biological weights,,0.6,1412,False,1412,0,0,0,0.0344316596187713,0.8500000000000001,13,1386,0.9950424929178471,1.099120794378905e-14,1,True,True,True,True,1.0,True,0.9999999999999999,0.0,0.0,0.0,1412
unfiltered_random,unfiltered_random,EEF1B2P5,A3b_reversed_bio,Protein biological weight greater than RNA,,0.6,1412,False,1412,0,0,0,0.0344316596187713,0.8500000000000001,13,1386,0.9950424929178471,1.099120794378905e-14,1,True,True,True,True,1.0,True,0.9999999999999999,0.0,0.0,0.0,1412
unfiltered_random,unfiltered_random,EEF1B2P5,A4_adaptive_trust,Team baseline plus gene-level adaptive RNA trust,,0.6,1412,False,1412,0,0,0,0.0344316596187713,0.8500000000000001,13,1386,0.9950424929178471,1.099120794378905e-14,1,True,True,True,True,1.0,True,0.9999999999999999,0.0,0.0,0.0,1412
unfiltered_random,unfiltered_random,EEF1B2P5,A5_v3_structure,Flat v3 RNA/protein/consistency/completeness structure,,0.6,1412,False,1412,0,0,0,0.03601461909026054,0.889,13,1386,0.9950424929178471,1.099120794378905e-14,1,True,True,True,True,1.0,True,0.9999999999999999,0.0,0.0,0.00635481586402266,1412
unfiltered_random,unfiltered_random,EEF1B2P5,A6_v3_full,Flat v3 structure plus adaptive trust,,0.6,1412,False,1412,0,0,0,0.03601461909026054,0.889,13,1386,0.9950424929178471,1.099120794378905e-14,1,True,True,True,True,1.0,True,0.9999999999999999,0.0,0.0,0.00635481586402266,1412
unfiltered_random,unfiltered_random,EIF1P1,B0_rna_mean,RNA-only mean ranking; no protein or confidence in final score,,0.6,1412,False,1412,0,0,0,0.0796722473873276,1.0,23,1363,0.9915014164305949,8.770761894538737e-15,1,True,True,True,True,1.0,True,0.9999999999999998,0.0,0.0,0.060450141643059487,1412
unfiltered_random,unfiltered_random,EIF1P1,A0_team_baseline,"Team baseline: RNA .55, protein .30, confidence .15",,0.6,1412,False,1412,0,0,0,0.0677147510066453,0.8500000000000001,23,1363,0.9915014164305949,1.099120794378905e-14,1,True,True,True,True,1.0,True,0.9999999999999998,0.0,0.0,0.0,1412
unfiltered_random,unfiltered_random,EIF1P1,A1a_no_direct_protein,Remove direct protein; retain protein-derived confidence,,0.6,1412,False,1412,0,0,0,0.0677147510066453,0.8500000000000001,23,1363,0.9915014164305949,1.099120794378905e-14,1,True,True,True,True,1.0,True,0.9999999999999998,0.0,0.0,0.0,1412
unfiltered_random,unfiltered_random,EIF1P1,A1b_no_protein_evidence,Remove direct protein and all protein-derived confidence,,0.6,1412,False,1412,0,0,0,0.06772699190820626,0.8500000000000001,23,1363,0.9915014164305949,8.770761894538737e-15,1,True,True,True,True,1.0,True,0.9999999999999998,0.0,0.0,0.041402549575070814,1412
unfiltered_random,unfiltered_random,EIF1P1,A1c_no_protein_confidence,Retain direct protein; remove protein-derived confidence only,,0.6,1412,False,1412,0,0,0,0.06772699190820626,0.8500000000000001,23,1363,0.9915014164305949,8.770761894538737e-15,1,True,True,True,True,1.0,True,0.9999999999999998,0.0,0.0,0.041402549575070814,1412
unfiltered_random,unfiltered_random,EIF1P1,A2_no_confidence,Remove the full confidence block; renormalise RNA/protein,,0.6,1412,False,1412,0,0,0,0.0796722473873276,1.0,23,1363,0.9915014164305949,1.099120794378905e-14,1,True,True,True,True,1.0,True,0.9999999999999998,0.0,0.0,0.060450141643059487,1412
unfiltered_random,unfiltered_random,EIF1P1,A2a_no_conf_completeness,Remove completeness from confidence; renormalise retained components,,0.6,1412,False,1412,0,0,0,0.06772581839384087,0.85,23,1363,0.9915014164305949,5.6066262743570405e-15,1,True,True,True,True,1.0,True,0.9999999999999998,0.0,0.0,0.008797662889518412,1412
unfiltered_random,unfiltered_random,EIF1P1,A2b_no_conf_source_support,Remove source support from confidence; renormalise retained components,,0.6,1412,False,1412,0,0,0,0.06772239806925352,0.8500000000000001,23,1363,0.9915014164305949,0.0,1,True,True,True,True,1.0,True,0.9999999999999998,0.0,0.0,0.013101841359773372,1412
unfiltered_random,unfiltered_random,EIF1P1,A2c_no_conf_consistency,Remove RNA-protein consistency; renormalise retained components,,0.6,1412,False,1412,0,0,0,0.06772239806925377,0.85,23,1363,0.9915014164305949,5.828670879282072e-15,1,True,True,True,True,1.0,True,0.9999999999999998,0.0,0.0,0.004398158640226623,1412
unfiltered_random,unfiltered_random,EIF1P1,A3_equal_bio,Equal RNA/protein biological weights,,0.6,1412,False,1412,0,0,0,0.0677147510066453,0.8500000000000001,23,1363,0.9915014164305949,1.099120794378905e-14,1,True,True,True,True,1.0,True,0.9999999999999998,0.0,0.0,0.0,1412
unfiltered_random,unfiltered_random,EIF1P1,A3b_reversed_bio,Protein biological weight greater than RNA,,0.6,1412,False,1412,0,0,0,0.0677147510066453,0.8500000000000001,23,1363,0.9915014164305949,1.099120794378905e-14,1,True,True,True,True,1.0,True,0.9999999999999998,0.0,0.0,0.0,1412
unfiltered_random,unfiltered_random,EIF1P1,A4_adaptive_trust,Team baseline plus gene-level adaptive RNA trust,,0.6,1412,False,1412,0,0,0,0.0677147510066453,0.8500000000000001,23,1363,0.9915014164305949,1.099120794378905e-14,1,True,True,True,True,1.0,True,0.9999999999999998,0.0,0.0,0.0,1412
unfiltered_random,unfiltered_random,EIF1P1,A5_v3_structure,Flat v3 RNA/protein/consistency/completeness structure,,0.6,1412,False,1412,0,0,0,0.07082633869916087,0.889,23,1363,0.9915014164305949,1.099120794378905e-14,1,True,True,True,True,1.0,True,0.9999999999999998,0.0,0.0,0.006497096317280449,1412
unfiltered_random,unfiltered_random,EIF1P1,A6_v3_full,Flat v3 structure plus adaptive trust,,0.6,1412,False,1412,0,0,0,0.07082633869916087,0.889,23,1363,0.9915014164305949,1.099120794378905e-14,1,True,True,True,True,1.0,True,0.9999999999999998,0.0,0.0,0.006497096317280449,1412
unfiltered_random,unfiltered_random,EIF4BP8,B0_rna_mean,RNA-only mean ranking; no protein or confidence in final score,,0.6,1412,False,1412,0,0,0,0.03285176264136245,1.0,23,1049,0.9922096317280453,8.770761894538737e-15,1,True,True,True,True,1.0,True,1.0,0.0,0.0,0.061039660056657216,1412
unfiltered_random,unfiltered_random,EIF4BP8,A0_team_baseline,"Team baseline: RNA .55, protein .30, confidence .15",,0.6,1412,False,1412,0,0,0,0.02792051955793294,0.8500000000000001,23,1049,0.9922096317280453,1.099120794378905e-14,1,True,True,True,True,1.0,True,1.0,0.0,0.0,0.0,1412
unfiltered_random,unfiltered_random,EIF4BP8,A1a_no_direct_protein,Remove direct protein; retain protein-derived confidence,,0.6,1412,False,1412,0,0,0,0.02792051955793294,0.8500000000000001,23,1049,0.9922096317280453,1.099120794378905e-14,1,True,True,True,True,1.0,True,1.0,0.0,0.0,0.0,1412
unfiltered_random,unfiltered_random,EIF4BP8,A1b_no_protein_evidence,Remove direct protein and all protein-derived confidence,,0.6,1412,False,1412,0,0,0,0.027929578106826093,0.8500000000000001,24,1049,0.9922096317280453,8.770761894538737e-15,1,True,True,False,True,1.0,True,0.9998980979985199,0.40793201133144474,96.0,0.04142407932011331,1412
unfiltered_random,unfiltered_random,EIF4BP8,A1c_no_protein_confidence,Retain direct protein; remove protein-derived confidence only,,0.6,1412,False,1412,0,0,0,0.027929578106826093,0.8500000000000001,24,1049,0.9922096317280453,8.770761894538737e-15,1,True,True,False,True,1.0,True,0.9998980979985199,0.40793201133144474,96.0,0.04142407932011331,1412
unfiltered_random,unfiltered_random,EIF4BP8,A2_no_confidence,Remove the full confidence block; renormalise RNA/protein,,0.6,1412,False,1412,0,0,0,0.03285176264136245,1.0,23,1049,0.9922096317280453,1.099120794378905e-14,1,True,True,True,True,1.0,True,1.0,0.0,0.0,0.061039660056657216,1412
unfiltered_random,unfiltered_random,EIF4BP8,A2a_no_conf_completeness,Remove completeness from confidence; renormalise retained components,,0.6,1412,False,1412,0,0,0,0.027929366229914637,0.85,24,1049,0.9922096317280453,5.6066262743570405e-15,1,True,True,False,True,1.0,True,0.9998980979985199,0.40793201133144474,96.0,0.008776062322946173,1412
unfiltered_random,unfiltered_random,EIF4BP8,A2b_no_conf_source_support,Remove source support from confidence; renormalise retained components,,0.6,1412,False,1412,0,0,0,0.02792444806237158,0.8500000000000001,24,1049,0.9922096317280453,0.0,1,True,True,False,True,1.0,True,0.9998980979985199,0.40793201133144474,96.0,0.0131157223796034,1412
unfiltered_random,unfiltered_random,EIF4BP8,A2c_no_conf_consistency,Remove RNA-protein consistency; renormalise retained components,,0.6,1412,False,1412,0,0,0,0.027924448062371727,0.85,24,1049,0.9922096317280453,5.828670879282072e-15,1,True,True,False,True,1.0,True,0.9998980979985199,0.40793201133144474,96.0,0.004384277620396596,1412
unfiltered_random,unfiltered_random,EIF4BP8,A3_equal_bio,Equal RNA/protein biological weights,,0.6,1412,False,1412,0,0,0,0.02792051955793294,0.8500000000000001,23,1049,0.9922096317280453,1.099120794378905e-14,1,True,True,True,True,1.0,True,1.0,0.0,0.0,0.0,1412
unfiltered_random,unfiltered_random,EIF4BP8,A3b_reversed_bio,Protein biological weight greater than RNA,,0.6,1412,False,1412,0,0,0,0.02792051955793294,0.8500000000000001,23,1049,0.9922096317280453,1.099120794378905e-14,1,True,True,True,True,1.0,True,1.0,0.0,0.0,0.0,1412
unfiltered_random,unfiltered_random,EIF4BP8,A4_adaptive_trust,Team baseline plus gene-level adaptive RNA trust,,0.6,1412,False,1412,0,0,0,0.02792051955793294,0.8500000000000001,23,1049,0.9922096317280453,1.099120794378905e-14,1,True,True,True,True,1.0,True,1.0,0.0,0.0,0.0,1412
unfiltered_random,unfiltered_random,EIF4BP8,A5_v3_structure,Flat v3 RNA/protein/consistency/completeness structure,,0.6,1412,False,1412,0,0,0,0.02920566977365174,0.889,23,1049,0.9922096317280453,1.099120794378905e-14,1,True,True,True,True,1.0,True,1.0,0.0,0.0,0.0062020538243626015,1412
unfiltered_random,unfiltered_random,EIF4BP8,A6_v3_full,Flat v3 structure plus adaptive trust,,0.6,1412,False,1412,0,0,0,0.02920566977365174,0.889,23,1049,0.9922096317280453,1.099120794378905e-14,1,True,True,True,True,1.0,True,1.0,0.0,0.0,0.0062020538243626015,1412
unfiltered_random,unfiltered_random,EIF5AP3,B0_rna_mean,RNA-only mean ranking; no protein or confidence in final score,,0.6,1412,False,1412,0,0,0,0.09877289179624597,1.0,81,734,0.9773371104815864,8.770761894538737e-15,1,True,True,True,True,1.0,True,0.9999999999999999,0.0,0.0,0.05340601983002832,1412
unfiltered_random,unfiltered_random,EIF5AP3,A0_team_baseline,"Team baseline: RNA .55, protein .30, confidence .15",,0.6,1412,False,1412,0,0,0,0.08395196700674311,0.8500000000000001,81,734,0.9773371104815864,1.099120794378905e-14,1,True,True,True,True,1.0,True,0.9999999999999999,0.0,0.0,0.0,1412
unfiltered_random,unfiltered_random,EIF5AP3,A1a_no_direct_protein,Remove direct protein; retain protein-derived confidence,,0.6,1412,False,1412,0,0,0,0.08395196700674311,0.8500000000000001,81,734,0.9773371104815864,1.099120794378905e-14,1,True,True,True,True,1.0,True,0.9999999999999999,0.0,0.0,0.0,1412
unfiltered_random,unfiltered_random,EIF5AP3,A1b_no_protein_evidence,Remove direct protein and all protein-derived confidence,,0.6,1412,False,1412,0,0,0,0.08396604480616524,0.8500000000000001,81,734,0.9773371104815864,8.770761894538737e-15,1,True,True,True,True,1.0,True,0.9999999999999999,0.0,0.0,0.04142903682719547,1412
unfiltered_random,unfiltered_random,EIF5AP3,A1c_no_protein_confidence,Retain direct protein; remove protein-derived confidence only,,0.6,1412,False,1412,0,0,0,0.08396604480616524,0.8500000000000001,81,734,0.9773371104815864,8.770761894538737e-15,1,True,True,True,True,1.0,True,0.9999999999999999,0.0,0.0,0.04142903682719547,1412
unfiltered_random,unfiltered_random,EIF5AP3,A2_no_confidence,Remove the full confidence block; renormalise RNA/protein,,0.6,1412,False,1412,0,0,0,0.09877289179624597,1.0,81,734,0.9773371104815864,1.099120794378905e-14,1,True,True,True,True,1.0,True,0.9999999999999999,0.0,0.0,0.05340601983002832,1412
unfiltered_random,unfiltered_random,EIF5AP3,A2a_no_conf_completeness,Remove completeness from confidence; renormalise retained components,,0.6,1412,False,1412,0,0,0,0.08396161533387213,0.85,81,734,0.9773371104815864,5.6066262743570405e-15,1,True,True,True,True,1.0,True,0.9999999999999999,0.0,0.0,0.008784065155807364,1412
unfiltered_random,unfiltered_random,EIF5AP3,A2b_no_conf_source_support,Remove source support from confidence; renormalise retained components,,0.6,1412,False,1412,0,0,0,0.08395785113648142,0.8500000000000001,81,734,0.9773371104815864,0.0,1,True,True,True,True,1.0,True,0.9999999999999999,0.0,0.0,0.013106515580736543,1412
unfiltered_random,unfiltered_random,EIF5AP3,A2c_no_conf_consistency,Remove RNA-protein consistency; renormalise retained components,,0.6,1412,False,1412,0,0,0,0.08395785113647922,0.85,81,734,0.9773371104815864,5.828670879282072e-15,1,True,True,True,True,1.0,True,0.9999999999999999,0.0,0.0,0.004393484419263453,1412
unfiltered_random,unfiltered_random,EIF5AP3,A3_equal_bio,Equal RNA/protein biological weights,,0.6,1412,False,1412,0,0,0,0.08395196700674311,0.8500000000000001,81,734,0.9773371104815864,1.099120794378905e-14,1,True,True,True,True,1.0,True,0.9999999999999999,0.0,0.0,0.0,1412
unfiltered_random,unfiltered_random,EIF5AP3,A3b_reversed_bio,Protein biological weight greater than RNA,,0.6,1412,False,1412,0,0,0,0.08395196700674311,0.8500000000000001,81,734,0.9773371104815864,1.099120794378905e-14,1,True,True,True,True,1.0,True,0.9999999999999999,0.0,0.0,0.0,1412
unfiltered_random,unfiltered_random,EIF5AP3,A4_adaptive_trust,Team baseline plus gene-level adaptive RNA trust,,0.6,1412,False,1412,0,0,0,0.08395196700674311,0.8500000000000001,81,734,0.9773371104815864,1.099120794378905e-14,1,True,True,True,True,1.0,True,0.9999999999999999,0.0,0.0,0.0,1412
unfiltered_random,unfiltered_random,EIF5AP3,A5_v3_structure,Flat v3 RNA/protein/consistency/completeness structure,,0.6,1412,False,1412,0,0,0,0.08780701606460987,0.889,81,734,0.9773371104815864,1.099120794378905e-14,1,True,True,True,True,1.0,True,0.9999999999999999,0.0,0.0,0.004953682719546741,1412
unfiltered_random,unfiltered_random,EIF5AP3,A6_v3_full,Flat v3 structure plus adaptive trust,,0.6,1412,False,1412,0,0,0,0.08780701606460987,0.889,81,734,0.9773371104815864,1.099120794378905e-14,1,True,True,True,True,1.0,True,0.9999999999999999,0.0,0.0,0.004953682719546741,1412
unfiltered_random,unfiltered_random,ELOCP2,B0_rna_mean,RNA-only mean ranking; no protein or confidence in final score,,0.6,1412,False,1412,0,0,0,0.036622169011434495,1.0,41,1238,0.9858356940509915,8.770761894538737e-15,1,True,True,True,True,1.0,True,0.9999999999999999,0.0,0.0,0.060719759206798854,1412
unfiltered_random,unfiltered_random,ELOCP2,A0_team_baseline,"Team baseline: RNA .55, protein .30, confidence .15",,0.6,1412,False,1412,0,0,0,0.031124247795716226,0.8500000000000001,41,1238,0.9858356940509915,1.099120794378905e-14,1,True,True,True,True,1.0,True,0.9999999999999999,0.0,0.0,0.0,1412
unfiltered_random,unfiltered_random,ELOCP2,A1a_no_direct_protein,Remove direct protein; retain protein-derived confidence,,0.6,1412,False,1412,0,0,0,0.031124247795716226,0.8500000000000001,41,1238,0.9858356940509915,1.099120794378905e-14,1,True,True,True,True,1.0,True,0.9999999999999999,0.0,0.0,0.0,1412
unfiltered_random,unfiltered_random,ELOCP2,A1b_no_protein_evidence,Remove direct protein and all protein-derived confidence,,0.6,1412,False,1412,0,0,0,0.031135985306141794,0.8500000000000001,41,1238,0.9858356940509915,8.770761894538737e-15,1,True,True,True,True,1.0,True,0.9999999999999999,0.0,0.0,0.04140871104815864,1412
unfiltered_random,unfiltered_random,ELOCP2,A1c_no_protein_confidence,Retain direct protein; remove protein-derived confidence only,,0.6,1412,False,1412,0,0,0,0.031135985306141794,0.8500000000000001,41,1238,0.9858356940509915,8.770761894538737e-15,1,True,True,True,True,1.0,True,0.9999999999999999,0.0,0.0,0.04140871104815864,1412
unfiltered_random,unfiltered_random,ELOCP2,A2_no_confidence,Remove the full confidence block; renormalise RNA/protein,,0.6,1412,False,1412,0,0,0,0.036622169011434495,1.0,41,1238,0.9858356940509915,1.099120794378905e-14,1,True,True,True,True,1.0,True,0.9999999999999999,0.0,0.0,0.060719759206798854,1412
unfiltered_random,unfiltered_random,ELOCP2,A2a_no_conf_completeness,Remove completeness from confidence; renormalise retained components,,0.6,1412,False,1412,0,0,0,0.031132493251531418,0.85,41,1238,0.9858356940509915,5.6066262743570405e-15,1,True,True,True,True,1.0,True,0.9999999999999999,0.0,0.0,0.00879398016997167,1412
unfiltered_random,unfiltered_random,ELOCP2,A2b_no_conf_source_support,Remove source support from confidence; renormalise retained components,,0.6,1412,False,1412,0,0,0,0.031130368593737728,0.8500000000000001,41,1238,0.9858356940509915,0.0,1,True,True,True,True,1.0,True,0.9999999999999999,0.0,0.0,0.013104178470254958,1412
unfiltered_random,unfiltered_random,ELOCP2,A2c_no_conf_consistency,Remove RNA-protein consistency; renormalise retained components,,0.6,1412,False,1412,0,0,0,0.031130368593737967,0.85,41,1238,0.9858356940509915,5.828670879282072e-15,1,True,True,True,True,1.0,True,0.9999999999999999,0.0,0.0,0.004395821529745038,1412
unfiltered_random,unfiltered_random,ELOCP2,A3_equal_bio,Equal RNA/protein biological weights,,0.6,1412,False,1412,0,0,0,0.031124247795716226,0.8500000000000001,41,1238,0.9858356940509915,1.099120794378905e-14,1,True,True,True,True,1.0,True,0.9999999999999999,0.0,0.0,0.0,1412
unfiltered_random,unfiltered_random,ELOCP2,A3b_reversed_bio,Protein biological weight greater than RNA,,0.6,1412,False,1412,0,0,0,0.031124247795716226,0.8500000000000001,41,1238,0.9858356940509915,1.099120794378905e-14,1,True,True,True,True,1.0,True,0.9999999999999999,0.0,0.0,0.0,1412
unfiltered_random,unfiltered_random,ELOCP2,A4_adaptive_trust,Team baseline plus gene-level adaptive RNA trust,,0.6,1412,False,1412,0,0,0,0.031124247795716226,0.8500000000000001,41,1238,0.9858356940509915,1.099120794378905e-14,1,True,True,True,True,1.0,True,0.9999999999999999,0.0,0.0,0.0,1412
unfiltered_random,unfiltered_random,ELOCP2,A5_v3_structure,Flat v3 RNA/protein/consistency/completeness structure,,0.6,1412,False,1412,0,0,0,0.03255750787977901,0.889,41,1238,0.9858356940509915,1.099120794378905e-14,1,True,True,True,True,1.0,True,0.9999999999999999,0.0,0.0,0.006124858356940507,1412
unfiltered_random,unfiltered_random,ELOCP2,A6_v3_full,Flat v3 structure plus adaptive trust,,0.6,1412,False,1412,0,0,0,0.03255750787977901,0.889,41,1238,0.9858356940509915,1.099120794378905e-14,1,True,True,True,True,1.0,True,0.9999999999999999,0.0,0.0,0.006124858356940507,1412
unfiltered_random,unfiltered_random,ENSG00000248599,B0_rna_mean,RNA-only mean ranking; no protein or confidence in final score,,0.6,1412,False,1412,0,0,0,0.08646196952217919,1.0,134,427,0.9539660056657224,8.770761894538737e-15,1,True,True,False,True,1.0,True,0.9999996972431351,0.021246458923512748,10.5,0.055600283286118976,1412
unfiltered_random,unfiltered_random,ENSG00000248599,A0_team_baseline,"Team baseline: RNA .55, protein .30, confidence .15",,0.6,1412,False,1412,0,0,0,0.07348928282276711,0.8500000000000001,134,427,0.9539660056657224,1.099120794378905e-14,1,True,True,True,True,1.0,True,1.0,0.0,0.0,0.0,1412
unfiltered_random,unfiltered_random,ENSG00000248599,A1a_no_direct_protein,Remove direct protein; retain protein-derived confidence,,0.6,1412,False,1412,0,0,0,0.07348928282276711,0.8500000000000001,134,427,0.9539660056657224,1.099120794378905e-14,1,True,True,True,True,1.0,True,1.0,0.0,0.0,0.0,1412
unfiltered_random,unfiltered_random,ENSG00000248599,A1b_no_protein_evidence,Remove direct protein and all protein-derived confidence,,0.6,1412,False,1412,0,0,0,0.07350090008244761,0.8500000000000001,134,427,0.9539660056657224,8.770761894538737e-15,1,True,True,False,True,1.0,True,0.9999996972431351,0.021246458923512748,10.5,0.041436968838526905,1412
unfiltered_random,unfiltered_random,ENSG00000248599,A1c_no_protein_confidence,Retain direct protein; remove protein-derived confidence only,,0.6,1412,False,1412,0,0,0,0.07350090008244761,0.8500000000000001,134,427,0.9539660056657224,8.770761894538737e-15,1,True,True,False,True,1.0,True,0.9999996972431351,0.021246458923512748,10.5,0.041436968838526905,1412
unfiltered_random,unfiltered_random,ENSG00000248599,A2_no_confidence,Remove the full confidence block; renormalise RNA/protein,,0.6,1412,False,1412,0,0,0,0.08646196952217919,1.0,134,427,0.9539660056657224,1.099120794378905e-14,1,True,True,False,True,1.0,True,0.9999996972431351,0.021246458923512748,10.5,0.055600283286118976,1412
unfiltered_random,unfiltered_random,ENSG00000248599,A2a_no_conf_completeness,Remove completeness from confidence; renormalise retained components,,0.6,1412,False,1412,0,0,0,0.07349708756964088,0.85,134,427,0.9539660056657224,5.6066262743570405e-15,1,True,True,False,True,1.0,True,0.9999996972431351,0.021246458923512748,10.5,0.008765864022662889,1412
unfiltered_random,unfiltered_random,ENSG00000248599,A2b_no_conf_source_support,Remove source support from confidence; renormalise retained components,,0.6,1412,False,1412,0,0,0,0.07349240790062317,0.8500000000000001,132,427,0.9553824362606232,0.0,1,True,True,False,True,1.0,True,0.999999646783643,0.024079320113314446,10.5,0.013118767705382435,1412
unfiltered_random,unfiltered_random,ENSG00000248599,A2c_no_conf_consistency,Remove RNA-protein consistency; renormalise retained components,,0.6,1412,False,1412,0,0,0,0.0734924079006226,0.85,132,427,0.9553824362606232,5.828670879282072e-15,1,True,True,False,True,1.0,True,0.999999646783643,0.024079320113314446,10.5,0.004381232294617562,1412
unfiltered_random,unfiltered_random,ENSG00000248599,A3_equal_bio,Equal RNA/protein biological weights,,0.6,1412,False,1412,0,0,0,0.07348928282276711,0.8500000000000001,134,427,0.9539660056657224,1.099120794378905e-14,1,True,True,True,True,1.0,True,1.0,0.0,0.0,0.0,1412
unfiltered_random,unfiltered_random,ENSG00000248599,A3b_reversed_bio,Protein biological weight greater than RNA,,0.6,1412,False,1412,0,0,0,0.07348928282276711,0.8500000000000001,134,427,0.9539660056657224,1.099120794378905e-14,1,True,True,True,True,1.0,True,1.0,0.0,0.0,0.0,1412
unfiltered_random,unfiltered_random,ENSG00000248599,A4_adaptive_trust,Team baseline plus gene-level adaptive RNA trust,,0.6,1412,False,1412,0,0,0,0.07348928282276711,0.8500000000000001,134,427,0.9539660056657224,1.099120794378905e-14,1,True,True,True,True,1.0,True,1.0,0.0,0.0,0.0,1412
unfiltered_random,unfiltered_random,ENSG00000248599,A5_v3_structure,Flat v3 RNA/protein/consistency/completeness structure,,0.6,1412,False,1412,0,0,0,0.07686925714906317,0.889,133,427,0.9546742209631728,1.099120794378905e-14,1,True,True,False,True,1.0,True,0.9999997466056696,0.014872521246458924,10.5,0.005336473087818696,1412
unfiltered_random,unfiltered_random,ENSG00000248599,A6_v3_full,Flat v3 structure plus adaptive trust,,0.6,1412,False,1412,0,0,0,0.07686925714906317,0.889,133,427,0.9546742209631728,1.099120794378905e-14,1,True,True,False,True,1.0,True,0.9999997466056696,0.014872521246458924,10.5,0.005336473087818696,1412
unfiltered_random,unfiltered_random,FAM170A,B0_rna_mean,RNA-only mean ranking; no protein or confidence in final score,,0.6,1476,False,1412,1105,0,0,0.04237994025140727,1.0,65,642,0.978319783197832,0.07089474244752311,2,False,True,False,False,0.8181818181818182,True,0.8877063393376106,102.82655826558266,780.0,0.0692649051490515,1476
unfiltered_random,unfiltered_random,FAM170A,A0_team_baseline,"Team baseline: RNA .55, protein .30, confidence .15",,0.6,1476,False,1412,1105,0,0,0.036579812855451595,0.8631000000000001,64,642,0.9789972899728997,0.039892539962432964,2,False,True,True,True,1.0,True,1.0,0.0,0.0,0.0,1476
unfiltered_random,unfiltered_random,FAM170A,A1a_no_direct_protein,Remove direct protein; retain protein-derived confidence,,0.6,1476,False,1412,1105,0,0,0.036579812855451595,0.8631000000000001,64,642,0.9789972899728997,0.039892539962432964,2,False,True,True,True,1.0,True,1.0,0.0,0.0,0.0,1476
unfiltered_random,unfiltered_random,FAM170A,A1b_no_protein_evidence,Remove direct protein and all protein-derived confidence,,0.6,1476,False,1412,1105,0,0,0.03768117535748054,0.8734,65,642,0.9789972899728997,0.07089474244752389,2,False,True,False,True,1.0,True,0.9649334211983337,35.90514905149052,780.0,0.0486600948509485,1476
unfiltered_random,unfiltered_random,FAM170A,A1c_no_protein_confidence,Retain direct protein; remove protein-derived confidence only,,0.6,1476,False,1412,1105,0,0,0.03768117535748054,0.8734,65,642,0.9789972899728997,0.07089474244752389,2,False,True,False,True,1.0,True,0.9649334211983337,35.90514905149052,780.0,0.0486600948509485,1476
unfiltered_random,unfiltered_random,FAM170A,A2_no_confidence,Remove the full confidence block; renormalise RNA/protein,,0.6,1476,False,1412,1105,0,0,0.04237994025140727,1.0,65,642,0.978319783197832,0.039892539962432715,2,False,True,False,False,0.8181818181818182,True,0.8877063393376106,102.82655826558266,780.0,0.0692649051490515,1476
unfiltered_random,unfiltered_random,FAM170A,A2a_no_conf_completeness,Remove completeness from confidence; renormalise retained components,,0.6,1476,False,1412,1105,0,0,0.037489471642043956,0.8719,66,642,0.978319783197832,0.06647236944597411,2,False,True,False,True,1.0,True,0.9815551251798144,22.718157181571815,643.0,0.0025903116531165306,1476
unfiltered_random,unfiltered_random,FAM170A,A2b_no_conf_source_support,Remove source support from confidence; renormalise retained components,,0.6,1476,False,1412,1105,0,0,0.03602437435201223,0.8500000000000001,65,642,0.978319783197832,0.0,1,True,True,False,False,0.8181818181818182,True,0.8877063393376106,102.82655826558266,780.0,0.0038610433604336046,1476
unfiltered_random,unfiltered_random,FAM170A,A2c_no_conf_consistency,Remove RNA-protein consistency; renormalise retained components,,0.6,1476,False,1412,1105,0,0,0.036983844041089585,0.8675,66,642,0.978319783197832,0.05320525044132463,2,False,True,False,True,1.0,True,0.9820711391636214,20.76287262872629,643.0,0.0012964769647696467,1476
unfiltered_random,unfiltered_random,FAM170A,A3_equal_bio,Equal RNA/protein biological weights,,0.6,1476,False,1412,1105,0,0,0.036579812855451595,0.8631000000000001,64,642,0.9789972899728997,0.039892539962432964,2,False,True,True,True,1.0,True,1.0,0.0,0.0,0.0,1476
unfiltered_random,unfiltered_random,FAM170A,A3b_reversed_bio,Protein biological weight greater than RNA,,0.6,1476,False,1412,1105,0,0,0.036579812855451595,0.8631000000000001,64,642,0.9789972899728997,0.039892539962432964,2,False,True,True,True,1.0,True,1.0,0.0,0.0,0.0,1476
unfiltered_random,unfiltered_random,FAM170A,A4_adaptive_trust,Team baseline plus gene-level adaptive RNA trust,,0.6,1476,False,1412,1105,0,0,0.036579812855451595,0.8631000000000001,64,642,0.9789972899728997,0.039892539962432964,2,False,True,True,True,1.0,True,1.0,0.0,0.0,0.0,1476
unfiltered_random,unfiltered_random,FAM170A,A5_v3_structure,Flat v3 RNA/protein/consistency/completeness structure,,0.6,1476,False,1412,1105,0,0,0.03767562760343409,0.889,66,642,0.9776422764227642,0.039892539962432715,2,False,True,False,False,0.8181818181818182,True,0.887705995921911,102.82655826558266,780.0,0.015155487804878045,1476
unfiltered_random,unfiltered_random,FAM170A,A6_v3_full,Flat v3 structure plus adaptive trust,,0.6,1476,False,1412,1105,0,0,0.03767562760343409,0.889,66,642,0.9776422764227642,0.039892539962432715,2,False,True,False,False,0.8181818181818182,True,0.887705995921911,102.82655826558266,780.0,0.015155487804878045,1476
unfiltered_random,unfiltered_random,FAM201A,B0_rna_mean,RNA-only mean ranking; no protein or confidence in final score,,0.6,1412,False,1412,0,0,0,0.2181666838175023,1.0,531,226,0.7868271954674221,8.770761894538737e-15,1,True,True,False,True,1.0,True,0.9999999689642457,0.0056657223796034,3.5,0.03754015580736544,1412
unfiltered_random,unfiltered_random,FAM201A,A0_team_baseline,"Team baseline: RNA .55, protein .30, confidence .15",,0.6,1412,False,1412,0,0,0,0.1854398272970121,0.8500000000000001,531,226,0.7861189801699717,1.099120794378905e-14,1,True,True,True,True,1.0,True,1.0,0.0,0.0,0.0,1412
unfiltered_random,unfiltered_random,FAM201A,A1a_no_direct_protein,Remove direct protein; retain protein-derived confidence,,0.6,1412,False,1412,0,0,0,0.1854398272970121,0.8500000000000001,531,226,0.7861189801699717,1.099120794378905e-14,1,True,True,True,True,1.0,True,1.0,0.0,0.0,0.0,1412
unfiltered_random,unfiltered_random,FAM201A,A1b_no_protein_evidence,Remove direct protein and all protein-derived confidence,,0.6,1412,False,1412,0,0,0,0.18544760636399593,0.8500000000000001,532,226,0.7854107648725213,8.770761894538737e-15,1,True,True,False,True,1.0,True,0.9999999678940472,0.006373937677053824,3.5,0.04144893767705382,1412
unfiltered_random,unfiltered_random,FAM201A,A1c_no_protein_confidence,Retain direct protein; remove protein-derived confidence only,,0.6,1412,False,1412,0,0,0,0.18544760636399593,0.8500000000000001,532,226,0.7854107648725213,8.770761894538737e-15,1,True,True,False,True,1.0,True,0.9999999678940472,0.006373937677053824,3.5,0.04144893767705382,1412
unfiltered_random,unfiltered_random,FAM201A,A2_no_confidence,Remove the full confidence block; renormalise RNA/protein,,0.6,1412,False,1412,0,0,0,0.2181666838175023,1.0,531,226,0.7868271954674221,1.099120794378905e-14,1,True,True,False,True,1.0,True,0.9999999689642457,0.0056657223796034,3.5,0.03754015580736544,1412
unfiltered_random,unfiltered_random,FAM201A,A2a_no_conf_completeness,Remove completeness from confidence; renormalise retained components,,0.6,1412,False,1412,0,0,0,0.1854456308053213,0.85,531,226,0.7861189801699717,5.6066262743570405e-15,1,True,True,False,True,1.0,True,0.9999999978596031,0.00141643059490085,0.5,0.008756728045325778,1412
unfiltered_random,unfiltered_random,FAM201A,A2b_no_conf_source_support,Remove source support from confidence; renormalise retained components,,0.6,1412,False,1412,0,0,0,0.18543778810253467,0.8500000000000001,531,226,0.7861189801699717,0.0,1,True,True,True,True,1.0,True,1.0,0.0,0.0,0.013127832861189804,1412
unfiltered_random,unfiltered_random,FAM201A,A2c_no_conf_consistency,Remove RNA-protein consistency; renormalise retained components,,0.6,1412,False,1412,0,0,0,0.18543778810253692,0.85,531,226,0.7861189801699717,5.828670879282072e-15,1,True,True,True,True,1.0,True,1.0,0.0,0.0,0.004372167138810197,1412
unfiltered_random,unfiltered_random,FAM201A,A3_equal_bio,Equal RNA/protein biological weights,,0.6,1412,False,1412,0,0,0,0.1854398272970121,0.8500000000000001,531,226,0.7861189801699717,1.099120794378905e-14,1,True,True,True,True,1.0,True,1.0,0.0,0.0,0.0,1412
unfiltered_random,unfiltered_random,FAM201A,A3b_reversed_bio,Protein biological weight greater than RNA,,0.6,1412,False,1412,0,0,0,0.1854398272970121,0.8500000000000001,531,226,0.7861189801699717,1.099120794378905e-14,1,True,True,True,True,1.0,True,1.0,0.0,0.0,0.0,1412
unfiltered_random,unfiltered_random,FAM201A,A4_adaptive_trust,Team baseline plus gene-level adaptive RNA trust,,0.6,1412,False,1412,0,0,0,0.1854398272970121,0.8500000000000001,531,226,0.7861189801699717,1.099120794378905e-14,1,True,True,True,True,1.0,True,1.0,0.0,0.0,0.0,1412
unfiltered_random,unfiltered_random,FAM201A,A5_v3_structure,Flat v3 RNA/protein/consistency/completeness structure,,0.6,1412,False,1412,0,0,0,0.1939506155271299,0.889,531,226,0.7861189801699717,1.099120794378905e-14,1,True,True,False,True,1.0,True,0.9999999978596031,0.00141643059490085,0.5,0.007295892351274785,1412
unfiltered_random,unfiltered_random,FAM201A,A6_v3_full,Flat v3 structure plus adaptive trust,,0.6,1412,False,1412,0,0,0,0.1939506155271299,0.889,531,226,0.7861189801699717,1.099120794378905e-14,1,True,True,False,True,1.0,True,0.9999999978596031,0.00141643059490085,0.5,0.007295892351274785,1412
unfiltered_random,unfiltered_random,FIBP,B0_rna_mean,RNA-only mean ranking; no protein or confidence in final score,0.1552959863099714,0.3,1513,True,1412,1105,594,366,0.08410119732919318,1.0,1142,6,0.43621943159286186,0.11918386434811604,3,False,True,False,False,0.6666666666666666,True,0.9344193550974166,94.09517514871116,1313.5,0.03268697951090548,1513
unfiltered_random,unfiltered_random,FIBP,A0_team_baseline,"Team baseline: RNA .55, protein .30, confidence .15",0.1552959863099714,0.3,1513,True,1412,1105,594,366,0.07194606492685235,0.8500000000000001,1122,5,0.4593522802379379,0.19007383732428576,338,False,True,True,True,1.0,True,1.0,0.0,0.0,0.0,1513
unfiltered_random,unfiltered_random,FIBP,A1a_no_direct_protein,Remove direct protein; retain protein-derived confidence,0.1552959863099714,0.3,1513,True,1412,1105,594,366,0.08043295535039968,0.874,1149,5,0.43423661599471247,0.19007383732428512,338,False,True,False,False,0.42857142857142855,False,0.8676232239211131,154.57501652346332,1318.5,0.01726140118968936,1513
unfiltered_random,unfiltered_random,FIBP,A1b_no_protein_evidence,Remove direct protein and all protein-derived confidence,0.1552959863099714,0.3,1513,True,1412,1105,594,366,0.07661756107952242,0.8551,1145,6,0.42828816920026436,0.11918386434811618,3,False,True,False,False,0.5384615384615384,False,0.9300747510125116,94.13747521480502,1296.5,0.05670925313945802,1513
unfiltered_random,unfiltered_random,FIBP,A1c_no_protein_confidence,Retain direct protein; remove protein-derived confidence only,0.1552959863099714,0.3,1513,True,1412,1105,594,366,0.07514512307892819,0.8500000000000001,1125,5,0.4514210178453404,0.11918386434811619,3,False,True,False,False,0.6666666666666666,True,0.9469243371182666,106.89755452742895,432.5,0.039933773959021805,1513
unfiltered_random,unfiltered_random,FIBP,A2_no_confidence,Remove the full confidence block; renormalise RNA/protein,0.1552959863099714,0.3,1513,True,1412,1105,594,366,0.08611925440300487,1.0,1183,4,0.40251156642432256,0.1900738373242865,338,False,True,False,False,0.6666666666666666,True,0.8999126239346199,148.52478519497686,531.0,0.03167501652346332,1513
unfiltered_random,unfiltered_random,FIBP,A2a_no_conf_completeness,Remove completeness from confidence; renormalise retained components,0.1552959863099714,0.3,1513,True,1412,1105,594,366,0.07368001472055638,0.85,1142,4,0.4448116325181758,0.1876309934963249,349,False,True,False,True,1.0,True,0.9938920222373955,36.46331791143424,202.5,0.005989094514210179,1513
unfiltered_random,unfiltered_random,FIBP,A2b_no_conf_source_support,Remove source support from confidence; renormalise retained components,0.1552959863099714,0.3,1513,True,1412,1105,594,366,0.07023068739647302,0.8500000000000001,1121,5,0.4606741573033708,0.17628749930127208,335,False,True,False,False,0.8181818181818182,True,0.9886988846040631,47.746860541969596,203.0,0.007214871116986121,1513
unfiltered_random,unfiltered_random,FIBP,A2c_no_conf_consistency,Remove RNA-protein consistency; renormalise retained components,0.1552959863099714,0.3,1513,True,1412,1105,594,366,0.0729771766660213,0.85,1114,5,0.46596166556510243,0.2178078342741007,6,False,True,False,True,1.0,True,0.9966348906813598,25.775280898876403,211.0,0.003721216126900199,1513
unfiltered_random,unfiltered_random,FIBP,A3_equal_bio,Equal RNA/protein biological weights,0.1552959863099714,0.3,1513,True,1412,1105,594,366,0.07326635438261049,0.8500000000000001,1136,5,0.44282881692002646,0.19007383732428598,338,False,True,False,False,0.6666666666666666,True,0.9742026390000683,70.36351619299406,467.5,0.007192333113020489,1513
unfiltered_random,unfiltered_random,FIBP,A3b_reversed_bio,Protein biological weight greater than RNA,0.1552959863099714,0.3,1513,True,1412,1105,594,366,0.07739129912028199,0.8500000000000001,1147,6,0.43093192333113023,0.1900738373242862,338,False,True,False,False,0.6666666666666666,True,0.9156364030797202,128.50892267019168,900.0,0.014384864507600792,1513
unfiltered_random,unfiltered_random,FIBP,A4_adaptive_trust,Team baseline plus gene-level adaptive RNA trust,0.1552959863099714,0.3,1513,True,1412,1105,594,366,0.08451759876956617,0.8584,1163,5,0.42101784534038333,0.19007383732428634,338,False,True,False,False,0.6666666666666666,False,0.846057460190588,174.45538664904163,1244.0,0.02215300727032386,1513
unfiltered_random,unfiltered_random,FIBP,A5_v3_structure,Flat v3 RNA/protein/consistency/completeness structure,0.1552959863099714,0.3,1513,True,1412,1105,594,366,0.0727706075476002,0.889,1114,6,0.46728354263053534,0.1900738373242859,338,False,True,False,False,0.6666666666666666,True,0.9741317199771105,69.58162590879049,515.5,0.013750099140779907,1513
unfiltered_random,unfiltered_random,FIBP,A6_v3_full,Flat v3 structure plus adaptive trust,0.1552959863099714,0.3,1513,True,1412,1105,594,366,0.0811601993805342,0.889,1151,5,0.4355584930601454,0.19007383732428662,338,False,True,False,False,0.5384615384615384,True,0.8710546728522236,147.28816920026438,1344.5,0.02370608063450099,1513
unfiltered_random,unfiltered_random,GALM,B0_rna_mean,RNA-only mean ranking; no protein or confidence in final score,0.7885328173489026,1.0,1513,True,1412,1105,594,375,0.18663906343923972,1.0,1240,27,0.3139458030403173,0.11918386434811476,3,False,True,False,False,0.5384615384615384,False,0.9589527141087534,93.28222075346993,620.0,0.049943555849306015,1513
unfiltered_random,unfiltered_random,GALM,A0_team_baseline,"Team baseline: RNA .55, protein .30, confidence .15",0.7885328173489026,1.0,1513,True,1412,1105,594,375,0.16454480692770793,0.9102,1249,27,0.30006609385327165,0.2047980738548089,321,False,True,True,True,1.0,True,1.0,0.0,0.0,0.0,1513
unfiltered_random,unfiltered_random,GALM,A1a_no_direct_protein,Remove direct protein; retain protein-derived confidence,0.7885328173489026,1.0,1513,True,1412,1105,594,375,0.1643483708165563,0.9156000000000001,1239,27,0.3139458030403173,0.2047980738548091,321,False,True,False,True,1.0,True,0.993684071583973,28.42366159947125,512.5,0.008118902842035692,1513
unfiltered_random,unfiltered_random,GALM,A1b_no_protein_evidence,Remove direct protein and all protein-derived confidence,0.7885328173489026,1.0,1513,True,1412,1105,594,375,0.16117955881093743,0.8967,1246,27,0.30138797091870456,0.11918386434811498,3,False,True,False,False,0.8181818181818182,False,0.9725488487159009,74.23132848645076,582.5,0.04574805023132849,1513
unfiltered_random,unfiltered_random,GALM,A1c_no_protein_confidence,Retain direct protein; remove protein-derived confidence only,0.7885328173489026,1.0,1513,True,1412,1105,594,375,0.1600145658483505,0.8967,1252,27,0.29808327825512226,0.1191838643481149,3,False,True,False,False,0.8181818181818182,False,0.9884701080093776,48.59153998678123,221.0,0.03904699272967614,1513
unfiltered_random,unfiltered_random,GALM,A2_no_confidence,Remove the full confidence block; renormalise RNA/protein,0.7885328173489026,1.0,1513,True,1412,1105,594,375,0.18460528926046876,1.0,1272,27,0.2775941837409121,0.20479807385480941,321,False,True,False,False,0.6666666666666666,False,0.9788346838348937,67.82551222736285,259.5,0.04230251156642433,1513
unfiltered_random,unfiltered_random,GALM,A2a_no_conf_completeness,Remove completeness from confidence; renormalise retained components,0.7885328173489026,1.0,1513,True,1412,1105,594,375,0.1648675449814733,0.9097999999999999,1266,27,0.278916060806345,0.20853362488935773,338,False,True,False,True,1.0,True,0.9990790356092258,13.669530733641771,69.0,0.005210641110376734,1513
unfiltered_random,unfiltered_random,GALM,A2b_no_conf_source_support,Remove source support from confidence; renormalise retained components,0.7885328173489026,1.0,1513,True,1412,1105,594,375,0.16394353866088401,0.9099,1254,27,0.29345670852610706,0.19838403151799533,306,False,True,False,False,0.8181818181818182,True,0.9980144484201928,20.534038334434896,108.5,0.006944943820224719,1513
unfiltered_random,unfiltered_random,GALM,A2c_no_conf_consistency,Remove RNA-protein consistency; renormalise retained components,0.7885328173489026,1.0,1513,True,1412,1105,594,375,0.1651601767624867,0.9109,1265,27,0.2881692002643754,0.2195701519968709,6,False,True,False,True,1.0,True,0.9997124512411654,7.594183740912095,66.5,0.002754990085922009,1513
unfiltered_random,unfiltered_random,GALM,A3_equal_bio,Equal RNA/protein biological weights,0.7885328173489026,1.0,1513,True,1412,1105,594,375,0.16530481398748306,0.9079,1246,27,0.3040317250495704,0.2047980738548087,321,False,True,False,False,0.8181818181818182,True,0.9987995180308533,11.920687376074024,178.5,0.0033832782551222735,1513
unfiltered_random,unfiltered_random,GALM,A3b_reversed_bio,Protein biological weight greater than RNA,0.7885328173489026,1.0,1513,True,1412,1105,594,375,0.16645669395621823,0.9057000000000001,1252,27,0.29676140118968936,0.20479807385480878,321,False,True,False,False,0.6666666666666666,True,0.9950663142653685,23.953734302709847,392.5,0.006765499008592201,1513
unfiltered_random,unfiltered_random,GALM,A4_adaptive_trust,Team baseline plus gene-level adaptive RNA trust,0.7885328173489026,1.0,1513,True,1412,1105,594,375,0.16454480692770793,0.9102,1249,27,0.30006609385327165,0.2047980738548089,321,False,True,True,True,1.0,True,1.0,0.0,0.0,0.0,1513
unfiltered_random,unfiltered_random,GALM,A5_v3_structure,Flat v3 RNA/protein/consistency/completeness structure,0.7885328173489026,1.0,1513,True,1412,1105,594,375,0.1781462928162623,0.9291,1281,27,0.26437541308658297,0.2047980738548088,321,False,True,False,False,0.8181818181818182,True,0.9790649659180373,63.70191672174488,328.0,0.024933113020489093,1513
unfiltered_random,unfiltered_random,GALM,A6_v3_full,Flat v3 structure plus adaptive trust,0.7885328173489026,1.0,1513,True,1412,1105,594,375,0.1781462928162623,0.9291,1281,27,0.26437541308658297,0.2047980738548088,321,False,True,False,False,0.8181818181818182,True,0.9790649659180373,63.70191672174488,328.0,0.024933113020489093,1513
unfiltered_random,unfiltered_random,GLE1,B0_rna_mean,RNA-only mean ranking; no protein or confidence in final score,0.0292871863616231,0.3,1513,True,1412,1105,594,375,0.13532278132876663,1.0,1291,4,0.2795769993390615,0.11918386434811604,3,False,True,False,False,0.75,True,0.9348387802157954,93.24586913417052,919.0,0.030231923331130207,1513
unfiltered_random,unfiltered_random,GLE1,A0_team_baseline,"Team baseline: RNA .55, protein .30, confidence .15",0.0292871863616231,0.3,1513,True,1412,1105,594,375,0.11745914160438545,0.8500000000000001,1252,4,0.3238598810310641,0.19873593237505194,336,False,True,True,True,1.0,True,1.0,0.0,0.0,0.0,1513
unfiltered_random,unfiltered_random,GLE1,A1a_no_direct_protein,Remove direct protein; retain protein-derived confidence,0.0292871863616231,0.3,1513,True,1412,1105,594,375,0.12299796335126341,0.8638,1255,4,0.3198942498347654,0.19873593237505183,336,False,True,False,False,0.5384615384615384,False,0.9553643237064326,64.26437541308658,922.0,0.012829279576999338,1513
unfiltered_random,unfiltered_random,GLE1,A1b_no_protein_evidence,Remove direct protein and all protein-derived confidence,0.0292871863616231,0.3,1513,True,1412,1105,594,375,0.11972240807889892,0.8688,1263,4,0.30931923331130207,0.11918386434811616,3,False,True,False,False,0.8181818181818182,False,0.9471883314507918,76.57369464639788,917.0,0.05125994712491739,1513
unfiltered_random,unfiltered_random,GLE1,A1c_no_protein_confidence,Retain direct protein; remove protein-derived confidence only,0.0292871863616231,0.3,1513,True,1412,1105,594,375,0.11557863947027282,0.8688,1248,4,0.3271645736946464,0.11918386434811619,3,False,True,False,False,0.8181818181818182,False,0.9756893566854274,73.99339061467283,260.5,0.039312623925974885,1513
unfiltered_random,unfiltered_random,GLE1,A2_no_confidence,Remove the full confidence block; renormalise RNA/protein,0.0292871863616231,0.3,1513,True,1412,1105,594,375,0.1311482474721032,1.0,1286,4,0.2848645076007931,0.19873593237505266,336,False,True,False,False,0.8181818181818182,True,0.9564175382331026,100.31130204890945,300.0,0.02790634500991408,1513
unfiltered_random,unfiltered_random,GLE1,A2a_no_conf_completeness,Remove completeness from confidence; renormalise retained components,0.0292871863616231,0.3,1513,True,1412,1105,594,375,0.11845001171084042,0.8659,1253,6,0.317911434236616,0.1999301246728968,354,False,True,False,False,0.8181818181818182,False,0.9977521617936076,21.878387309980173,135.0,0.005603767349636483,1513
unfiltered_random,unfiltered_random,GLE1,A2b_no_conf_source_support,Remove source support from confidence; renormalise retained components,0.0292871863616231,0.3,1513,True,1412,1105,594,375,0.11576137776391097,0.8500000000000001,1266,4,0.29808327825512226,0.1888967109319637,324,False,True,False,False,0.8181818181818182,True,0.9960590966025442,28.325181758096498,119.0,0.007022868473231988,1513
unfiltered_random,unfiltered_random,GLE1,A2c_no_conf_consistency,Remove RNA-protein consistency; renormalise retained components,0.0292871863616231,0.3,1513,True,1412,1105,594,375,0.11867159672432202,0.8571,1248,4,0.3205551883674818,0.21957015199687183,6,False,True,False,True,1.0,False,0.9990469059203261,13.362855254461335,128.0,0.003257699933906147,1513
unfiltered_random,unfiltered_random,GLE1,A3_equal_bio,Equal RNA/protein biological weights,0.0292871863616231,0.3,1513,True,1412,1105,594,375,0.1176330982934218,0.8500000000000001,1254,4,0.3225380039656312,0.19873593237505197,336,False,True,False,False,0.8181818181818182,True,0.9916483045528784,29.528089887640448,335.0,0.0053456047587574365,1513
unfiltered_random,unfiltered_random,GLE1,A3b_reversed_bio,Protein biological weight greater than RNA,0.0292871863616231,0.3,1513,True,1412,1105,594,375,0.11928732059418098,0.8500000000000001,1242,4,0.33245208195637804,0.19873593237505208,336,False,True,False,False,0.5384615384615384,True,0.9707547144120289,56.95109054857898,599.0,0.010691539986781228,1513
unfiltered_random,unfiltered_random,GLE1,A4_adaptive_trust,Team baseline plus gene-level adaptive RNA trust,0.0292871863616231,0.3,1513,True,1412,1105,594,375,0.1226651324527,0.8554,1257,4,0.3159286186384666,0.19873593237505524,336,False,True,False,False,0.42857142857142855,False,0.9398202643656742,83.9477858559154,794.5,0.016464970257766026,1513
unfiltered_random,unfiltered_random,GLE1,A5_v3_structure,Flat v3 RNA/protein/consistency/completeness structure,0.0292871863616231,0.3,1513,True,1412,1105,594,375,0.12304108054997763,0.889,1244,4,0.3298083278255122,0.1987359323750517,336,False,True,False,False,0.8181818181818182,True,0.9817795594228659,57.70522141440846,343.5,0.016131658955717117,1513
unfiltered_random,unfiltered_random,GLE1,A6_v3_full,Flat v3 structure plus adaptive trust,0.0292871863616231,0.3,1513,True,1412,1105,594,375,0.126244718955468,0.889,1279,4,0.2881692002643754,0.19873593237505202,336,False,True,False,False,0.5384615384615384,True,0.9410345214607471,82.6827495042961,790.5,0.022704890945142102,1513
unfiltered_random,unfiltered_random,GPR137B,B0_rna_mean,RNA-only mean ranking; no protein or confidence in final score,,0.6,1513,False,1412,1105,594,0,0.16888787370020597,1.0,1274,5,0.2868473231989425,0.11918386434811498,3,False,True,False,False,0.8181818181818182,True,0.9962229885868171,27.668869795109053,89.0,0.028654263053536022,1513
unfiltered_random,unfiltered_random,GPR137B,A0_team_baseline,"Team baseline: RNA .55, protein .30, confidence .15",,0.6,1513,False,1412,1105,594,0,0.1427826432814735,0.8486,1260,6,0.310641110376735,0.06704247159647908,3,False,True,True,True,1.0,True,1.0,0.0,0.0,0.0,1513
unfiltered_random,unfiltered_random,GPR137B,A1a_no_direct_protein,Remove direct protein; retain protein-derived confidence,,0.6,1513,False,1412,1105,594,0,0.1427826432814735,0.8486,1260,6,0.310641110376735,0.06704247159647908,3,False,True,True,True,1.0,True,1.0,0.0,0.0,0.0,1513
unfiltered_random,unfiltered_random,GPR137B,A1b_no_protein_evidence,Remove direct protein and all protein-derived confidence,,0.6,1513,False,1412,1105,594,0,0.14266951178731158,0.8501000000000001,1255,5,0.30601454064771977,0.11918386434811522,3,False,True,False,False,0.8181818181818182,True,0.9977834435291106,21.276933245208195,68.5,0.05223734302709848,1513
unfiltered_random,unfiltered_random,GPR137B,A1c_no_protein_confidence,Retain direct protein; remove protein-derived confidence only,,0.6,1513,False,1412,1105,594,0,0.14266951178731158,0.8501000000000001,1255,5,0.30601454064771977,0.11918386434811522,3,False,True,False,False,0.8181818181818182,True,0.9977834435291106,21.276933245208195,68.5,0.05223734302709848,1513
unfiltered_random,unfiltered_random,GPR137B,A2_no_confidence,Remove the full confidence block; renormalise RNA/protein,,0.6,1513,False,1412,1105,594,0,0.16888787370020597,1.0,1274,5,0.2868473231989425,0.06704247159647841,3,False,True,False,False,0.8181818181818182,True,0.9962229885868171,27.668869795109053,89.0,0.028654263053536022,1513
unfiltered_random,unfiltered_random,GPR137B,A2a_no_conf_completeness,Remove completeness from confidence; renormalise retained components,,0.6,1513,False,1412,1105,594,0,0.14265970168662148,0.8486,1262,5,0.3073364177131527,0.11171191267161884,3,False,True,False,False,0.8181818181818182,True,0.9983516127804697,18.351619299405154,59.5,0.0051653668208856566,1513
unfiltered_random,unfiltered_random,GPR137B,A2b_no_conf_source_support,Remove source support from confidence; renormalise retained components,,0.6,1513,False,1412,1105,594,0,0.14355417948244906,0.8500000000000001,1245,5,0.3238598810310641,0.0,1,True,True,False,False,0.8181818181818182,True,0.9962235021198067,27.668869795109053,89.0,0.007747257105089227,1513
unfiltered_random,unfiltered_random,GPR137B,A2c_no_conf_consistency,Remove RNA-protein consistency; renormalise retained components,,0.6,1513,False,1412,1105,594,0,0.14268206015080434,0.8486,1245,5,0.3225380039656312,0.08941550211781862,3,False,True,False,True,1.0,True,0.9995693887143655,9.37871777924653,37.0,0.0025815598149372112,1513
unfiltered_random,unfiltered_random,GPR137B,A3_equal_bio,Equal RNA/protein biological weights,,0.6,1513,False,1412,1105,594,0,0.1427826432814735,0.8486,1260,6,0.310641110376735,0.06704247159647908,3,False,True,True,True,1.0,True,1.0,0.0,0.0,0.0,1513
unfiltered_random,unfiltered_random,GPR137B,A3b_reversed_bio,Protein biological weight greater than RNA,,0.6,1513,False,1412,1105,594,0,0.1427826432814735,0.8486,1260,6,0.310641110376735,0.06704247159647908,3,False,True,True,True,1.0,True,1.0,0.0,0.0,0.0,1513
unfiltered_random,unfiltered_random,GPR137B,A4_adaptive_trust,Team baseline plus gene-level adaptive RNA trust,,0.6,1513,False,1412,1105,594,0,0.1427826432814735,0.8486,1260,6,0.310641110376735,0.06704247159647908,3,False,True,True,True,1.0,True,1.0,0.0,0.0,0.0,1513
unfiltered_random,unfiltered_random,GPR137B,A5_v3_structure,Flat v3 RNA/protein/consistency/completeness structure,,0.6,1513,False,1412,1105,594,0,0.15013936488046542,0.889,1257,5,0.3040317250495704,0.06704247159647841,3,False,True,False,False,0.8181818181818182,True,0.9962269131114796,27.659616655651025,89.0,0.011582617316589557,1513
unfiltered_random,unfiltered_random,GPR137B,A6_v3_full,Flat v3 structure plus adaptive trust,,0.6,1513,False,1412,1105,594,0,0.15013936488046542,0.889,1257,5,0.3040317250495704,0.06704247159647841,3,False,True,False,False,0.8181818181818182,True,0.9962269131114796,27.659616655651025,89.0,0.011582617316589557,1513
unfiltered_random,unfiltered_random,GPR89B,B0_rna_mean,RNA-only mean ranking; no protein or confidence in final score,0.3081785569465227,0.4628999594502635,1476,True,1412,1105,0,375,0.12228222969562609,1.0,1209,5,0.3313008130081301,0.07089474244752308,2,False,False,False,False,0.6666666666666666,True,0.8955543272785281,143.22967479674796,786.0,0.03367323848238483,1476
unfiltered_random,unfiltered_random,GPR89B,A0_team_baseline,"Team baseline: RNA .55, protein .30, confidence .15",0.3081785569465227,0.4628999594502635,1478,True,1412,1105,0,375,0.1100960387420655,0.8500000000000001,1203,5,0.34303112313937756,0.18311493307657348,298,False,True,True,True,1.0,True,0.9999999999999999,0.0,0.0,0.0,1478
unfiltered_random,unfiltered_random,GPR89B,A1a_no_direct_protein,Remove direct protein; retain protein-derived confidence,0.3081785569465227,0.4628999594502635,1476,True,1412,1105,0,375,0.10797964096372212,0.8601000000000001,1188,4,0.36314363143631434,0.18314743935236738,298,False,False,False,False,0.6666666666666666,False,0.9679775844284416,59.38075880758807,830.5,0.010253929539295391,1476
unfiltered_random,unfiltered_random,GPR89B,A1b_no_protein_evidence,Remove direct protein and all protein-derived confidence,0.3081785569465227,0.4628999594502635,1476,True,1412,1105,0,375,0.10508471395570178,0.8500000000000001,1209,4,0.3333333333333333,0.07089474244752347,2,False,False,False,False,0.6666666666666666,True,0.9098626064146913,131.26761517615176,764.0,0.04664823848238483,1476
unfiltered_random,unfiltered_random,GPR89B,A1c_no_protein_confidence,Retain direct protein; remove protein-derived confidence only,0.3081785569465227,0.4628999594502635,1478,True,1412,1105,0,375,0.10487120233043394,0.8500000000000001,1209,4,0.3349120433017591,0.07668794734412572,3,False,True,False,False,0.6666666666666666,True,0.9702522667196724,80.64005412719892,428.0,0.03714059539918809,1478
unfiltered_random,unfiltered_random,GPR89B,A2_no_confidence,Remove the full confidence block; renormalise RNA/protein,0.3081785569465227,0.4628999594502635,1478,True,1412,1105,0,375,0.12188688746824435,1.0,1221,6,0.3166441136671177,0.18311493307657317,298,False,True,False,False,0.6666666666666666,True,0.9605244691112371,93.24289580514208,296.0,0.024919688768606223,1478
unfiltered_random,unfiltered_random,GPR89B,A2a_no_conf_completeness,Remove completeness from confidence; renormalise retained components,0.3081785569465227,0.4628999594502635,1478,True,1412,1105,0,375,0.10937337432348046,0.85,1186,4,0.3606224627875507,0.1666971718845351,324,False,True,False,False,0.8181818181818182,True,0.9984359404256798,20.205683355886332,94.5,0.005648376184032475,1478
unfiltered_random,unfiltered_random,GPR89B,A2b_no_conf_source_support,Remove source support from confidence; renormalise retained components,0.3081785569465227,0.4628999594502635,1478,True,1412,1105,0,375,0.11051808751200781,0.8500000000000001,1195,5,0.35385656292286877,0.19560005956724588,319,False,True,False,False,0.8181818181818182,True,0.9980674251078008,23.14005412719892,110.0,0.006503044654939109,1478
unfiltered_random,unfiltered_random,GPR89B,A2c_no_conf_consistency,Remove RNA-protein consistency; renormalise retained components,0.3081785569465227,0.4628999594502635,1478,True,1412,1105,0,375,0.11059991309775793,0.85,1185,4,0.36129905277401897,0.19217049084657656,4,False,True,False,True,1.0,True,0.9995990805436263,8.577807848443843,66.0,0.002059675236806495,1478
unfiltered_random,unfiltered_random,GPR89B,A3_equal_bio,Equal RNA/protein biological weights,0.3081785569465227,0.4628999594502635,1478,True,1412,1105,0,375,0.1124734311600373,0.8500000000000001,1207,5,0.3376184032476319,0.1831149330765736,298,False,True,False,True,1.0,True,0.9954547345420693,20.910690121786196,262.0,0.004266170500676591,1478
unfiltered_random,unfiltered_random,GPR89B,A3b_reversed_bio,Protein biological weight greater than RNA,0.3081785569465227,0.4628999594502635,1478,True,1412,1105,0,375,0.11572820765140529,0.8500000000000001,1196,4,0.34776725304465494,0.18311493307657364,298,False,True,False,False,0.6666666666666666,True,0.9840837835299101,39.216508795669824,484.5,0.008532611637347767,1478
unfiltered_random,unfiltered_random,GPR89B,A4_adaptive_trust,Team baseline plus gene-level adaptive RNA trust,0.3081785569465227,0.4628999594502635,1478,True,1412,1105,0,375,0.11711455684743648,0.8500000000000001,1218,4,0.3267929634641407,0.18311493307657353,298,False,True,False,False,0.6666666666666666,True,0.9787738975518038,45.17117726657646,579.0,0.010082273342354535,1478
unfiltered_random,unfiltered_random,GPR89B,A5_v3_structure,Flat v3 RNA/protein/consistency/completeness structure,0.3081785569465227,0.4628999594502635,1478,True,1412,1105,0,375,0.12075043632261369,0.889,1211,5,0.3301759133964817,0.1831149330765737,298,False,True,False,False,0.5384615384615384,True,0.9675530720995039,69.49594046008119,1301.0,0.02034445196211096,1478
unfiltered_random,unfiltered_random,GPR89B,A6_v3_full,Flat v3 structure plus adaptive trust,0.3081785569465227,0.4628999594502635,1478,True,1412,1105,0,375,0.12673736691161042,0.889,1231,5,0.30581867388362655,0.1831149330765737,298,False,True,False,False,0.5384615384615384,True,0.9529155451229216,86.98240866035182,773.0,0.025957916102841677,1478
unfiltered_random,unfiltered_random,HCRT,B0_rna_mean,RNA-only mean ranking; no protein or confidence in final score,,0.6,1513,False,1412,1105,594,0,0.048799822948531205,1.0,471,394,0.8050231328486451,0.11918386434811579,3,False,True,False,False,0.8181818181818182,True,0.6882500259575275,261.6536682088566,793.0,0.06739048248512888,1513
unfiltered_random,unfiltered_random,HCRT,A0_team_baseline,"Team baseline: RNA .55, protein .30, confidence .15",,0.6,1513,False,1412,1105,594,0,0.04305180077282911,0.8631000000000001,439,394,0.8301387970918704,0.06704247159647965,3,False,True,True,True,1.0,True,1.0,0.0,0.0,0.0,1513
unfiltered_random,unfiltered_random,HCRT,A1a_no_direct_protein,Remove direct protein; retain protein-derived confidence,,0.6,1513,False,1412,1105,594,0,0.04305180077282911,0.8631000000000001,439,394,0.8301387970918704,0.06704247159647965,3,False,True,True,True,1.0,True,1.0,0.0,0.0,0.0,1513
unfiltered_random,unfiltered_random,HCRT,A1b_no_protein_evidence,Remove direct protein and all protein-derived confidence,,0.6,1513,False,1412,1105,594,0,0.045783377857983205,0.8734,459,394,0.8175809649702578,0.11918386434811677,3,False,True,False,True,1.0,True,0.9769165015264231,44.59682749504296,523.5,0.05225816259087904,1513
unfiltered_random,unfiltered_random,HCRT,A1c_no_protein_confidence,Retain direct protein; remove protein-derived confidence only,,0.6,1513,False,1412,1105,594,0,0.045783377857983205,0.8734,459,394,0.8175809649702578,0.11918386434811677,3,False,True,False,True,1.0,True,0.9769165015264231,44.59682749504296,523.5,0.05225816259087904,1513
unfiltered_random,unfiltered_random,HCRT,A2_no_confidence,Remove the full confidence block; renormalise RNA/protein,,0.6,1513,False,1412,1105,594,0,0.048799822948531205,1.0,471,394,0.8050231328486451,0.06704247159647779,3,False,True,False,False,0.8181818181818182,True,0.6882500259575275,261.6536682088566,793.0,0.06739048248512888,1513
unfiltered_random,unfiltered_random,HCRT,A2a_no_conf_completeness,Remove completeness from confidence; renormalise retained components,,0.6,1513,False,1412,1105,594,0,0.04533565706484116,0.8719,457,394,0.8096497025776602,0.11171191267161873,3,False,True,False,True,1.0,True,0.9811715812184396,38.99008592200925,482.5,0.005172042300066094,1513
unfiltered_random,unfiltered_random,HCRT,A2b_no_conf_source_support,Remove source support from confidence; renormalise retained components,,0.6,1513,False,1412,1105,594,0,0.04147664200693474,0.8500000000000001,443,397,0.8274950429610046,0.0,1,True,True,False,False,0.8181818181818182,True,0.6876515003607488,261.60079312623924,793.0,0.007743027098479841,1513
unfiltered_random,unfiltered_random,HCRT,A2c_no_conf_consistency,Remove RNA-protein consistency; renormalise retained components,,0.6,1513,False,1412,1105,594,0,0.04408147043027072,0.8675,446,394,0.8235294117647058,0.08941550211781804,3,False,True,False,True,1.0,True,0.9912526346491211,23.34500991407799,428.0,0.0025857898215465966,1513
unfiltered_random,unfiltered_random,HCRT,A3_equal_bio,Equal RNA/protein biological weights,,0.6,1513,False,1412,1105,594,0,0.04305180077282911,0.8631000000000001,439,394,0.8301387970918704,0.06704247159647965,3,False,True,True,True,1.0,True,1.0,0.0,0.0,0.0,1513
unfiltered_random,unfiltered_random,HCRT,A3b_reversed_bio,Protein biological weight greater than RNA,,0.6,1513,False,1412,1105,594,0,0.04305180077282911,0.8631000000000001,439,394,0.8301387970918704,0.06704247159647965,3,False,True,True,True,1.0,True,1.0,0.0,0.0,0.0,1513
unfiltered_random,unfiltered_random,HCRT,A4_adaptive_trust,Team baseline plus gene-level adaptive RNA trust,,0.6,1513,False,1412,1105,594,0,0.04305180077282911,0.8631000000000001,439,394,0.8301387970918704,0.06704247159647965,3,False,True,True,True,1.0,True,1.0,0.0,0.0,0.0,1513
unfiltered_random,unfiltered_random,HCRT,A5_v3_structure,Flat v3 RNA/protein/consistency/completeness structure,,0.6,1513,False,1412,1105,594,0,0.04337469663365032,0.889,450,397,0.814937210839392,0.06704247159647779,3,False,True,False,False,0.8181818181818182,True,0.6870588884448797,261.89821546596164,792.5,0.01807660277594184,1513
unfiltered_random,unfiltered_random,HCRT,A6_v3_full,Flat v3 structure plus adaptive trust,,0.6,1513,False,1412,1105,594,0,0.04337469663365032,0.889,450,397,0.814937210839392,0.06704247159647779,3,False,True,False,False,0.8181818181818182,True,0.6870588884448797,261.89821546596164,792.5,0.01807660277594184,1513
unfiltered_random,unfiltered_random,IGFL4,B0_rna_mean,RNA-only mean ranking; no protein or confidence in final score,,0.6,1476,False,1412,1105,0,0,0.10065775928411151,1.0,841,155,0.5840108401084011,0.07089474244752442,2,False,True,False,True,1.0,True,0.9850272615874699,46.72764227642276,253.0,0.030024864498644985,1476
unfiltered_random,unfiltered_random,IGFL4,A0_team_baseline,"Team baseline: RNA .55, protein .30, confidence .15",,0.6,1476,False,1412,1105,0,0,0.08647062038648842,0.8500000000000001,815,156,0.6111111111111112,0.03989253996243262,2,False,True,True,True,1.0,True,1.0,0.0,0.0,0.0,1476
unfiltered_random,unfiltered_random,IGFL4,A1a_no_direct_protein,Remove direct protein; retain protein-derived confidence,,0.6,1476,False,1412,1105,0,0,0.08647062038648842,0.8500000000000001,815,156,0.6111111111111112,0.03989253996243262,2,False,True,True,True,1.0,True,1.0,0.0,0.0,0.0,1476
unfiltered_random,unfiltered_random,IGFL4,A1b_no_protein_evidence,Remove direct protein and all protein-derived confidence,,0.6,1476,False,1412,1105,0,0,0.08745152209176203,0.8500000000000001,815,155,0.6104336043360433,0.07089474244752353,2,False,True,False,True,1.0,True,0.9916239535205889,32.74525745257453,239.5,0.04866382113821139,1476
unfiltered_random,unfiltered_random,IGFL4,A1c_no_protein_confidence,Retain direct protein; remove protein-derived confidence only,,0.6,1476,False,1412,1105,0,0,0.08745152209176203,0.8500000000000001,815,155,0.6104336043360433,0.07089474244752353,2,False,True,False,True,1.0,True,0.9916239535205889,32.74525745257453,239.5,0.04866382113821139,1476
unfiltered_random,unfiltered_random,IGFL4,A2_no_confidence,Remove the full confidence block; renormalise RNA/protein,,0.6,1476,False,1412,1105,0,0,0.10065775928411151,1.0,841,155,0.5840108401084011,0.03989253996243347,2,False,True,False,True,1.0,True,0.9850272615874699,46.72764227642276,253.0,0.030024864498644985,1476
unfiltered_random,unfiltered_random,IGFL4,A2a_no_conf_completeness,Remove completeness from confidence; renormalise retained components,,0.6,1476,False,1412,1105,0,0,0.08729535275011777,0.85,817,158,0.6124661246612466,0.06647236944597379,2,False,True,False,True,1.0,True,0.9935463661220244,27.913279132791327,231.0,0.002571273712737125,1476
unfiltered_random,unfiltered_random,IGFL4,A2b_no_conf_source_support,Remove source support from confidence; renormalise retained components,,0.6,1476,False,1412,1105,0,0,0.08555783804006918,0.8500000000000001,819,155,0.6063685636856369,0.0,1,True,True,False,True,1.0,True,0.9850283385457327,46.737127371273715,253.0,0.0038763550135501408,1476
unfiltered_random,unfiltered_random,IGFL4,A2c_no_conf_consistency,Remove RNA-protein consistency; renormalise retained components,,0.6,1476,False,1412,1105,0,0,0.08685869470974372,0.85,818,155,0.6090785907859079,0.05320525044132467,2,False,True,False,True,1.0,True,0.9978216676945043,13.785907859078591,204.0,0.0012811653116531136,1476
unfiltered_random,unfiltered_random,IGFL4,A3_equal_bio,Equal RNA/protein biological weights,,0.6,1476,False,1412,1105,0,0,0.08647062038648842,0.8500000000000001,815,156,0.6111111111111112,0.03989253996243262,2,False,True,True,True,1.0,True,1.0,0.0,0.0,0.0,1476
unfiltered_random,unfiltered_random,IGFL4,A3b_reversed_bio,Protein biological weight greater than RNA,,0.6,1476,False,1412,1105,0,0,0.08647062038648842,0.8500000000000001,815,156,0.6111111111111112,0.03989253996243262,2,False,True,True,True,1.0,True,1.0,0.0,0.0,0.0,1476
unfiltered_random,unfiltered_random,IGFL4,A4_adaptive_trust,Team baseline plus gene-level adaptive RNA trust,,0.6,1476,False,1412,1105,0,0,0.08647062038648842,0.8500000000000001,815,156,0.6111111111111112,0.03989253996243262,2,False,True,True,True,1.0,True,1.0,0.0,0.0,0.0,1476
unfiltered_random,unfiltered_random,IGFL4,A5_v3_structure,Flat v3 RNA/protein/consistency/completeness structure,,0.6,1476,False,1412,1105,0,0,0.08948729654778634,0.889,813,155,0.6124661246612466,0.03989253996243347,2,False,True,False,True,1.0,True,0.9850291193857914,46.736449864498645,253.0,0.007185094850948514,1476
unfiltered_random,unfiltered_random,IGFL4,A6_v3_full,Flat v3 structure plus adaptive trust,,0.6,1476,False,1412,1105,0,0,0.08948729654778634,0.889,813,155,0.6124661246612466,0.03989253996243347,2,False,True,False,True,1.0,True,0.9850291193857914,46.736449864498645,253.0,0.007185094850948514,1476
unfiltered_random,unfiltered_random,ISCA1P1,B0_rna_mean,RNA-only mean ranking; no protein or confidence in final score,,0.6,1412,False,1412,0,0,0,0.18490239273267634,1.0,341,70,0.9348441926345609,8.770761894538737e-15,1,True,True,True,True,1.0,True,1.0,0.0,0.0,0.02354759206798867,1412
unfiltered_random,unfiltered_random,ISCA1P1,A0_team_baseline,"Team baseline: RNA .55, protein .30, confidence .15",,0.6,1412,False,1412,0,0,0,0.15716687857065204,0.8500000000000001,341,70,0.9348441926345609,1.099120794378905e-14,1,True,True,True,True,1.0,True,1.0,0.0,0.0,0.0,1412
unfiltered_random,unfiltered_random,ISCA1P1,A1a_no_direct_protein,Remove direct protein; retain protein-derived confidence,,0.6,1412,False,1412,0,0,0,0.15716687857065204,0.8500000000000001,341,70,0.9348441926345609,1.099120794378905e-14,1,True,True,True,True,1.0,True,1.0,0.0,0.0,0.0,1412
unfiltered_random,unfiltered_random,ISCA1P1,A1b_no_protein_evidence,Remove direct protein and all protein-derived confidence,,0.6,1412,False,1412,0,0,0,0.15716938705562022,0.8500000000000001,341,70,0.9348441926345609,8.770761894538737e-15,1,True,True,True,True,1.0,True,1.0,0.0,0.0,0.04145842776203966,1412
unfiltered_random,unfiltered_random,ISCA1P1,A1c_no_protein_confidence,Retain direct protein; remove protein-derived confidence only,,0.6,1412,False,1412,0,0,0,0.15716938705562022,0.8500000000000001,341,70,0.9348441926345609,8.770761894538737e-15,1,True,True,True,True,1.0,True,1.0,0.0,0.0,0.04145842776203966,1412
unfiltered_random,unfiltered_random,ISCA1P1,A2_no_confidence,Remove the full confidence block; renormalise RNA/protein,,0.6,1412,False,1412,0,0,0,0.18490239273267634,1.0,341,70,0.9348441926345609,1.099120794378905e-14,1,True,True,True,True,1.0,True,1.0,0.0,0.0,0.02354759206798867,1412
unfiltered_random,unfiltered_random,ISCA1P1,A2a_no_conf_completeness,Remove completeness from confidence; renormalise retained components,,0.6,1412,False,1412,0,0,0,0.15717005121501856,0.85,341,70,0.9348441926345609,5.6066262743570405e-15,1,True,True,True,True,1.0,True,1.0,0.0,0.0,0.008751841359773369,1412
unfiltered_random,unfiltered_random,ISCA1P1,A2b_no_conf_source_support,Remove source support from confidence; renormalise retained components,,0.6,1412,False,1412,0,0,0,0.15717065658693546,0.8500000000000001,341,70,0.9348441926345609,0.0,1,True,True,True,True,1.0,True,1.0,0.0,0.0,0.013123796033994333,1412
unfiltered_random,unfiltered_random,ISCA1P1,A2c_no_conf_consistency,Remove RNA-protein consistency; renormalise retained components,,0.6,1412,False,1412,0,0,0,0.15717065658693552,0.85,341,70,0.9348441926345609,5.828670879282072e-15,1,True,True,True,True,1.0,True,1.0,0.0,0.0,0.004376203966005663,1412
unfiltered_random,unfiltered_random,ISCA1P1,A3_equal_bio,Equal RNA/protein biological weights,,0.6,1412,False,1412,0,0,0,0.15716687857065204,0.8500000000000001,341,70,0.9348441926345609,1.099120794378905e-14,1,True,True,True,True,1.0,True,1.0,0.0,0.0,0.0,1412
unfiltered_random,unfiltered_random,ISCA1P1,A3b_reversed_bio,Protein biological weight greater than RNA,,0.6,1412,False,1412,0,0,0,0.15716687857065204,0.8500000000000001,341,70,0.9348441926345609,1.099120794378905e-14,1,True,True,True,True,1.0,True,1.0,0.0,0.0,0.0,1412
unfiltered_random,unfiltered_random,ISCA1P1,A4_adaptive_trust,Team baseline plus gene-level adaptive RNA trust,,0.6,1412,False,1412,0,0,0,0.15716687857065204,0.8500000000000001,341,70,0.9348441926345609,1.099120794378905e-14,1,True,True,True,True,1.0,True,1.0,0.0,0.0,0.0,1412
unfiltered_random,unfiltered_random,ISCA1P1,A5_v3_structure,Flat v3 RNA/protein/consistency/completeness structure,,0.6,1412,False,1412,0,0,0,0.1643801313676061,0.889,341,70,0.9348441926345609,1.099120794378905e-14,1,True,True,True,True,1.0,True,1.0,0.0,0.0,0.008469546742209632,1412
unfiltered_random,unfiltered_random,ISCA1P1,A6_v3_full,Flat v3 structure plus adaptive trust,,0.6,1412,False,1412,0,0,0,0.1643801313676061,0.889,341,70,0.9348441926345609,1.099120794378905e-14,1,True,True,True,True,1.0,True,1.0,0.0,0.0,0.008469546742209632,1412
unfiltered_random,unfiltered_random,KDM2B,B0_rna_mean,RNA-only mean ranking; no protein or confidence in final score,0.3409115969459684,0.5545524714487116,1513,True,1412,1105,594,330,0.12657062483590079,1.0,1248,5,0.3185723727693325,0.1191838643481162,3,False,True,False,True,1.0,False,0.9172238255437196,117.86582947785855,1044.0,0.03262465300727032,1513
unfiltered_random,unfiltered_random,KDM2B,A0_team_baseline,"Team baseline: RNA .55, protein .30, confidence .15",0.3409115969459684,0.5545524714487116,1513,True,1412,1105,594,330,0.11428997530906713,0.8732000000000001,1253,4,0.3185723727693325,0.1971814296699662,275,False,True,True,True,1.0,True,0.9999999999999999,0.0,0.0,0.0,1513
unfiltered_random,unfiltered_random,KDM2B,A1a_no_direct_protein,Remove direct protein; retain protein-derived confidence,0.3409115969459684,0.5545524714487116,1513,True,1412,1105,594,330,0.11396543732764101,0.9098,1229,4,0.3489755452742895,0.1971814296699663,275,False,True,False,True,1.0,True,0.9828234183589363,34.1526768010575,774.5,0.00700964970257766,1513
unfiltered_random,unfiltered_random,KDM2B,A1b_no_protein_evidence,Remove direct protein and all protein-derived confidence,0.3409115969459684,0.5545524714487116,1513,True,1412,1105,594,330,0.11273557682456295,0.873,1242,4,0.32650363516192993,0.11918386434811566,3,False,True,False,True,1.0,True,0.9459073837336964,90.96034368803701,900.0,0.04643119629874422,1513
unfiltered_random,unfiltered_random,KDM2B,A1c_no_protein_confidence,Retain direct protein; remove protein-derived confidence only,0.3409115969459684,0.5545524714487116,1513,True,1412,1105,594,330,0.11245464132245106,0.867,1235,4,0.33509583608724386,0.11918386434811568,3,False,True,False,True,1.0,False,0.9752746849334044,70.78122934567085,311.0,0.04057759418374091,1513
unfiltered_random,unfiltered_random,KDM2B,A2_no_confidence,Remove the full confidence block; renormalise RNA/protein,0.3409115969459684,0.5545524714487116,1513,True,1412,1105,594,330,0.12584329931453406,1.0,1246,5,0.3205551883674818,0.19718142966996746,275,False,True,False,True,1.0,False,0.9542566803794422,97.00066093853272,396.0,0.029476999339061463,1513
unfiltered_random,unfiltered_random,KDM2B,A2a_no_conf_completeness,Remove completeness from confidence; renormalise retained components,0.3409115969459684,0.5545524714487116,1513,True,1412,1105,594,330,0.11567450287017529,0.879,1246,4,0.32650363516192993,0.2025839601713523,298,False,True,False,True,1.0,True,0.9980263525009866,20.232650363516193,89.5,0.005100066093853269,1513
unfiltered_random,unfiltered_random,KDM2B,A2b_no_conf_source_support,Remove source support from confidence; renormalise retained components,0.3409115969459684,0.5545524714487116,1513,True,1412,1105,594,330,0.11200327744878341,0.8577,1234,4,0.33972240581625907,0.19014202901065938,274,False,True,False,True,1.0,True,0.9958010849399342,28.644415069398544,126.5,0.006931592861863846,1513
unfiltered_random,unfiltered_random,KDM2B,A2c_no_conf_consistency,Remove RNA-protein consistency; renormalise retained components,0.3409115969459684,0.5545524714487116,1513,True,1412,1105,594,330,0.11565537901167072,0.8822,1252,4,0.3225380039656312,0.21176485095874462,6,False,True,False,True,1.0,True,0.999446218864979,10.631857237276932,69.0,0.0027134170522141437,1513
unfiltered_random,unfiltered_random,KDM2B,A3_equal_bio,Equal RNA/protein biological weights,0.3409115969459684,0.5545524714487116,1513,True,1412,1105,594,330,0.11539299366832978,0.8580000000000001,1244,4,0.33245208195637804,0.19718142966996619,275,False,True,False,True,1.0,True,0.997916338939072,12.998678122934567,246.5,0.002921348314606742,1513
unfiltered_random,unfiltered_random,KDM2B,A3b_reversed_bio,Protein biological weight greater than RNA,0.3409115969459684,0.5545524714487116,1513,True,1412,1105,594,330,0.11704504324464975,0.8567,1251,4,0.3245208195637806,0.1971814296699662,275,False,True,False,True,1.0,False,0.9925671195767513,25.07666886979511,474.0,0.005841771315267681,1513
unfiltered_random,unfiltered_random,KDM2B,A4_adaptive_trust,Team baseline plus gene-level adaptive RNA trust,0.3409115969459684,0.5545524714487116,1513,True,1412,1105,594,330,0.11696915714384079,0.8567,1251,4,0.32319894249834763,0.1971814296699662,275,False,True,False,True,1.0,False,0.9928392695699397,24.614672835426305,462.5,0.005725181758096497,1513
unfiltered_random,unfiltered_random,KDM2B,A5_v3_structure,Flat v3 RNA/protein/consistency/completeness structure,0.3409115969459684,0.5545524714487116,1513,True,1412,1105,594,330,0.12435643631800275,0.889,1265,4,0.3099801718440185,0.19718142966996555,275,False,True,False,True,1.0,False,0.9737085842621109,70.85261070720424,554.5,0.01967270323859881,1513
unfiltered_random,unfiltered_random,KDM2B,A6_v3_full,Flat v3 structure plus adaptive trust,0.3409115969459684,0.5545524714487116,1513,True,1412,1105,594,330,0.12659438046943067,0.889,1276,4,0.29411764705882354,0.1971814296699655,275,False,True,False,False,0.8181818181818182,False,0.9705566837513919,74.87904824851289,556.0,0.0215265697290152,1513
unfiltered_random,unfiltered_random,KIAA1958,B0_rna_mean,RNA-only mean ranking; no protein or confidence in final score,0.7041860659159545,1.0,1513,True,1412,1105,594,44,0.16003135566994947,1.0,1251,6,0.3086582947785856,0.1191838643481162,3,False,True,False,True,1.0,True,0.9928911075594754,31.582947785855914,629.0,0.02866754791804362,1513
unfiltered_random,unfiltered_random,KIAA1958,A0_team_baseline,"Team baseline: RNA .55, protein .30, confidence .15",0.7041860659159545,1.0,1513,True,1412,1105,594,44,0.13913782313004006,0.9234,1240,6,0.3205551883674818,0.09940411707034626,47,False,True,True,True,1.0,True,1.0,0.0,0.0,0.0,1513
unfiltered_random,unfiltered_random,KIAA1958,A1a_no_direct_protein,Remove direct protein; retain protein-derived confidence,0.7041860659159545,1.0,1513,True,1412,1105,594,44,0.139311316692483,0.9234,1236,6,0.3238598810310641,0.09940411707034623,47,False,True,False,False,0.8181818181818182,True,0.998527022127562,4.268341044282882,383.0,0.001007799074686054,1513
unfiltered_random,unfiltered_random,KIAA1958,A1b_no_protein_evidence,Remove direct protein and all protein-derived confidence,0.7041860659159545,1.0,1513,True,1412,1105,594,44,0.14026413333780244,0.8718,1219,6,0.33575677461996034,0.1191838643481166,3,False,True,False,True,1.0,True,0.9951428167135785,24.15135492399207,537.0,0.05155809649702578,1513
unfiltered_random,unfiltered_random,KIAA1958,A1c_no_protein_confidence,Retain direct protein; remove protein-derived confidence only,0.7041860659159545,1.0,1513,True,1412,1105,594,44,0.14012592827674322,0.8718,1218,6,0.33773959021810973,0.1191838643481166,3,False,True,False,True,1.0,True,0.9964120377136388,23.602115003304693,244.0,0.05068056840713813,1513
unfiltered_random,unfiltered_random,KIAA1958,A2_no_confidence,Remove the full confidence block; renormalise RNA/protein,0.7041860659159545,1.0,1513,True,1412,1105,594,44,0.15988421786325294,1.0,1256,6,0.30204890945142104,0.09940411707034634,47,False,True,False,True,1.0,True,0.9940148372583907,31.66424322538004,292.0,0.028727891606080636,1513
unfiltered_random,unfiltered_random,KIAA1958,A2a_no_conf_completeness,Remove completeness from confidence; renormalise retained components,0.7041860659159545,1.0,1513,True,1412,1105,594,44,0.14071504353606945,0.9234,1227,6,0.33840052875082616,0.1295198252520833,47,False,True,False,True,1.0,True,0.998751118608207,17.122273628552545,61.0,0.005154791804362194,1513
unfiltered_random,unfiltered_random,KIAA1958,A2b_no_conf_source_support,Remove source support from confidence; renormalise retained components,0.7041860659159545,1.0,1513,True,1412,1105,594,44,0.1372310498600427,0.925,1223,6,0.33840052875082616,0.07673665717036883,44,False,True,False,True,1.0,True,0.9971893950626913,25.558493060145405,74.5,0.007635029742233972,1513
unfiltered_random,unfiltered_random,KIAA1958,A2c_no_conf_consistency,Remove RNA-protein consistency; renormalise retained components,0.7041860659159545,1.0,1513,True,1412,1105,594,44,0.13998917490846366,0.9234,1214,6,0.3516192994051553,0.11735067266147452,5,False,True,False,True,1.0,True,0.9996698734499306,8.779907468605419,49.0,0.0026006609385327163,1513
unfiltered_random,unfiltered_random,KIAA1958,A3_equal_bio,Equal RNA/protein biological weights,0.7041860659159545,1.0,1513,True,1412,1105,594,44,0.13917664819535094,0.9234,1238,6,0.3218770654329147,0.09940411707034624,47,False,True,False,True,1.0,True,0.9997365809661811,1.9266358228684732,160.0,0.0004200264375413089,1513
unfiltered_random,unfiltered_random,KIAA1958,A3b_reversed_bio,Protein biological weight greater than RNA,0.7041860659159545,1.0,1513,True,1412,1105,594,44,0.1392797115152733,0.9234,1237,6,0.32319894249834763,0.09940411707034624,47,False,True,False,True,1.0,True,0.998977408235632,3.576338400528751,322.0,0.0008398545935228023,1513
unfiltered_random,unfiltered_random,KIAA1958,A4_adaptive_trust,Team baseline plus gene-level adaptive RNA trust,0.7041860659159545,1.0,1513,True,1412,1105,594,44,0.13913782313004006,0.9234,1240,6,0.3205551883674818,0.09940411707034626,47,False,True,True,True,1.0,True,1.0,0.0,0.0,0.0,1513
unfiltered_random,unfiltered_random,KIAA1958,A5_v3_structure,Flat v3 RNA/protein/consistency/completeness structure,0.7041860659159545,1.0,1513,True,1412,1105,594,44,0.1448755865408825,0.9445,1240,6,0.3192333113020489,0.09940411707034626,47,False,True,False,True,1.0,True,0.9940761249297686,29.996034368803702,453.5,0.011593522802379382,1513
unfiltered_random,unfiltered_random,KIAA1958,A6_v3_full,Flat v3 structure plus adaptive trust,0.7041860659159545,1.0,1513,True,1412,1105,594,44,0.1448755865408825,0.9445,1240,6,0.3192333113020489,0.09940411707034626,47,False,True,False,True,1.0,True,0.9940761249297686,29.996034368803702,453.5,0.011593522802379382,1513
unfiltered_random,unfiltered_random,KIF25-AS1,B0_rna_mean,RNA-only mean ranking; no protein or confidence in final score,,0.6,1412,False,1412,0,0,0,0.10701258749098627,1.0,139,838,0.9383852691218131,8.770761894538737e-15,1,True,True,True,True,1.0,True,0.9999999999999999,0.0,0.0,0.057676558073654384,1412
unfiltered_random,unfiltered_random,KIF25-AS1,A0_team_baseline,"Team baseline: RNA .55, protein .30, confidence .15",,0.6,1412,False,1412,0,0,0,0.09095464618472276,0.8500000000000001,139,838,0.9383852691218131,1.099120794378905e-14,1,True,True,True,True,1.0,True,0.9999999999999999,0.0,0.0,0.0,1412
unfiltered_random,unfiltered_random,KIF25-AS1,A1a_no_direct_protein,Remove direct protein; retain protein-derived confidence,,0.6,1412,False,1412,0,0,0,0.09095464618472276,0.8500000000000001,139,838,0.9383852691218131,1.099120794378905e-14,1,True,True,True,True,1.0,True,0.9999999999999999,0.0,0.0,0.0,1412
unfiltered_random,unfiltered_random,KIF25-AS1,A1b_no_protein_evidence,Remove direct protein and all protein-derived confidence,,0.6,1412,False,1412,0,0,0,0.09096623548560868,0.8500000000000001,140,838,0.9376770538243626,8.770761894538737e-15,1,True,True,False,True,1.0,True,0.9999945940202148,0.06303116147308782,44.5,0.04143201133144476,1412
unfiltered_random,unfiltered_random,KIF25-AS1,A1c_no_protein_confidence,Retain direct protein; remove protein-derived confidence only,,0.6,1412,False,1412,0,0,0,0.09096623548560868,0.8500000000000001,140,838,0.9376770538243626,8.770761894538737e-15,1,True,True,False,True,1.0,True,0.9999945940202148,0.06303116147308782,44.5,0.04143201133144476,1412
unfiltered_random,unfiltered_random,KIF25-AS1,A2_no_confidence,Remove the full confidence block; renormalise RNA/protein,,0.6,1412,False,1412,0,0,0,0.10701258749098627,1.0,139,838,0.9383852691218131,1.099120794378905e-14,1,True,True,True,True,1.0,True,0.9999999999999999,0.0,0.0,0.057676558073654384,1412
unfiltered_random,unfiltered_random,KIF25-AS1,A2a_no_conf_completeness,Remove completeness from confidence; renormalise retained components,,0.6,1412,False,1412,0,0,0,0.0909633919073287,0.85,140,838,0.9376770538243626,5.6066262743570405e-15,1,True,True,False,True,1.0,True,0.9999945940202148,0.06303116147308782,44.5,0.008770042492917844,1412
unfiltered_random,unfiltered_random,KIF25-AS1,A2b_no_conf_source_support,Remove source support from confidence; renormalise retained components,,0.6,1412,False,1412,0,0,0,0.09096180115396908,0.8500000000000001,139,838,0.9383852691218131,0.0,1,True,True,True,True,1.0,True,0.9999999999999999,0.0,0.0,0.013107932011331445,1412
unfiltered_random,unfiltered_random,KIF25-AS1,A2c_no_conf_consistency,Remove RNA-protein consistency; renormalise retained components,,0.6,1412,False,1412,0,0,0,0.09096180115396849,0.85,139,838,0.9383852691218131,5.828670879282072e-15,1,True,True,True,True,1.0,True,0.9999999999999999,0.0,0.0,0.004392067988668551,1412
unfiltered_random,unfiltered_random,KIF25-AS1,A3_equal_bio,Equal RNA/protein biological weights,,0.6,1412,False,1412,0,0,0,0.09095464618472276,0.8500000000000001,139,838,0.9383852691218131,1.099120794378905e-14,1,True,True,True,True,1.0,True,0.9999999999999999,0.0,0.0,0.0,1412
unfiltered_random,unfiltered_random,KIF25-AS1,A3b_reversed_bio,Protein biological weight greater than RNA,,0.6,1412,False,1412,0,0,0,0.09095464618472276,0.8500000000000001,139,838,0.9383852691218131,1.099120794378905e-14,1,True,True,True,True,1.0,True,0.9999999999999999,0.0,0.0,0.0,1412
unfiltered_random,unfiltered_random,KIF25-AS1,A4_adaptive_trust,Team baseline plus gene-level adaptive RNA trust,,0.6,1412,False,1412,0,0,0,0.09095464618472276,0.8500000000000001,139,838,0.9383852691218131,1.099120794378905e-14,1,True,True,True,True,1.0,True,0.9999999999999999,0.0,0.0,0.0,1412
unfiltered_random,unfiltered_random,KIF25-AS1,A5_v3_structure,Flat v3 RNA/protein/consistency/completeness structure,,0.6,1412,False,1412,0,0,0,0.09513461596656404,0.889,139,838,0.9383852691218131,1.099120794378905e-14,1,True,True,True,True,1.0,True,0.9999999999999999,0.0,0.0,0.006162606232294614,1412
unfiltered_random,unfiltered_random,KIF25-AS1,A6_v3_full,Flat v3 structure plus adaptive trust,,0.6,1412,False,1412,0,0,0,0.09513461596656404,0.889,139,838,0.9383852691218131,1.099120794378905e-14,1,True,True,True,True,1.0,True,0.9999999999999999,0.0,0.0,0.006162606232294614,1412
unfiltered_random,unfiltered_random,KRTAP2-5P,B0_rna_mean,RNA-only mean ranking; no protein or confidence in final score,,0.6,1412,False,1412,0,0,0,0.05398087105988819,1.0,26,1376,0.9865439093484419,8.770761894538737e-15,1,True,True,True,True,1.0,True,1.0,0.0,0.0,0.061401770538243625,1412
unfiltered_random,unfiltered_random,KRTAP2-5P,A0_team_baseline,"Team baseline: RNA .55, protein .30, confidence .15",,0.6,1412,False,1412,0,0,0,0.045881526976455755,0.8500000000000001,26,1376,0.9865439093484419,1.099120794378905e-14,1,True,True,True,True,1.0,True,1.0,0.0,0.0,0.0,1412
unfiltered_random,unfiltered_random,KRTAP2-5P,A1a_no_direct_protein,Remove direct protein; retain protein-derived confidence,,0.6,1412,False,1412,0,0,0,0.045881526976455755,0.8500000000000001,26,1376,0.9865439093484419,1.099120794378905e-14,1,True,True,True,True,1.0,True,1.0,0.0,0.0,0.0,1412
unfiltered_random,unfiltered_random,KRTAP2-5P,A1b_no_protein_evidence,Remove direct protein and all protein-derived confidence,,0.6,1412,False,1412,0,0,0,0.04588712757113966,0.8500000000000001,26,1376,0.9865439093484419,8.770761894538737e-15,1,True,True,True,True,1.0,True,1.0,0.0,0.0,0.04140162889518414,1412
unfiltered_random,unfiltered_random,KRTAP2-5P,A1c_no_protein_confidence,Retain direct protein; remove protein-derived confidence only,,0.6,1412,False,1412,0,0,0,0.04588712757113966,0.8500000000000001,26,1376,0.9865439093484419,8.770761894538737e-15,1,True,True,True,True,1.0,True,1.0,0.0,0.0,0.04140162889518414,1412
unfiltered_random,unfiltered_random,KRTAP2-5P,A2_no_confidence,Remove the full confidence block; renormalise RNA/protein,,0.6,1412,False,1412,0,0,0,0.05398087105988819,1.0,26,1376,0.9865439093484419,1.099120794378905e-14,1,True,True,True,True,1.0,True,1.0,0.0,0.0,0.061401770538243625,1412
unfiltered_random,unfiltered_random,KRTAP2-5P,A2a_no_conf_completeness,Remove completeness from confidence; renormalise retained components,,0.6,1412,False,1412,0,0,0,0.04588712757113959,0.85,26,1376,0.9865439093484419,5.6066262743570405e-15,1,True,True,True,True,1.0,True,1.0,0.0,0.0,0.008798371104815862,1412
unfiltered_random,unfiltered_random,KRTAP2-5P,A2b_no_conf_source_support,Remove source support from confidence; renormalise retained components,,0.6,1412,False,1412,0,0,0,0.04588408685263901,0.8500000000000001,26,1376,0.9865439093484419,0.0,1,True,True,True,True,1.0,True,1.0,0.0,0.0,0.013100637393767706,1412
unfiltered_random,unfiltered_random,KRTAP2-5P,A2c_no_conf_consistency,Remove RNA-protein consistency; renormalise retained components,,0.6,1412,False,1412,0,0,0,0.04588408685263916,0.85,26,1376,0.9865439093484419,5.828670879282072e-15,1,True,True,True,True,1.0,True,1.0,0.0,0.0,0.00439936260623229,1412
unfiltered_random,unfiltered_random,KRTAP2-5P,A3_equal_bio,Equal RNA/protein biological weights,,0.6,1412,False,1412,0,0,0,0.045881526976455755,0.8500000000000001,26,1376,0.9865439093484419,1.099120794378905e-14,1,True,True,True,True,1.0,True,1.0,0.0,0.0,0.0,1412
unfiltered_random,unfiltered_random,KRTAP2-5P,A3b_reversed_bio,Protein biological weight greater than RNA,,0.6,1412,False,1412,0,0,0,0.045881526976455755,0.8500000000000001,26,1376,0.9865439093484419,1.099120794378905e-14,1,True,True,True,True,1.0,True,1.0,0.0,0.0,0.0,1412
unfiltered_random,unfiltered_random,KRTAP2-5P,A4_adaptive_trust,Team baseline plus gene-level adaptive RNA trust,,0.6,1412,False,1412,0,0,0,0.045881526976455755,0.8500000000000001,26,1376,0.9865439093484419,1.099120794378905e-14,1,True,True,True,True,1.0,True,1.0,0.0,0.0,0.0,1412
unfiltered_random,unfiltered_random,KRTAP2-5P,A5_v3_structure,Flat v3 RNA/protein/consistency/completeness structure,,0.6,1412,False,1412,0,0,0,0.04798834767201858,0.889,26,1376,0.9865439093484419,1.099120794378905e-14,1,True,True,True,True,1.0,True,1.0,0.0,0.0,0.006398158640226625,1412
unfiltered_random,unfiltered_random,KRTAP2-5P,A6_v3_full,Flat v3 structure plus adaptive trust,,0.6,1412,False,1412,0,0,0,0.04798834767201858,0.889,26,1376,0.9865439093484419,1.099120794378905e-14,1,True,True,True,True,1.0,True,1.0,0.0,0.0,0.006398158640226625,1412
unfiltered_random,unfiltered_random,LGR5,B0_rna_mean,RNA-only mean ranking; no protein or confidence in final score,,0.6,1513,True,1412,1105,594,18,0.17637996651901625,1.0,784,110,0.5803040317250495,0.11918386434811637,3,False,True,False,False,0.8181818181818182,False,0.8950034247459654,116.92134831460675,1171.5,0.058894778585591535,1513
unfiltered_random,unfiltered_random,LGR5,A0_team_baseline,"Team baseline: RNA .55, protein .30, confidence .15",,0.6,1513,True,1412,1105,594,18,0.15153415583898647,0.8826,764,109,0.6007931262392597,0.08257745183041655,21,False,True,True,True,1.0,True,0.9999999999999999,0.0,0.0,0.0,1513
unfiltered_random,unfiltered_random,LGR5,A1a_no_direct_protein,Remove direct protein; retain protein-derived confidence,,0.6,1513,True,1412,1105,594,18,0.1510089181788334,0.896,763,109,0.6021150033046927,0.08257745183041657,21,False,True,False,True,1.0,True,0.9997559404803312,1.4084600132187706,199.0,0.0006456047587574355,1513
unfiltered_random,unfiltered_random,LGR5,A1b_no_protein_evidence,Remove direct protein and all protein-derived confidence,,0.6,1513,True,1412,1105,594,18,0.15143744298748305,0.8562000000000001,796,109,0.5750165234633179,0.1191838643481147,3,False,True,False,False,0.8181818181818182,True,0.9878006540560286,35.15994712491738,525.5,0.05207428949107733,1513
unfiltered_random,unfiltered_random,LGR5,A1c_no_protein_confidence,Retain direct protein; remove protein-derived confidence only,,0.6,1513,True,1412,1105,594,18,0.1518023224242436,0.8500000000000001,797,109,0.5750165234633179,0.1191838643481147,3,False,True,False,True,1.0,False,0.9894300131813716,32.87376074025116,481.5,0.05158618638466622,1513
unfiltered_random,unfiltered_random,LGR5,A2_no_confidence,Remove the full confidence block; renormalise RNA/protein,,0.6,1513,True,1412,1105,594,18,0.17670775235065048,1.0,788,110,0.5763384005287508,0.08257745183041629,21,False,True,False,False,0.8181818181818182,False,0.9012755570266372,114.1606080634501,1046.5,0.05816378056840714,1513
unfiltered_random,unfiltered_random,LGR5,A2a_no_conf_completeness,Remove completeness from confidence; renormalise retained components,,0.6,1513,True,1412,1105,594,18,0.1521658469539217,0.8903,790,109,0.5763384005287508,0.11980621099249848,21,False,True,False,True,1.0,True,0.9914124558713399,28.820224719101123,322.5,0.0051097157964309315,1513
unfiltered_random,unfiltered_random,LGR5,A2b_no_conf_source_support,Remove source support from confidence; renormalise retained components,,0.6,1513,True,1412,1105,594,18,0.15097405556783466,0.8686,788,110,0.5743555849306015,0.047096566052374986,19,False,True,False,True,1.0,True,0.9038051946073936,112.21744877726371,580.5,0.007632782551222735,1513
unfiltered_random,unfiltered_random,LGR5,A2c_no_conf_consistency,Remove RNA-protein consistency; renormalise retained components,,0.6,1513,True,1412,1105,594,18,0.15195179521927557,0.8887,781,109,0.5875743555849307,0.10357000148794668,4,False,True,False,True,1.0,True,0.9960171935933585,18.10575016523463,281.0,0.0026120290812954397,1513
unfiltered_random,unfiltered_random,LGR5,A3_equal_bio,Equal RNA/protein biological weights,,0.6,1513,True,1412,1105,594,18,0.15186756694398973,0.8771,765,109,0.5994712491738269,0.08257745183041657,21,False,True,False,True,1.0,True,0.9999881380180956,0.3284864507600793,34.0,0.0002688037012557834,1513
unfiltered_random,unfiltered_random,LGR5,A3b_reversed_bio,Protein biological weight greater than RNA,,0.6,1513,True,1412,1105,594,18,0.15226749889044028,0.8715,764,109,0.6007931262392597,0.08257745183041657,21,False,True,False,False,0.8181818181818182,True,0.9999589914339518,0.634500991407799,72.0,0.0005378717779246532,1513
unfiltered_random,unfiltered_random,LGR5,A4_adaptive_trust,Team baseline plus gene-level adaptive RNA trust,,0.6,1513,True,1412,1105,594,18,0.15216550113684502,0.8728,765,109,0.5994712491738269,0.08257745183041657,21,False,True,False,False,0.8181818181818182,True,0.9999668306568111,0.565102445472571,65.0,0.00047349636483807024,1513
unfiltered_random,unfiltered_random,LGR5,A5_v3_structure,Flat v3 RNA/protein/consistency/completeness structure,,0.6,1513,True,1412,1105,594,18,0.15855723944382794,0.8903,788,110,0.5750165234633179,0.08257745183041504,21,False,True,False,True,1.0,True,0.9036990375864039,113.18374091209517,580.0,0.016742828816920026,1513
unfiltered_random,unfiltered_random,LGR5,A6_v3_full,Flat v3 structure plus adaptive trust,,0.6,1513,True,1412,1105,594,18,0.15919178501882825,0.889,786,110,0.5776602775941837,0.08257745183041504,21,False,True,False,True,1.0,False,0.9036204071003039,113.4375413086583,580.0,0.0170990746860542,1513
unfiltered_random,unfiltered_random,LIN28AP2,B0_rna_mean,RNA-only mean ranking; no protein or confidence in final score,,0.6,1412,False,1412,0,0,0,0.03563887386886877,1.0,11,1397,0.9943342776203966,8.770761894538737e-15,1,True,True,True,True,1.0,True,1.0,0.0,0.0,0.06158824362606232,1412
unfiltered_random,unfiltered_random,LIN28AP2,A0_team_baseline,"Team baseline: RNA .55, protein .30, confidence .15",,0.6,1412,False,1412,0,0,0,0.0302904132919458,0.8500000000000001,11,1397,0.9943342776203966,1.099120794378905e-14,1,True,True,True,True,1.0,True,1.0,0.0,0.0,0.0,1412
unfiltered_random,unfiltered_random,LIN28AP2,A1a_no_direct_protein,Remove direct protein; retain protein-derived confidence,,0.6,1412,False,1412,0,0,0,0.0302904132919458,0.8500000000000001,11,1397,0.9943342776203966,1.099120794378905e-14,1,True,True,True,True,1.0,True,1.0,0.0,0.0,0.0,1412
unfiltered_random,unfiltered_random,LIN28AP2,A1b_no_protein_evidence,Remove direct protein and all protein-derived confidence,,0.6,1412,False,1412,0,0,0,0.030293858988374046,0.8500000000000001,11,1397,0.9943342776203966,8.770761894538737e-15,1,True,True,True,True,1.0,True,1.0,0.0,0.0,0.04140063739376771,1412
unfiltered_random,unfiltered_random,LIN28AP2,A1c_no_protein_confidence,Retain direct protein; remove protein-derived confidence only,,0.6,1412,False,1412,0,0,0,0.030293858988374046,0.8500000000000001,11,1397,0.9943342776203966,8.770761894538737e-15,1,True,True,True,True,1.0,True,1.0,0.0,0.0,0.04140063739376771,1412
unfiltered_random,unfiltered_random,LIN28AP2,A2_no_confidence,Remove the full confidence block; renormalise RNA/protein,,0.6,1412,False,1412,0,0,0,0.03563887386886877,1.0,11,1397,0.9943342776203966,1.099120794378905e-14,1,True,True,True,True,1.0,True,1.0,0.0,0.0,0.06158824362606232,1412
unfiltered_random,unfiltered_random,LIN28AP2,A2a_no_conf_completeness,Remove completeness from confidence; renormalise retained components,,0.6,1412,False,1412,0,0,0,0.030293858988374004,0.85,11,1397,0.9943342776203966,5.6066262743570405e-15,1,True,True,True,True,1.0,True,1.0,0.0,0.0,0.008799362606232293,1412
unfiltered_random,unfiltered_random,LIN28AP2,A2b_no_conf_source_support,Remove source support from confidence; renormalise retained components,,0.6,1412,False,1412,0,0,0,0.03029235125690709,0.8500000000000001,11,1397,0.9943342776203966,0.0,1,True,True,True,True,1.0,True,1.0,0.0,0.0,0.013100354107648727,1412
unfiltered_random,unfiltered_random,LIN28AP2,A2c_no_conf_consistency,Remove RNA-protein consistency; renormalise retained components,,0.6,1412,False,1412,0,0,0,0.030292351256903594,0.85,11,1397,0.9943342776203966,5.828670879282072e-15,1,True,True,True,True,1.0,True,1.0,0.0,0.0,0.004399645892351269,1412
unfiltered_random,unfiltered_random,LIN28AP2,A3_equal_bio,Equal RNA/protein biological weights,,0.6,1412,False,1412,0,0,0,0.0302904132919458,0.8500000000000001,11,1397,0.9943342776203966,1.099120794378905e-14,1,True,True,True,True,1.0,True,1.0,0.0,0.0,0.0,1412
unfiltered_random,unfiltered_random,LIN28AP2,A3b_reversed_bio,Protein biological weight greater than RNA,,0.6,1412,False,1412,0,0,0,0.0302904132919458,0.8500000000000001,11,1397,0.9943342776203966,1.099120794378905e-14,1,True,True,True,True,1.0,True,1.0,0.0,0.0,0.0,1412
unfiltered_random,unfiltered_random,LIN28AP2,A4_adaptive_trust,Team baseline plus gene-level adaptive RNA trust,,0.6,1412,False,1412,0,0,0,0.0302904132919458,0.8500000000000001,11,1397,0.9943342776203966,1.099120794378905e-14,1,True,True,True,True,1.0,True,1.0,0.0,0.0,0.0,1412
unfiltered_random,unfiltered_random,LIN28AP2,A5_v3_structure,Flat v3 RNA/protein/consistency/completeness structure,,0.6,1412,False,1412,0,0,0,0.03168098229999046,0.889,11,1397,0.9943342776203966,1.099120794378905e-14,1,True,True,True,True,1.0,True,1.0,0.0,0.0,0.006386331444759203,1412
unfiltered_random,unfiltered_random,LIN28AP2,A6_v3_full,Flat v3 structure plus adaptive trust,,0.6,1412,False,1412,0,0,0,0.03168098229999046,0.889,11,1397,0.9943342776203966,1.099120794378905e-14,1,True,True,True,True,1.0,True,1.0,0.0,0.0,0.006386331444759203,1412
unfiltered_random,unfiltered_random,LINC00500,B0_rna_mean,RNA-only mean ranking; no protein or confidence in final score,,0.6,1412,False,1412,0,0,0,0.05744482632563887,1.0,26,1345,0.9907932011331445,8.770761894538737e-15,1,True,True,True,True,1.0,True,0.9999999999999998,0.0,0.0,0.06087400849858356,1412
unfiltered_random,unfiltered_random,LINC00500,A0_team_baseline,"Team baseline: RNA .55, protein .30, confidence .15",,0.6,1412,False,1412,0,0,0,0.04882513947360684,0.8500000000000001,26,1345,0.9907932011331445,1.099120794378905e-14,1,True,True,True,True,1.0,True,0.9999999999999998,0.0,0.0,0.0,1412
unfiltered_random,unfiltered_random,LINC00500,A1a_no_direct_protein,Remove direct protein; retain protein-derived confidence,,0.6,1412,False,1412,0,0,0,0.04882513947360684,0.8500000000000001,26,1345,0.9907932011331445,1.099120794378905e-14,1,True,True,True,True,1.0,True,0.9999999999999998,0.0,0.0,0.0,1412
unfiltered_random,unfiltered_random,LINC00500,A1b_no_protein_evidence,Remove direct protein and all protein-derived confidence,,0.6,1412,False,1412,0,0,0,0.048834029912394834,0.8500000000000001,26,1345,0.9907932011331445,8.770761894538737e-15,1,True,True,True,True,1.0,True,0.9999999999999998,0.0,0.0,0.041402620396600566,1412
unfiltered_random,unfiltered_random,LINC00500,A1c_no_protein_confidence,Retain direct protein; remove protein-derived confidence only,,0.6,1412,False,1412,0,0,0,0.048834029912394834,0.8500000000000001,26,1345,0.9907932011331445,8.770761894538737e-15,1,True,True,True,True,1.0,True,0.9999999999999998,0.0,0.0,0.041402620396600566,1412
unfiltered_random,unfiltered_random,LINC00500,A2_no_confidence,Remove the full confidence block; renormalise RNA/protein,,0.6,1412,False,1412,0,0,0,0.05744482632563887,1.0,26,1345,0.9907932011331445,1.099120794378905e-14,1,True,True,True,True,1.0,True,0.9999999999999998,0.0,0.0,0.06087400849858356,1412
unfiltered_random,unfiltered_random,LINC00500,A2a_no_conf_completeness,Remove completeness from confidence; renormalise retained components,,0.6,1412,False,1412,0,0,0,0.04883340512692508,0.85,26,1345,0.9907932011331445,5.6066262743570405e-15,1,True,True,True,True,1.0,True,0.9999999999999998,0.0,0.0,0.008797521246458922,1412
unfiltered_random,unfiltered_random,LINC00500,A2b_no_conf_source_support,Remove source support from confidence; renormalise retained components,,0.6,1412,False,1412,0,0,0,0.0488290665849455,0.8500000000000001,26,1345,0.9907932011331445,0.0,1,True,True,True,True,1.0,True,0.9999999999999998,0.0,0.0,0.013101062322946175,1412
unfiltered_random,unfiltered_random,LINC00500,A2c_no_conf_consistency,Remove RNA-protein consistency; renormalise retained components,,0.6,1412,False,1412,0,0,0,0.04882906658494138,0.85,26,1345,0.9907932011331445,5.828670879282072e-15,1,True,True,True,True,1.0,True,0.9999999999999998,0.0,0.0,0.004398937677053819,1412
unfiltered_random,unfiltered_random,LINC00500,A3_equal_bio,Equal RNA/protein biological weights,,0.6,1412,False,1412,0,0,0,0.04882513947360684,0.8500000000000001,26,1345,0.9907932011331445,1.099120794378905e-14,1,True,True,True,True,1.0,True,0.9999999999999998,0.0,0.0,0.0,1412
unfiltered_random,unfiltered_random,LINC00500,A3b_reversed_bio,Protein biological weight greater than RNA,,0.6,1412,False,1412,0,0,0,0.04882513947360684,0.8500000000000001,26,1345,0.9907932011331445,1.099120794378905e-14,1,True,True,True,True,1.0,True,0.9999999999999998,0.0,0.0,0.0,1412
unfiltered_random,unfiltered_random,LINC00500,A4_adaptive_trust,Team baseline plus gene-level adaptive RNA trust,,0.6,1412,False,1412,0,0,0,0.04882513947360684,0.8500000000000001,26,1345,0.9907932011331445,1.099120794378905e-14,1,True,True,True,True,1.0,True,0.9999999999999998,0.0,0.0,0.0,1412
unfiltered_random,unfiltered_random,LINC00500,A5_v3_structure,Flat v3 RNA/protein/consistency/completeness structure,,0.6,1412,False,1412,0,0,0,0.05107002677089805,0.889,26,1345,0.9907932011331445,1.099120794378905e-14,1,True,True,True,True,1.0,True,0.9999999999999998,0.0,0.0,0.006309065155807362,1412
unfiltered_random,unfiltered_random,LINC00500,A6_v3_full,Flat v3 structure plus adaptive trust,,0.6,1412,False,1412,0,0,0,0.05107002677089805,0.889,26,1345,0.9907932011331445,1.099120794378905e-14,1,True,True,True,True,1.0,True,0.9999999999999998,0.0,0.0,0.006309065155807362,1412
unfiltered_random,unfiltered_random,LINC00658,B0_rna_mean,RNA-only mean ranking; no protein or confidence in final score,,0.6,1412,False,1412,0,0,0,0.05964478577617804,1.0,31,1244,0.9886685552407932,8.770761894538737e-15,1,True,True,True,True,1.0,True,1.0,0.0,0.0,0.060744405099150134,1412
unfiltered_random,unfiltered_random,LINC00658,A0_team_baseline,"Team baseline: RNA .55, protein .30, confidence .15",,0.6,1412,False,1412,0,0,0,0.0506956533734359,0.8500000000000001,31,1244,0.9886685552407932,1.099120794378905e-14,1,True,True,True,True,1.0,True,1.0,0.0,0.0,0.0,1412
unfiltered_random,unfiltered_random,LINC00658,A1a_no_direct_protein,Remove direct protein; retain protein-derived confidence,,0.6,1412,False,1412,0,0,0,0.0506956533734359,0.8500000000000001,31,1244,0.9886685552407932,1.099120794378905e-14,1,True,True,True,True,1.0,True,1.0,0.0,0.0,0.0,1412
unfiltered_random,unfiltered_random,LINC00658,A1b_no_protein_evidence,Remove direct protein and all protein-derived confidence,,0.6,1412,False,1412,0,0,0,0.05070382380108076,0.8500000000000001,30,1244,0.9893767705382436,8.770761894538737e-15,1,True,True,False,True,1.0,True,0.9999995415292761,0.0113314447592068,8.0,0.04140516997167139,1412
unfiltered_random,unfiltered_random,LINC00658,A1c_no_protein_confidence,Retain direct protein; remove protein-derived confidence only,,0.6,1412,False,1412,0,0,0,0.05070382380108076,0.8500000000000001,30,1244,0.9893767705382436,8.770761894538737e-15,1,True,True,False,True,1.0,True,0.9999995415292761,0.0113314447592068,8.0,0.04140516997167139,1412
unfiltered_random,unfiltered_random,LINC00658,A2_no_confidence,Remove the full confidence block; renormalise RNA/protein,,0.6,1412,False,1412,0,0,0,0.05964478577617804,1.0,31,1244,0.9886685552407932,1.099120794378905e-14,1,True,True,True,True,1.0,True,1.0,0.0,0.0,0.060744405099150134,1412
unfiltered_random,unfiltered_random,LINC00658,A2a_no_conf_completeness,Remove completeness from confidence; renormalise retained components,,0.6,1412,False,1412,0,0,0,0.05070264052053816,0.85,30,1244,0.9893767705382436,5.6066262743570405e-15,1,True,True,False,True,1.0,True,0.9999995415292761,0.0113314447592068,8.0,0.0087949716713881,1412
unfiltered_random,unfiltered_random,LINC00658,A2b_no_conf_source_support,Remove source support from confidence; renormalise retained components,,0.6,1412,False,1412,0,0,0,0.050699167748883535,0.8500000000000001,31,1244,0.9886685552407932,0.0,1,True,True,True,True,1.0,True,1.0,0.0,0.0,0.013102266288951841,1412
unfiltered_random,unfiltered_random,LINC00658,A2c_no_conf_consistency,Remove RNA-protein consistency; renormalise retained components,,0.6,1412,False,1412,0,0,0,0.050699167748883694,0.85,31,1244,0.9886685552407932,5.828670879282072e-15,1,True,True,True,True,1.0,True,1.0,0.0,0.0,0.0043977337110481535,1412
unfiltered_random,unfiltered_random,LINC00658,A3_equal_bio,Equal RNA/protein biological weights,,0.6,1412,False,1412,0,0,0,0.0506956533734359,0.8500000000000001,31,1244,0.9886685552407932,1.099120794378905e-14,1,True,True,True,True,1.0,True,1.0,0.0,0.0,0.0,1412
unfiltered_random,unfiltered_random,LINC00658,A3b_reversed_bio,Protein biological weight greater than RNA,,0.6,1412,False,1412,0,0,0,0.0506956533734359,0.8500000000000001,31,1244,0.9886685552407932,1.099120794378905e-14,1,True,True,True,True,1.0,True,1.0,0.0,0.0,0.0,1412
unfiltered_random,unfiltered_random,LINC00658,A4_adaptive_trust,Team baseline plus gene-level adaptive RNA trust,,0.6,1412,False,1412,0,0,0,0.0506956533734359,0.8500000000000001,31,1244,0.9886685552407932,1.099120794378905e-14,1,True,True,True,True,1.0,True,1.0,0.0,0.0,0.0,1412
unfiltered_random,unfiltered_random,LINC00658,A5_v3_structure,Flat v3 RNA/protein/consistency/completeness structure,,0.6,1412,False,1412,0,0,0,0.05302441700388513,0.889,30,1244,0.9893767705382436,1.099120794378905e-14,1,True,True,False,True,1.0,True,0.9999995415292761,0.0113314447592068,8.0,0.00623966005665722,1412
unfiltered_random,unfiltered_random,LINC00658,A6_v3_full,Flat v3 structure plus adaptive trust,,0.6,1412,False,1412,0,0,0,0.05302441700388513,0.889,30,1244,0.9893767705382436,1.099120794378905e-14,1,True,True,False,True,1.0,True,0.9999995415292761,0.0113314447592068,8.0,0.00623966005665722,1412
unfiltered_random,unfiltered_random,LINC01166,B0_rna_mean,RNA-only mean ranking; no protein or confidence in final score,,0.6,1412,False,1412,0,0,0,0.07587640671346141,1.0,52,1076,0.9844192634560907,8.770761894538737e-15,1,True,True,True,True,1.0,True,1.0,0.0,0.0,0.05951692634560906,1412
unfiltered_random,unfiltered_random,LINC01166,A0_team_baseline,"Team baseline: RNA .55, protein .30, confidence .15",,0.6,1412,False,1412,0,0,0,0.06449183142717542,0.8500000000000001,52,1076,0.9844192634560907,1.099120794378905e-14,1,True,True,True,True,1.0,True,1.0,0.0,0.0,0.0,1412
unfiltered_random,unfiltered_random,LINC01166,A1a_no_direct_protein,Remove direct protein; retain protein-derived confidence,,0.6,1412,False,1412,0,0,0,0.06449183142717542,0.8500000000000001,52,1076,0.9844192634560907,1.099120794378905e-14,1,True,True,True,True,1.0,True,1.0,0.0,0.0,0.0,1412
unfiltered_random,unfiltered_random,LINC01166,A1b_no_protein_evidence,Remove direct protein and all protein-derived confidence,,0.6,1412,False,1412,0,0,0,0.06450048393239644,0.8500000000000001,51,1076,0.9851274787535411,8.770761894538737e-15,1,True,True,False,True,1.0,True,0.9999978408178073,0.03328611898016997,23.5,0.04141430594900849,1412
unfiltered_random,unfiltered_random,LINC01166,A1c_no_protein_confidence,Retain direct protein; remove protein-derived confidence only,,0.6,1412,False,1412,0,0,0,0.06450048393239644,0.8500000000000001,51,1076,0.9851274787535411,8.770761894538737e-15,1,True,True,False,True,1.0,True,0.9999978408178073,0.03328611898016997,23.5,0.04141430594900849,1412
unfiltered_random,unfiltered_random,LINC01166,A2_no_confidence,Remove the full confidence block; renormalise RNA/protein,,0.6,1412,False,1412,0,0,0,0.07587640671346141,1.0,52,1076,0.9844192634560907,1.099120794378905e-14,1,True,True,True,True,1.0,True,1.0,0.0,0.0,0.05951692634560906,1412
unfiltered_random,unfiltered_random,LINC01166,A2a_no_conf_completeness,Remove completeness from confidence; renormalise retained components,,0.6,1412,False,1412,0,0,0,0.06449876330507211,0.85,51,1076,0.9851274787535411,5.6066262743570405e-15,1,True,True,False,True,1.0,True,0.9999978408178073,0.03328611898016997,23.5,0.00878611898016997,1412
unfiltered_random,unfiltered_random,LINC01166,A2b_no_conf_source_support,Remove source support from confidence; renormalise retained components,,0.6,1412,False,1412,0,0,0,0.06449529205462784,0.8500000000000001,51,1076,0.9851274787535411,0.0,1,True,True,False,True,1.0,True,0.9999978408178073,0.03328611898016997,23.5,0.01311253541076487,1412
unfiltered_random,unfiltered_random,LINC01166,A2c_no_conf_consistency,Remove RNA-protein consistency; renormalise retained components,,0.6,1412,False,1412,0,0,0,0.06449529205462803,0.85,51,1076,0.9851274787535411,5.828670879282072e-15,1,True,True,False,True,1.0,True,0.9999978408178073,0.03328611898016997,23.5,0.004387464589235123,1412
unfiltered_random,unfiltered_random,LINC01166,A3_equal_bio,Equal RNA/protein biological weights,,0.6,1412,False,1412,0,0,0,0.06449183142717542,0.8500000000000001,52,1076,0.9844192634560907,1.099120794378905e-14,1,True,True,True,True,1.0,True,1.0,0.0,0.0,0.0,1412
unfiltered_random,unfiltered_random,LINC01166,A3b_reversed_bio,Protein biological weight greater than RNA,,0.6,1412,False,1412,0,0,0,0.06449183142717542,0.8500000000000001,52,1076,0.9844192634560907,1.099120794378905e-14,1,True,True,True,True,1.0,True,1.0,0.0,0.0,0.0,1412
unfiltered_random,unfiltered_random,LINC01166,A4_adaptive_trust,Team baseline plus gene-level adaptive RNA trust,,0.6,1412,False,1412,0,0,0,0.06449183142717542,0.8500000000000001,52,1076,0.9844192634560907,1.099120794378905e-14,1,True,True,True,True,1.0,True,1.0,0.0,0.0,0.0,1412
unfiltered_random,unfiltered_random,LINC01166,A5_v3_structure,Flat v3 RNA/protein/consistency/completeness structure,,0.6,1412,False,1412,0,0,0,0.06745487043165702,0.889,52,1076,0.9844192634560907,1.099120794378905e-14,1,True,True,True,True,1.0,True,1.0,0.0,0.0,0.0061546033994334245,1412
unfiltered_random,unfiltered_random,LINC01166,A6_v3_full,Flat v3 structure plus adaptive trust,,0.6,1412,False,1412,0,0,0,0.06745487043165702,0.889,52,1076,0.9844192634560907,1.099120794378905e-14,1,True,True,True,True,1.0,True,1.0,0.0,0.0,0.0061546033994334245,1412
unfiltered_random,unfiltered_random,LINC01255,B0_rna_mean,RNA-only mean ranking; no protein or confidence in final score,,0.6,1412,False,1412,0,0,0,0.03275925224918138,1.0,19,1338,0.9929178470254958,8.770761894538737e-15,1,True,True,False,True,1.0,True,0.9999994425961624,0.0084985835694051,6.0,0.06150290368271954,1412
unfiltered_random,unfiltered_random,LINC01255,A0_team_baseline,"Team baseline: RNA .55, protein .30, confidence .15",,0.6,1412,False,1412,0,0,0,0.027843861062146525,0.8500000000000001,18,1338,0.9936260623229461,1.099120794378905e-14,1,True,True,True,True,1.0,True,1.0,0.0,0.0,0.0,1412
unfiltered_random,unfiltered_random,LINC01255,A1a_no_direct_protein,Remove direct protein; retain protein-derived confidence,,0.6,1412,False,1412,0,0,0,0.027843861062146525,0.8500000000000001,18,1338,0.9936260623229461,1.099120794378905e-14,1,True,True,True,True,1.0,True,1.0,0.0,0.0,0.0,1412
unfiltered_random,unfiltered_random,LINC01255,A1b_no_protein_evidence,Remove direct protein and all protein-derived confidence,,0.6,1412,False,1412,0,0,0,0.027847012588199112,0.8500000000000001,19,1338,0.9929178470254958,8.770761894538737e-15,1,True,True,False,True,1.0,True,0.9999994425961624,0.0084985835694051,6.0,0.04140311614730877,1412
unfiltered_random,unfiltered_random,LINC01255,A1c_no_protein_confidence,Retain direct protein; remove protein-derived confidence only,,0.6,1412,False,1412,0,0,0,0.027847012588199112,0.8500000000000001,19,1338,0.9929178470254958,8.770761894538737e-15,1,True,True,False,True,1.0,True,0.9999994425961624,0.0084985835694051,6.0,0.04140311614730877,1412
unfiltered_random,unfiltered_random,LINC01255,A2_no_confidence,Remove the full confidence block; renormalise RNA/protein,,0.6,1412,False,1412,0,0,0,0.03275925224918138,1.0,19,1338,0.9929178470254958,1.099120794378905e-14,1,True,True,False,True,1.0,True,0.9999994425961624,0.0084985835694051,6.0,0.06150290368271954,1412
unfiltered_random,unfiltered_random,LINC01255,A2a_no_conf_completeness,Remove completeness from confidence; renormalise retained components,,0.6,1412,False,1412,0,0,0,0.027846839650936244,0.85,19,1338,0.9929178470254958,5.6066262743570405e-15,1,True,True,False,True,1.0,True,0.9999994425961624,0.0084985835694051,6.0,0.008796954674220961,1412
unfiltered_random,unfiltered_random,LINC01255,A2b_no_conf_source_support,Remove source support from confidence; renormalise retained components,,0.6,1412,False,1412,0,0,0,0.027844947690613037,0.8500000000000001,18,1338,0.9936260623229461,0.0,1,True,True,True,True,1.0,True,1.0,0.0,0.0,0.013101699716713882,1412
unfiltered_random,unfiltered_random,LINC01255,A2c_no_conf_consistency,Remove RNA-protein consistency; renormalise retained components,,0.6,1412,False,1412,0,0,0,0.0278449476906132,0.85,18,1338,0.9936260623229461,5.828670879282072e-15,1,True,True,True,True,1.0,True,1.0,0.0,0.0,0.004398300283286114,1412
unfiltered_random,unfiltered_random,LINC01255,A3_equal_bio,Equal RNA/protein biological weights,,0.6,1412,False,1412,0,0,0,0.027843861062146525,0.8500000000000001,18,1338,0.9936260623229461,1.099120794378905e-14,1,True,True,True,True,1.0,True,1.0,0.0,0.0,0.0,1412
unfiltered_random,unfiltered_random,LINC01255,A3b_reversed_bio,Protein biological weight greater than RNA,,0.6,1412,False,1412,0,0,0,0.027843861062146525,0.8500000000000001,18,1338,0.9936260623229461,1.099120794378905e-14,1,True,True,True,True,1.0,True,1.0,0.0,0.0,0.0,1412
unfiltered_random,unfiltered_random,LINC01255,A4_adaptive_trust,Team baseline plus gene-level adaptive RNA trust,,0.6,1412,False,1412,0,0,0,0.027843861062146525,0.8500000000000001,18,1338,0.9936260623229461,1.099120794378905e-14,1,True,True,True,True,1.0,True,1.0,0.0,0.0,0.0,1412
unfiltered_random,unfiltered_random,LINC01255,A5_v3_structure,Flat v3 RNA/protein/consistency/completeness structure,,0.6,1412,False,1412,0,0,0,0.02912295751042807,0.889,18,1338,0.9936260623229461,1.099120794378905e-14,1,True,True,True,True,1.0,True,1.0,0.0,0.0,0.0063357648725212426,1412
unfiltered_random,unfiltered_random,LINC01255,A6_v3_full,Flat v3 structure plus adaptive trust,,0.6,1412,False,1412,0,0,0,0.02912295751042807,0.889,18,1338,0.9936260623229461,1.099120794378905e-14,1,True,True,True,True,1.0,True,1.0,0.0,0.0,0.0063357648725212426,1412
unfiltered_random,unfiltered_random,LINC02059,B0_rna_mean,RNA-only mean ranking; no protein or confidence in final score,,0.6,1412,False,1412,0,0,0,0.05298381983903327,1.0,22,1332,0.9922096317280453,8.770761894538737e-15,1,True,True,True,True,1.0,True,1.0,0.0,0.0,0.06127096317280453,1412
unfiltered_random,unfiltered_random,LINC02059,A0_team_baseline,"Team baseline: RNA .55, protein .30, confidence .15",,0.6,1412,False,1412,0,0,0,0.04503484652390614,0.8500000000000001,22,1332,0.9922096317280453,1.099120794378905e-14,1,True,True,True,True,1.0,True,1.0,0.0,0.0,0.0,1412
unfiltered_random,unfiltered_random,LINC02059,A1a_no_direct_protein,Remove direct protein; retain protein-derived confidence,,0.6,1412,False,1412,0,0,0,0.04503484652390614,0.8500000000000001,22,1332,0.9922096317280453,1.099120794378905e-14,1,True,True,True,True,1.0,True,1.0,0.0,0.0,0.0,1412
unfiltered_random,unfiltered_random,LINC02059,A1b_no_protein_evidence,Remove direct protein and all protein-derived confidence,,0.6,1412,False,1412,0,0,0,0.045042919864308494,0.8500000000000001,22,1332,0.9922096317280453,8.770761894538737e-15,1,True,True,True,True,1.0,True,1.0,0.0,0.0,0.04140410764872521,1412
unfiltered_random,unfiltered_random,LINC02059,A1c_no_protein_confidence,Retain direct protein; remove protein-derived confidence only,,0.6,1412,False,1412,0,0,0,0.045042919864308494,0.8500000000000001,22,1332,0.9922096317280453,8.770761894538737e-15,1,True,True,True,True,1.0,True,1.0,0.0,0.0,0.04140410764872521,1412
unfiltered_random,unfiltered_random,LINC02059,A2_no_confidence,Remove the full confidence block; renormalise RNA/protein,,0.6,1412,False,1412,0,0,0,0.05298381983903327,1.0,22,1332,0.9922096317280453,1.099120794378905e-14,1,True,True,True,True,1.0,True,1.0,0.0,0.0,0.06127096317280453,1412
unfiltered_random,unfiltered_random,LINC02059,A2a_no_conf_completeness,Remove completeness from confidence; renormalise retained components,,0.6,1412,False,1412,0,0,0,0.04504184227770264,0.85,22,1332,0.9922096317280453,5.6066262743570405e-15,1,True,True,True,True,1.0,True,1.0,0.0,0.0,0.00879596317280453,1412
unfiltered_random,unfiltered_random,LINC02059,A2b_no_conf_source_support,Remove source support from confidence; renormalise retained components,,0.6,1412,False,1412,0,0,0,0.04503639278561334,0.8500000000000001,22,1332,0.9922096317280453,0.0,1,True,True,True,True,1.0,True,1.0,0.0,0.0,0.013102407932011333,1412
unfiltered_random,unfiltered_random,LINC02059,A2c_no_conf_consistency,Remove RNA-protein consistency; renormalise retained components,,0.6,1412,False,1412,0,0,0,0.04503639278560885,0.85,22,1332,0.9922096317280453,5.828670879282072e-15,1,True,True,True,True,1.0,True,1.0,0.0,0.0,0.004397592067988663,1412
unfiltered_random,unfiltered_random,LINC02059,A3_equal_bio,Equal RNA/protein biological weights,,0.6,1412,False,1412,0,0,0,0.04503484652390614,0.8500000000000001,22,1332,0.9922096317280453,1.099120794378905e-14,1,True,True,True,True,1.0,True,1.0,0.0,0.0,0.0,1412
unfiltered_random,unfiltered_random,LINC02059,A3b_reversed_bio,Protein biological weight greater than RNA,,0.6,1412,False,1412,0,0,0,0.04503484652390614,0.8500000000000001,22,1332,0.9922096317280453,1.099120794378905e-14,1,True,True,True,True,1.0,True,1.0,0.0,0.0,0.0,1412
unfiltered_random,unfiltered_random,LINC02059,A4_adaptive_trust,Team baseline plus gene-level adaptive RNA trust,,0.6,1412,False,1412,0,0,0,0.04503484652390614,0.8500000000000001,22,1332,0.9922096317280453,1.099120794378905e-14,1,True,True,True,True,1.0,True,1.0,0.0,0.0,0.0,1412
unfiltered_random,unfiltered_random,LINC02059,A5_v3_structure,Flat v3 RNA/protein/consistency/completeness structure,,0.6,1412,False,1412,0,0,0,0.04710380262800749,0.889,22,1332,0.9922096317280453,1.099120794378905e-14,1,True,True,True,True,1.0,True,1.0,0.0,0.0,0.0063474504249291745,1412
unfiltered_random,unfiltered_random,LINC02059,A6_v3_full,Flat v3 structure plus adaptive trust,,0.6,1412,False,1412,0,0,0,0.04710380262800749,0.889,22,1332,0.9922096317280453,1.099120794378905e-14,1,True,True,True,True,1.0,True,1.0,0.0,0.0,0.0063474504249291745,1412
unfiltered_random,unfiltered_random,LINC02763,B0_rna_mean,RNA-only mean ranking; no protein or confidence in final score,,0.6,1412,False,1412,0,0,0,0.05021037330772761,1.0,75,806,0.9745042492917847,8.770761894538737e-15,1,True,True,True,True,1.0,True,0.9999999999999999,0.0,0.0,0.060217067988668556,1412
unfiltered_random,unfiltered_random,LINC02763,A0_team_baseline,"Team baseline: RNA .55, protein .30, confidence .15",,0.6,1412,False,1412,0,0,0,0.0426755512257234,0.8500000000000001,75,806,0.9745042492917847,1.099120794378905e-14,1,True,True,True,True,1.0,True,0.9999999999999999,0.0,0.0,0.0,1412
unfiltered_random,unfiltered_random,LINC02763,A1a_no_direct_protein,Remove direct protein; retain protein-derived confidence,,0.6,1412,False,1412,0,0,0,0.0426755512257234,0.8500000000000001,75,806,0.9745042492917847,1.099120794378905e-14,1,True,True,True,True,1.0,True,0.9999999999999999,0.0,0.0,0.0,1412
unfiltered_random,unfiltered_random,LINC02763,A1b_no_protein_evidence,Remove direct protein and all protein-derived confidence,,0.6,1412,False,1412,0,0,0,0.042683790887197315,0.8500000000000001,75,806,0.9745042492917847,8.770761894538737e-15,1,True,True,True,True,1.0,True,0.9999999999999999,0.0,0.0,0.04143101983002832,1412
unfiltered_random,unfiltered_random,LINC02763,A1c_no_protein_confidence,Retain direct protein; remove protein-derived confidence only,,0.6,1412,False,1412,0,0,0,0.042683790887197315,0.8500000000000001,75,806,0.9745042492917847,8.770761894538737e-15,1,True,True,True,True,1.0,True,0.9999999999999999,0.0,0.0,0.04143101983002832,1412
unfiltered_random,unfiltered_random,LINC02763,A2_no_confidence,Remove the full confidence block; renormalise RNA/protein,,0.6,1412,False,1412,0,0,0,0.05021037330772761,1.0,75,806,0.9745042492917847,1.099120794378905e-14,1,True,True,True,True,1.0,True,0.9999999999999999,0.0,0.0,0.060217067988668556,1412
unfiltered_random,unfiltered_random,LINC02763,A2a_no_conf_completeness,Remove completeness from confidence; renormalise retained components,,0.6,1412,False,1412,0,0,0,0.042682768955564714,0.85,76,806,0.9745042492917847,5.6066262743570405e-15,1,True,True,False,True,1.0,True,0.9999994770701899,0.026912181303116147,9.5,0.008774575070821529,1412
unfiltered_random,unfiltered_random,LINC02763,A2b_no_conf_source_support,Remove source support from confidence; renormalise retained components,,0.6,1412,False,1412,0,0,0,0.04268047421269644,0.8500000000000001,75,806,0.9745042492917847,0.0,1,True,True,True,True,1.0,True,0.9999999999999999,0.0,0.0,0.013103611898016999,1412
unfiltered_random,unfiltered_random,LINC02763,A2c_no_conf_consistency,Remove RNA-protein consistency; renormalise retained components,,0.6,1412,False,1412,0,0,0,0.042680474212696495,0.85,75,806,0.9745042492917847,5.828670879282072e-15,1,True,True,True,True,1.0,True,0.9999999999999999,0.0,0.0,0.004396388101983,1412
unfiltered_random,unfiltered_random,LINC02763,A3_equal_bio,Equal RNA/protein biological weights,,0.6,1412,False,1412,0,0,0,0.0426755512257234,0.8500000000000001,75,806,0.9745042492917847,1.099120794378905e-14,1,True,True,True,True,1.0,True,0.9999999999999999,0.0,0.0,0.0,1412
unfiltered_random,unfiltered_random,LINC02763,A3b_reversed_bio,Protein biological weight greater than RNA,,0.6,1412,False,1412,0,0,0,0.0426755512257234,0.8500000000000001,75,806,0.9745042492917847,1.099120794378905e-14,1,True,True,True,True,1.0,True,0.9999999999999999,0.0,0.0,0.0,1412
unfiltered_random,unfiltered_random,LINC02763,A4_adaptive_trust,Team baseline plus gene-level adaptive RNA trust,,0.6,1412,False,1412,0,0,0,0.0426755512257234,0.8500000000000001,75,806,0.9745042492917847,1.099120794378905e-14,1,True,True,True,True,1.0,True,0.9999999999999999,0.0,0.0,0.0,1412
unfiltered_random,unfiltered_random,LINC02763,A5_v3_structure,Flat v3 RNA/protein/consistency/completeness structure,,0.6,1412,False,1412,0,0,0,0.04463765669944393,0.889,75,806,0.9745042492917847,1.099120794378905e-14,1,True,True,True,True,1.0,True,0.9999999999999999,0.0,0.0,0.006079603399433426,1412
unfiltered_random,unfiltered_random,LINC02763,A6_v3_full,Flat v3 structure plus adaptive trust,,0.6,1412,False,1412,0,0,0,0.04463765669944393,0.889,75,806,0.9745042492917847,1.099120794378905e-14,1,True,True,True,True,1.0,True,0.9999999999999999,0.0,0.0,0.006079603399433426,1412
unfiltered_random,unfiltered_random,MARK3P1,B0_rna_mean,RNA-only mean ranking; no protein or confidence in final score,,0.6,1412,False,1412,0,0,0,0.08191055951836633,1.0,39,1054,0.990084985835694,8.770761894538737e-15,1,True,True,True,True,1.0,True,1.0,0.0,0.0,0.057343201133144464,1412
unfiltered_random,unfiltered_random,MARK3P1,A0_team_baseline,"Team baseline: RNA .55, protein .30, confidence .15",,0.6,1412,False,1412,0,0,0,0.06961459181463867,0.8500000000000001,39,1054,0.990084985835694,1.099120794378905e-14,1,True,True,True,True,1.0,True,1.0,0.0,0.0,0.0,1412
unfiltered_random,unfiltered_random,MARK3P1,A1a_no_direct_protein,Remove direct protein; retain protein-derived confidence,,0.6,1412,False,1412,0,0,0,0.06961459181463867,0.8500000000000001,39,1054,0.990084985835694,1.099120794378905e-14,1,True,True,True,True,1.0,True,1.0,0.0,0.0,0.0,1412
unfiltered_random,unfiltered_random,MARK3P1,A1b_no_protein_evidence,Remove direct protein and all protein-derived confidence,,0.6,1412,False,1412,0,0,0,0.0696347711146666,0.8500000000000001,39,1054,0.990084985835694,8.770761894538737e-15,1,True,True,True,True,1.0,True,1.0,0.0,0.0,0.041415368271954675,1412
unfiltered_random,unfiltered_random,MARK3P1,A1c_no_protein_confidence,Retain direct protein; remove protein-derived confidence only,,0.6,1412,False,1412,0,0,0,0.0696347711146666,0.8500000000000001,39,1054,0.990084985835694,8.770761894538737e-15,1,True,True,True,True,1.0,True,1.0,0.0,0.0,0.041415368271954675,1412
unfiltered_random,unfiltered_random,MARK3P1,A2_no_confidence,Remove the full confidence block; renormalise RNA/protein,,0.6,1412,False,1412,0,0,0,0.08191055951836633,1.0,39,1054,0.990084985835694,1.099120794378905e-14,1,True,True,True,True,1.0,True,1.0,0.0,0.0,0.057343201133144464,1412
unfiltered_random,unfiltered_random,MARK3P1,A2a_no_conf_completeness,Remove completeness from confidence; renormalise retained components,,0.6,1412,False,1412,0,0,0,0.06963181723530641,0.85,39,1054,0.990084985835694,5.6066262743570405e-15,1,True,True,True,True,1.0,True,1.0,0.0,0.0,0.008789376770538242,1412
unfiltered_random,unfiltered_random,MARK3P1,A2b_no_conf_source_support,Remove source support from confidence; renormalise retained components,,0.6,1412,False,1412,0,0,0,0.06962295936294567,0.8500000000000001,39,1054,0.990084985835694,0.0,1,True,True,True,True,1.0,True,1.0,0.0,0.0,0.013106161473087819,1412
unfiltered_random,unfiltered_random,MARK3P1,A2c_no_conf_consistency,Remove RNA-protein consistency; renormalise retained components,,0.6,1412,False,1412,0,0,0,0.06962295936294494,0.85,39,1054,0.990084985835694,5.828670879282072e-15,1,True,True,True,True,1.0,True,1.0,0.0,0.0,0.004393838526912178,1412
unfiltered_random,unfiltered_random,MARK3P1,A3_equal_bio,Equal RNA/protein biological weights,,0.6,1412,False,1412,0,0,0,0.06961459181463867,0.8500000000000001,39,1054,0.990084985835694,1.099120794378905e-14,1,True,True,True,True,1.0,True,1.0,0.0,0.0,0.0,1412
unfiltered_random,unfiltered_random,MARK3P1,A3b_reversed_bio,Protein biological weight greater than RNA,,0.6,1412,False,1412,0,0,0,0.06961459181463867,0.8500000000000001,39,1054,0.990084985835694,1.099120794378905e-14,1,True,True,True,True,1.0,True,1.0,0.0,0.0,0.0,1412
unfiltered_random,unfiltered_random,MARK3P1,A4_adaptive_trust,Team baseline plus gene-level adaptive RNA trust,,0.6,1412,False,1412,0,0,0,0.06961459181463867,0.8500000000000001,39,1054,0.990084985835694,1.099120794378905e-14,1,True,True,True,True,1.0,True,1.0,0.0,0.0,0.0,1412
unfiltered_random,unfiltered_random,MARK3P1,A5_v3_structure,Flat v3 RNA/protein/consistency/completeness structure,,0.6,1412,False,1412,0,0,0,0.07281685918799177,0.889,39,1054,0.990084985835694,1.099120794378905e-14,1,True,True,True,True,1.0,True,1.0,0.0,0.0,0.005647308781869684,1412
unfiltered_random,unfiltered_random,MARK3P1,A6_v3_full,Flat v3 structure plus adaptive trust,,0.6,1412,False,1412,0,0,0,0.07281685918799177,0.889,39,1054,0.990084985835694,1.099120794378905e-14,1,True,True,True,True,1.0,True,1.0,0.0,0.0,0.005647308781869684,1412
unfiltered_random,unfiltered_random,MT1L,B0_rna_mean,RNA-only mean ranking; no protein or confidence in final score,0.3408059239798238,0.5542565871435066,1412,True,1412,0,0,357,0.24553713359378151,1.0,541,480,0.6869688385269122,8.770761894538737e-15,1,True,False,False,False,0.8181818181818182,True,0.8599469291540508,145.93130311614732,813.5,0.0958623937677054,1412
unfiltered_random,unfiltered_random,MT1L,A0_team_baseline,"Team baseline: RNA .55, protein .30, confidence .15",0.3408059239798238,0.5542565871435066,1418,True,1412,0,0,357,0.2164139691005083,0.8500000000000001,751,385,0.5444287729196051,0.12355462166342417,314,False,True,True,True,1.0,True,1.0,0.0,0.0,0.0,1418
unfiltered_random,unfiltered_random,MT1L,A1a_no_direct_protein,Remove direct protein; retain protein-derived confidence,0.3408059239798238,0.5542565871435066,1412,True,1412,0,0,357,0.21079243257937888,0.8743000000000001,709,385,0.5814447592067988,0.12373424332329118,314,False,False,False,False,0.6666666666666666,False,0.9650365487917477,62.80736543909349,479.0,0.03962613314447592,1412
unfiltered_random,unfiltered_random,MT1L,A1b_no_protein_evidence,Remove direct protein and all protein-derived confidence,0.3408059239798238,0.5542565871435066,1412,True,1412,0,0,357,0.20871377099857105,0.8500000000000001,545,480,0.6820113314447592,8.770761894538737e-15,1,True,False,False,False,0.8181818181818182,True,0.8599463453740516,145.93271954674222,813.5,0.0707064447592068,1412
unfiltered_random,unfiltered_random,MT1L,A1c_no_protein_confidence,Retain direct protein; remove protein-derived confidence only,0.3408059239798238,0.5542565871435066,1418,True,1412,0,0,357,0.20850906613263454,0.8500000000000001,751,385,0.5458392101551481,0.04471702757384303,2,False,True,False,False,0.6666666666666666,True,0.9984471767479584,12.254583921015515,278.0,0.032806981664315935,1418
unfiltered_random,unfiltered_random,MT1L,A2_no_confidence,Remove the full confidence block; renormalise RNA/protein,0.3408059239798238,0.5542565871435066,1418,True,1412,0,0,357,0.24626573177156325,1.0,757,385,0.535966149506347,0.12355462166342424,314,False,True,False,False,0.6666666666666666,True,0.9985020862233365,11.936530324400564,278.0,0.049455359661495064,1418
unfiltered_random,unfiltered_random,MT1L,A2a_no_conf_completeness,Remove completeness from confidence; renormalise retained components,0.3408059239798238,0.5542565871435066,1418,True,1412,0,0,357,0.21367975849207652,0.85,752,385,0.5430183356840621,0.07225071027945919,327,False,True,False,True,1.0,True,0.9994833156209012,6.222143864598025,73.0,0.014218053596614951,1418
unfiltered_random,unfiltered_random,MT1L,A2b_no_conf_source_support,Remove source support from confidence; renormalise retained components,0.3408059239798238,0.5542565871435066,1418,True,1412,0,0,357,0.21732916880473424,0.8552000000000001,753,385,0.5451339915373766,0.13390516713629813,328,False,True,False,False,0.8181818181818182,False,0.9999809012401151,1.2524682651622003,17.5,0.013711636107193231,1418
unfiltered_random,unfiltered_random,MT1L,A2c_no_conf_consistency,Remove RNA-protein consistency; renormalise retained components,0.3408059239798238,0.5542565871435066,1418,True,1412,0,0,357,0.21813462950870427,0.85,756,385,0.5380818053596615,0.16546709625855438,2,False,True,False,True,1.0,True,0.9996372083815809,5.038081805359662,53.0,0.006328561354019747,1418
unfiltered_random,unfiltered_random,MT1L,A3_equal_bio,Equal RNA/protein biological weights,0.3408059239798238,0.5542565871435066,1418,True,1412,0,0,357,0.22563284770059888,0.8500000000000001,757,385,0.5366713681241185,0.12355462166342378,314,False,True,False,False,0.6666666666666666,True,0.9950284761781,20.75599435825106,162.0,0.016439844851904088,1418
unfiltered_random,unfiltered_random,MT1L,A3b_reversed_bio,Protein biological weight greater than RNA,0.3408059239798238,0.5542565871435066,1418,True,1412,0,0,357,0.23873424151129743,0.8505,747,385,0.5514809590973202,0.12355462166342353,314,False,True,False,False,0.5384615384615384,False,0.9828193371102525,42.26868829337094,224.0,0.0328802538787024,1418
unfiltered_random,unfiltered_random,MT1L,A4_adaptive_trust,Team baseline plus gene-level adaptive RNA trust,0.3408059239798238,0.5542565871435066,1418,True,1412,0,0,357,0.23816192907612327,0.8504,749,385,0.5465444287729196,0.12355462166342353,314,False,True,False,False,0.5384615384615384,False,0.9833996556786007,41.44076163610719,223.0,0.03224407616361072,1418
unfiltered_random,unfiltered_random,MT1L,A5_v3_structure,Flat v3 RNA/protein/consistency/completeness structure,0.3408059239798238,0.5542565871435066,1418,True,1412,0,0,357,0.2300513736765597,0.889,736,385,0.5648801128349789,0.12355462166342386,314,False,True,False,False,0.6666666666666666,True,0.9945282835018119,15.612834978843441,469.0,0.020571227080394917,1418
unfiltered_random,unfiltered_random,MT1L,A6_v3_full,Flat v3 structure plus adaptive trust,0.3408059239798238,0.5542565871435066,1418,True,1412,0,0,357,0.24990286290042518,0.889,748,385,0.5493653032440057,0.12355462166342338,314,False,True,False,False,0.42857142857142855,True,0.9798181722231212,46.251763046544426,387.0,0.04578427362482369,1418
unfiltered_random,unfiltered_random,MTND2P16,B0_rna_mean,RNA-only mean ranking; no protein or confidence in final score,,0.6,1412,False,1412,0,0,0,0.028111954886840148,1.0,5,1401,0.9992917847025495,8.770761894538737e-15,1,True,True,True,True,1.0,True,0.9999999999999999,0.0,0.0,0.06181373937677053,1412
unfiltered_random,unfiltered_random,MTND2P16,A0_team_baseline,"Team baseline: RNA .55, protein .30, confidence .15",,0.6,1412,False,1412,0,0,0,0.0238946050884402,0.8500000000000001,5,1401,0.9992917847025495,1.099120794378905e-14,1,True,True,True,True,1.0,True,0.9999999999999999,0.0,0.0,0.0,1412
unfiltered_random,unfiltered_random,MTND2P16,A1a_no_direct_protein,Remove direct protein; retain protein-derived confidence,,0.6,1412,False,1412,0,0,0,0.0238946050884402,0.8500000000000001,5,1401,0.9992917847025495,1.099120794378905e-14,1,True,True,True,True,1.0,True,0.9999999999999999,0.0,0.0,0.0,1412
unfiltered_random,unfiltered_random,MTND2P16,A1b_no_protein_evidence,Remove direct protein and all protein-derived confidence,,0.6,1412,False,1412,0,0,0,0.023896104902235378,0.8500000000000001,5,1401,0.9992917847025495,8.770761894538737e-15,1,True,True,True,True,1.0,True,0.9999999999999999,0.0,0.0,0.04140056657223796,1412
unfiltered_random,unfiltered_random,MTND2P16,A1c_no_protein_confidence,Retain direct protein; remove protein-derived confidence only,,0.6,1412,False,1412,0,0,0,0.023896104902235378,0.8500000000000001,5,1401,0.9992917847025495,8.770761894538737e-15,1,True,True,True,True,1.0,True,0.9999999999999999,0.0,0.0,0.04140056657223796,1412
unfiltered_random,unfiltered_random,MTND2P16,A2_no_confidence,Remove the full confidence block; renormalise RNA/protein,,0.6,1412,False,1412,0,0,0,0.028111954886840148,1.0,5,1401,0.9992917847025495,1.099120794378905e-14,1,True,True,True,True,1.0,True,0.9999999999999999,0.0,0.0,0.06181373937677053,1412
unfiltered_random,unfiltered_random,MTND2P16,A2a_no_conf_completeness,Remove completeness from confidence; renormalise retained components,,0.6,1412,False,1412,0,0,0,0.023896104902235364,0.85,5,1401,0.9992917847025495,5.6066262743570405e-15,1,True,True,True,True,1.0,True,0.9999999999999999,0.0,0.0,0.008799433427762036,1412
unfiltered_random,unfiltered_random,MTND2P16,A2b_no_conf_source_support,Remove source support from confidence; renormalise retained components,,0.6,1412,False,1412,0,0,0,0.02389487690919838,0.8500000000000001,5,1401,0.9992917847025495,0.0,1,True,True,True,True,1.0,True,0.9999999999999999,0.0,0.0,0.013100141643059489,1412
unfiltered_random,unfiltered_random,MTND2P16,A2c_no_conf_consistency,Remove RNA-protein consistency; renormalise retained components,,0.6,1412,False,1412,0,0,0,0.023894876909198476,0.85,5,1401,0.9992917847025495,5.828670879282072e-15,1,True,True,True,True,1.0,True,0.9999999999999999,0.0,0.0,0.004399858356940504,1412
unfiltered_random,unfiltered_random,MTND2P16,A3_equal_bio,Equal RNA/protein biological weights,,0.6,1412,False,1412,0,0,0,0.0238946050884402,0.8500000000000001,5,1401,0.9992917847025495,1.099120794378905e-14,1,True,True,True,True,1.0,True,0.9999999999999999,0.0,0.0,0.0,1412
unfiltered_random,unfiltered_random,MTND2P16,A3b_reversed_bio,Protein biological weight greater than RNA,,0.6,1412,False,1412,0,0,0,0.0238946050884402,0.8500000000000001,5,1401,0.9992917847025495,1.099120794378905e-14,1,True,True,True,True,1.0,True,0.9999999999999999,0.0,0.0,0.0,1412
unfiltered_random,unfiltered_random,MTND2P16,A4_adaptive_trust,Team baseline plus gene-level adaptive RNA trust,,0.6,1412,False,1412,0,0,0,0.0238946050884402,0.8500000000000001,5,1401,0.9992917847025495,1.099120794378905e-14,1,True,True,True,True,1.0,True,0.9999999999999999,0.0,0.0,0.0,1412
unfiltered_random,unfiltered_random,MTND2P16,A5_v3_structure,Flat v3 RNA/protein/consistency/completeness structure,,0.6,1412,False,1412,0,0,0,0.02499224398061781,0.889,5,1401,0.9992917847025495,1.099120794378905e-14,1,True,True,True,True,1.0,True,0.9999999999999999,0.0,0.0,0.006393767705382433,1412
unfiltered_random,unfiltered_random,MTND2P16,A6_v3_full,Flat v3 structure plus adaptive trust,,0.6,1412,False,1412,0,0,0,0.02499224398061781,0.889,5,1401,0.9992917847025495,1.099120794378905e-14,1,True,True,True,True,1.0,True,0.9999999999999999,0.0,0.0,0.006393767705382433,1412
unfiltered_random,unfiltered_random,MTND5P18,B0_rna_mean,RNA-only mean ranking; no protein or confidence in final score,,0.6,1412,False,1412,0,0,0,0.04210822517654829,1.0,3,1405,0.9992917847025495,8.770761894538737e-15,1,True,True,True,True,1.0,True,1.0,0.0,0.0,0.0617128895184136,1412
unfiltered_random,unfiltered_random,MTND5P18,A0_team_baseline,"Team baseline: RNA .55, protein .30, confidence .15",,0.6,1412,False,1412,0,0,0,0.03579073086160793,0.8500000000000001,3,1405,0.9992917847025495,1.099120794378905e-14,1,True,True,True,True,1.0,True,1.0,0.0,0.0,0.0,1412
unfiltered_random,unfiltered_random,MTND5P18,A1a_no_direct_protein,Remove direct protein; retain protein-derived confidence,,0.6,1412,False,1412,0,0,0,0.03579073086160793,0.8500000000000001,3,1405,0.9992917847025495,1.099120794378905e-14,1,True,True,True,True,1.0,True,1.0,0.0,0.0,0.0,1412
unfiltered_random,unfiltered_random,MTND5P18,A1b_no_protein_evidence,Remove direct protein and all protein-derived confidence,,0.6,1412,False,1412,0,0,0,0.035790730861607854,0.8500000000000001,3,1405,0.9992917847025495,8.770761894538737e-15,1,True,True,True,True,1.0,True,1.0,0.0,0.0,0.0414,1412
unfiltered_random,unfiltered_random,MTND5P18,A1c_no_protein_confidence,Retain direct protein; remove protein-derived confidence only,,0.6,1412,False,1412,0,0,0,0.035790730861607854,0.8500000000000001,3,1405,0.9992917847025495,8.770761894538737e-15,1,True,True,True,True,1.0,True,1.0,0.0,0.0,0.0414,1412
unfiltered_random,unfiltered_random,MTND5P18,A2_no_confidence,Remove the full confidence block; renormalise RNA/protein,,0.6,1412,False,1412,0,0,0,0.04210822517654829,1.0,3,1405,0.9992917847025495,1.099120794378905e-14,1,True,True,True,True,1.0,True,1.0,0.0,0.0,0.0617128895184136,1412
unfiltered_random,unfiltered_random,MTND5P18,A2a_no_conf_completeness,Remove completeness from confidence; renormalise retained components,,0.6,1412,False,1412,0,0,0,0.035790730861607827,0.85,3,1405,0.9992917847025495,5.6066262743570405e-15,1,True,True,True,True,1.0,True,1.0,0.0,0.0,0.008799999999999997,1412
unfiltered_random,unfiltered_random,MTND5P18,A2b_no_conf_source_support,Remove source support from confidence; renormalise retained components,,0.6,1412,False,1412,0,0,0,0.035790730861607736,0.8500000000000001,3,1405,0.9992917847025495,0.0,1,True,True,True,True,1.0,True,1.0,0.0,0.0,0.013099999999999999,1412
unfiltered_random,unfiltered_random,MTND5P18,A2c_no_conf_consistency,Remove RNA-protein consistency; renormalise retained components,,0.6,1412,False,1412,0,0,0,0.03579073086160784,0.85,3,1405,0.9992917847025495,5.828670879282072e-15,1,True,True,True,True,1.0,True,1.0,0.0,0.0,0.004399999999999995,1412
unfiltered_random,unfiltered_random,MTND5P18,A3_equal_bio,Equal RNA/protein biological weights,,0.6,1412,False,1412,0,0,0,0.03579073086160793,0.8500000000000001,3,1405,0.9992917847025495,1.099120794378905e-14,1,True,True,True,True,1.0,True,1.0,0.0,0.0,0.0,1412
unfiltered_random,unfiltered_random,MTND5P18,A3b_reversed_bio,Protein biological weight greater than RNA,,0.6,1412,False,1412,0,0,0,0.03579073086160793,0.8500000000000001,3,1405,0.9992917847025495,1.099120794378905e-14,1,True,True,True,True,1.0,True,1.0,0.0,0.0,0.0,1412
unfiltered_random,unfiltered_random,MTND5P18,A4_adaptive_trust,Team baseline plus gene-level adaptive RNA trust,,0.6,1412,False,1412,0,0,0,0.03579073086160793,0.8500000000000001,3,1405,0.9992917847025495,1.099120794378905e-14,1,True,True,True,True,1.0,True,1.0,0.0,0.0,0.0,1412
unfiltered_random,unfiltered_random,MTND5P18,A5_v3_structure,Flat v3 RNA/protein/consistency/completeness structure,,0.6,1412,False,1412,0,0,0,0.03743307769548887,0.889,3,1405,0.9992917847025495,1.099120794378905e-14,1,True,True,True,True,1.0,True,1.0,0.0,0.0,0.006447450424929176,1412
unfiltered_random,unfiltered_random,MTND5P18,A6_v3_full,Flat v3 structure plus adaptive trust,,0.6,1412,False,1412,0,0,0,0.03743307769548887,0.889,3,1405,0.9992917847025495,1.099120794378905e-14,1,True,True,True,True,1.0,True,1.0,0.0,0.0,0.006447450424929176,1412
unfiltered_random,unfiltered_random,NANOS3,B0_rna_mean,RNA-only mean ranking; no protein or confidence in final score,,0.6,1513,False,1412,1105,594,0,0.10403617233309631,1.0,901,66,0.5644415069398546,0.11918386434811559,3,False,True,False,True,1.0,True,0.9851955973526088,55.35294117647059,200.5,0.053444877726371444,1513
unfiltered_random,unfiltered_random,NANOS3,A0_team_baseline,"Team baseline: RNA .55, protein .30, confidence .15",,0.6,1513,False,1412,1105,594,0,0.08803767308099891,0.8631000000000001,849,65,0.6140118968935889,0.06704247159647907,3,False,True,True,True,1.0,True,0.9999999999999999,0.0,0.0,0.0,1513
unfiltered_random,unfiltered_random,NANOS3,A1a_no_direct_protein,Remove direct protein; retain protein-derived confidence,,0.6,1513,False,1412,1105,594,0,0.08803767308099891,0.8631000000000001,849,65,0.6140118968935889,0.06704247159647907,3,False,True,True,True,1.0,True,0.9999999999999999,0.0,0.0,0.0,1513
unfiltered_random,unfiltered_random,NANOS3,A1b_no_protein_evidence,Remove direct protein and all protein-derived confidence,,0.6,1513,False,1412,1105,594,0,0.08852477608845584,0.8734,859,65,0.6087243886318572,0.11918386434811602,3,False,True,False,False,0.8181818181818182,True,0.992893202299642,39.54725710508923,156.0,0.052242101784534034,1513
unfiltered_random,unfiltered_random,NANOS3,A1c_no_protein_confidence,Retain direct protein; remove protein-derived confidence only,,0.6,1513,False,1412,1105,594,0,0.08852477608845584,0.8734,859,65,0.6087243886318572,0.11918386434811602,3,False,True,False,False,0.8181818181818182,True,0.992893202299642,39.54725710508923,156.0,0.052242101784534034,1513
unfiltered_random,unfiltered_random,NANOS3,A2_no_confidence,Remove the full confidence block; renormalise RNA/protein,,0.6,1513,False,1412,1105,594,0,0.10403617233309631,1.0,901,66,0.5644415069398546,0.06704247159647825,3,False,True,False,True,1.0,True,0.9851955973526088,55.35294117647059,200.5,0.053444877726371444,1513
unfiltered_random,unfiltered_random,NANOS3,A2a_no_conf_completeness,Remove completeness from confidence; renormalise retained components,,0.6,1513,False,1412,1105,594,0,0.088413942925664,0.8719,860,65,0.6107072042300066,0.11171191267161903,3,False,True,False,False,0.8181818181818182,True,0.9947589278376757,33.78387309980172,138.0,0.005164573694646398,1513
unfiltered_random,unfiltered_random,NANOS3,A2b_no_conf_source_support,Remove source support from confidence; renormalise retained components,,0.6,1513,False,1412,1105,594,0,0.08843027402503152,0.8500000000000001,867,66,0.5988103106411103,0.0,1,True,True,False,True,1.0,True,0.9852071153966403,55.32848645076008,200.5,0.00774342366159947,1513
unfiltered_random,unfiltered_random,NANOS3,A2c_no_conf_consistency,Remove RNA-protein consistency; renormalise retained components,,0.6,1513,False,1412,1105,594,0,0.08816386373242883,0.8675,868,65,0.6067415730337079,0.08941550211781918,3,False,True,False,False,0.8181818181818182,True,0.9984612136581976,18.05023132848645,78.0,0.0025853932584269657,1513
unfiltered_random,unfiltered_random,NANOS3,A3_equal_bio,Equal RNA/protein biological weights,,0.6,1513,False,1412,1105,594,0,0.08803767308099891,0.8631000000000001,849,65,0.6140118968935889,0.06704247159647907,3,False,True,True,True,1.0,True,0.9999999999999999,0.0,0.0,0.0,1513
unfiltered_random,unfiltered_random,NANOS3,A3b_reversed_bio,Protein biological weight greater than RNA,,0.6,1513,False,1412,1105,594,0,0.08803767308099891,0.8631000000000001,849,65,0.6140118968935889,0.06704247159647907,3,False,True,True,True,1.0,True,0.9999999999999999,0.0,0.0,0.0,1513
unfiltered_random,unfiltered_random,NANOS3,A4_adaptive_trust,Team baseline plus gene-level adaptive RNA trust,,0.6,1513,False,1412,1105,594,0,0.08803767308099891,0.8631000000000001,849,65,0.6140118968935889,0.06704247159647907,3,False,True,True,True,1.0,True,0.9999999999999999,0.0,0.0,0.0,1513
unfiltered_random,unfiltered_random,NANOS3,A5_v3_structure,Flat v3 RNA/protein/consistency/completeness structure,,0.6,1513,False,1412,1105,594,0,0.09248711435586507,0.889,871,66,0.5961665565102445,0.06704247159647825,3,False,True,False,True,1.0,True,0.9851817222265042,55.364177131526766,200.5,0.015409781890284201,1513
unfiltered_random,unfiltered_random,NANOS3,A6_v3_full,Flat v3 structure plus adaptive trust,,0.6,1513,False,1412,1105,594,0,0.09248711435586507,0.889,871,66,0.5961665565102445,0.06704247159647825,3,False,True,False,True,1.0,True,0.9851817222265042,55.364177131526766,200.5,0.015409781890284201,1513
unfiltered_random,unfiltered_random,NSF,B0_rna_mean,RNA-only mean ranking; no protein or confidence in final score,0.5760087801781572,1.0,1513,True,1412,1105,594,375,0.08095561353226358,1.0,1152,4,0.42564441506939854,0.11918386434811633,3,False,True,False,False,0.5384615384615384,False,0.9336565184534847,102.97290152015863,997.5,0.04135816259087905,1513
unfiltered_random,unfiltered_random,NSF,A0_team_baseline,"Team baseline: RNA .55, protein .30, confidence .15",0.5760087801781572,1.0,1513,True,1412,1105,594,375,0.07396397988457055,0.8644000000000001,1146,6,0.43621943159286186,0.18753700362510392,328,False,True,True,True,1.0,True,0.9999999999999999,0.0,0.0,0.0,1513
unfiltered_random,unfiltered_random,NSF,A1a_no_direct_protein,Remove direct protein; retain protein-derived confidence,0.5760087801781572,1.0,1513,True,1412,1105,594,375,0.07682453228331576,0.8623000000000001,1158,6,0.42233972240581624,0.18753700362510395,328,False,True,False,False,0.42857142857142855,False,0.7938876435247643,210.00594844679443,1147.5,0.02081037673496365,1513
unfiltered_random,unfiltered_random,NSF,A1b_no_protein_evidence,Remove direct protein and all protein-derived confidence,0.5760087801781572,1.0,1513,True,1412,1105,594,375,0.07358660093304213,0.8726,1126,6,0.4540647719762062,0.11918386434811666,3,False,True,False,False,0.6666666666666666,False,0.909576956607416,120.89755452742895,1011.5,0.06034923992068738,1513
unfiltered_random,unfiltered_random,NSF,A1c_no_protein_confidence,Retain direct protein; remove protein-derived confidence only,0.5760087801781572,1.0,1513,True,1412,1105,594,375,0.07912988478271288,0.8726,1160,5,0.42101784534038333,0.11918386434811606,3,False,True,False,False,0.6666666666666666,False,0.9550364557896568,95.3615333773959,541.0,0.03981249173826834,1513
unfiltered_random,unfiltered_random,NSF,A2_no_confidence,Remove the full confidence block; renormalise RNA/protein,0.5760087801781572,1.0,1513,True,1412,1105,594,375,0.09216938058877379,1.0,1213,6,0.364177131526768,0.18753700362510412,328,False,True,False,False,0.6666666666666666,False,0.9192461581374652,130.63185723727693,548.5,0.036016259087904824,1513
unfiltered_random,unfiltered_random,NSF,A2a_no_conf_completeness,Remove completeness from confidence; renormalise retained components,0.5760087801781572,1.0,1513,True,1412,1105,594,375,0.07650328321355011,0.8711,1145,5,0.43423661599471247,0.18306643247729731,349,False,True,False,False,0.8181818181818182,False,0.9936701449216426,36.8512888301388,167.0,0.006267812293456709,1513
unfiltered_random,unfiltered_random,NSF,A2b_no_conf_source_support,Remove source support from confidence; renormalise retained components,0.5760087801781572,1.0,1513,True,1412,1105,594,375,0.07267950553201405,0.8500000000000001,1113,5,0.46596166556510243,0.17081638909747882,333,False,True,False,False,0.8181818181818182,False,0.9890675092220217,47.03833443489756,202.5,0.00719762062128222,1513
unfiltered_random,unfiltered_random,NSF,A2c_no_conf_consistency,Remove RNA-protein consistency; renormalise retained components,0.5760087801781572,1.0,1513,True,1412,1105,594,375,0.07399678005385059,0.8735,1114,5,0.4606741573033708,0.219570151996872,6,False,True,False,True,1.0,True,0.9964828607170986,27.63648380700595,150.0,0.0041165234633179105,1513
unfiltered_random,unfiltered_random,NSF,A3_equal_bio,Equal RNA/protein biological weights,0.5760087801781572,1.0,1513,True,1412,1105,594,375,0.07901224532051868,0.8801,1180,7,0.4005287508261732,0.18753700362510403,328,False,True,False,False,0.8181818181818182,True,0.9777291222513835,67.22802379378717,517.0,0.008670786516853934,1513
unfiltered_random,unfiltered_random,NSF,A3b_reversed_bio,Protein biological weight greater than RNA,0.5760087801781572,1.0,1513,True,1412,1105,594,375,0.08703483065045994,0.8958,1199,6,0.3780568407138136,0.18753700362510392,328,False,True,False,False,0.8181818181818182,True,0.9341976895741928,114.48512888301389,828.5,0.017341705221414407,1513
unfiltered_random,unfiltered_random,NSF,A4_adaptive_trust,Team baseline plus gene-level adaptive RNA trust,0.5760087801781572,1.0,1513,True,1412,1105,594,375,0.07396397988457055,0.8644000000000001,1146,6,0.43621943159286186,0.18753700362510392,328,False,True,True,True,1.0,True,0.9999999999999999,0.0,0.0,0.0,1513
unfiltered_random,unfiltered_random,NSF,A5_v3_structure,Flat v3 RNA/protein/consistency/completeness structure,0.5760087801781572,1.0,1513,True,1412,1105,594,375,0.07542558449828814,0.889,1138,4,0.4507600793126239,0.18753700362510414,328,False,True,False,False,0.8181818181818182,False,0.9841075908377827,55.05816259087905,457.5,0.012697157964309319,1513
unfiltered_random,unfiltered_random,NSF,A6_v3_full,Flat v3 structure plus adaptive trust,0.5760087801781572,1.0,1513,True,1412,1105,594,375,0.07542558449828814,0.889,1138,4,0.4507600793126239,0.18753700362510414,328,False,True,False,False,0.8181818181818182,False,0.9841075908377827,55.05816259087905,457.5,0.012697157964309319,1513
unfiltered_random,unfiltered_random,OR1F12,B0_rna_mean,RNA-only mean ranking; no protein or confidence in final score,,0.6,1412,False,1412,0,0,0,0.08112235012125509,1.0,33,867,0.9915014164305949,8.770761894538737e-15,1,True,True,True,True,1.0,True,0.9999999999999999,0.0,0.0,0.05584341359773371,1412
unfiltered_random,unfiltered_random,OR1F12,A0_team_baseline,"Team baseline: RNA .55, protein .30, confidence .15",,0.6,1412,False,1412,0,0,0,0.0689423304126957,0.8500000000000001,33,867,0.9915014164305949,1.099120794378905e-14,1,True,True,True,True,1.0,True,0.9999999999999999,0.0,0.0,0.0,1412
unfiltered_random,unfiltered_random,OR1F12,A1a_no_direct_protein,Remove direct protein; retain protein-derived confidence,,0.6,1412,False,1412,0,0,0,0.0689423304126957,0.8500000000000001,33,867,0.9915014164305949,1.099120794378905e-14,1,True,True,True,True,1.0,True,0.9999999999999999,0.0,0.0,0.0,1412
unfiltered_random,unfiltered_random,OR1F12,A1b_no_protein_evidence,Remove direct protein and all protein-derived confidence,,0.6,1412,False,1412,0,0,0,0.06895880238924118,0.8500000000000001,33,867,0.9915014164305949,8.770761894538737e-15,1,True,True,True,True,1.0,True,0.9999999999999999,0.0,0.0,0.04142507082152974,1412
unfiltered_random,unfiltered_random,OR1F12,A1c_no_protein_confidence,Retain direct protein; remove protein-derived confidence only,,0.6,1412,False,1412,0,0,0,0.06895880238924118,0.8500000000000001,33,867,0.9915014164305949,8.770761894538737e-15,1,True,True,True,True,1.0,True,0.9999999999999999,0.0,0.0,0.04142507082152974,1412
unfiltered_random,unfiltered_random,OR1F12,A2_no_confidence,Remove the full confidence block; renormalise RNA/protein,,0.6,1412,False,1412,0,0,0,0.08112235012125509,1.0,33,867,0.9915014164305949,1.099120794378905e-14,1,True,True,True,True,1.0,True,0.9999999999999999,0.0,0.0,0.05584341359773371,1412
unfiltered_random,unfiltered_random,OR1F12,A2a_no_conf_completeness,Remove completeness from confidence; renormalise retained components,,0.6,1412,False,1412,0,0,0,0.06895880238924286,0.85,33,867,0.9915014164305949,5.6066262743570405e-15,1,True,True,True,True,1.0,True,0.9999999999999999,0.0,0.0,0.008774929178470253,1412
unfiltered_random,unfiltered_random,OR1F12,A2b_no_conf_source_support,Remove source support from confidence; renormalise retained components,,0.6,1412,False,1412,0,0,0,0.0689564191180055,0.8500000000000001,33,867,0.9915014164305949,0.0,1,True,True,True,True,1.0,True,0.9999999999999999,0.0,0.0,0.013115439093484421,1412
unfiltered_random,unfiltered_random,OR1F12,A2c_no_conf_consistency,Remove RNA-protein consistency; renormalise retained components,,0.6,1412,False,1412,0,0,0,0.06895641911800782,0.85,33,867,0.9915014164305949,5.828670879282072e-15,1,True,True,True,True,1.0,True,0.9999999999999999,0.0,0.0,0.004384560906515577,1412
unfiltered_random,unfiltered_random,OR1F12,A3_equal_bio,Equal RNA/protein biological weights,,0.6,1412,False,1412,0,0,0,0.0689423304126957,0.8500000000000001,33,867,0.9915014164305949,1.099120794378905e-14,1,True,True,True,True,1.0,True,0.9999999999999999,0.0,0.0,0.0,1412
unfiltered_random,unfiltered_random,OR1F12,A3b_reversed_bio,Protein biological weight greater than RNA,,0.6,1412,False,1412,0,0,0,0.0689423304126957,0.8500000000000001,33,867,0.9915014164305949,1.099120794378905e-14,1,True,True,True,True,1.0,True,0.9999999999999999,0.0,0.0,0.0,1412
unfiltered_random,unfiltered_random,OR1F12,A4_adaptive_trust,Team baseline plus gene-level adaptive RNA trust,,0.6,1412,False,1412,0,0,0,0.0689423304126957,0.8500000000000001,33,867,0.9915014164305949,1.099120794378905e-14,1,True,True,True,True,1.0,True,0.9999999999999999,0.0,0.0,0.0,1412
unfiltered_random,unfiltered_random,OR1F12,A5_v3_structure,Flat v3 RNA/protein/consistency/completeness structure,,0.6,1412,False,1412,0,0,0,0.07211837100612858,0.889,33,867,0.9915014164305949,1.099120794378905e-14,1,True,True,True,True,1.0,True,0.9999999999999999,0.0,0.0,0.0052663597733711,1412
unfiltered_random,unfiltered_random,OR1F12,A6_v3_full,Flat v3 structure plus adaptive trust,,0.6,1412,False,1412,0,0,0,0.07211837100612858,0.889,33,867,0.9915014164305949,1.099120794378905e-14,1,True,True,True,True,1.0,True,0.9999999999999999,0.0,0.0,0.0052663597733711,1412
unfiltered_random,unfiltered_random,OR2AH1P,B0_rna_mean,RNA-only mean ranking; no protein or confidence in final score,,0.6,1412,False,1412,0,0,0,0.043859549830662585,1.0,7,1398,0.9978753541076487,8.770761894538737e-15,1,True,True,True,True,1.0,True,1.0,0.0,0.0,0.061684560906515584,1412
unfiltered_random,unfiltered_random,OR2AH1P,A0_team_baseline,"Team baseline: RNA .55, protein .30, confidence .15",,0.6,1412,False,1412,0,0,0,0.037277797118474607,0.8500000000000001,7,1398,0.9978753541076487,1.099120794378905e-14,1,True,True,True,True,1.0,True,1.0,0.0,0.0,0.0,1412
unfiltered_random,unfiltered_random,OR2AH1P,A1a_no_direct_protein,Remove direct protein; retain protein-derived confidence,,0.6,1412,False,1412,0,0,0,0.037277797118474607,0.8500000000000001,7,1398,0.9978753541076487,1.099120794378905e-14,1,True,True,True,True,1.0,True,1.0,0.0,0.0,0.0,1412
unfiltered_random,unfiltered_random,OR2AH1P,A1b_no_protein_evidence,Remove direct protein and all protein-derived confidence,,0.6,1412,False,1412,0,0,0,0.037282164955494156,0.8500000000000001,7,1398,0.9978753541076487,8.770761894538737e-15,1,True,True,True,True,1.0,True,1.0,0.0,0.0,0.04140084985835694,1412
unfiltered_random,unfiltered_random,OR2AH1P,A1c_no_protein_confidence,Retain direct protein; remove protein-derived confidence only,,0.6,1412,False,1412,0,0,0,0.037282164955494156,0.8500000000000001,7,1398,0.9978753541076487,8.770761894538737e-15,1,True,True,True,True,1.0,True,1.0,0.0,0.0,0.04140084985835694,1412
unfiltered_random,unfiltered_random,OR2AH1P,A2_no_confidence,Remove the full confidence block; renormalise RNA/protein,,0.6,1412,False,1412,0,0,0,0.043859549830662585,1.0,7,1398,0.9978753541076487,1.099120794378905e-14,1,True,True,True,True,1.0,True,1.0,0.0,0.0,0.061684560906515584,1412
unfiltered_random,unfiltered_random,OR2AH1P,A2a_no_conf_completeness,Remove completeness from confidence; renormalise retained components,,0.6,1412,False,1412,0,0,0,0.037281433378552234,0.85,7,1398,0.9978753541076487,5.6066262743570405e-15,1,True,True,True,True,1.0,True,1.0,0.0,0.0,0.008799291784702547,1412
unfiltered_random,unfiltered_random,OR2AH1P,A2b_no_conf_source_support,Remove source support from confidence; renormalise retained components,,0.6,1412,False,1412,0,0,0,0.03727779711847439,0.8500000000000001,7,1398,0.9978753541076487,0.0,1,True,True,True,True,1.0,True,1.0,0.0,0.0,0.013099999999999999,1412
unfiltered_random,unfiltered_random,OR2AH1P,A2c_no_conf_consistency,Remove RNA-protein consistency; renormalise retained components,,0.6,1412,False,1412,0,0,0,0.0372777971184745,0.85,7,1398,0.9978753541076487,5.828670879282072e-15,1,True,True,True,True,1.0,True,1.0,0.0,0.0,0.004399999999999995,1412
unfiltered_random,unfiltered_random,OR2AH1P,A3_equal_bio,Equal RNA/protein biological weights,,0.6,1412,False,1412,0,0,0,0.037277797118474607,0.8500000000000001,7,1398,0.9978753541076487,1.099120794378905e-14,1,True,True,True,True,1.0,True,1.0,0.0,0.0,0.0,1412
unfiltered_random,unfiltered_random,OR2AH1P,A3b_reversed_bio,Protein biological weight greater than RNA,,0.6,1412,False,1412,0,0,0,0.037277797118474607,0.8500000000000001,7,1398,0.9978753541076487,1.099120794378905e-14,1,True,True,True,True,1.0,True,1.0,0.0,0.0,0.0,1412
unfiltered_random,unfiltered_random,OR2AH1P,A4_adaptive_trust,Team baseline plus gene-level adaptive RNA trust,,0.6,1412,False,1412,0,0,0,0.037277797118474607,0.8500000000000001,7,1398,0.9978753541076487,1.099120794378905e-14,1,True,True,True,True,1.0,True,1.0,0.0,0.0,0.0,1412
unfiltered_random,unfiltered_random,OR2AH1P,A5_v3_structure,Flat v3 RNA/protein/consistency/completeness structure,,0.6,1412,False,1412,0,0,0,0.03898900611642062,0.889,7,1398,0.9978753541076487,1.099120794378905e-14,1,True,True,True,True,1.0,True,1.0,0.0,0.0,0.006420113314447588,1412
unfiltered_random,unfiltered_random,OR2AH1P,A6_v3_full,Flat v3 structure plus adaptive trust,,0.6,1412,False,1412,0,0,0,0.03898900611642062,0.889,7,1398,0.9978753541076487,1.099120794378905e-14,1,True,True,True,True,1.0,True,1.0,0.0,0.0,0.006420113314447588,1412
unfiltered_random,unfiltered_random,OR2C3,B0_rna_mean,RNA-only mean ranking; no protein or confidence in final score,,0.6,1476,False,1412,1105,0,0,0.04447386633695379,1.0,85,796,0.962059620596206,0.07089474244752272,2,False,True,False,True,1.0,True,0.2870324098004932,377.0338753387534,855.0,0.06964993224932249,1476
unfiltered_random,unfiltered_random,OR2C3,A0_team_baseline,"Team baseline: RNA .55, protein .30, confidence .15",,0.6,1476,False,1412,1105,0,0,0.03842191943005178,0.8631000000000001,85,796,0.962059620596206,0.039892539962432826,2,False,True,True,True,1.0,True,1.0,0.0,0.0,0.0,1476
unfiltered_random,unfiltered_random,OR2C3,A1a_no_direct_protein,Remove direct protein; retain protein-derived confidence,,0.6,1476,False,1412,1105,0,0,0.03842191943005178,0.8631000000000001,85,796,0.962059620596206,0.039892539962432826,2,False,True,True,True,1.0,True,1.0,0.0,0.0,0.0,1476
unfiltered_random,unfiltered_random,OR2C3,A1b_no_protein_evidence,Remove direct protein and all protein-derived confidence,,0.6,1476,False,1412,1105,0,0,0.03953126159876597,0.8734,84,796,0.9634146341463414,0.07089474244752375,2,False,True,False,True,1.0,True,0.9885800144028959,9.54539295392954,845.0,0.0486290650406504,1476
unfiltered_random,unfiltered_random,OR2C3,A1c_no_protein_confidence,Retain direct protein; remove protein-derived confidence only,,0.6,1476,False,1412,1105,0,0,0.03953126159876597,0.8734,84,796,0.9634146341463414,0.07089474244752375,2,False,True,False,True,1.0,True,0.9885800144028959,9.54539295392954,845.0,0.0486290650406504,1476
unfiltered_random,unfiltered_random,OR2C3,A2_no_confidence,Remove the full confidence block; renormalise RNA/protein,,0.6,1476,False,1412,1105,0,0,0.04447386633695379,1.0,85,796,0.962059620596206,0.039892539962432784,2,False,True,False,True,1.0,True,0.2870324098004932,377.0338753387534,855.0,0.06964993224932249,1476
unfiltered_random,unfiltered_random,OR2C3,A2a_no_conf_completeness,Remove completeness from confidence; renormalise retained components,,0.6,1476,False,1412,1105,0,0,0.039336795725736444,0.8719,84,796,0.9634146341463414,0.06647236944597405,2,False,True,False,True,1.0,True,0.9885899031197851,9.504742547425474,845.0,0.0025702574525745254,1476
unfiltered_random,unfiltered_random,OR2C3,A2b_no_conf_source_support,Remove source support from confidence; renormalise retained components,,0.6,1476,False,1412,1105,0,0,0.03779657806935177,0.8500000000000001,84,796,0.962059620596206,0.0,1,True,True,False,True,1.0,True,0.28696352832137445,377.30758807588074,855.0,0.003860907859078591,1476
unfiltered_random,unfiltered_random,OR2C3,A2c_no_conf_consistency,Remove RNA-protein consistency; renormalise retained components,,0.6,1476,False,1412,1105,0,0,0.03883667078039311,0.8675,85,796,0.962059620596206,0.05320525044132514,2,False,True,False,True,1.0,True,0.993584583828839,5.497289972899729,833.0,0.0012966124661246612,1476
unfiltered_random,unfiltered_random,OR2C3,A3_equal_bio,Equal RNA/protein biological weights,,0.6,1476,False,1412,1105,0,0,0.03842191943005178,0.8631000000000001,85,796,0.962059620596206,0.039892539962432826,2,False,True,True,True,1.0,True,1.0,0.0,0.0,0.0,1476
unfiltered_random,unfiltered_random,OR2C3,A3b_reversed_bio,Protein biological weight greater than RNA,,0.6,1476,False,1412,1105,0,0,0.03842191943005178,0.8631000000000001,85,796,0.962059620596206,0.039892539962432826,2,False,True,True,True,1.0,True,1.0,0.0,0.0,0.0,1476
unfiltered_random,unfiltered_random,OR2C3,A4_adaptive_trust,Team baseline plus gene-level adaptive RNA trust,,0.6,1476,False,1412,1105,0,0,0.03842191943005178,0.8631000000000001,85,796,0.962059620596206,0.039892539962432826,2,False,True,True,True,1.0,True,1.0,0.0,0.0,0.0,1476
unfiltered_random,unfiltered_random,OR2C3,A5_v3_structure,Flat v3 RNA/protein/consistency/completeness structure,,0.6,1476,False,1412,1105,0,0,0.03953837445850635,0.889,84,796,0.9627371273712737,0.039892539962432784,2,False,True,False,True,1.0,True,0.287028525753421,377.03523035230353,856.0,0.015295257452574531,1476
unfiltered_random,unfiltered_random,OR2C3,A6_v3_full,Flat v3 structure plus adaptive trust,,0.6,1476,False,1412,1105,0,0,0.03953837445850635,0.889,84,796,0.9627371273712737,0.039892539962432784,2,False,True,False,True,1.0,True,0.287028525753421,377.03523035230353,856.0,0.015295257452574531,1476
unfiltered_random,unfiltered_random,OR5H15,B0_rna_mean,RNA-only mean ranking; no protein or confidence in final score,,0.6,1476,False,1412,1105,0,0,0.030899155077631954,1.0,11,1028,0.997289972899729,0.07089474244752401,2,False,True,False,False,0.8333333333333334,True,0.7927061075246512,89.1680216802168,1028.0,0.07098956639566395,1476
unfiltered_random,unfiltered_random,OR5H15,A0_team_baseline,"Team baseline: RNA .55, protein .30, confidence .15",,0.6,1476,False,1412,1105,0,0,0.02702234634117254,0.8631000000000001,11,1028,0.997289972899729,0.03989253996243289,2,False,True,True,True,1.0,True,1.0,0.0,0.0,0.0,1476
unfiltered_random,unfiltered_random,OR5H15,A1a_no_direct_protein,Remove direct protein; retain protein-derived confidence,,0.6,1476,False,1412,1105,0,0,0.02702234634117254,0.8631000000000001,11,1028,0.997289972899729,0.03989253996243289,2,False,True,True,True,1.0,True,1.0,0.0,0.0,0.0,1476
unfiltered_random,unfiltered_random,OR5H15,A1b_no_protein_evidence,Remove direct protein and all protein-derived confidence,,0.6,1476,False,1412,1105,0,0,0.02849760644703646,0.8734,11,1028,0.997289972899729,0.07089474244752333,2,False,True,True,True,1.0,True,1.0,0.0,0.0,0.04866382113821137,1476
unfiltered_random,unfiltered_random,OR5H15,A1c_no_protein_confidence,Retain direct protein; remove protein-derived confidence only,,0.6,1476,False,1412,1105,0,0,0.02849760644703646,0.8734,11,1028,0.997289972899729,0.07089474244752333,2,False,True,True,True,1.0,True,1.0,0.0,0.0,0.04866382113821137,1476
unfiltered_random,unfiltered_random,OR5H15,A2_no_confidence,Remove the full confidence block; renormalise RNA/protein,,0.6,1476,False,1412,1105,0,0,0.030899155077631954,1.0,11,1028,0.997289972899729,0.039892539962432826,2,False,True,False,False,0.8333333333333334,True,0.7927061075246512,89.1680216802168,1028.0,0.07098956639566395,1476
unfiltered_random,unfiltered_random,OR5H15,A2a_no_conf_completeness,Remove completeness from confidence; renormalise retained components,,0.6,1476,False,1412,1105,0,0,0.028239976974875774,0.8719,11,1028,0.997289972899729,0.06647236944597416,2,False,True,True,True,1.0,True,1.0,0.0,0.0,0.002593360433604335,1476
unfiltered_random,unfiltered_random,OR5H15,A2b_no_conf_source_support,Remove source support from confidence; renormalise retained components,,0.6,1476,False,1412,1105,0,0,0.026262082821245262,0.8500000000000001,11,1028,0.997289972899729,0.0,1,True,True,False,False,0.8333333333333334,True,0.7927061075246512,89.1680216802168,1028.0,0.003860907859078591,1476
unfiltered_random,unfiltered_random,OR5H15,A2c_no_conf_consistency,Remove RNA-protein consistency; renormalise retained components,,0.6,1476,False,1412,1105,0,0,0.027565066772439292,0.8675,11,1028,0.997289972899729,0.05320525044132504,2,False,True,True,True,1.0,True,1.0,0.0,0.0,0.00129661246612466,1476
unfiltered_random,unfiltered_random,OR5H15,A3_equal_bio,Equal RNA/protein biological weights,,0.6,1476,False,1412,1105,0,0,0.02702234634117254,0.8631000000000001,11,1028,0.997289972899729,0.03989253996243289,2,False,True,True,True,1.0,True,1.0,0.0,0.0,0.0,1476
unfiltered_random,unfiltered_random,OR5H15,A3b_reversed_bio,Protein biological weight greater than RNA,,0.6,1476,False,1412,1105,0,0,0.02702234634117254,0.8631000000000001,11,1028,0.997289972899729,0.03989253996243289,2,False,True,True,True,1.0,True,1.0,0.0,0.0,0.0,1476
unfiltered_random,unfiltered_random,OR5H15,A4_adaptive_trust,Team baseline plus gene-level adaptive RNA trust,,0.6,1476,False,1412,1105,0,0,0.02702234634117254,0.8631000000000001,11,1028,0.997289972899729,0.03989253996243289,2,False,True,True,True,1.0,True,1.0,0.0,0.0,0.0,1476
unfiltered_random,unfiltered_random,OR5H15,A5_v3_structure,Flat v3 RNA/protein/consistency/completeness structure,,0.6,1476,False,1412,1105,0,0,0.027467441372877228,0.889,11,1028,0.997289972899729,0.039892539962432826,2,False,True,False,False,0.8333333333333334,True,0.7927061075246512,89.1680216802168,1028.0,0.015610840108401088,1476
unfiltered_random,unfiltered_random,OR5H15,A6_v3_full,Flat v3 structure plus adaptive trust,,0.6,1476,False,1412,1105,0,0,0.027467441372877228,0.889,11,1028,0.997289972899729,0.039892539962432826,2,False,True,False,False,0.8333333333333334,True,0.7927061075246512,89.1680216802168,1028.0,0.015610840108401088,1476
unfiltered_random,unfiltered_random,PDYN,B0_rna_mean,RNA-only mean ranking; no protein or confidence in final score,,0.6,1513,False,1412,1105,594,0,0.034900457454392755,1.0,354,398,0.88433575677462,0.11918386434811713,3,False,True,False,False,0.8181818181818182,True,0.5760467526744806,275.6748182419035,981.5,0.06843483146067417,1513
unfiltered_random,unfiltered_random,PDYN,A0_team_baseline,"Team baseline: RNA .55, protein .30, confidence .15",,0.6,1513,False,1412,1105,594,0,0.031379757838640915,0.8631000000000001,351,393,0.8803701255783212,0.06704247159647904,3,False,True,True,True,1.0,True,1.0,0.0,0.0,0.0,1513
unfiltered_random,unfiltered_random,PDYN,A1a_no_direct_protein,Remove direct protein; retain protein-derived confidence,,0.6,1513,False,1412,1105,594,0,0.031379757838640915,0.8631000000000001,351,393,0.8803701255783212,0.06704247159647904,3,False,True,True,True,1.0,True,1.0,0.0,0.0,0.0,1513
unfiltered_random,unfiltered_random,PDYN,A1b_no_protein_evidence,Remove direct protein and all protein-derived confidence,,0.6,1513,False,1412,1105,594,0,0.034718987042498116,0.8734,371,392,0.8730998017184401,0.1191838643481168,3,False,True,False,True,1.0,True,0.9862383099739673,27.564441506939854,640.0,0.05225789821546596,1513
unfiltered_random,unfiltered_random,PDYN,A1c_no_protein_confidence,Retain direct protein; remove protein-derived confidence only,,0.6,1513,False,1412,1105,594,0,0.034718987042498116,0.8734,371,392,0.8730998017184401,0.1191838643481168,3,False,True,False,True,1.0,True,0.9862383099739673,27.564441506939854,640.0,0.05225789821546596,1513
unfiltered_random,unfiltered_random,PDYN,A2_no_confidence,Remove the full confidence block; renormalise RNA/protein,,0.6,1513,False,1412,1105,594,0,0.034900457454392755,1.0,354,398,0.88433575677462,0.06704247159647851,3,False,True,False,False,0.8181818181818182,True,0.5760467526744806,275.6748182419035,981.5,0.06843483146067417,1513
unfiltered_random,unfiltered_random,PDYN,A2a_no_conf_completeness,Remove completeness from confidence; renormalise retained components,,0.6,1513,False,1412,1105,594,0,0.03415091134387648,0.8719,373,392,0.8711169861202908,0.11171191267161888,3,False,True,False,True,1.0,True,0.9892603941409472,24.378056840713814,594.5,0.005155717118307998,1513
unfiltered_random,unfiltered_random,PDYN,A2b_no_conf_source_support,Remove source support from confidence; renormalise retained components,,0.6,1513,False,1412,1105,594,0,0.02966799298223466,0.8500000000000001,328,397,0.900198281559815,0.0,1,True,True,False,False,0.8181818181818182,True,0.5769525232482939,274.9358889623265,982.0,0.007743952412425644,1513
unfiltered_random,unfiltered_random,PDYN,A2c_no_conf_consistency,Remove RNA-protein consistency; renormalise retained components,,0.6,1513,False,1412,1105,594,0,0.032628069500162296,0.8675,360,392,0.8783873099801719,0.08941550211781812,3,False,True,False,True,1.0,True,0.9947058285340684,15.580964970257766,501.0,0.0025848645076007935,1513
unfiltered_random,unfiltered_random,PDYN,A3_equal_bio,Equal RNA/protein biological weights,,0.6,1513,False,1412,1105,594,0,0.031379757838640915,0.8631000000000001,351,393,0.8803701255783212,0.06704247159647904,3,False,True,True,True,1.0,True,1.0,0.0,0.0,0.0,1513
unfiltered_random,unfiltered_random,PDYN,A3b_reversed_bio,Protein biological weight greater than RNA,,0.6,1513,False,1412,1105,594,0,0.031379757838640915,0.8631000000000001,351,393,0.8803701255783212,0.06704247159647904,3,False,True,True,True,1.0,True,1.0,0.0,0.0,0.0,1513
unfiltered_random,unfiltered_random,PDYN,A4_adaptive_trust,Team baseline plus gene-level adaptive RNA trust,,0.6,1513,False,1412,1105,594,0,0.031379757838640915,0.8631000000000001,351,393,0.8803701255783212,0.06704247159647904,3,False,True,True,True,1.0,True,1.0,0.0,0.0,0.0,1513
unfiltered_random,unfiltered_random,PDYN,A5_v3_structure,Flat v3 RNA/protein/consistency/completeness structure,,0.6,1513,False,1412,1105,594,0,0.031025876209159173,0.889,333,395,0.898876404494382,0.06704247159647851,3,False,True,False,False,0.8181818181818182,True,0.5747740301725991,276.43159286186386,982.0,0.0183309980171844,1513
unfiltered_random,unfiltered_random,PDYN,A6_v3_full,Flat v3 structure plus adaptive trust,,0.6,1513,False,1412,1105,594,0,0.031025876209159173,0.889,333,395,0.898876404494382,0.06704247159647851,3,False,True,False,False,0.8181818181818182,True,0.5747740301725991,276.43159286186386,982.0,0.0183309980171844,1513
unfiltered_random,unfiltered_random,PGM5P4-AS1,B0_rna_mean,RNA-only mean ranking; no protein or confidence in final score,,0.6,1412,False,1412,0,0,0,0.0987013777727302,1.0,129,926,0.9405099150141643,8.770761894538737e-15,1,True,True,False,True,1.0,True,0.9999966180419637,0.04745042492917847,33.5,0.05858307365439093,1412
unfiltered_random,unfiltered_random,PGM5P4-AS1,A0_team_baseline,"Team baseline: RNA .55, protein .30, confidence .15",,0.6,1412,False,1412,0,0,0,0.08389233946905812,0.8500000000000001,128,926,0.9412181303116147,1.099120794378905e-14,1,True,True,True,True,1.0,True,1.0,0.0,0.0,0.0,1412
unfiltered_random,unfiltered_random,PGM5P4-AS1,A1a_no_direct_protein,Remove direct protein; retain protein-derived confidence,,0.6,1412,False,1412,0,0,0,0.08389233946905812,0.8500000000000001,128,926,0.9412181303116147,1.099120794378905e-14,1,True,True,True,True,1.0,True,1.0,0.0,0.0,0.0,1412
unfiltered_random,unfiltered_random,PGM5P4-AS1,A1b_no_protein_evidence,Remove direct protein and all protein-derived confidence,,0.6,1412,False,1412,0,0,0,0.08390133192736016,0.8500000000000001,129,926,0.9405099150141643,8.770761894538737e-15,1,True,True,False,True,1.0,True,0.9999993541888572,0.020538243626062325,14.5,0.041422450424929175,1412
unfiltered_random,unfiltered_random,PGM5P4-AS1,A1c_no_protein_confidence,Retain direct protein; remove protein-derived confidence only,,0.6,1412,False,1412,0,0,0,0.08390133192736016,0.8500000000000001,129,926,0.9405099150141643,8.770761894538737e-15,1,True,True,False,True,1.0,True,0.9999993541888572,0.020538243626062325,14.5,0.041422450424929175,1412
unfiltered_random,unfiltered_random,PGM5P4-AS1,A2_no_confidence,Remove the full confidence block; renormalise RNA/protein,,0.6,1412,False,1412,0,0,0,0.0987013777727302,1.0,129,926,0.9405099150141643,1.099120794378905e-14,1,True,True,False,True,1.0,True,0.9999966180419637,0.04745042492917847,33.5,0.05858307365439093,1412
unfiltered_random,unfiltered_random,PGM5P4-AS1,A2a_no_conf_completeness,Remove completeness from confidence; renormalise retained components,,0.6,1412,False,1412,0,0,0,0.08389945166140934,0.85,128,926,0.9412181303116147,5.6066262743570405e-15,1,True,True,True,True,1.0,True,1.0,0.0,0.0,0.008780878186968837,1412
unfiltered_random,unfiltered_random,PGM5P4-AS1,A2b_no_conf_source_support,Remove source support from confidence; renormalise retained components,,0.6,1412,False,1412,0,0,0,0.0838948098693676,0.8500000000000001,129,926,0.9405099150141643,0.0,1,True,True,False,True,1.0,True,0.9999966180419637,0.04745042492917847,33.5,0.013111118980169973,1412
unfiltered_random,unfiltered_random,PGM5P4-AS1,A2c_no_conf_consistency,Remove RNA-protein consistency; renormalise retained components,,0.6,1412,False,1412,0,0,0,0.08389480986936704,0.85,129,926,0.9405099150141643,5.828670879282072e-15,1,True,True,False,True,1.0,True,0.9999966180419637,0.04745042492917847,33.5,0.004388881019830025,1412
unfiltered_random,unfiltered_random,PGM5P4-AS1,A3_equal_bio,Equal RNA/protein biological weights,,0.6,1412,False,1412,0,0,0,0.08389233946905812,0.8500000000000001,128,926,0.9412181303116147,1.099120794378905e-14,1,True,True,True,True,1.0,True,1.0,0.0,0.0,0.0,1412
unfiltered_random,unfiltered_random,PGM5P4-AS1,A3b_reversed_bio,Protein biological weight greater than RNA,,0.6,1412,False,1412,0,0,0,0.08389233946905812,0.8500000000000001,128,926,0.9412181303116147,1.099120794378905e-14,1,True,True,True,True,1.0,True,1.0,0.0,0.0,0.0,1412
unfiltered_random,unfiltered_random,PGM5P4-AS1,A4_adaptive_trust,Team baseline plus gene-level adaptive RNA trust,,0.6,1412,False,1412,0,0,0,0.08389233946905812,0.8500000000000001,128,926,0.9412181303116147,1.099120794378905e-14,1,True,True,True,True,1.0,True,1.0,0.0,0.0,0.0,1412
unfiltered_random,unfiltered_random,PGM5P4-AS1,A5_v3_structure,Flat v3 RNA/protein/consistency/completeness structure,,0.6,1412,False,1412,0,0,0,0.0877443151777823,0.889,128,926,0.9412181303116147,1.099120794378905e-14,1,True,True,True,True,1.0,True,1.0,0.0,0.0,0.006141855524079317,1412
unfiltered_random,unfiltered_random,PGM5P4-AS1,A6_v3_full,Flat v3 structure plus adaptive trust,,0.6,1412,False,1412,0,0,0,0.0877443151777823,0.889,128,926,0.9412181303116147,1.099120794378905e-14,1,True,True,True,True,1.0,True,1.0,0.0,0.0,0.006141855524079317,1412
unfiltered_random,unfiltered_random,PLGRKT,B0_rna_mean,RNA-only mean ranking; no protein or confidence in final score,0.6901819220977436,1.0,1513,True,1412,1105,594,375,0.11038515984687168,1.0,1252,6,0.3159286186384666,0.11918386434811518,3,False,True,False,False,0.6666666666666666,True,0.9004430999727652,141.8473231989425,793.0,0.0317291473892928,1513
unfiltered_random,unfiltered_random,PLGRKT,A0_team_baseline,"Team baseline: RNA .55, protein .30, confidence .15",0.6901819220977436,1.0,1513,True,1412,1105,594,375,0.10197881636387715,0.8631000000000001,1212,5,0.3588896232650364,0.20677529648318135,302,False,True,True,True,1.0,True,1.0,0.0,0.0,0.0,1513
unfiltered_random,unfiltered_random,PLGRKT,A1a_no_direct_protein,Remove direct protein; retain protein-derived confidence,0.6901819220977436,1.0,1513,True,1412,1105,594,375,0.09868277974047968,0.8735,1210,5,0.3661599471249174,0.20677529648318127,302,False,True,False,False,0.8181818181818182,False,0.9850326255720774,33.99339061467283,930.5,0.006636880370125579,1513
unfiltered_random,unfiltered_random,PLGRKT,A1b_no_protein_evidence,Remove direct protein and all protein-derived confidence,0.6901819220977436,1.0,1513,True,1412,1105,594,375,0.0951031483456512,0.8807,1225,6,0.3536021150033047,0.11918386434811479,3,False,True,False,False,0.6666666666666666,True,0.934240518149535,110.27428949107733,882.0,0.04457937871777925,1513
unfiltered_random,unfiltered_random,PLGRKT,A1c_no_protein_confidence,Retain direct protein; remove protein-derived confidence only,0.6901819220977436,1.0,1513,True,1412,1105,594,375,0.09729082851898667,0.8807,1211,5,0.36814276272306673,0.11918386434811479,3,False,True,False,False,0.8181818181818182,True,0.9652221316696332,84.7911434236616,331.0,0.03901163251817581,1513
unfiltered_random,unfiltered_random,PLGRKT,A2_no_confidence,Remove the full confidence block; renormalise RNA/protein,0.6901819220977436,1.0,1513,True,1412,1105,594,375,0.11251164400756171,1.0,1254,5,0.3119629874421679,0.20677529648318096,302,False,True,False,False,0.6666666666666666,True,0.936130080451711,117.11235955056179,405.0,0.027360740251156642,1513
unfiltered_random,unfiltered_random,PLGRKT,A2a_no_conf_completeness,Remove completeness from confidence; renormalise retained components,0.6901819220977436,1.0,1513,True,1412,1105,594,375,0.10186311691343272,0.8777999999999999,1218,5,0.35756774619960346,0.21145448083742335,330,False,True,False,True,1.0,True,0.9973797015496125,23.50165234633179,105.0,0.005085922009253139,1513
unfiltered_random,unfiltered_random,PLGRKT,A2b_no_conf_source_support,Remove source support from confidence; renormalise retained components,0.6901819220977436,1.0,1513,True,1412,1105,594,375,0.10199442820352712,0.8752000000000001,1217,7,0.34963648380700596,0.20157290453790117,294,False,True,False,True,1.0,False,0.9945939203181272,33.74884335756774,136.0,0.006935756774619961,1513
unfiltered_random,unfiltered_random,PLGRKT,A2c_no_conf_consistency,Remove RNA-protein consistency; renormalise retained components,0.6901819220977436,1.0,1513,True,1412,1105,594,375,0.10262521041389897,0.869,1230,5,0.33840052875082616,0.21957015199687066,6,False,True,False,True,1.0,True,0.9992615661319776,12.2650363516193,114.0,0.0026267019167217458,1513
unfiltered_random,unfiltered_random,PLGRKT,A3_equal_bio,Equal RNA/protein biological weights,0.6901819220977436,1.0,1513,True,1412,1105,594,375,0.10415337298070575,0.8631000000000001,1220,5,0.3595505617977528,0.20677529648318144,302,False,True,False,False,0.6666666666666666,True,0.9982230897155769,12.465300727032385,223.0,0.0027649702577660275,1513
unfiltered_random,unfiltered_random,PLGRKT,A3b_reversed_bio,Protein biological weight greater than RNA,0.6901819220977436,1.0,1513,True,1412,1105,594,375,0.10676099679540288,0.8646,1218,5,0.3549239920687376,0.20677529648318144,302,False,True,False,False,0.6666666666666666,False,0.9938823830041303,23.354923992068738,334.0,0.005530733641771315,1513
unfiltered_random,unfiltered_random,PLGRKT,A4_adaptive_trust,Team baseline plus gene-level adaptive RNA trust,0.6901819220977436,1.0,1513,True,1412,1105,594,375,0.10197881636387715,0.8631000000000001,1212,5,0.3588896232650364,0.20677529648318135,302,False,True,True,True,1.0,True,1.0,0.0,0.0,0.0,1513
unfiltered_random,unfiltered_random,PLGRKT,A5_v3_structure,Flat v3 RNA/protein/consistency/completeness structure,0.6901819220977436,1.0,1513,True,1412,1105,594,375,0.1100086280896242,0.8972,1258,5,0.30931923331130207,0.20677529648318183,302,False,True,False,True,1.0,False,0.9700890624444932,71.45076007931263,454.0,0.019009451421017846,1513
unfiltered_random,unfiltered_random,PLGRKT,A6_v3_full,Flat v3 structure plus adaptive trust,0.6901819220977436,1.0,1513,True,1412,1105,594,375,0.1100086280896242,0.8972,1258,5,0.30931923331130207,0.20677529648318183,302,False,True,False,True,1.0,False,0.9700890624444932,71.45076007931263,454.0,0.019009451421017846,1513
unfiltered_random,unfiltered_random,PPP1R2P1,B0_rna_mean,RNA-only mean ranking; no protein or confidence in final score,,0.6,1412,False,1412,0,0,0,0.11131183787684905,1.0,64,809,0.9794617563739377,8.770761894538737e-15,1,True,True,True,True,1.0,True,1.0,0.0,0.0,0.054244971671388094,1412
unfiltered_random,unfiltered_random,PPP1R2P1,A0_team_baseline,"Team baseline: RNA .55, protein .30, confidence .15",,0.6,1412,False,1412,0,0,0,0.09460432852070268,0.8500000000000001,64,809,0.9794617563739377,1.099120794378905e-14,1,True,True,True,True,1.0,True,1.0,0.0,0.0,0.0,1412
unfiltered_random,unfiltered_random,PPP1R2P1,A1a_no_direct_protein,Remove direct protein; retain protein-derived confidence,,0.6,1412,False,1412,0,0,0,0.09460432852070268,0.8500000000000001,64,809,0.9794617563739377,1.099120794378905e-14,1,True,True,True,True,1.0,True,1.0,0.0,0.0,0.0,1412
unfiltered_random,unfiltered_random,PPP1R2P1,A1b_no_protein_evidence,Remove direct protein and all protein-derived confidence,,0.6,1412,False,1412,0,0,0,0.09462171831398426,0.8500000000000001,64,809,0.9794617563739377,8.770761894538737e-15,1,True,True,True,True,1.0,True,1.0,0.0,0.0,0.04142740793201133,1412
unfiltered_random,unfiltered_random,PPP1R2P1,A1c_no_protein_confidence,Retain direct protein; remove protein-derived confidence only,,0.6,1412,False,1412,0,0,0,0.09462171831398426,0.8500000000000001,64,809,0.9794617563739377,8.770761894538737e-15,1,True,True,True,True,1.0,True,1.0,0.0,0.0,0.04142740793201133,1412
unfiltered_random,unfiltered_random,PPP1R2P1,A2_no_confidence,Remove the full confidence block; renormalise RNA/protein,,0.6,1412,False,1412,0,0,0,0.11131183787684905,1.0,64,809,0.9794617563739377,1.099120794378905e-14,1,True,True,True,True,1.0,True,1.0,0.0,0.0,0.054244971671388094,1412
unfiltered_random,unfiltered_random,PPP1R2P1,A2a_no_conf_completeness,Remove completeness from confidence; renormalise retained components,,0.6,1412,False,1412,0,0,0,0.09462003875330842,0.85,64,809,0.9794617563739377,5.6066262743570405e-15,1,True,True,True,True,1.0,True,1.0,0.0,0.0,0.008773725212464584,1412
unfiltered_random,unfiltered_random,PPP1R2P1,A2b_no_conf_source_support,Remove source support from confidence; renormalise retained components,,0.6,1412,False,1412,0,0,0,0.0946117408726105,0.8500000000000001,64,809,0.9794617563739377,0.0,1,True,True,True,True,1.0,True,1.0,0.0,0.0,0.013111331444759207,1412
unfiltered_random,unfiltered_random,PPP1R2P1,A2c_no_conf_consistency,Remove RNA-protein consistency; renormalise retained components,,0.6,1412,False,1412,0,0,0,0.09461174087261379,0.85,64,809,0.9794617563739377,5.828670879282072e-15,1,True,True,True,True,1.0,True,1.0,0.0,0.0,0.004388668555240788,1412
unfiltered_random,unfiltered_random,PPP1R2P1,A3_equal_bio,Equal RNA/protein biological weights,,0.6,1412,False,1412,0,0,0,0.09460432852070268,0.8500000000000001,64,809,0.9794617563739377,1.099120794378905e-14,1,True,True,True,True,1.0,True,1.0,0.0,0.0,0.0,1412
unfiltered_random,unfiltered_random,PPP1R2P1,A3b_reversed_bio,Protein biological weight greater than RNA,,0.6,1412,False,1412,0,0,0,0.09460432852070268,0.8500000000000001,64,809,0.9794617563739377,1.099120794378905e-14,1,True,True,True,True,1.0,True,1.0,0.0,0.0,0.0,1412
unfiltered_random,unfiltered_random,PPP1R2P1,A4_adaptive_trust,Team baseline plus gene-level adaptive RNA trust,,0.6,1412,False,1412,0,0,0,0.09460432852070268,0.8500000000000001,64,809,0.9794617563739377,1.099120794378905e-14,1,True,True,True,True,1.0,True,1.0,0.0,0.0,0.0,1412
unfiltered_random,unfiltered_random,PPP1R2P1,A5_v3_structure,Flat v3 RNA/protein/consistency/completeness structure,,0.6,1412,False,1412,0,0,0,0.0989527992794842,0.889,64,809,0.9794617563739377,1.099120794378905e-14,1,True,True,True,True,1.0,True,1.0,0.0,0.0,0.005303116147308776,1412
unfiltered_random,unfiltered_random,PPP1R2P1,A6_v3_full,Flat v3 structure plus adaptive trust,,0.6,1412,False,1412,0,0,0,0.0989527992794842,0.889,64,809,0.9794617563739377,1.099120794378905e-14,1,True,True,True,True,1.0,True,1.0,0.0,0.0,0.005303116147308776,1412
unfiltered_random,unfiltered_random,PRDX2P3,B0_rna_mean,RNA-only mean ranking; no protein or confidence in final score,,0.6,1412,False,1412,0,0,0,0.12737874344870415,1.0,72,605,0.9808781869688386,8.770761894538737e-15,1,True,True,True,True,1.0,True,1.0,0.0,0.0,0.04882400849858358,1412
unfiltered_random,unfiltered_random,PRDX2P3,A0_team_baseline,"Team baseline: RNA .55, protein .30, confidence .15",,0.6,1412,False,1412,0,0,0,0.10826465242659228,0.8500000000000001,72,605,0.9808781869688386,1.099120794378905e-14,1,True,True,True,True,1.0,True,1.0,0.0,0.0,0.0,1412
unfiltered_random,unfiltered_random,PRDX2P3,A1a_no_direct_protein,Remove direct protein; retain protein-derived confidence,,0.6,1412,False,1412,0,0,0,0.10826465242659228,0.8500000000000001,72,605,0.9808781869688386,1.099120794378905e-14,1,True,True,True,True,1.0,True,1.0,0.0,0.0,0.0,1412
unfiltered_random,unfiltered_random,PRDX2P3,A1b_no_protein_evidence,Remove direct protein and all protein-derived confidence,,0.6,1412,False,1412,0,0,0,0.10827826391581036,0.8500000000000001,72,605,0.9808781869688386,8.770761894538737e-15,1,True,True,True,True,1.0,True,1.0,0.0,0.0,0.04144107648725213,1412
unfiltered_random,unfiltered_random,PRDX2P3,A1c_no_protein_confidence,Retain direct protein; remove protein-derived confidence only,,0.6,1412,False,1412,0,0,0,0.10827826391581036,0.8500000000000001,72,605,0.9808781869688386,8.770761894538737e-15,1,True,True,True,True,1.0,True,1.0,0.0,0.0,0.04144107648725213,1412
unfiltered_random,unfiltered_random,PRDX2P3,A2_no_confidence,Remove the full confidence block; renormalise RNA/protein,,0.6,1412,False,1412,0,0,0,0.12737874344870415,1.0,72,605,0.9808781869688386,1.099120794378905e-14,1,True,True,True,True,1.0,True,1.0,0.0,0.0,0.04882400849858358,1412
unfiltered_random,unfiltered_random,PRDX2P3,A2a_no_conf_completeness,Remove completeness from confidence; renormalise retained components,,0.6,1412,False,1412,0,0,0,0.10827625687019052,0.85,72,605,0.9808781869688386,5.6066262743570405e-15,1,True,True,True,True,1.0,True,1.0,0.0,0.0,0.008761543909348439,1412
unfiltered_random,unfiltered_random,PRDX2P3,A2b_no_conf_source_support,Remove source support from confidence; renormalise retained components,,0.6,1412,False,1412,0,0,0,0.1082679063936424,0.8500000000000001,72,605,0.9808781869688386,0.0,1,True,True,True,True,1.0,True,1.0,0.0,0.0,0.013126558073654392,1412
unfiltered_random,unfiltered_random,PRDX2P3,A2c_no_conf_consistency,Remove RNA-protein consistency; renormalise retained components,,0.6,1412,False,1412,0,0,0,0.10826790639364348,0.85,72,605,0.9808781869688386,5.828670879282072e-15,1,True,True,True,True,1.0,True,1.0,0.0,0.0,0.004373441926345606,1412
unfiltered_random,unfiltered_random,PRDX2P3,A3_equal_bio,Equal RNA/protein biological weights,,0.6,1412,False,1412,0,0,0,0.10826465242659228,0.8500000000000001,72,605,0.9808781869688386,1.099120794378905e-14,1,True,True,True,True,1.0,True,1.0,0.0,0.0,0.0,1412
unfiltered_random,unfiltered_random,PRDX2P3,A3b_reversed_bio,Protein biological weight greater than RNA,,0.6,1412,False,1412,0,0,0,0.10826465242659228,0.8500000000000001,72,605,0.9808781869688386,1.099120794378905e-14,1,True,True,True,True,1.0,True,1.0,0.0,0.0,0.0,1412
unfiltered_random,unfiltered_random,PRDX2P3,A4_adaptive_trust,Team baseline plus gene-level adaptive RNA trust,,0.6,1412,False,1412,0,0,0,0.10826465242659228,0.8500000000000001,72,605,0.9808781869688386,1.099120794378905e-14,1,True,True,True,True,1.0,True,1.0,0.0,0.0,0.0,1412
unfiltered_random,unfiltered_random,PRDX2P3,A5_v3_structure,Flat v3 RNA/protein/consistency/completeness structure,,0.6,1412,False,1412,0,0,0,0.11323602270055828,0.889,72,605,0.9808781869688386,1.099120794378905e-14,1,True,True,True,True,1.0,True,1.0,0.0,0.0,0.004710269121813029,1412
unfiltered_random,unfiltered_random,PRDX2P3,A6_v3_full,Flat v3 structure plus adaptive trust,,0.6,1412,False,1412,0,0,0,0.11323602270055828,0.889,72,605,0.9808781869688386,1.099120794378905e-14,1,True,True,True,True,1.0,True,1.0,0.0,0.0,0.004710269121813029,1412
unfiltered_random,unfiltered_random,RN7SKP18,B0_rna_mean,RNA-only mean ranking; no protein or confidence in final score,,0.6,1412,False,1412,0,0,0,0.057144032916284185,1.0,14,1395,0.9929178470254958,8.770761894538737e-15,1,True,True,True,True,1.0,True,1.0,0.0,0.0,0.06152875354107648,1412
unfiltered_random,unfiltered_random,RN7SKP18,A0_team_baseline,"Team baseline: RNA .55, protein .30, confidence .15",,0.6,1412,False,1412,0,0,0,0.04856838832472528,0.8500000000000001,14,1395,0.9929178470254958,1.099120794378905e-14,1,True,True,True,True,1.0,True,1.0,0.0,0.0,0.0,1412
unfiltered_random,unfiltered_random,RN7SKP18,A1a_no_direct_protein,Remove direct protein; retain protein-derived confidence,,0.6,1412,False,1412,0,0,0,0.04856838832472528,0.8500000000000001,14,1395,0.9929178470254958,1.099120794378905e-14,1,True,True,True,True,1.0,True,1.0,0.0,0.0,0.0,1412
unfiltered_random,unfiltered_random,RN7SKP18,A1b_no_protein_evidence,Remove direct protein and all protein-derived confidence,,0.6,1412,False,1412,0,0,0,0.0485751257712739,0.8500000000000001,14,1395,0.9929178470254958,8.770761894538737e-15,1,True,True,True,True,1.0,True,1.0,0.0,0.0,0.04140084985835694,1412
unfiltered_random,unfiltered_random,RN7SKP18,A1c_no_protein_confidence,Retain direct protein; remove protein-derived confidence only,,0.6,1412,False,1412,0,0,0,0.0485751257712739,0.8500000000000001,14,1395,0.9929178470254958,8.770761894538737e-15,1,True,True,True,True,1.0,True,1.0,0.0,0.0,0.04140084985835694,1412
unfiltered_random,unfiltered_random,RN7SKP18,A2_no_confidence,Remove the full confidence block; renormalise RNA/protein,,0.6,1412,False,1412,0,0,0,0.057144032916284185,1.0,14,1395,0.9929178470254958,1.099120794378905e-14,1,True,True,True,True,1.0,True,1.0,0.0,0.0,0.06152875354107648,1412
unfiltered_random,unfiltered_random,RN7SKP18,A2a_no_conf_completeness,Remove completeness from confidence; renormalise retained components,,0.6,1412,False,1412,0,0,0,0.04857512577127385,0.85,14,1395,0.9929178470254958,5.6066262743570405e-15,1,True,True,True,True,1.0,True,1.0,0.0,0.0,0.008799150141643057,1412
unfiltered_random,unfiltered_random,RN7SKP18,A2b_no_conf_source_support,Remove source support from confidence; renormalise retained components,,0.6,1412,False,1412,0,0,0,0.048573566123588596,0.8500000000000001,14,1395,0.9929178470254958,0.0,1,True,True,True,True,1.0,True,1.0,0.0,0.0,0.013100637393767706,1412
unfiltered_random,unfiltered_random,RN7SKP18,A2c_no_conf_consistency,Remove RNA-protein consistency; renormalise retained components,,0.6,1412,False,1412,0,0,0,0.04857356612358875,0.85,14,1395,0.9929178470254958,5.828670879282072e-15,1,True,True,True,True,1.0,True,1.0,0.0,0.0,0.004399362606232289,1412
unfiltered_random,unfiltered_random,RN7SKP18,A3_equal_bio,Equal RNA/protein biological weights,,0.6,1412,False,1412,0,0,0,0.04856838832472528,0.8500000000000001,14,1395,0.9929178470254958,1.099120794378905e-14,1,True,True,True,True,1.0,True,1.0,0.0,0.0,0.0,1412
unfiltered_random,unfiltered_random,RN7SKP18,A3b_reversed_bio,Protein biological weight greater than RNA,,0.6,1412,False,1412,0,0,0,0.04856838832472528,0.8500000000000001,14,1395,0.9929178470254958,1.099120794378905e-14,1,True,True,True,True,1.0,True,1.0,0.0,0.0,0.0,1412
unfiltered_random,unfiltered_random,RN7SKP18,A4_adaptive_trust,Team baseline plus gene-level adaptive RNA trust,,0.6,1412,False,1412,0,0,0,0.04856838832472528,0.8500000000000001,14,1395,0.9929178470254958,1.099120794378905e-14,1,True,True,True,True,1.0,True,1.0,0.0,0.0,0.0,1412
unfiltered_random,unfiltered_random,RN7SKP18,A5_v3_structure,Flat v3 RNA/protein/consistency/completeness structure,,0.6,1412,False,1412,0,0,0,0.050799405545146864,0.889,14,1395,0.9929178470254958,1.099120794378905e-14,1,True,True,True,True,1.0,True,1.0,0.0,0.0,0.006463881019830025,1412
unfiltered_random,unfiltered_random,RN7SKP18,A6_v3_full,Flat v3 structure plus adaptive trust,,0.6,1412,False,1412,0,0,0,0.050799405545146864,0.889,14,1395,0.9929178470254958,1.099120794378905e-14,1,True,True,True,True,1.0,True,1.0,0.0,0.0,0.006463881019830025,1412
unfiltered_random,unfiltered_random,RN7SL376P,B0_rna_mean,RNA-only mean ranking; no protein or confidence in final score,,0.6,1412,False,1412,0,0,0,0.09857972644010456,1.0,37,1336,0.9872521246458924,8.770761894538737e-15,1,True,True,True,True,1.0,True,1.0,0.0,0.0,0.05949376770538243,1412
unfiltered_random,unfiltered_random,RN7SL376P,A0_team_baseline,"Team baseline: RNA .55, protein .30, confidence .15",,0.6,1412,False,1412,0,0,0,0.08378637830664441,0.8500000000000001,37,1336,0.9872521246458924,1.099120794378905e-14,1,True,True,True,True,1.0,True,1.0,0.0,0.0,0.0,1412
unfiltered_random,unfiltered_random,RN7SL376P,A1a_no_direct_protein,Remove direct protein; retain protein-derived confidence,,0.6,1412,False,1412,0,0,0,0.08378637830664441,0.8500000000000001,37,1336,0.9872521246458924,1.099120794378905e-14,1,True,True,True,True,1.0,True,1.0,0.0,0.0,0.0,1412
unfiltered_random,unfiltered_random,RN7SL376P,A1b_no_protein_evidence,Remove direct protein and all protein-derived confidence,,0.6,1412,False,1412,0,0,0,0.08379957452902484,0.8500000000000001,37,1336,0.9872521246458924,8.770761894538737e-15,1,True,True,True,True,1.0,True,1.0,0.0,0.0,0.041403470254957504,1412
unfiltered_random,unfiltered_random,RN7SL376P,A1c_no_protein_confidence,Retain direct protein; remove protein-derived confidence only,,0.6,1412,False,1412,0,0,0,0.08379957452902484,0.8500000000000001,37,1336,0.9872521246458924,8.770761894538737e-15,1,True,True,True,True,1.0,True,1.0,0.0,0.0,0.041403470254957504,1412
unfiltered_random,unfiltered_random,RN7SL376P,A2_no_confidence,Remove the full confidence block; renormalise RNA/protein,,0.6,1412,False,1412,0,0,0,0.09857972644010456,1.0,37,1336,0.9872521246458924,1.099120794378905e-14,1,True,True,True,True,1.0,True,1.0,0.0,0.0,0.05949376770538243,1412
unfiltered_random,unfiltered_random,RN7SL376P,A2a_no_conf_completeness,Remove completeness from confidence; renormalise retained components,,0.6,1412,False,1412,0,0,0,0.08379721117899767,0.85,37,1336,0.9872521246458924,5.6066262743570405e-15,1,True,True,True,True,1.0,True,1.0,0.0,0.0,0.008797237960339942,1412
unfiltered_random,unfiltered_random,RN7SL376P,A2b_no_conf_source_support,Remove source support from confidence; renormalise retained components,,0.6,1412,False,1412,0,0,0,0.08379283228407051,0.8500000000000001,37,1336,0.9872521246458924,0.0,1,True,True,True,True,1.0,True,1.0,0.0,0.0,0.013101628895184134,1412
unfiltered_random,unfiltered_random,RN7SL376P,A2c_no_conf_consistency,Remove RNA-protein consistency; renormalise retained components,,0.6,1412,False,1412,0,0,0,0.08379283228407067,0.85,37,1336,0.9872521246458924,5.828670879282072e-15,1,True,True,True,True,1.0,True,1.0,0.0,0.0,0.004398371104815859,1412
unfiltered_random,unfiltered_random,RN7SL376P,A3_equal_bio,Equal RNA/protein biological weights,,0.6,1412,False,1412,0,0,0,0.08378637830664441,0.8500000000000001,37,1336,0.9872521246458924,1.099120794378905e-14,1,True,True,True,True,1.0,True,1.0,0.0,0.0,0.0,1412
unfiltered_random,unfiltered_random,RN7SL376P,A3b_reversed_bio,Protein biological weight greater than RNA,,0.6,1412,False,1412,0,0,0,0.08378637830664441,0.8500000000000001,37,1336,0.9872521246458924,1.099120794378905e-14,1,True,True,True,True,1.0,True,1.0,0.0,0.0,0.0,1412
unfiltered_random,unfiltered_random,RN7SL376P,A4_adaptive_trust,Team baseline plus gene-level adaptive RNA trust,,0.6,1412,False,1412,0,0,0,0.08378637830664441,0.8500000000000001,37,1336,0.9872521246458924,1.099120794378905e-14,1,True,True,True,True,1.0,True,1.0,0.0,0.0,0.0,1412
unfiltered_random,unfiltered_random,RN7SL376P,A5_v3_structure,Flat v3 RNA/protein/consistency/completeness structure,,0.6,1412,False,1412,0,0,0,0.08763455700279947,0.889,37,1336,0.9872521246458924,1.099120794378905e-14,1,True,True,True,True,1.0,True,1.0,0.0,0.0,0.00656579320113314,1412
unfiltered_random,unfiltered_random,RN7SL376P,A6_v3_full,Flat v3 structure plus adaptive trust,,0.6,1412,False,1412,0,0,0,0.08763455700279947,0.889,37,1336,0.9872521246458924,1.099120794378905e-14,1,True,True,True,True,1.0,True,1.0,0.0,0.0,0.00656579320113314,1412
unfiltered_random,unfiltered_random,RPL21P23,B0_rna_mean,RNA-only mean ranking; no protein or confidence in final score,,0.6,1412,False,1412,0,0,0,0.05876578402181635,1.0,47,1210,0.9851274787535411,8.770761894538737e-15,1,True,True,True,True,1.0,True,1.0,0.0,0.0,0.05979596317280452,1412
unfiltered_random,unfiltered_random,RPL21P23,A0_team_baseline,"Team baseline: RNA .55, protein .30, confidence .15",,0.6,1412,False,1412,0,0,0,0.04994567236270093,0.8500000000000001,47,1210,0.9851274787535411,1.099120794378905e-14,1,True,True,True,True,1.0,True,1.0,0.0,0.0,0.0,1412
unfiltered_random,unfiltered_random,RPL21P23,A1a_no_direct_protein,Remove direct protein; retain protein-derived confidence,,0.6,1412,False,1412,0,0,0,0.04994567236270093,0.8500000000000001,47,1210,0.9851274787535411,1.099120794378905e-14,1,True,True,True,True,1.0,True,1.0,0.0,0.0,0.0,1412
unfiltered_random,unfiltered_random,RPL21P23,A1b_no_protein_evidence,Remove direct protein and all protein-derived confidence,,0.6,1412,False,1412,0,0,0,0.04995919646066866,0.8500000000000001,47,1210,0.9851274787535411,8.770761894538737e-15,1,True,True,True,True,1.0,True,1.0,0.0,0.0,0.041408215297450424,1412
unfiltered_random,unfiltered_random,RPL21P23,A1c_no_protein_confidence,Retain direct protein; remove protein-derived confidence only,,0.6,1412,False,1412,0,0,0,0.04995919646066866,0.8500000000000001,47,1210,0.9851274787535411,8.770761894538737e-15,1,True,True,True,True,1.0,True,1.0,0.0,0.0,0.041408215297450424,1412
unfiltered_random,unfiltered_random,RPL21P23,A2_no_confidence,Remove the full confidence block; renormalise RNA/protein,,0.6,1412,False,1412,0,0,0,0.05876578402181635,1.0,47,1210,0.9851274787535411,1.099120794378905e-14,1,True,True,True,True,1.0,True,1.0,0.0,0.0,0.05979596317280452,1412
unfiltered_random,unfiltered_random,RPL21P23,A2a_no_conf_completeness,Remove completeness from confidence; renormalise retained components,,0.6,1412,False,1412,0,0,0,0.04995879511319415,0.85,47,1210,0.9851274787535411,5.6066262743570405e-15,1,True,True,True,True,1.0,True,1.0,0.0,0.0,0.008791997167138809,1412
unfiltered_random,unfiltered_random,RPL21P23,A2b_no_conf_source_support,Remove source support from confidence; renormalise retained components,,0.6,1412,False,1412,0,0,0,0.0499523911107799,0.8500000000000001,47,1210,0.9851274787535411,0.0,1,True,True,True,True,1.0,True,1.0,0.0,0.0,0.013102124645892351,1412
unfiltered_random,unfiltered_random,RPL21P23,A2c_no_conf_consistency,Remove RNA-protein consistency; renormalise retained components,,0.6,1412,False,1412,0,0,0,0.04995239111078022,0.85,47,1210,0.9851274787535411,5.828670879282072e-15,1,True,True,True,True,1.0,True,1.0,0.0,0.0,0.004397875354107643,1412
unfiltered_random,unfiltered_random,RPL21P23,A3_equal_bio,Equal RNA/protein biological weights,,0.6,1412,False,1412,0,0,0,0.04994567236270093,0.8500000000000001,47,1210,0.9851274787535411,1.099120794378905e-14,1,True,True,True,True,1.0,True,1.0,0.0,0.0,0.0,1412
unfiltered_random,unfiltered_random,RPL21P23,A3b_reversed_bio,Protein biological weight greater than RNA,,0.6,1412,False,1412,0,0,0,0.04994567236270093,0.8500000000000001,47,1210,0.9851274787535411,1.099120794378905e-14,1,True,True,True,True,1.0,True,1.0,0.0,0.0,0.0,1412
unfiltered_random,unfiltered_random,RPL21P23,A4_adaptive_trust,Team baseline plus gene-level adaptive RNA trust,,0.6,1412,False,1412,0,0,0,0.04994567236270093,0.8500000000000001,47,1210,0.9851274787535411,1.099120794378905e-14,1,True,True,True,True,1.0,True,1.0,0.0,0.0,0.0,1412
unfiltered_random,unfiltered_random,RPL21P23,A5_v3_structure,Flat v3 RNA/protein/consistency/completeness structure,,0.6,1412,False,1412,0,0,0,0.05224376486203408,0.889,47,1210,0.9851274787535411,1.099120794378905e-14,1,True,True,True,True,1.0,True,1.0,0.0,0.0,0.006019971671388098,1412
unfiltered_random,unfiltered_random,RPL21P23,A6_v3_full,Flat v3 structure plus adaptive trust,,0.6,1412,False,1412,0,0,0,0.05224376486203408,0.889,47,1210,0.9851274787535411,1.099120794378905e-14,1,True,True,True,True,1.0,True,1.0,0.0,0.0,0.006019971671388098,1412
unfiltered_random,unfiltered_random,RPL31P59,B0_rna_mean,RNA-only mean ranking; no protein or confidence in final score,,0.6,1412,False,1412,0,0,0,0.04396742640587376,1.0,31,1370,0.9844192634560907,8.770761894538737e-15,1,True,True,True,True,1.0,True,1.0,0.0,0.0,0.06135531161473087,1412
unfiltered_random,unfiltered_random,RPL31P59,A0_team_baseline,"Team baseline: RNA .55, protein .30, confidence .15",,0.6,1412,False,1412,0,0,0,0.03737004681785292,0.8500000000000001,31,1370,0.9844192634560907,1.099120794378905e-14,1,True,True,True,True,1.0,True,1.0,0.0,0.0,0.0,1412
unfiltered_random,unfiltered_random,RPL31P59,A1a_no_direct_protein,Remove direct protein; retain protein-derived confidence,,0.6,1412,False,1412,0,0,0,0.03737004681785292,0.8500000000000001,31,1370,0.9844192634560907,1.099120794378905e-14,1,True,True,True,True,1.0,True,1.0,0.0,0.0,0.0,1412
unfiltered_random,unfiltered_random,RPL31P59,A1b_no_protein_evidence,Remove direct protein and all protein-derived confidence,,0.6,1412,False,1412,0,0,0,0.03737709136687745,0.8500000000000001,31,1370,0.9844192634560907,8.770761894538737e-15,1,True,True,True,True,1.0,True,1.0,0.0,0.0,0.041401983002832855,1412
unfiltered_random,unfiltered_random,RPL31P59,A1c_no_protein_confidence,Retain direct protein; remove protein-derived confidence only,,0.6,1412,False,1412,0,0,0,0.03737709136687745,0.8500000000000001,31,1370,0.9844192634560907,8.770761894538737e-15,1,True,True,True,True,1.0,True,1.0,0.0,0.0,0.041401983002832855,1412
unfiltered_random,unfiltered_random,RPL31P59,A2_no_confidence,Remove the full confidence block; renormalise RNA/protein,,0.6,1412,False,1412,0,0,0,0.04396742640587376,1.0,31,1370,0.9844192634560907,1.099120794378905e-14,1,True,True,True,True,1.0,True,1.0,0.0,0.0,0.06135531161473087,1412
unfiltered_random,unfiltered_random,RPL31P59,A2a_no_conf_completeness,Remove completeness from confidence; renormalise retained components,,0.6,1412,False,1412,0,0,0,0.037374887738778784,0.85,31,1370,0.9844192634560907,5.6066262743570405e-15,1,True,True,True,True,1.0,True,1.0,0.0,0.0,0.008798725212464586,1412
unfiltered_random,unfiltered_random,RPL31P59,A2b_no_conf_source_support,Remove source support from confidence; renormalise retained components,,0.6,1412,False,1412,0,0,0,0.037372490665555556,0.8500000000000001,31,1370,0.9844192634560907,0.0,1,True,True,True,True,1.0,True,1.0,0.0,0.0,0.01310070821529745,1412
unfiltered_random,unfiltered_random,RPL31P59,A2c_no_conf_consistency,Remove RNA-protein consistency; renormalise retained components,,0.6,1412,False,1412,0,0,0,0.03737249066555576,0.85,31,1370,0.9844192634560907,5.828670879282072e-15,1,True,True,True,True,1.0,True,1.0,0.0,0.0,0.004399291784702544,1412
unfiltered_random,unfiltered_random,RPL31P59,A3_equal_bio,Equal RNA/protein biological weights,,0.6,1412,False,1412,0,0,0,0.03737004681785292,0.8500000000000001,31,1370,0.9844192634560907,1.099120794378905e-14,1,True,True,True,True,1.0,True,1.0,0.0,0.0,0.0,1412
unfiltered_random,unfiltered_random,RPL31P59,A3b_reversed_bio,Protein biological weight greater than RNA,,0.6,1412,False,1412,0,0,0,0.03737004681785292,0.8500000000000001,31,1370,0.9844192634560907,1.099120794378905e-14,1,True,True,True,True,1.0,True,1.0,0.0,0.0,0.0,1412
unfiltered_random,unfiltered_random,RPL31P59,A4_adaptive_trust,Team baseline plus gene-level adaptive RNA trust,,0.6,1412,False,1412,0,0,0,0.03737004681785292,0.8500000000000001,31,1370,0.9844192634560907,1.099120794378905e-14,1,True,True,True,True,1.0,True,1.0,0.0,0.0,0.0,1412
unfiltered_random,unfiltered_random,RPL31P59,A5_v3_structure,Flat v3 RNA/protein/consistency/completeness structure,,0.6,1412,False,1412,0,0,0,0.03908747818200118,0.889,31,1370,0.9844192634560907,1.099120794378905e-14,1,True,True,True,True,1.0,True,1.0,0.0,0.0,0.006350637393767702,1412
unfiltered_random,unfiltered_random,RPL31P59,A6_v3_full,Flat v3 structure plus adaptive trust,,0.6,1412,False,1412,0,0,0,0.03908747818200118,0.889,31,1370,0.9844192634560907,1.099120794378905e-14,1,True,True,True,True,1.0,True,1.0,0.0,0.0,0.006350637393767702,1412
unfiltered_random,unfiltered_random,RPL6P9,B0_rna_mean,RNA-only mean ranking; no protein or confidence in final score,,0.6,1412,False,1412,0,0,0,0.09370506203164099,1.0,29,1121,0.9907932011331445,8.770761894538737e-15,1,True,True,True,True,1.0,True,1.0,0.0,0.0,0.057456444759206804,1412
unfiltered_random,unfiltered_random,RPL6P9,A0_team_baseline,"Team baseline: RNA .55, protein .30, confidence .15",,0.6,1412,False,1412,0,0,0,0.07964653683151199,0.8500000000000001,29,1121,0.9907932011331445,1.099120794378905e-14,1,True,True,True,True,1.0,True,1.0,0.0,0.0,0.0,1412
unfiltered_random,unfiltered_random,RPL6P9,A1a_no_direct_protein,Remove direct protein; retain protein-derived confidence,,0.6,1412,False,1412,0,0,0,0.07964653683151199,0.8500000000000001,29,1121,0.9907932011331445,1.099120794378905e-14,1,True,True,True,True,1.0,True,1.0,0.0,0.0,0.0,1412
unfiltered_random,unfiltered_random,RPL6P9,A1b_no_protein_evidence,Remove direct protein and all protein-derived confidence,,0.6,1412,False,1412,0,0,0,0.07965784935000365,0.8500000000000001,29,1121,0.9907932011331445,8.770761894538737e-15,1,True,True,True,True,1.0,True,1.0,0.0,0.0,0.041407507082152975,1412
unfiltered_random,unfiltered_random,RPL6P9,A1c_no_protein_confidence,Retain direct protein; remove protein-derived confidence only,,0.6,1412,False,1412,0,0,0,0.07965784935000365,0.8500000000000001,29,1121,0.9907932011331445,8.770761894538737e-15,1,True,True,True,True,1.0,True,1.0,0.0,0.0,0.041407507082152975,1412
unfiltered_random,unfiltered_random,RPL6P9,A2_no_confidence,Remove the full confidence block; renormalise RNA/protein,,0.6,1412,False,1412,0,0,0,0.09370506203164099,1.0,29,1121,0.9907932011331445,1.099120794378905e-14,1,True,True,True,True,1.0,True,1.0,0.0,0.0,0.057456444759206804,1412
unfiltered_random,unfiltered_random,RPL6P9,A2a_no_conf_completeness,Remove completeness from confidence; renormalise retained components,,0.6,1412,False,1412,0,0,0,0.07965401198117106,0.85,29,1121,0.9907932011331445,5.6066262743570405e-15,1,True,True,True,True,1.0,True,1.0,0.0,0.0,0.00879737960339943,1412
unfiltered_random,unfiltered_random,RPL6P9,A2b_no_conf_source_support,Remove source support from confidence; renormalise retained components,,0.6,1412,False,1412,0,0,0,0.07965147430700721,0.8500000000000001,29,1121,0.9907932011331445,0.0,1,True,True,True,True,1.0,True,1.0,0.0,0.0,0.013101983002832862,1412
unfiltered_random,unfiltered_random,RPL6P9,A2c_no_conf_consistency,Remove RNA-protein consistency; renormalise retained components,,0.6,1412,False,1412,0,0,0,0.07965147430700611,0.85,29,1121,0.9907932011331445,5.828670879282072e-15,1,True,True,True,True,1.0,True,1.0,0.0,0.0,0.004398016997167133,1412
unfiltered_random,unfiltered_random,RPL6P9,A3_equal_bio,Equal RNA/protein biological weights,,0.6,1412,False,1412,0,0,0,0.07964653683151199,0.8500000000000001,29,1121,0.9907932011331445,1.099120794378905e-14,1,True,True,True,True,1.0,True,1.0,0.0,0.0,0.0,1412
unfiltered_random,unfiltered_random,RPL6P9,A3b_reversed_bio,Protein biological weight greater than RNA,,0.6,1412,False,1412,0,0,0,0.07964653683151199,0.8500000000000001,29,1121,0.9907932011331445,1.099120794378905e-14,1,True,True,True,True,1.0,True,1.0,0.0,0.0,0.0,1412
unfiltered_random,unfiltered_random,RPL6P9,A4_adaptive_trust,Team baseline plus gene-level adaptive RNA trust,,0.6,1412,False,1412,0,0,0,0.07964653683151199,0.8500000000000001,29,1121,0.9907932011331445,1.099120794378905e-14,1,True,True,True,True,1.0,True,1.0,0.0,0.0,0.0,1412
unfiltered_random,unfiltered_random,RPL6P9,A5_v3_structure,Flat v3 RNA/protein/consistency/completeness structure,,0.6,1412,False,1412,0,0,0,0.08330116900995452,0.889,29,1121,0.9907932011331445,1.099120794378905e-14,1,True,True,True,True,1.0,True,1.0,0.0,0.0,0.005803257790368267,1412
unfiltered_random,unfiltered_random,RPL6P9,A6_v3_full,Flat v3 structure plus adaptive trust,,0.6,1412,False,1412,0,0,0,0.08330116900995452,0.889,29,1121,0.9907932011331445,1.099120794378905e-14,1,True,True,True,True,1.0,True,1.0,0.0,0.0,0.005803257790368267,1412
unfiltered_random,unfiltered_random,RPS26P21,B0_rna_mean,RNA-only mean ranking; no protein or confidence in final score,,0.6,1412,False,1412,0,0,0,0.1407051453581572,1.0,120,918,0.9652974504249292,8.770761894538737e-15,1,True,True,True,True,1.0,True,1.0,0.0,0.0,0.052009490084985836,1412
unfiltered_random,unfiltered_random,RPS26P21,A0_team_baseline,"Team baseline: RNA .55, protein .30, confidence .15",,0.6,1412,False,1412,0,0,0,0.1195875077538773,0.8500000000000001,120,918,0.9652974504249292,1.099120794378905e-14,1,True,True,True,True,1.0,True,1.0,0.0,0.0,0.0,1412
unfiltered_random,unfiltered_random,RPS26P21,A1a_no_direct_protein,Remove direct protein; retain protein-derived confidence,,0.6,1412,False,1412,0,0,0,0.1195875077538773,0.8500000000000001,120,918,0.9652974504249292,1.099120794378905e-14,1,True,True,True,True,1.0,True,1.0,0.0,0.0,0.0,1412
unfiltered_random,unfiltered_random,RPS26P21,A1b_no_protein_evidence,Remove direct protein and all protein-derived confidence,,0.6,1412,False,1412,0,0,0,0.11961002324008424,0.8500000000000001,120,918,0.9652974504249292,8.770761894538737e-15,1,True,True,True,True,1.0,True,1.0,0.0,0.0,0.04142351274787535,1412
unfiltered_random,unfiltered_random,RPS26P21,A1c_no_protein_confidence,Retain direct protein; remove protein-derived confidence only,,0.6,1412,False,1412,0,0,0,0.11961002324008424,0.8500000000000001,120,918,0.9652974504249292,8.770761894538737e-15,1,True,True,True,True,1.0,True,1.0,0.0,0.0,0.04142351274787535,1412
unfiltered_random,unfiltered_random,RPS26P21,A2_no_confidence,Remove the full confidence block; renormalise RNA/protein,,0.6,1412,False,1412,0,0,0,0.1407051453581572,1.0,120,918,0.9652974504249292,1.099120794378905e-14,1,True,True,True,True,1.0,True,1.0,0.0,0.0,0.052009490084985836,1412
unfiltered_random,unfiltered_random,RPS26P21,A2a_no_conf_completeness,Remove completeness from confidence; renormalise retained components,,0.6,1412,False,1412,0,0,0,0.11960891927833127,0.85,120,918,0.9652974504249292,5.6066262743570405e-15,1,True,True,True,True,1.0,True,1.0,0.0,0.0,0.00877726628895184,1412
unfiltered_random,unfiltered_random,RPS26P21,A2b_no_conf_source_support,Remove source support from confidence; renormalise retained components,,0.6,1412,False,1412,0,0,0,0.11959978676383046,0.8500000000000001,120,918,0.9652974504249292,0.0,1,True,True,True,True,1.0,True,1.0,0.0,0.0,0.013111827195467421,1412
unfiltered_random,unfiltered_random,RPS26P21,A2c_no_conf_consistency,Remove RNA-protein consistency; renormalise retained components,,0.6,1412,False,1412,0,0,0,0.11959978676382696,0.85,120,918,0.9652974504249292,5.828670879282072e-15,1,True,True,True,True,1.0,True,1.0,0.0,0.0,0.0043881728045325735,1412
unfiltered_random,unfiltered_random,RPS26P21,A3_equal_bio,Equal RNA/protein biological weights,,0.6,1412,False,1412,0,0,0,0.1195875077538773,0.8500000000000001,120,918,0.9652974504249292,1.099120794378905e-14,1,True,True,True,True,1.0,True,1.0,0.0,0.0,0.0,1412
unfiltered_random,unfiltered_random,RPS26P21,A3b_reversed_bio,Protein biological weight greater than RNA,,0.6,1412,False,1412,0,0,0,0.1195875077538773,0.8500000000000001,120,918,0.9652974504249292,1.099120794378905e-14,1,True,True,True,True,1.0,True,1.0,0.0,0.0,0.0,1412
unfiltered_random,unfiltered_random,RPS26P21,A4_adaptive_trust,Team baseline plus gene-level adaptive RNA trust,,0.6,1412,False,1412,0,0,0,0.1195875077538773,0.8500000000000001,120,918,0.9652974504249292,1.099120794378905e-14,1,True,True,True,True,1.0,True,1.0,0.0,0.0,0.0,1412
unfiltered_random,unfiltered_random,RPS26P21,A5_v3_structure,Flat v3 RNA/protein/consistency/completeness structure,,0.6,1412,False,1412,0,0,0,0.1250865487936508,0.889,120,918,0.9652974504249292,1.099120794378905e-14,1,True,True,True,True,1.0,True,1.0,0.0,0.0,0.005724150141643054,1412
unfiltered_random,unfiltered_random,RPS26P21,A6_v3_full,Flat v3 structure plus adaptive trust,,0.6,1412,False,1412,0,0,0,0.1250865487936508,0.889,120,918,0.9652974504249292,1.099120794378905e-14,1,True,True,True,True,1.0,True,1.0,0.0,0.0,0.005724150141643054,1412
unfiltered_random,unfiltered_random,RTBDN,B0_rna_mean,RNA-only mean ranking; no protein or confidence in final score,0.6826691262493989,1.0,1476,True,1412,1105,0,35,0.12305270100142568,1.0,688,58,0.6781842818428184,0.07089474244752458,2,False,True,False,False,0.6666666666666666,True,0.9595436686335012,67.59552845528455,1203.5,0.06014837398373984,1476
unfiltered_random,unfiltered_random,RTBDN,A0_team_baseline,"Team baseline: RNA .55, protein .30, confidence .15",0.6826691262493989,1.0,1476,True,1412,1105,0,35,0.1066320829648715,0.8631000000000001,709,56,0.6626016260162602,0.07141701945894734,37,False,True,True,True,1.0,True,1.0,0.0,0.0,0.0,1476
unfiltered_random,unfiltered_random,RTBDN,A1a_no_direct_protein,Remove direct protein; retain protein-derived confidence,0.6826691262493989,1.0,1476,True,1412,1105,0,35,0.10497399956927707,0.8631000000000001,705,56,0.6666666666666666,0.07141701945894752,37,False,True,False,False,0.6666666666666666,True,0.9979206653828977,5.7073170731707314,424.5,0.0014457317073170732,1476
unfiltered_random,unfiltered_random,RTBDN,A1b_no_protein_evidence,Remove direct protein and all protein-derived confidence,0.6826691262493989,1.0,1476,True,1412,1105,0,35,0.10489406126972901,0.8734,673,58,0.6971544715447154,0.07089474244752399,2,False,True,False,False,0.6666666666666666,True,0.9762565690187441,45.84281842818428,1055.5,0.0489000677506775,1476
unfiltered_random,unfiltered_random,RTBDN,A1c_no_protein_confidence,Retain direct protein; remove protein-derived confidence only,0.6826691262493989,1.0,1476,True,1412,1105,0,35,0.10599781340998478,0.8734,685,56,0.6897018970189702,0.07089474244752397,2,False,True,False,False,0.8181818181818182,True,0.9907550480094635,36.107046070460704,479.0,0.04756815718157181,1476
unfiltered_random,unfiltered_random,RTBDN,A2_no_confidence,Remove the full confidence block; renormalise RNA/protein,0.6826691262493989,1.0,1476,True,1412,1105,0,35,0.12425334064417862,1.0,704,56,0.6646341463414634,0.07141701945894757,37,False,True,False,False,0.8181818181818182,True,0.9782853065632593,61.09349593495935,558.0,0.058584620596205964,1476
unfiltered_random,unfiltered_random,RTBDN,A2a_no_conf_completeness,Remove completeness from confidence; renormalise retained components,0.6826691262493989,1.0,1476,True,1412,1105,0,35,0.1065010520310167,0.8719,687,61,0.6829268292682927,0.08218720501862375,37,False,True,False,False,0.8181818181818182,True,0.9951588025889436,26.67208672086721,177.0,0.0029058265582655824,1476
unfiltered_random,unfiltered_random,RTBDN,A2b_no_conf_source_support,Remove source support from confidence; renormalise retained components,0.6826691262493989,1.0,1476,True,1412,1105,0,35,0.10667453335416811,0.8500000000000001,703,56,0.6626016260162602,0.06488183347095888,36,False,True,False,False,0.8181818181818182,True,0.981759789394715,58.143631436314365,285.0,0.004081978319783197,1476
unfiltered_random,unfiltered_random,RTBDN,A2c_no_conf_consistency,Remove RNA-protein consistency; renormalise retained components,0.6826691262493989,1.0,1476,True,1412,1105,0,35,0.10694695040006341,0.8675,692,56,0.676829268292683,0.08280847606762827,3,False,True,False,False,0.8181818181818182,True,0.9986268269519349,13.516260162601625,118.0,0.0014123306233062333,1476
unfiltered_random,unfiltered_random,RTBDN,A3_equal_bio,Equal RNA/protein biological weights,0.6826691262493989,1.0,1476,True,1412,1105,0,35,0.10770298219756105,0.8631000000000001,710,56,0.6605691056910569,0.07141701945894728,37,False,True,False,False,0.8181818181818182,True,0.9999176835668472,1.2235772357723578,65.0,0.0006023035230352304,1476
unfiltered_random,unfiltered_random,RTBDN,A3b_reversed_bio,Protein biological weight greater than RNA,0.6826691262493989,1.0,1476,True,1412,1105,0,35,0.10898847243718213,0.8631000000000001,707,56,0.6639566395663956,0.07141701945894724,37,False,True,False,False,0.8181818181818182,True,0.9997469970729742,2.176151761517615,109.0,0.001204810298102981,1476
unfiltered_random,unfiltered_random,RTBDN,A4_adaptive_trust,Team baseline plus gene-level adaptive RNA trust,0.6826691262493989,1.0,1476,True,1412,1105,0,35,0.1066320829648715,0.8631000000000001,709,56,0.6626016260162602,0.07141701945894734,37,False,True,True,True,1.0,True,1.0,0.0,0.0,0.0,1476
unfiltered_random,unfiltered_random,RTBDN,A5_v3_structure,Flat v3 RNA/protein/consistency/completeness structure,0.6826691262493989,1.0,1476,True,1412,1105,0,35,0.11436510785240528,0.889,706,56,0.6626016260162602,0.0714170194589471,37,False,True,False,False,0.8181818181818182,True,0.980361802079953,62.290650406504064,285.0,0.014603252032520326,1476
unfiltered_random,unfiltered_random,RTBDN,A6_v3_full,Flat v3 structure plus adaptive trust,0.6826691262493989,1.0,1476,True,1412,1105,0,35,0.11436510785240528,0.889,706,56,0.6626016260162602,0.0714170194589471,37,False,True,False,False,0.8181818181818182,True,0.980361802079953,62.290650406504064,285.0,0.014603252032520326,1476
unfiltered_random,unfiltered_random,SCD,B0_rna_mean,RNA-only mean ranking; no protein or confidence in final score,0.2566988598397255,0.3187568075512314,1513,True,1412,1105,594,357,0.10934035606740689,1.0,1232,4,0.34368803701255785,0.1191838643481149,3,False,True,False,False,0.3333333333333333,True,0.9159912152394394,107.25115664243225,1009.5,0.027713615333773957,1513
unfiltered_random,unfiltered_random,SCD,A0_team_baseline,"Team baseline: RNA .55, protein .30, confidence .15",0.2566988598397255,0.3187568075512314,1513,True,1412,1105,594,357,0.09666817131169579,0.8500000000000001,1228,5,0.34633179114342366,0.19591940110891784,324,False,True,True,True,1.0,True,1.0,0.0,0.0,0.0,1513
unfiltered_random,unfiltered_random,SCD,A1a_no_direct_protein,Remove direct protein; retain protein-derived confidence,0.2566988598397255,0.3187568075512314,1513,True,1412,1105,594,357,0.09737214704309587,0.8500000000000001,1216,4,0.3648380700594845,0.19591940110891803,324,False,True,False,False,0.5384615384615384,True,0.9395956974529737,75.88301387970918,899.5,0.01199081295439524,1513
unfiltered_random,unfiltered_random,SCD,A1b_no_protein_evidence,Remove direct protein and all protein-derived confidence,0.2566988598397255,0.3187568075512314,1513,True,1412,1105,594,357,0.09380489701880704,0.8500000000000001,1193,6,0.38202247191011235,0.11918386434811537,3,False,True,False,False,0.42857142857142855,True,0.9296738389721666,89.24719101123596,924.0,0.05098407138136154,1513
unfiltered_random,unfiltered_random,SCD,A1c_no_protein_confidence,Retain direct protein; remove protein-derived confidence only,0.2566988598397255,0.3187568075512314,1513,True,1412,1105,594,357,0.094584069561359,0.8500000000000001,1209,5,0.364177131526768,0.11918386434811473,3,False,True,False,False,0.5384615384615384,True,0.9679017178436246,81.1044282881692,348.0,0.03993793787177793,1513
unfiltered_random,unfiltered_random,SCD,A2_no_confidence,Remove the full confidence block; renormalise RNA/protein,0.2566988598397255,0.3187568075512314,1513,True,1412,1105,594,357,0.11128676441398216,1.0,1249,5,0.3212161269001983,0.19591940110891765,324,False,True,False,False,0.3333333333333333,True,0.9423989244424249,110.27825512227363,411.0,0.027383212161269002,1513
unfiltered_random,unfiltered_random,SCD,A2a_no_conf_completeness,Remove completeness from confidence; renormalise retained components,0.2566988598397255,0.3187568075512314,1513,True,1412,1105,594,357,0.09670700092544714,0.85,1204,5,0.3701255783212161,0.19752459428923727,341,False,True,False,False,0.75,True,0.9966666969105656,26.933906146728354,165.5,0.005521810971579644,1513
unfiltered_random,unfiltered_random,SCD,A2b_no_conf_source_support,Remove source support from confidence; renormalise retained components,0.2566988598397255,0.3187568075512314,1513,True,1412,1105,594,357,0.09700230483687772,0.8500000000000001,1228,4,0.3502974223397224,0.186016510889393,330,False,True,False,False,0.6666666666666666,True,0.9940990328604226,34.87706543291474,124.0,0.007050165234633181,1513
unfiltered_random,unfiltered_random,SCD,A2c_no_conf_consistency,Remove RNA-protein consistency; renormalise retained components,0.2566988598397255,0.3187568075512314,1513,True,1412,1105,594,357,0.09701522848352563,0.85,1229,6,0.34170522141440846,0.216553856226186,6,False,True,False,False,0.8181818181818182,True,0.9986001551079681,16.36417713152677,109.0,0.003183476536682089,1513
unfiltered_random,unfiltered_random,SCD,A3_equal_bio,Equal RNA/protein biological weights,0.2566988598397255,0.3187568075512314,1513,True,1412,1105,594,357,0.09909018612241235,0.8500000000000001,1229,4,0.34699272967614014,0.19591940110891767,324,False,True,False,False,0.5384615384615384,True,0.9914799394839139,30.422339722405816,400.0,0.004998149372108393,1513
unfiltered_random,unfiltered_random,SCD,A3b_reversed_bio,Protein biological weight greater than RNA,0.2566988598397255,0.3187568075512314,1513,True,1412,1105,594,357,0.10298062260519833,0.8500000000000001,1235,4,0.33972240581625907,0.19591940110891745,324,False,True,False,False,0.25,True,0.9715220512363263,56.23000660938533,664.0,0.009994646397884995,1513
unfiltered_random,unfiltered_random,SCD,A4_adaptive_trust,Team baseline plus gene-level adaptive RNA trust,0.2566988598397255,0.3187568075512314,1513,True,1412,1105,594,357,0.1081682585906665,0.8534,1256,4,0.317911434236616,0.1959194011089174,324,False,True,False,False,0.25,False,0.9473147692123812,77.37871777924653,894.5,0.014978056840713813,1513
unfiltered_random,unfiltered_random,SCD,A5_v3_structure,Flat v3 RNA/protein/consistency/completeness structure,0.2566988598397255,0.3187568075512314,1513,True,1412,1105,594,357,0.10345967533407814,0.889,1233,4,0.33773959021810973,0.19591940110891837,324,False,True,False,False,0.8181818181818182,True,0.9755738124689918,66.19695968274951,438.0,0.01700799735624587,1513
unfiltered_random,unfiltered_random,SCD,A6_v3_full,Flat v3 structure plus adaptive trust,0.2566988598397255,0.3187568075512314,1513,True,1412,1105,594,357,0.11075439423266588,0.889,1250,5,0.3192333113020489,0.19591940110891817,324,False,True,False,False,0.25,True,0.9516472002923039,77.8076668869795,892.0,0.021349306014540652,1513
unfiltered_random,unfiltered_random,SHC4,B0_rna_mean,RNA-only mean ranking; no protein or confidence in final score,0.029998484446081,0.3,1513,True,1412,1105,594,99,0.13382474296621727,1.0,882,19,0.5955056179775281,0.11918386434811602,3,False,True,False,False,0.8181818181818182,True,0.885196145506502,120.97884996695308,1321.5,0.06892372769332451,1513
unfiltered_random,unfiltered_random,SHC4,A0_team_baseline,"Team baseline: RNA .55, protein .30, confidence .15",0.029998484446081,0.3,1513,True,1412,1105,594,99,0.12168287117506868,0.8631000000000001,903,14,0.5796430931923331,0.11195389576398646,99,False,True,True,True,1.0,True,0.9999999999999999,0.0,0.0,0.0,1513
unfiltered_random,unfiltered_random,SHC4,A1a_no_direct_protein,Remove direct protein; retain protein-derived confidence,0.029998484446081,0.3,1513,True,1412,1105,594,99,0.1158241908479568,0.8631000000000001,886,14,0.5974884335756775,0.11195389576398684,99,False,True,False,False,0.8181818181818182,True,0.9843294578566741,28.296100462656973,800.5,0.008072240581625909,1513
unfiltered_random,unfiltered_random,SHC4,A1b_no_protein_evidence,Remove direct protein and all protein-derived confidence,0.029998484446081,0.3,1513,True,1412,1105,594,99,0.115425414784012,0.8734,859,16,0.6226040978189028,0.11918386434811618,3,False,True,False,False,0.6666666666666666,True,0.9302532169606434,86.16126900198282,1174.5,0.05576721744877726,1513
unfiltered_random,unfiltered_random,SHC4,A1c_no_protein_confidence,Retain direct protein; remove protein-derived confidence only,0.029998484446081,0.3,1513,True,1412,1105,594,99,0.1191161001352448,0.8734,901,16,0.5829477858559154,0.11918386434811612,3,False,True,False,False,0.8181818181818182,True,0.9888532813574117,46.34500991407799,540.0,0.049263780568407134,1513
unfiltered_random,unfiltered_random,SHC4,A2_no_confidence,Remove the full confidence block; renormalise RNA/protein,0.029998484446081,0.3,1513,True,1412,1105,594,99,0.13716327007132165,1.0,921,18,0.5617977528089888,0.11195389576398504,99,False,True,False,True,1.0,True,0.9717573076565664,74.00727032385988,855.0,0.059601850627891605,1513
unfiltered_random,unfiltered_random,SHC4,A2a_no_conf_completeness,Remove completeness from confidence; renormalise retained components,0.029998484446081,0.3,1513,True,1412,1105,594,99,0.12120234283648734,0.8719,896,16,0.6014540647719762,0.12989075521121665,101,False,True,False,False,0.8181818181818182,True,0.9926578415737282,37.97025776602776,164.5,0.005669001982815598,1513
unfiltered_random,unfiltered_random,SHC4,A2b_no_conf_source_support,Remove source support from confidence; renormalise retained components,0.029998484446081,0.3,1513,True,1412,1105,594,99,0.12090773410534324,0.8500000000000001,897,18,0.5822868473231989,0.0865411279384642,98,False,True,False,True,1.0,True,0.9751524761641303,68.54659616655651,225.5,0.007687904824851288,1513
unfiltered_random,unfiltered_random,SHC4,A2c_no_conf_consistency,Remove RNA-protein consistency; renormalise retained components,0.029998484446081,0.3,1513,True,1412,1105,594,99,0.12336710304766924,0.8675,892,16,0.5888962326503635,0.14274358514447325,6,False,True,False,True,1.0,True,0.9979297158750532,20.31923331130205,88.5,0.0033089887640449433,1513
unfiltered_random,unfiltered_random,SHC4,A3_equal_bio,Equal RNA/protein biological weights,0.029998484446081,0.3,1513,True,1412,1105,594,99,0.1267398050043552,0.8631000000000001,904,14,0.5776602775941837,0.1119538957639864,99,False,True,False,True,1.0,True,0.9997756077054338,3.1949768671513548,55.5,0.003363450099140779,1513
unfiltered_random,unfiltered_random,SHC4,A3b_reversed_bio,Protein biological weight greater than RNA,0.029998484446081,0.3,1513,True,1412,1105,594,99,0.13310549956112644,0.8631000000000001,908,14,0.5730337078651685,0.11195389576398637,99,False,True,False,False,0.8181818181818182,True,0.9993040919881871,5.7144745538664905,131.0,0.006726569729015202,1513
unfiltered_random,unfiltered_random,SHC4,A4_adaptive_trust,Team baseline plus gene-level adaptive RNA trust,0.029998484446081,0.3,1513,True,1412,1105,594,99,0.14124725964491722,0.8631000000000001,903,14,0.5796430931923331,0.11195389576398636,99,False,True,False,False,0.42857142857142855,True,0.9986471013863355,8.087243886318573,206.0,0.010359220092531395,1513
unfiltered_random,unfiltered_random,SHC4,A5_v3_structure,Flat v3 RNA/protein/consistency/completeness structure,0.029998484446081,0.3,1513,True,1412,1105,594,99,0.13216282813657126,0.889,897,13,0.5769993390614673,0.11195389576398518,99,False,True,False,False,0.8181818181818182,True,0.9745468383791995,71.44084600132187,291.0,0.01807019167217449,1513
unfiltered_random,unfiltered_random,SHC4,A6_v3_full,Flat v3 structure plus adaptive trust,0.029998484446081,0.3,1513,True,1412,1105,594,99,0.1490447193871888,0.889,892,13,0.5836087243886319,0.11195389576398514,99,False,True,False,False,0.5384615384615384,True,0.9734337534803632,76.17184401850628,280.5,0.026276867151354924,1513
unfiltered_random,unfiltered_random,SMARCC2,B0_rna_mean,RNA-only mean ranking; no protein or confidence in final score,0.3218906953737754,0.5012939470465712,1476,True,1412,1105,0,375,0.1266470985709859,1.0,1256,5,0.28116531165311653,0.07089474244752454,2,False,False,False,False,0.8181818181818182,True,0.950527363527477,73.1480352303523,866.0,0.026579336043360432,1476
unfiltered_random,unfiltered_random,SMARCC2,A0_team_baseline,"Team baseline: RNA .55, protein .30, confidence .15",0.3218906953737754,0.5012939470465712,1478,True,1412,1105,0,375,0.11239733329718254,0.8695,1213,5,0.3308525033829499,0.18093318297495903,304,False,True,True,True,1.0,True,1.0,0.0,0.0,0.0,1478
unfiltered_random,unfiltered_random,SMARCC2,A1a_no_direct_protein,Remove direct protein; retain protein-derived confidence,0.3218906953737754,0.5012939470465712,1476,True,1412,1105,0,375,0.11509805503158134,0.9188000000000001,1231,4,0.31097560975609756,0.1809647147378809,304,False,False,False,False,0.5384615384615384,True,0.9603933043321189,64.10806233062331,831.0,0.011899999999999999,1476
unfiltered_random,unfiltered_random,SMARCC2,A1b_no_protein_evidence,Remove direct protein and all protein-derived confidence,0.3218906953737754,0.5012939470465712,1476,True,1412,1105,0,375,0.11144754408872222,0.8734,1189,4,0.3604336043360434,0.07089474244752396,2,False,False,False,False,0.8181818181818182,True,0.9558824533416796,66.30724932249322,823.0,0.04739695121951219,1476
unfiltered_random,unfiltered_random,SMARCC2,A1c_no_protein_confidence,Retain direct protein; remove protein-derived confidence only,0.3218906953737754,0.5012939470465712,1478,True,1412,1105,0,375,0.11129721484956862,0.9273,1202,4,0.3457374830852503,0.07668794734412673,3,False,True,False,False,0.8181818181818182,True,0.9704351759026554,81.74357239512855,267.5,0.03704533152909337,1478
unfiltered_random,unfiltered_random,SMARCC2,A2_no_confidence,Remove the full confidence block; renormalise RNA/protein,0.3218906953737754,0.5012939470465712,1478,True,1412,1105,0,375,0.12629410477994318,0.9419,1259,4,0.2753721244925575,0.18093318297495892,304,False,True,False,False,0.8181818181818182,True,0.9601130128167581,94.7895805142084,303.5,0.026154871447902565,1478
unfiltered_random,unfiltered_random,SMARCC2,A2a_no_conf_completeness,Remove completeness from confidence; renormalise retained components,0.3218906953737754,0.5012939470465712,1478,True,1412,1105,0,375,0.11297896424254916,0.8654,1205,5,0.34370771312584575,0.16345868748914724,329,False,True,False,True,1.0,True,0.9982273663079398,20.991204330175915,122.5,0.005784573748308524,1478
unfiltered_random,unfiltered_random,SMARCC2,A2b_no_conf_source_support,Remove source support from confidence; renormalise retained components,0.3218906953737754,0.5012939470465712,1478,True,1412,1105,0,375,0.11126342545809069,0.8662000000000001,1202,5,0.34709066305818675,0.19221249751685932,322,False,True,False,False,0.6666666666666666,True,0.9981168759765802,22.687415426251693,83.0,0.0063936400541272,1478
unfiltered_random,unfiltered_random,SMARCC2,A2c_no_conf_consistency,Remove RNA-protein consistency; renormalise retained components,0.3218906953737754,0.5012939470465712,1478,True,1412,1105,0,375,0.11320943955135461,0.8756,1217,6,0.32814614343707715,0.19217049084657656,4,False,True,False,False,0.8181818181818182,True,0.9994803289461343,8.475642760487144,103.0,0.002127063599458728,1478
unfiltered_random,unfiltered_random,SMARCC2,A3_equal_bio,Equal RNA/protein biological weights,0.3218906953737754,0.5012939470465712,1478,True,1412,1105,0,375,0.11303512510148034,0.8570000000000001,1231,5,0.3119079837618403,0.18093318297495897,304,False,True,False,False,0.6666666666666666,False,0.9927695286107608,28.618403247631935,407.5,0.004951353179972935,1478
unfiltered_random,unfiltered_random,SMARCC2,A3b_reversed_bio,Protein biological weight greater than RNA,0.3218906953737754,0.5012939470465712,1478,True,1412,1105,0,375,0.11489081859063525,0.8754000000000001,1227,4,0.3234100135317997,0.18093318297495878,304,False,True,False,False,0.5384615384615384,False,0.9740876568824814,55.17253044654939,637.0,0.009903044654939104,1478
unfiltered_random,unfiltered_random,SMARCC2,A4_adaptive_trust,Team baseline plus gene-level adaptive RNA trust,0.3218906953737754,0.5012939470465712,1478,True,1412,1105,0,375,0.11538876734099501,0.879,1213,4,0.3342354533152909,0.1809331829749588,304,False,True,False,False,0.5384615384615384,False,0.9697000841292637,59.94654939106901,692.0,0.010864276048714478,1478
unfiltered_random,unfiltered_random,SMARCC2,A5_v3_structure,Flat v3 RNA/protein/consistency/completeness structure,0.3218906953737754,0.5012939470465712,1478,True,1412,1105,0,375,0.11789609028615272,0.8713,1227,4,0.3152909336941813,0.18093318297495914,304,False,True,False,False,0.8181818181818182,True,0.9780096417887253,61.164411366711775,366.0,0.01821082543978349,1478
unfiltered_random,unfiltered_random,SMARCC2,A6_v3_full,Flat v3 structure plus adaptive trust,0.3218906953737754,0.5012939470465712,1478,True,1412,1105,0,375,0.1190237791333145,0.8873,1228,4,0.32070365358592695,0.180933182974959,304,False,True,False,False,0.5384615384615384,False,0.9674915543390875,60.60893098782138,704.5,0.018097564276048715,1478
unfiltered_random,unfiltered_random,SPOCK3,B0_rna_mean,RNA-only mean ranking; no protein or confidence in final score,,0.6,1513,False,1412,1105,594,0,0.10942686418388489,1.0,760,124,0.6245869134170522,0.11918386434811458,3,False,True,False,False,0.8181818181818182,True,0.9501095988866057,89.80634500991408,555.0,0.05876252478519498,1513
unfiltered_random,unfiltered_random,SPOCK3,A0_team_baseline,"Team baseline: RNA .55, protein .30, confidence .15",,0.6,1513,False,1412,1105,594,0,0.09349424327606598,0.8631000000000001,745,128,0.6457369464639788,0.06704247159647848,3,False,True,True,True,1.0,True,1.0,0.0,0.0,0.0,1513
unfiltered_random,unfiltered_random,SPOCK3,A1a_no_direct_protein,Remove direct protein; retain protein-derived confidence,,0.6,1513,False,1412,1105,594,0,0.09349424327606598,0.8631000000000001,745,128,0.6457369464639788,0.06704247159647848,3,False,True,True,True,1.0,True,1.0,0.0,0.0,0.0,1513
unfiltered_random,unfiltered_random,SPOCK3,A1b_no_protein_evidence,Remove direct protein and all protein-derived confidence,,0.6,1513,False,1412,1105,594,0,0.09461133886494534,0.8734,738,124,0.6602775941837409,0.11918386434811602,3,False,True,False,False,0.8181818181818182,True,0.9858919662073619,42.774619960343685,361.0,0.05223853271645737,1513
unfiltered_random,unfiltered_random,SPOCK3,A1c_no_protein_confidence,Retain direct protein; remove protein-derived confidence only,,0.6,1513,False,1412,1105,594,0,0.09461133886494534,0.8734,738,124,0.6602775941837409,0.11918386434811602,3,False,True,False,False,0.8181818181818182,True,0.9858919662073619,42.774619960343685,361.0,0.05223853271645737,1513
unfiltered_random,unfiltered_random,SPOCK3,A2_no_confidence,Remove the full confidence block; renormalise RNA/protein,,0.6,1513,False,1412,1105,594,0,0.10942686418388489,1.0,760,124,0.6245869134170522,0.06704247159647896,3,False,True,False,False,0.8181818181818182,True,0.9501095988866057,89.80634500991408,555.0,0.05876252478519498,1513
unfiltered_random,unfiltered_random,SPOCK3,A2a_no_conf_completeness,Remove completeness from confidence; renormalise retained components,,0.6,1513,False,1412,1105,594,0,0.09441427599141115,0.8719,748,125,0.6483807005948447,0.11171191267161874,3,False,True,False,False,0.8181818181818182,True,0.9889607684124639,37.63780568407138,347.0,0.005167746199603437,1513
unfiltered_random,unfiltered_random,SPOCK3,A2b_no_conf_source_support,Remove source support from confidence; renormalise retained components,,0.6,1513,False,1412,1105,594,0,0.0930120969771137,0.8500000000000001,731,124,0.6569729015201586,0.0,1,True,True,False,False,0.8181818181818182,True,0.9501201865216823,89.80370125578321,555.5,0.00774454725710509,1513
unfiltered_random,unfiltered_random,SPOCK3,A2c_no_conf_consistency,Remove RNA-protein consistency; renormalise retained components,,0.6,1513,False,1412,1105,594,0,0.09389431451829482,0.8675,745,124,0.6490416391275612,0.08941550211781828,3,False,True,False,False,0.8181818181818182,True,0.9964332368737909,20.810971579643095,278.0,0.0025842696629213486,1513
unfiltered_random,unfiltered_random,SPOCK3,A3_equal_bio,Equal RNA/protein biological weights,,0.6,1513,False,1412,1105,594,0,0.09349424327606598,0.8631000000000001,745,128,0.6457369464639788,0.06704247159647848,3,False,True,True,True,1.0,True,1.0,0.0,0.0,0.0,1513
unfiltered_random,unfiltered_random,SPOCK3,A3b_reversed_bio,Protein biological weight greater than RNA,,0.6,1513,False,1412,1105,594,0,0.09349424327606598,0.8631000000000001,745,128,0.6457369464639788,0.06704247159647848,3,False,True,True,True,1.0,True,1.0,0.0,0.0,0.0,1513
unfiltered_random,unfiltered_random,SPOCK3,A4_adaptive_trust,Team baseline plus gene-level adaptive RNA trust,,0.6,1513,False,1412,1105,594,0,0.09349424327606598,0.8631000000000001,745,128,0.6457369464639788,0.06704247159647848,3,False,True,True,True,1.0,True,1.0,0.0,0.0,0.0,1513
unfiltered_random,unfiltered_random,SPOCK3,A5_v3_structure,Flat v3 RNA/protein/consistency/completeness structure,,0.6,1513,False,1412,1105,594,0,0.097283817002936,0.889,743,124,0.6490416391275612,0.06704247159647896,3,False,True,False,False,0.8181818181818182,True,0.9501336267559275,89.79180436219431,555.0,0.016278453403833444,1513
unfiltered_random,unfiltered_random,SPOCK3,A6_v3_full,Flat v3 structure plus adaptive trust,,0.6,1513,False,1412,1105,594,0,0.097283817002936,0.889,743,124,0.6490416391275612,0.06704247159647896,3,False,True,False,False,0.8181818181818182,True,0.9501336267559275,89.79180436219431,555.0,0.016278453403833444,1513
unfiltered_random,unfiltered_random,STX5,B0_rna_mean,RNA-only mean ranking; no protein or confidence in final score,0.4241879875252667,0.7877263650707467,1513,True,1412,1105,594,375,0.10680333518668828,1.0,1240,6,0.33377395902181095,0.11918386434811487,3,False,True,False,False,0.42857142857142855,True,0.9478138432001315,85.95836087243886,742.0,0.028374487772637142,1513
unfiltered_random,unfiltered_random,STX5,A0_team_baseline,"Team baseline: RNA .55, protein .30, confidence .15",0.4241879875252667,0.7877263650707467,1513,True,1412,1105,594,375,0.09412017246364936,0.8500000000000001,1219,4,0.3516192994051553,0.20017839369988694,320,False,True,True,True,1.0,True,0.9999999999999999,0.0,0.0,0.0,1513
unfiltered_random,unfiltered_random,STX5,A1a_no_direct_protein,Remove direct protein; retain protein-derived confidence,0.4241879875252667,0.7877263650707467,1513,True,1412,1105,594,375,0.09669916411986773,0.8500000000000001,1221,5,0.35095836087243887,0.20017839369988666,320,False,True,False,False,0.8181818181818182,True,0.9494312927992545,85.01718440185063,829.0,0.011588169200264377,1513
unfiltered_random,unfiltered_random,STX5,A1b_no_protein_evidence,Remove direct protein and all protein-derived confidence,0.4241879875252667,0.7877263650707467,1513,True,1412,1105,594,375,0.09453261124489638,0.8500000000000001,1215,4,0.3615333773959022,0.11918386434811622,3,False,True,False,False,0.5384615384615384,True,0.9592466340595479,68.25181758096497,748.5,0.05017005948446794,1513
unfiltered_random,unfiltered_random,STX5,A1c_no_protein_confidence,Retain direct protein; remove protein-derived confidence only,0.4241879875252667,0.7877263650707467,1513,True,1412,1105,594,375,0.09529697616719035,0.8500000000000001,1231,4,0.34236615994712494,0.11918386434811606,3,False,True,False,False,0.6666666666666666,True,0.9655217683014692,87.71711830799735,320.0,0.039272967614011896,1513
unfiltered_random,unfiltered_random,STX5,A2_no_confidence,Remove the full confidence block; renormalise RNA/protein,0.4241879875252667,0.7877263650707467,1513,True,1412,1105,594,375,0.10948065174472817,1.0,1263,4,0.3119629874421679,0.2001783936998873,320,False,True,False,False,0.5384615384615384,True,0.9358590573558105,120.61202908129545,392.0,0.0308703899537343,1513
unfiltered_random,unfiltered_random,STX5,A2a_no_conf_completeness,Remove completeness from confidence; renormalise retained components,0.4241879875252667,0.7877263650707467,1513,True,1412,1105,594,375,0.09550080143950465,0.85,1225,4,0.3536021150033047,0.20175422206347748,345,False,True,False,False,0.8181818181818182,True,0.9969180918112526,25.751487111698612,156.0,0.005499405155320555,1513
unfiltered_random,unfiltered_random,STX5,A2b_no_conf_source_support,Remove source support from confidence; renormalise retained components,0.4241879875252667,0.7877263650707467,1513,True,1412,1105,594,375,0.09274780012271082,0.8500000000000001,1214,5,0.3654990085922009,0.19124960306175684,319,False,True,False,False,0.8181818181818182,True,0.9942213691493351,34.42762723066755,150.5,0.007040383344348976,1513
unfiltered_random,unfiltered_random,STX5,A2c_no_conf_consistency,Remove RNA-protein consistency; renormalise retained components,0.4241879875252667,0.7877263650707467,1513,True,1412,1105,594,375,0.09485344858019833,0.85,1226,4,0.34831460674157305,0.2195701519968718,6,False,True,False,True,1.0,True,0.9987554158644586,15.407799074686054,121.5,0.003096893588896232,1513
unfiltered_random,unfiltered_random,STX5,A3_equal_bio,Equal RNA/protein biological weights,0.4241879875252667,0.7877263650707467,1513,True,1412,1105,594,375,0.09531931946214306,0.8500000000000001,1216,5,0.3595505617977528,0.20017839369988716,320,False,True,False,False,0.8181818181818182,True,0.9915937463414177,35.2650363516193,440.5,0.004827693324520818,1513
unfiltered_random,unfiltered_random,STX5,A3b_reversed_bio,Protein biological weight greater than RNA,0.4241879875252667,0.7877263650707467,1513,True,1412,1105,594,375,0.09781476762882774,0.8632000000000001,1231,4,0.34368803701255785,0.20017839369988716,320,False,True,False,False,0.6666666666666666,False,0.9705529692125455,67.08658294778586,769.5,0.009655717118307997,1513
unfiltered_random,unfiltered_random,STX5,A4_adaptive_trust,Team baseline plus gene-level adaptive RNA trust,0.4241879875252667,0.7877263650707467,1513,True,1412,1105,594,375,0.09519983938568356,0.8500000000000001,1234,4,0.34104428288169203,0.20017839369988716,320,False,True,False,False,0.8181818181818182,True,0.9926131282543669,33.03833443489756,413.5,0.004508063450099141,1513
unfiltered_random,unfiltered_random,STX5,A5_v3_structure,Flat v3 RNA/protein/consistency/completeness structure,0.4241879875252667,0.7877263650707467,1513,True,1412,1105,594,375,0.09705094016571858,0.889,1222,4,0.3562458691341705,0.20017839369988646,320,False,True,False,False,0.8181818181818182,True,0.9788177242262804,64.06212822207534,401.0,0.016355254461335095,1513
unfiltered_random,unfiltered_random,STX5,A6_v3_full,Flat v3 structure plus adaptive trust,0.4241879875252667,0.7877263650707467,1513,True,1412,1105,594,375,0.09758478606429728,0.889,1236,4,0.34104428288169203,0.2001783936998867,320,False,True,False,False,0.6666666666666666,True,0.9776670685461132,61.61070720423,629.0,0.015394646397884995,1513
unfiltered_random,unfiltered_random,TBC1D3P7,B0_rna_mean,RNA-only mean ranking; no protein or confidence in final score,,0.6,1412,False,1412,0,0,0,0.03567445610943405,1.0,12,1350,0.9985835694050992,8.770761894538737e-15,1,True,True,True,True,1.0,True,1.0,0.0,0.0,0.06140417847025495,1412
unfiltered_random,unfiltered_random,TBC1D3P7,A0_team_baseline,"Team baseline: RNA .55, protein .30, confidence .15",,0.6,1412,False,1412,0,0,0,0.030320138060286238,0.8500000000000001,12,1350,0.9985835694050992,1.099120794378905e-14,1,True,True,True,True,1.0,True,1.0,0.0,0.0,0.0,1412
unfiltered_random,unfiltered_random,TBC1D3P7,A1a_no_direct_protein,Remove direct protein; retain protein-derived confidence,,0.6,1412,False,1412,0,0,0,0.030320138060286238,0.8500000000000001,12,1350,0.9985835694050992,1.099120794378905e-14,1,True,True,True,True,1.0,True,1.0,0.0,0.0,0.0,1412
unfiltered_random,unfiltered_random,TBC1D3P7,A1b_no_protein_evidence,Remove direct protein and all protein-derived confidence,,0.6,1412,False,1412,0,0,0,0.03032656405041196,0.8500000000000001,12,1350,0.9985835694050992,8.770761894538737e-15,1,True,True,True,True,1.0,True,1.0,0.0,0.0,0.041402549575070814,1412
unfiltered_random,unfiltered_random,TBC1D3P7,A1c_no_protein_confidence,Retain direct protein; remove protein-derived confidence only,,0.6,1412,False,1412,0,0,0,0.03032656405041196,0.8500000000000001,12,1350,0.9985835694050992,8.770761894538737e-15,1,True,True,True,True,1.0,True,1.0,0.0,0.0,0.041402549575070814,1412
unfiltered_random,unfiltered_random,TBC1D3P7,A2_no_confidence,Remove the full confidence block; renormalise RNA/protein,,0.6,1412,False,1412,0,0,0,0.03567445610943405,1.0,12,1350,0.9985835694050992,1.099120794378905e-14,1,True,True,True,True,1.0,True,1.0,0.0,0.0,0.06140417847025495,1412
unfiltered_random,unfiltered_random,TBC1D3P7,A2a_no_conf_completeness,Remove completeness from confidence; renormalise retained components,,0.6,1412,False,1412,0,0,0,0.030326564050411852,0.85,12,1350,0.9985835694050992,5.6066262743570405e-15,1,True,True,True,True,1.0,True,1.0,0.0,0.0,0.008797450424929177,1412
unfiltered_random,unfiltered_random,TBC1D3P7,A2b_no_conf_source_support,Remove source support from confidence; renormalise retained components,,0.6,1412,False,1412,0,0,0,0.03032418888110804,0.8500000000000001,12,1350,0.9985835694050992,0.0,1,True,True,True,True,1.0,True,1.0,0.0,0.0,0.013101983002832862,1412
unfiltered_random,unfiltered_random,TBC1D3P7,A2c_no_conf_consistency,Remove RNA-protein consistency; renormalise retained components,,0.6,1412,False,1412,0,0,0,0.030324188881108206,0.85,12,1350,0.9985835694050992,5.828670879282072e-15,1,True,True,True,True,1.0,True,1.0,0.0,0.0,0.004398016997167133,1412
unfiltered_random,unfiltered_random,TBC1D3P7,A3_equal_bio,Equal RNA/protein biological weights,,0.6,1412,False,1412,0,0,0,0.030320138060286238,0.8500000000000001,12,1350,0.9985835694050992,1.099120794378905e-14,1,True,True,True,True,1.0,True,1.0,0.0,0.0,0.0,1412
unfiltered_random,unfiltered_random,TBC1D3P7,A3b_reversed_bio,Protein biological weight greater than RNA,,0.6,1412,False,1412,0,0,0,0.030320138060286238,0.8500000000000001,12,1350,0.9985835694050992,1.099120794378905e-14,1,True,True,True,True,1.0,True,1.0,0.0,0.0,0.0,1412
unfiltered_random,unfiltered_random,TBC1D3P7,A4_adaptive_trust,Team baseline plus gene-level adaptive RNA trust,,0.6,1412,False,1412,0,0,0,0.030320138060286238,0.8500000000000001,12,1350,0.9985835694050992,1.099120794378905e-14,1,True,True,True,True,1.0,True,1.0,0.0,0.0,0.0,1412
unfiltered_random,unfiltered_random,TBC1D3P7,A5_v3_structure,Flat v3 RNA/protein/consistency/completeness structure,,0.6,1412,False,1412,0,0,0,0.03171503448917907,0.889,12,1350,0.9985835694050992,1.099120794378905e-14,1,True,True,True,True,1.0,True,1.0,0.0,0.0,0.006299362606232291,1412
unfiltered_random,unfiltered_random,TBC1D3P7,A6_v3_full,Flat v3 structure plus adaptive trust,,0.6,1412,False,1412,0,0,0,0.03171503448917907,0.889,12,1350,0.9985835694050992,1.099120794378905e-14,1,True,True,True,True,1.0,True,1.0,0.0,0.0,0.006299362606232291,1412
unfiltered_random,unfiltered_random,TMED7,B0_rna_mean,RNA-only mean ranking; no protein or confidence in final score,,0.6,1476,False,1412,1105,0,0,0.10119368172576354,1.0,1222,4,0.31910569105691056,0.07089474244752463,2,False,True,False,False,0.5384615384615384,True,0.997256772136648,26.31639566395664,74.5,0.027826084010840108,1476
unfiltered_random,unfiltered_random,TMED7,A0_team_baseline,"Team baseline: RNA .55, protein .30, confidence .15",,0.6,1476,False,1412,1105,0,0,0.08586772561846356,0.8500000000000001,1168,6,0.38346883468834686,0.03989253996243293,2,False,True,True,True,1.0,True,1.0,0.0,0.0,0.0,1476
unfiltered_random,unfiltered_random,TMED7,A1a_no_direct_protein,Remove direct protein; retain protein-derived confidence,,0.6,1476,False,1412,1105,0,0,0.08586772561846356,0.8500000000000001,1168,6,0.38346883468834686,0.03989253996243293,2,False,True,True,True,1.0,True,1.0,0.0,0.0,0.0,1476
unfiltered_random,unfiltered_random,TMED7,A1b_no_protein_evidence,Remove direct protein and all protein-derived confidence,,0.6,1476,False,1412,1105,0,0,0.08604153946547927,0.85,1172,4,0.37533875338753386,0.0708947424475229,2,False,True,False,False,0.8181818181818182,True,0.9983462399106895,20.51761517615176,61.5,0.04866077235772357,1476
unfiltered_random,unfiltered_random,TMED7,A1c_no_protein_confidence,Retain direct protein; remove protein-derived confidence only,,0.6,1476,False,1412,1105,0,0,0.08604153946547927,0.85,1172,4,0.37533875338753386,0.0708947424475229,2,False,True,False,False,0.8181818181818182,True,0.9983462399106895,20.51761517615176,61.5,0.04866077235772357,1476
unfiltered_random,unfiltered_random,TMED7,A2_no_confidence,Remove the full confidence block; renormalise RNA/protein,,0.6,1476,False,1412,1105,0,0,0.10119368172576354,1.0,1222,4,0.31910569105691056,0.03989253996243296,2,False,True,False,False,0.5384615384615384,True,0.997256772136648,26.31639566395664,74.5,0.027826084010840108,1476
unfiltered_random,unfiltered_random,TMED7,A2a_no_conf_completeness,Remove completeness from confidence; renormalise retained components,,0.6,1476,False,1412,1105,0,0,0.08600116082105273,0.8500000000000001,1165,6,0.39227642276422764,0.06647236944597334,2,False,True,False,False,0.8181818181818182,True,0.9987884253369819,17.549457994579946,53.5,0.0025789972899729003,1476
unfiltered_random,unfiltered_random,TMED7,A2b_no_conf_source_support,Remove source support from confidence; renormalise retained components,,0.6,1476,False,1412,1105,0,0,0.08601403916007147,0.8500000000000001,1184,6,0.3624661246612466,0.0,1,True,True,False,False,0.5384615384615384,True,0.9972583924465431,26.311653116531165,75.0,0.0038682249322493233,1476
unfiltered_random,unfiltered_random,TMED7,A2c_no_conf_consistency,Remove RNA-protein consistency; renormalise retained components,,0.6,1476,False,1412,1105,0,0,0.08591036628064107,0.8500000000000001,1162,6,0.3888888888888889,0.053205250441324924,2,False,True,False,False,0.8181818181818182,True,0.9996758143254489,8.908536585365853,31.5,0.0012892953929539294,1476
unfiltered_random,unfiltered_random,TMED7,A3_equal_bio,Equal RNA/protein biological weights,,0.6,1476,False,1412,1105,0,0,0.08586772561846356,0.8500000000000001,1168,6,0.38346883468834686,0.03989253996243293,2,False,True,True,True,1.0,True,1.0,0.0,0.0,0.0,1476
unfiltered_random,unfiltered_random,TMED7,A3b_reversed_bio,Protein biological weight greater than RNA,,0.6,1476,False,1412,1105,0,0,0.08586772561846356,0.8500000000000001,1168,6,0.38346883468834686,0.03989253996243293,2,False,True,True,True,1.0,True,1.0,0.0,0.0,0.0,1476
unfiltered_random,unfiltered_random,TMED7,A4_adaptive_trust,Team baseline plus gene-level adaptive RNA trust,,0.6,1476,False,1412,1105,0,0,0.08586772561846356,0.8500000000000001,1168,6,0.38346883468834686,0.03989253996243293,2,False,True,True,True,1.0,True,1.0,0.0,0.0,0.0,1476
unfiltered_random,unfiltered_random,TMED7,A5_v3_structure,Flat v3 RNA/protein/consistency/completeness structure,,0.6,1476,False,1412,1105,0,0,0.0899627453418185,0.889,1196,5,0.34688346883468835,0.03989253996243296,2,False,True,False,False,0.5384615384615384,True,0.9972572048890266,26.31571815718157,75.0,0.010055216802168022,1476
unfiltered_random,unfiltered_random,TMED7,A6_v3_full,Flat v3 structure plus adaptive trust,,0.6,1476,False,1412,1105,0,0,0.0899627453418185,0.889,1196,5,0.34688346883468835,0.03989253996243296,2,False,True,False,False,0.5384615384615384,True,0.9972572048890266,26.31571815718157,75.0,0.010055216802168022,1476
unfiltered_random,unfiltered_random,TMEM134,B0_rna_mean,RNA-only mean ranking; no protein or confidence in final score,0.5711911845129485,1.0,1513,True,1412,1105,594,268,0.1278742288106364,1.0,1284,4,0.28155981493721083,0.11918386434811627,3,False,True,False,False,0.6666666666666666,False,0.9472872738157664,89.62062128222075,866.5,0.028453536021150035,1513
unfiltered_random,unfiltered_random,TMEM134,A0_team_baseline,"Team baseline: RNA .55, protein .30, confidence .15",0.5711911845129485,1.0,1513,True,1412,1105,594,268,0.1170647875664494,0.8510000000000001,1267,4,0.3040317250495704,0.1815662774621336,244,False,True,True,True,1.0,True,1.0,0.0,0.0,0.0,1513
unfiltered_random,unfiltered_random,TMEM134,A1a_no_direct_protein,Remove direct protein; retain protein-derived confidence,0.5711911845129485,1.0,1513,True,1412,1105,594,268,0.1161608936503252,0.8510000000000001,1247,4,0.3271645736946464,0.1815662774621337,244,False,True,False,False,0.8181818181818182,True,0.9885486687530776,24.933245208195636,743.5,0.005540052875082617,1513
unfiltered_random,unfiltered_random,TMEM134,A1b_no_protein_evidence,Remove direct protein and all protein-derived confidence,0.5711911845129485,1.0,1513,True,1412,1105,594,268,0.11433064105220886,0.8714999999999999,1250,4,0.3238598810310641,0.11918386434811674,3,False,True,False,False,0.6666666666666666,True,0.9621624650138869,72.10376734963648,833.5,0.04750680766688698,1513
unfiltered_random,unfiltered_random,TMEM134,A1c_no_protein_confidence,Retain direct protein; remove protein-derived confidence only,0.5711911845129485,1.0,1513,True,1412,1105,594,268,0.1146678570999957,0.8714999999999999,1266,4,0.3040317250495704,0.11918386434811591,3,False,True,False,False,0.8181818181818182,True,0.9806566121042458,59.11566424322538,316.5,0.04290178453403833,1513
unfiltered_random,unfiltered_random,TMEM134,A2_no_confidence,Remove the full confidence block; renormalise RNA/protein,0.5711911845129485,1.0,1513,True,1412,1105,594,268,0.1280633262954971,1.0,1277,4,0.29345670852610706,0.18156627746213372,244,False,True,False,False,0.6666666666666666,False,0.9692015006816328,75.68407138136153,365.5,0.025866688697951095,1513
unfiltered_random,unfiltered_random,TMEM134,A2a_no_conf_completeness,Remove completeness from confidence; renormalise retained components,0.5711911845129485,1.0,1513,True,1412,1105,594,268,0.11837887556690099,0.8685999999999999,1269,4,0.30138797091870456,0.18887163275937602,256,False,True,False,True,1.0,True,0.9980728384275143,19.622604097818904,136.0,0.0052448777263714485,1513
unfiltered_random,unfiltered_random,TMEM134,A2b_no_conf_source_support,Remove source support from confidence; renormalise retained components,0.5711911845129485,1.0,1513,True,1412,1105,594,268,0.11494584395744187,0.8500000000000001,1261,4,0.3053536021150033,0.17616065139104659,236,False,True,False,True,1.0,False,0.9960585084911925,28.14738929279577,134.5,0.007264375413086582,1513
unfiltered_random,unfiltered_random,TMEM134,A2c_no_conf_consistency,Remove RNA-protein consistency; renormalise retained components,0.5711911845129485,1.0,1513,True,1412,1105,594,268,0.11836724496205815,0.8598,1263,4,0.310641110376735,0.1953389624014197,6,False,True,False,True,1.0,True,0.9995149566914154,10.229345670852611,64.5,0.0026998017184401853,1513
unfiltered_random,unfiltered_random,TMEM134,A3_equal_bio,Equal RNA/protein biological weights,0.5711911845129485,1.0,1513,True,1412,1105,594,268,0.11817488396026095,0.8510000000000001,1258,4,0.3165895571711831,0.18156627746213358,244,False,True,False,False,0.8181818181818182,True,0.9983506003378497,9.497025776602776,274.0,0.002307468605419696,1513
unfiltered_random,unfiltered_random,TMEM134,A3b_reversed_bio,Protein biological weight greater than RNA,0.5711911845129485,1.0,1513,True,1412,1105,594,268,0.11969979065856605,0.8510000000000001,1267,4,0.3066754791804362,0.18156627746213358,244,False,True,False,False,0.8181818181818182,True,0.9941781022552664,17.583608724388633,433.5,0.004615532055518836,1513
unfiltered_random,unfiltered_random,TMEM134,A4_adaptive_trust,Team baseline plus gene-level adaptive RNA trust,0.5711911845129485,1.0,1513,True,1412,1105,594,268,0.1170647875664494,0.8510000000000001,1267,4,0.3040317250495704,0.1815662774621336,244,False,True,True,True,1.0,True,1.0,0.0,0.0,0.0,1513
unfiltered_random,unfiltered_random,TMEM134,A5_v3_structure,Flat v3 RNA/protein/consistency/completeness structure,0.5711911845129485,1.0,1513,True,1412,1105,594,268,0.12611677184807266,0.889,1277,5,0.29081295439524124,0.1815662774621338,244,False,True,False,True,1.0,False,0.9745064899943399,64.27428949107733,480.0,0.017138797091870456,1513
unfiltered_random,unfiltered_random,TMEM134,A6_v3_full,Flat v3 structure plus adaptive trust,0.5711911845129485,1.0,1513,True,1412,1105,594,268,0.12611677184807266,0.889,1277,5,0.29081295439524124,0.1815662774621338,244,False,True,False,True,1.0,False,0.9745064899943399,64.27428949107733,480.0,0.017138797091870456,1513
unfiltered_random,unfiltered_random,TMEM266,B0_rna_mean,RNA-only mean ranking; no protein or confidence in final score,,0.6,1513,False,1412,1105,594,0,0.06783670792232063,1.0,618,32,0.7382683410442828,0.11918386434811565,3,False,True,False,True,1.0,True,0.9513044955415334,92.84930601454064,398.0,0.06153978849966953,1513
unfiltered_random,unfiltered_random,TMEM266,A0_team_baseline,"Team baseline: RNA .55, protein .30, confidence .15",,0.6,1513,False,1412,1105,594,0,0.059677819217265476,0.8500000000000001,621,32,0.7362855254461335,0.06704247159647805,3,False,True,True,True,1.0,True,1.0,0.0,0.0,0.0,1513
unfiltered_random,unfiltered_random,TMEM266,A1a_no_direct_protein,Remove direct protein; retain protein-derived confidence,,0.6,1513,False,1412,1105,594,0,0.059677819217265476,0.8500000000000001,621,32,0.7362855254461335,0.06704247159647805,3,False,True,True,True,1.0,True,1.0,0.0,0.0,0.0,1513
unfiltered_random,unfiltered_random,TMEM266,A1b_no_protein_evidence,Remove direct protein and all protein-derived confidence,,0.6,1513,False,1412,1105,594,0,0.06232377296491795,0.8500000000000001,623,32,0.7343027098479842,0.1191838643481157,3,False,True,False,False,0.8181818181818182,True,0.9868100532762479,45.28089887640449,264.5,0.05224672835426305,1513
unfiltered_random,unfiltered_random,TMEM266,A1c_no_protein_confidence,Retain direct protein; remove protein-derived confidence only,,0.6,1513,False,1412,1105,594,0,0.06232377296491795,0.8500000000000001,623,32,0.7343027098479842,0.1191838643481157,3,False,True,False,False,0.8181818181818182,True,0.9868100532762479,45.28089887640449,264.5,0.05224672835426305,1513
unfiltered_random,unfiltered_random,TMEM266,A2_no_confidence,Remove the full confidence block; renormalise RNA/protein,,0.6,1513,False,1412,1105,594,0,0.06783670792232063,1.0,618,32,0.7382683410442828,0.06704247159647858,3,False,True,False,True,1.0,True,0.9513044955415334,92.84930601454064,398.0,0.06153978849966953,1513
unfiltered_random,unfiltered_random,TMEM266,A2a_no_conf_completeness,Remove completeness from confidence; renormalise retained components,,0.6,1513,False,1412,1105,594,0,0.06189350211951963,0.85,616,32,0.7448777263714474,0.11171191267161867,3,False,True,False,False,0.8181818181818182,True,0.9897885563491433,40.03899537343027,234.5,0.005160343688037013,1513
unfiltered_random,unfiltered_random,TMEM266,A2b_no_conf_source_support,Remove source support from confidence; renormalise retained components,,0.6,1513,False,1412,1105,594,0,0.057663987284573275,0.8500000000000001,594,32,0.7554527428949108,0.0,1,True,True,False,True,1.0,True,0.9513198002746657,92.79246530072703,398.5,0.0077461335095836085,1513
unfiltered_random,unfiltered_random,TMEM266,A2c_no_conf_consistency,Remove RNA-protein consistency; renormalise retained components,,0.6,1513,False,1412,1105,594,0,0.060705140924883744,0.85,609,32,0.7488433575677462,0.08941550211781807,3,False,True,False,False,0.8181818181818182,True,0.9969648027140953,22.34500991407799,143.0,0.0025826834104428287,1513
unfiltered_random,unfiltered_random,TMEM266,A3_equal_bio,Equal RNA/protein biological weights,,0.6,1513,False,1412,1105,594,0,0.059677819217265476,0.8500000000000001,621,32,0.7362855254461335,0.06704247159647805,3,False,True,True,True,1.0,True,1.0,0.0,0.0,0.0,1513
unfiltered_random,unfiltered_random,TMEM266,A3b_reversed_bio,Protein biological weight greater than RNA,,0.6,1513,False,1412,1105,594,0,0.059677819217265476,0.8500000000000001,621,32,0.7362855254461335,0.06704247159647805,3,False,True,True,True,1.0,True,1.0,0.0,0.0,0.0,1513
unfiltered_random,unfiltered_random,TMEM266,A4_adaptive_trust,Team baseline plus gene-level adaptive RNA trust,,0.6,1513,False,1412,1105,594,0,0.059677819217265476,0.8500000000000001,621,32,0.7362855254461335,0.06704247159647805,3,False,True,True,True,1.0,True,1.0,0.0,0.0,0.0,1513
unfiltered_random,unfiltered_random,TMEM266,A5_v3_structure,Flat v3 RNA/protein/consistency/completeness structure,,0.6,1513,False,1412,1105,594,0,0.060308123078581403,0.889,601,41,0.7528089887640449,0.06704247159647857,3,False,True,False,True,1.0,True,0.9510515072913718,92.86781229345671,398.5,0.01669748843357568,1513
unfiltered_random,unfiltered_random,TMEM266,A6_v3_full,Flat v3 structure plus adaptive trust,,0.6,1513,False,1412,1105,594,0,0.060308123078581403,0.889,601,41,0.7528089887640449,0.06704247159647857,3,False,True,False,True,1.0,True,0.9510515072913718,92.86781229345671,398.5,0.01669748843357568,1513
unfiltered_random,unfiltered_random,TUBB8P3,B0_rna_mean,RNA-only mean ranking; no protein or confidence in final score,,0.6,1412,False,1412,0,0,0,0.06242255899835199,1.0,11,1379,0.9957507082152974,8.770761894538737e-15,1,True,True,True,True,1.0,True,1.0,0.0,0.0,0.06109277620396601,1412
unfiltered_random,unfiltered_random,TUBB8P3,A0_team_baseline,"Team baseline: RNA .55, protein .30, confidence .15",,0.6,1412,False,1412,0,0,0,0.053053436915227827,0.8500000000000001,11,1379,0.9957507082152974,1.099120794378905e-14,1,True,True,True,True,1.0,True,1.0,0.0,0.0,0.0,1412
unfiltered_random,unfiltered_random,TUBB8P3,A1a_no_direct_protein,Remove direct protein; retain protein-derived confidence,,0.6,1412,False,1412,0,0,0,0.053053436915227827,0.8500000000000001,11,1379,0.9957507082152974,1.099120794378905e-14,1,True,True,True,True,1.0,True,1.0,0.0,0.0,0.0,1412
unfiltered_random,unfiltered_random,TUBB8P3,A1b_no_protein_evidence,Remove direct protein and all protein-derived confidence,,0.6,1412,False,1412,0,0,0,0.053062213584771145,0.8500000000000001,11,1379,0.9957507082152974,8.770761894538737e-15,1,True,True,True,True,1.0,True,1.0,0.0,0.0,0.041401841359773366,1412
unfiltered_random,unfiltered_random,TUBB8P3,A1c_no_protein_confidence,Retain direct protein; remove protein-derived confidence only,,0.6,1412,False,1412,0,0,0,0.053062213584771145,0.8500000000000001,11,1379,0.9957507082152974,8.770761894538737e-15,1,True,True,True,True,1.0,True,1.0,0.0,0.0,0.041401841359773366,1412
unfiltered_random,unfiltered_random,TUBB8P3,A2_no_confidence,Remove the full confidence block; renormalise RNA/protein,,0.6,1412,False,1412,0,0,0,0.06242255899835199,1.0,11,1379,0.9957507082152974,1.099120794378905e-14,1,True,True,True,True,1.0,True,1.0,0.0,0.0,0.06109277620396601,1412
unfiltered_random,unfiltered_random,TUBB8P3,A2a_no_conf_completeness,Remove completeness from confidence; renormalise retained components,,0.6,1412,False,1412,0,0,0,0.05306221358477102,0.85,11,1379,0.9957507082152974,5.6066262743570405e-15,1,True,True,True,True,1.0,True,1.0,0.0,0.0,0.008798158640226626,1412
unfiltered_random,unfiltered_random,TUBB8P3,A2b_no_conf_source_support,Remove source support from confidence; renormalise retained components,,0.6,1412,False,1412,0,0,0,0.053059513937191466,0.8500000000000001,11,1379,0.9957507082152974,0.0,1,True,True,True,True,1.0,True,1.0,0.0,0.0,0.013101416430594903,1412
unfiltered_random,unfiltered_random,TUBB8P3,A2c_no_conf_consistency,Remove RNA-protein consistency; renormalise retained components,,0.6,1412,False,1412,0,0,0,0.0530595139371917,0.85,11,1379,0.9957507082152974,5.828670879282072e-15,1,True,True,True,True,1.0,True,1.0,0.0,0.0,0.0043985835694050944,1412
unfiltered_random,unfiltered_random,TUBB8P3,A3_equal_bio,Equal RNA/protein biological weights,,0.6,1412,False,1412,0,0,0,0.053053436915227827,0.8500000000000001,11,1379,0.9957507082152974,1.099120794378905e-14,1,True,True,True,True,1.0,True,1.0,0.0,0.0,0.0,1412
unfiltered_random,unfiltered_random,TUBB8P3,A3b_reversed_bio,Protein biological weight greater than RNA,,0.6,1412,False,1412,0,0,0,0.053053436915227827,0.8500000000000001,11,1379,0.9957507082152974,1.099120794378905e-14,1,True,True,True,True,1.0,True,1.0,0.0,0.0,0.0,1412
unfiltered_random,unfiltered_random,TUBB8P3,A4_adaptive_trust,Team baseline plus gene-level adaptive RNA trust,,0.6,1412,False,1412,0,0,0,0.053053436915227827,0.8500000000000001,11,1379,0.9957507082152974,1.099120794378905e-14,1,True,True,True,True,1.0,True,1.0,0.0,0.0,0.0,1412
unfiltered_random,unfiltered_random,TUBB8P3,A5_v3_structure,Flat v3 RNA/protein/consistency/completeness structure,,0.6,1412,False,1412,0,0,0,0.05549466519171835,0.889,11,1379,0.9957507082152974,1.099120794378905e-14,1,True,True,True,True,1.0,True,1.0,0.0,0.0,0.006427691218130307,1412
unfiltered_random,unfiltered_random,TUBB8P3,A6_v3_full,Flat v3 structure plus adaptive trust,,0.6,1412,False,1412,0,0,0,0.05549466519171835,0.889,11,1379,0.9957507082152974,1.099120794378905e-14,1,True,True,True,True,1.0,True,1.0,0.0,0.0,0.006427691218130307,1412
unfiltered_random,unfiltered_random,TXN2P1,B0_rna_mean,RNA-only mean ranking; no protein or confidence in final score,,0.6,1412,False,1412,0,0,0,0.05547507237013031,1.0,66,855,0.9815864022662889,8.770761894538737e-15,1,True,True,True,True,1.0,True,1.0,0.0,0.0,0.05844631728045325,1412
unfiltered_random,unfiltered_random,TXN2P1,A0_team_baseline,"Team baseline: RNA .55, protein .30, confidence .15",,0.6,1412,False,1412,0,0,0,0.04714499756036387,0.8500000000000001,66,855,0.9815864022662889,1.099120794378905e-14,1,True,True,True,True,1.0,True,1.0,0.0,0.0,0.0,1412
unfiltered_random,unfiltered_random,TXN2P1,A1a_no_direct_protein,Remove direct protein; retain protein-derived confidence,,0.6,1412,False,1412,0,0,0,0.04714499756036387,0.8500000000000001,66,855,0.9815864022662889,1.099120794378905e-14,1,True,True,True,True,1.0,True,1.0,0.0,0.0,0.0,1412
unfiltered_random,unfiltered_random,TXN2P1,A1b_no_protein_evidence,Remove direct protein and all protein-derived confidence,,0.6,1412,False,1412,0,0,0,0.04716163053252025,0.8500000000000001,66,855,0.9815864022662889,8.770761894538737e-15,1,True,True,True,True,1.0,True,1.0,0.0,0.0,0.04142818696883852,1412
unfiltered_random,unfiltered_random,TXN2P1,A1c_no_protein_confidence,Retain direct protein; remove protein-derived confidence only,,0.6,1412,False,1412,0,0,0,0.04716163053252025,0.8500000000000001,66,855,0.9815864022662889,8.770761894538737e-15,1,True,True,True,True,1.0,True,1.0,0.0,0.0,0.04142818696883852,1412
unfiltered_random,unfiltered_random,TXN2P1,A2_no_confidence,Remove the full confidence block; renormalise RNA/protein,,0.6,1412,False,1412,0,0,0,0.05547507237013031,1.0,66,855,0.9815864022662889,1.099120794378905e-14,1,True,True,True,True,1.0,True,1.0,0.0,0.0,0.05844631728045325,1412
unfiltered_random,unfiltered_random,TXN2P1,A2a_no_conf_completeness,Remove completeness from confidence; renormalise retained components,,0.6,1412,False,1412,0,0,0,0.04715936680751064,0.85,66,855,0.9815864022662889,5.6066262743570405e-15,1,True,True,True,True,1.0,True,1.0,0.0,0.0,0.008774362606232294,1412
unfiltered_random,unfiltered_random,TXN2P1,A2b_no_conf_source_support,Remove source support from confidence; renormalise retained components,,0.6,1412,False,1412,0,0,0,0.047151436875211825,0.8500000000000001,66,855,0.9815864022662889,0.0,1,True,True,True,True,1.0,True,1.0,0.0,0.0,0.013110977337110483,1412
unfiltered_random,unfiltered_random,TXN2P1,A2c_no_conf_consistency,Remove RNA-protein consistency; renormalise retained components,,0.6,1412,False,1412,0,0,0,0.047151436875211276,0.85,66,855,0.9815864022662889,5.828670879282072e-15,1,True,True,True,True,1.0,True,1.0,0.0,0.0,0.004389022662889515,1412
unfiltered_random,unfiltered_random,TXN2P1,A3_equal_bio,Equal RNA/protein biological weights,,0.6,1412,False,1412,0,0,0,0.04714499756036387,0.8500000000000001,66,855,0.9815864022662889,1.099120794378905e-14,1,True,True,True,True,1.0,True,1.0,0.0,0.0,0.0,1412
unfiltered_random,unfiltered_random,TXN2P1,A3b_reversed_bio,Protein biological weight greater than RNA,,0.6,1412,False,1412,0,0,0,0.04714499756036387,0.8500000000000001,66,855,0.9815864022662889,1.099120794378905e-14,1,True,True,True,True,1.0,True,1.0,0.0,0.0,0.0,1412
unfiltered_random,unfiltered_random,TXN2P1,A4_adaptive_trust,Team baseline plus gene-level adaptive RNA trust,,0.6,1412,False,1412,0,0,0,0.04714499756036387,0.8500000000000001,66,855,0.9815864022662889,1.099120794378905e-14,1,True,True,True,True,1.0,True,1.0,0.0,0.0,0.0,1412
unfiltered_random,unfiltered_random,TXN2P1,A5_v3_structure,Flat v3 RNA/protein/consistency/completeness structure,,0.6,1412,False,1412,0,0,0,0.049313770510478194,0.889,66,855,0.9815864022662889,1.099120794378905e-14,1,True,True,True,True,1.0,True,1.0,0.0,0.0,0.005614943342776201,1412
unfiltered_random,unfiltered_random,TXN2P1,A6_v3_full,Flat v3 structure plus adaptive trust,,0.6,1412,False,1412,0,0,0,0.049313770510478194,0.889,66,855,0.9815864022662889,1.099120794378905e-14,1,True,True,True,True,1.0,True,1.0,0.0,0.0,0.005614943342776201,1412
unfiltered_random,unfiltered_random,VN1R53P,B0_rna_mean,RNA-only mean ranking; no protein or confidence in final score,,0.6,1412,False,1412,0,0,0,0.04281025624436511,1.0,48,1305,0.9773371104815864,8.770761894538737e-15,1,True,True,True,True,1.0,True,1.0,0.0,0.0,0.06124419263456091,1412
unfiltered_random,unfiltered_random,VN1R53P,A0_team_baseline,"Team baseline: RNA .55, protein .30, confidence .15",,0.6,1412,False,1412,0,0,0,0.0363857735739412,0.8500000000000001,48,1305,0.9773371104815864,1.099120794378905e-14,1,True,True,True,True,1.0,True,1.0,0.0,0.0,0.0,1412
unfiltered_random,unfiltered_random,VN1R53P,A1a_no_direct_protein,Remove direct protein; retain protein-derived confidence,,0.6,1412,False,1412,0,0,0,0.0363857735739412,0.8500000000000001,48,1305,0.9773371104815864,1.099120794378905e-14,1,True,True,True,True,1.0,True,1.0,0.0,0.0,0.0,1412
unfiltered_random,unfiltered_random,VN1R53P,A1b_no_protein_evidence,Remove direct protein and all protein-derived confidence,,0.6,1412,False,1412,0,0,0,0.03639243320493556,0.8500000000000001,48,1305,0.9773371104815864,8.770761894538737e-15,1,True,True,True,True,1.0,True,1.0,0.0,0.0,0.04140516997167139,1412
unfiltered_random,unfiltered_random,VN1R53P,A1c_no_protein_confidence,Retain direct protein; remove protein-derived confidence only,,0.6,1412,False,1412,0,0,0,0.03639243320493556,0.8500000000000001,48,1305,0.9773371104815864,8.770761894538737e-15,1,True,True,True,True,1.0,True,1.0,0.0,0.0,0.04140516997167139,1412
unfiltered_random,unfiltered_random,VN1R53P,A2_no_confidence,Remove the full confidence block; renormalise RNA/protein,,0.6,1412,False,1412,0,0,0,0.04281025624436511,1.0,48,1305,0.9773371104815864,1.099120794378905e-14,1,True,True,True,True,1.0,True,1.0,0.0,0.0,0.06124419263456091,1412
unfiltered_random,unfiltered_random,VN1R53P,A2a_no_conf_completeness,Remove completeness from confidence; renormalise retained components,,0.6,1412,False,1412,0,0,0,0.036392136902102086,0.85,48,1305,0.9773371104815864,5.6066262743570405e-15,1,True,True,True,True,1.0,True,1.0,0.0,0.0,0.008794900849858355,1412
unfiltered_random,unfiltered_random,VN1R53P,A2b_no_conf_source_support,Remove source support from confidence; renormalise retained components,,0.6,1412,False,1412,0,0,0,0.03638842904047218,0.8500000000000001,48,1305,0.9773371104815864,0.0,1,True,True,True,True,1.0,True,1.0,0.0,0.0,0.013103753541076488,1412
unfiltered_random,unfiltered_random,VN1R53P,A2c_no_conf_consistency,Remove RNA-protein consistency; renormalise retained components,,0.6,1412,False,1412,0,0,0,0.036388429040472355,0.85,48,1305,0.9773371104815864,5.828670879282072e-15,1,True,True,True,True,1.0,True,1.0,0.0,0.0,0.004396246458923507,1412
unfiltered_random,unfiltered_random,VN1R53P,A3_equal_bio,Equal RNA/protein biological weights,,0.6,1412,False,1412,0,0,0,0.0363857735739412,0.8500000000000001,48,1305,0.9773371104815864,1.099120794378905e-14,1,True,True,True,True,1.0,True,1.0,0.0,0.0,0.0,1412
unfiltered_random,unfiltered_random,VN1R53P,A3b_reversed_bio,Protein biological weight greater than RNA,,0.6,1412,False,1412,0,0,0,0.0363857735739412,0.8500000000000001,48,1305,0.9773371104815864,1.099120794378905e-14,1,True,True,True,True,1.0,True,1.0,0.0,0.0,0.0,1412
unfiltered_random,unfiltered_random,VN1R53P,A4_adaptive_trust,Team baseline plus gene-level adaptive RNA trust,,0.6,1412,False,1412,0,0,0,0.0363857735739412,0.8500000000000001,48,1305,0.9773371104815864,1.099120794378905e-14,1,True,True,True,True,1.0,True,1.0,0.0,0.0,0.0,1412
unfiltered_random,unfiltered_random,VN1R53P,A5_v3_structure,Flat v3 RNA/protein/consistency/completeness structure,,0.6,1412,False,1412,0,0,0,0.038057480788180796,0.889,48,1305,0.9773371104815864,1.099120794378905e-14,1,True,True,True,True,1.0,True,1.0,0.0,0.0,0.006335198300283282,1412
unfiltered_random,unfiltered_random,VN1R53P,A6_v3_full,Flat v3 structure plus adaptive trust,,0.6,1412,False,1412,0,0,0,0.038057480788180796,0.889,48,1305,0.9773371104815864,1.099120794378905e-14,1,True,True,True,True,1.0,True,1.0,0.0,0.0,0.006335198300283282,1412
unfiltered_random,unfiltered_random,WASH5P,B0_rna_mean,RNA-only mean ranking; no protein or confidence in final score,,0.6,1412,False,1412,0,0,0,0.17000085642014331,1.0,1233,3,0.24291784702549576,8.770761894538737e-15,1,True,True,False,True,1.0,True,0.9999999264696433,0.04036827195467422,1.5,0.02738328611898017,1412
unfiltered_random,unfiltered_random,WASH5P,A0_team_baseline,"Team baseline: RNA .55, protein .30, confidence .15",,0.6,1412,False,1412,0,0,0,0.1444989423493327,0.8500000000000001,1223,4,0.2556657223796034,1.099120794378905e-14,1,True,True,True,True,1.0,True,1.0,0.0,0.0,0.0,1412
unfiltered_random,unfiltered_random,WASH5P,A1a_no_direct_protein,Remove direct protein; retain protein-derived confidence,,0.6,1412,False,1412,0,0,0,0.1444989423493327,0.8500000000000001,1223,4,0.2556657223796034,1.099120794378905e-14,1,True,True,True,True,1.0,True,1.0,0.0,0.0,0.0,1412
unfiltered_random,unfiltered_random,WASH5P,A1b_no_protein_evidence,Remove direct protein and all protein-derived confidence,,0.6,1412,False,1412,0,0,0,0.14450138863462736,0.8500000000000001,1217,3,0.26487252124645894,8.770761894538737e-15,1,True,True,False,True,1.0,True,0.9999998902372911,0.060906515580736544,1.5,0.04145573654390935,1412
unfiltered_random,unfiltered_random,WASH5P,A1c_no_protein_confidence,Retain direct protein; remove protein-derived confidence only,,0.6,1412,False,1412,0,0,0,0.14450138863462736,0.8500000000000001,1217,3,0.26487252124645894,8.770761894538737e-15,1,True,True,False,True,1.0,True,0.9999998902372911,0.060906515580736544,1.5,0.04145573654390935,1412
unfiltered_random,unfiltered_random,WASH5P,A2_no_confidence,Remove the full confidence block; renormalise RNA/protein,,0.6,1412,False,1412,0,0,0,0.17000085642014331,1.0,1233,3,0.24291784702549576,1.099120794378905e-14,1,True,True,False,True,1.0,True,0.9999999264696433,0.04036827195467422,1.5,0.02738328611898017,1412
unfiltered_random,unfiltered_random,WASH5P,A2a_no_conf_completeness,Remove completeness from confidence; renormalise retained components,,0.6,1412,False,1412,0,0,0,0.1445018908737214,0.85,1214,3,0.26841359773371104,5.6066262743570405e-15,1,True,True,False,True,1.0,True,0.9999998817120316,0.06515580736543909,1.5,0.00875262039660057,1412
unfiltered_random,unfiltered_random,WASH5P,A2b_no_conf_source_support,Remove source support from confidence; renormalise retained components,,0.6,1412,False,1412,0,0,0,0.14449984563170776,0.8500000000000001,1222,3,0.2556657223796034,0.0,1,True,True,False,True,1.0,True,0.9999999030251794,0.049575070821529746,1.5,0.013123441926345607,1412
unfiltered_random,unfiltered_random,WASH5P,A2c_no_conf_consistency,Remove RNA-protein consistency; renormalise retained components,,0.6,1412,False,1412,0,0,0,0.14449984563170779,0.85,1222,3,0.2556657223796034,5.828670879282072e-15,1,True,True,False,True,1.0,True,0.9999999030251794,0.049575070821529746,1.5,0.0043765580736543925,1412
unfiltered_random,unfiltered_random,WASH5P,A3_equal_bio,Equal RNA/protein biological weights,,0.6,1412,False,1412,0,0,0,0.1444989423493327,0.8500000000000001,1223,4,0.2556657223796034,1.099120794378905e-14,1,True,True,True,True,1.0,True,1.0,0.0,0.0,0.0,1412
unfiltered_random,unfiltered_random,WASH5P,A3b_reversed_bio,Protein biological weight greater than RNA,,0.6,1412,False,1412,0,0,0,0.1444989423493327,0.8500000000000001,1223,4,0.2556657223796034,1.099120794378905e-14,1,True,True,True,True,1.0,True,1.0,0.0,0.0,0.0,1412
unfiltered_random,unfiltered_random,WASH5P,A4_adaptive_trust,Team baseline plus gene-level adaptive RNA trust,,0.6,1412,False,1412,0,0,0,0.1444989423493327,0.8500000000000001,1223,4,0.2556657223796034,1.099120794378905e-14,1,True,True,True,True,1.0,True,1.0,0.0,0.0,0.0,1412
unfiltered_random,unfiltered_random,WASH5P,A5_v3_structure,Flat v3 RNA/protein/consistency/completeness structure,,0.6,1412,False,1412,0,0,0,0.15113137734191265,0.889,1222,3,0.25708215297450426,1.099120794378905e-14,1,True,True,False,True,1.0,True,0.9999999094191241,0.046742209631728045,1.5,0.01490113314447592,1412
unfiltered_random,unfiltered_random,WASH5P,A6_v3_full,Flat v3 structure plus adaptive trust,,0.6,1412,False,1412,0,0,0,0.15113137734191265,0.889,1222,3,0.25708215297450426,1.099120794378905e-14,1,True,True,False,True,1.0,True,0.9999999094191241,0.046742209631728045,1.5,0.01490113314447592,1412
unfiltered_random,unfiltered_random,WDR45P1,B0_rna_mean,RNA-only mean ranking; no protein or confidence in final score,,0.6,1412,False,1412,0,0,0,0.05085040786093281,1.0,57,411,0.9780453257790368,8.770761894538737e-15,1,True,True,False,True,1.0,True,0.9999943392485818,0.07223796033994334,50.5,0.05873696883852691,1412
unfiltered_random,unfiltered_random,WDR45P1,A0_team_baseline,"Team baseline: RNA .55, protein .30, confidence .15",,0.6,1412,False,1412,0,0,0,0.043219929972129416,0.8500000000000001,57,411,0.9787535410764873,1.099120794378905e-14,1,True,True,True,True,1.0,True,1.0,0.0,0.0,0.0,1412
unfiltered_random,unfiltered_random,WDR45P1,A1a_no_direct_protein,Remove direct protein; retain protein-derived confidence,,0.6,1412,False,1412,0,0,0,0.043219929972129416,0.8500000000000001,57,411,0.9787535410764873,1.099120794378905e-14,1,True,True,True,True,1.0,True,1.0,0.0,0.0,0.0,1412
unfiltered_random,unfiltered_random,WDR45P1,A1b_no_protein_evidence,Remove direct protein and all protein-derived confidence,,0.6,1412,False,1412,0,0,0,0.043223162077556034,0.8500000000000001,58,411,0.9773371104815864,8.770761894538737e-15,1,True,True,False,True,1.0,True,0.9999999989012548,0.000708215297450425,0.5,0.04144256373937677,1412
unfiltered_random,unfiltered_random,WDR45P1,A1c_no_protein_confidence,Retain direct protein; remove protein-derived confidence only,,0.6,1412,False,1412,0,0,0,0.043223162077556034,0.8500000000000001,58,411,0.9773371104815864,8.770761894538737e-15,1,True,True,False,True,1.0,True,0.9999999989012548,0.000708215297450425,0.5,0.04144256373937677,1412
unfiltered_random,unfiltered_random,WDR45P1,A2_no_confidence,Remove the full confidence block; renormalise RNA/protein,,0.6,1412,False,1412,0,0,0,0.05085040786093281,1.0,57,411,0.9780453257790368,1.099120794378905e-14,1,True,True,False,True,1.0,True,0.9999943392485818,0.07223796033994334,50.5,0.05873696883852691,1412
unfiltered_random,unfiltered_random,WDR45P1,A2a_no_conf_completeness,Remove completeness from confidence; renormalise retained components,,0.6,1412,False,1412,0,0,0,0.043222022801596975,0.85,59,411,0.9773371104815864,5.6066262743570405e-15,1,True,True,False,True,1.0,True,0.9999983288127031,0.05453257790368272,19.0,0.00875842776203966,1412
unfiltered_random,unfiltered_random,WDR45P1,A2b_no_conf_source_support,Remove source support from confidence; renormalise retained components,,0.6,1412,False,1412,0,0,0,0.04322299005003975,0.8500000000000001,56,411,0.9787535410764873,0.0,1,True,True,False,True,1.0,True,0.9999678699759793,0.2273371104815864,109.5,0.013104036827195468,1412
unfiltered_random,unfiltered_random,WDR45P1,A2c_no_conf_consistency,Remove RNA-protein consistency; renormalise retained components,,0.6,1412,False,1412,0,0,0,0.04322299005003932,0.85,56,411,0.9787535410764873,5.828670879282072e-15,1,True,True,False,True,1.0,True,0.9999678699759793,0.2273371104815864,109.5,0.004395963172804532,1412
unfiltered_random,unfiltered_random,WDR45P1,A3_equal_bio,Equal RNA/protein biological weights,,0.6,1412,False,1412,0,0,0,0.043219929972129416,0.8500000000000001,57,411,0.9787535410764873,1.099120794378905e-14,1,True,True,True,True,1.0,True,1.0,0.0,0.0,0.0,1412
unfiltered_random,unfiltered_random,WDR45P1,A3b_reversed_bio,Protein biological weight greater than RNA,,0.6,1412,False,1412,0,0,0,0.043219929972129416,0.8500000000000001,57,411,0.9787535410764873,1.099120794378905e-14,1,True,True,True,True,1.0,True,1.0,0.0,0.0,0.0,1412
unfiltered_random,unfiltered_random,WDR45P1,A4_adaptive_trust,Team baseline plus gene-level adaptive RNA trust,,0.6,1412,False,1412,0,0,0,0.043219929972129416,0.8500000000000001,57,411,0.9787535410764873,1.099120794378905e-14,1,True,True,True,True,1.0,True,1.0,0.0,0.0,0.0,1412
unfiltered_random,unfiltered_random,WDR45P1,A5_v3_structure,Flat v3 RNA/protein/consistency/completeness structure,,0.6,1412,False,1412,0,0,0,0.0452038287959553,0.889,57,411,0.9787535410764873,1.099120794378905e-14,1,True,True,True,True,1.0,True,1.0,0.0,0.0,0.005682861189801696,1412
unfiltered_random,unfiltered_random,WDR45P1,A6_v3_full,Flat v3 structure plus adaptive trust,,0.6,1412,False,1412,0,0,0,0.0452038287959553,0.889,57,411,0.9787535410764873,1.099120794378905e-14,1,True,True,True,True,1.0,True,1.0,0.0,0.0,0.005682861189801696,1412
unfiltered_random,unfiltered_random,ZFYVE26,B0_rna_mean,RNA-only mean ranking; no protein or confidence in final score,0.3549258934191268,0.593792501573555,1513,True,1412,1105,594,366,0.0903746136148661,1.0,1166,6,0.4084600132187707,0.11918386434811673,3,False,True,False,False,0.25,True,0.8998980838159305,132.41969596827494,922.0,0.031167547918043624,1513
unfiltered_random,unfiltered_random,ZFYVE26,A0_team_baseline,"Team baseline: RNA .55, protein .30, confidence .15",0.3549258934191268,0.593792501573555,1513,True,1412,1105,594,366,0.085447631451726,0.7747999999999999,1139,4,0.44415069398545937,0.20444664339296043,306,False,True,True,True,1.0,True,1.0,0.0,0.0,0.0,1513
unfiltered_random,unfiltered_random,ZFYVE26,A1a_no_direct_protein,Remove direct protein; retain protein-derived confidence,0.3549258934191268,0.593792501573555,1513,True,1412,1105,594,366,0.08621298448745165,0.8464,1151,5,0.43093192333113023,0.20444664339296048,306,False,True,False,False,0.5384615384615384,True,0.9745249207885739,39.70852610707204,879.5,0.007022538003965631,1513
unfiltered_random,unfiltered_random,ZFYVE26,A1b_no_protein_evidence,Remove direct protein and all protein-derived confidence,0.3549258934191268,0.593792501573555,1513,True,1412,1105,594,366,0.08246137588548728,0.8267,1128,5,0.44745538664904166,0.11918386434811619,3,False,True,False,False,0.25,True,0.9327562473850658,101.08724388631857,850.5,0.04531910112359551,1513
unfiltered_random,unfiltered_random,ZFYVE26,A1c_no_protein_confidence,Retain direct protein; remove protein-derived confidence only,0.3549258934191268,0.593792501573555,1513,True,1412,1105,594,366,0.08196140040775099,0.732,1137,5,0.43952412425644416,0.11918386434811622,3,False,True,False,False,0.42857142857142855,True,0.9527218443618437,99.35558493060145,376.5,0.039354329147389296,1513
unfiltered_random,unfiltered_random,ZFYVE26,A2_no_confidence,Remove the full confidence block; renormalise RNA/protein,0.3549258934191268,0.593792501573555,1513,True,1412,1105,594,366,0.09003013433660732,0.8774,1170,6,0.4058162590879048,0.20444664339296093,306,False,True,False,False,0.3333333333333333,True,0.9163772601508732,135.1844018506279,470.0,0.031464639788499664,1513
unfiltered_random,unfiltered_random,ZFYVE26,A2a_no_conf_completeness,Remove completeness from confidence; renormalise retained components,0.3549258934191268,0.593792501573555,1513,True,1412,1105,594,366,0.08663435848828788,0.7687999999999999,1152,7,0.4170522141440846,0.20905656538937492,331,False,True,False,False,0.8181818181818182,True,0.9965111077040667,26.17382683410443,126.0,0.005123529411764704,1513
unfiltered_random,unfiltered_random,ZFYVE26,A2b_no_conf_source_support,Remove source support from confidence; renormalise retained components,0.3549258934191268,0.593792501573555,1513,True,1412,1105,594,366,0.08356062429692476,0.77,1146,6,0.43621943159286186,0.19879683658255515,290,False,True,False,True,1.0,True,0.9929584559423746,36.93522802379379,114.5,0.00694818241903503,1513
unfiltered_random,unfiltered_random,ZFYVE26,A2c_no_conf_consistency,Remove RNA-protein consistency; renormalise retained components,0.3549258934191268,0.593792501573555,1513,True,1412,1105,594,366,0.08679395612209141,0.7838,1150,5,0.426305353602115,0.21794352869400416,6,False,True,False,True,1.0,True,0.9990579311025186,13.747521480502312,102.0,0.002681758096497026,1513
unfiltered_random,unfiltered_random,ZFYVE26,A3_equal_bio,Equal RNA/protein biological weights,0.3549258934191268,0.593792501573555,1513,True,1412,1105,594,366,0.08634025723529458,0.7448999999999999,1143,4,0.43754130865829477,0.20444664339296045,306,False,True,False,False,0.8181818181818182,True,0.9960461371634185,17.53205551883675,276.0,0.0029264375413086585,1513
unfiltered_random,unfiltered_random,ZFYVE26,A3b_reversed_bio,Protein biological weight greater than RNA,0.3549258934191268,0.593792501573555,1513,True,1412,1105,594,366,0.08792084518603732,0.7151000000000001,1159,5,0.41771315267680104,0.20444664339296048,306,False,True,False,False,0.5384615384615384,True,0.9856764457086902,34.18307997356246,551.0,0.005851883674818242,1513
unfiltered_random,unfiltered_random,ZFYVE26,A4_adaptive_trust,Team baseline plus gene-level adaptive RNA trust,0.3549258934191268,0.593792501573555,1513,True,1412,1105,594,366,0.08752755143738362,0.7214,1149,5,0.43357567746199605,0.20444664339296045,306,False,True,False,False,0.6666666666666666,True,0.9883356264593233,30.695307336417713,493.5,0.005229411764705882,1513
unfiltered_random,unfiltered_random,ZFYVE26,A5_v3_structure,Flat v3 RNA/protein/consistency/completeness structure,0.3549258934191268,0.593792501573555,1513,True,1412,1105,594,366,0.09945374703991987,0.7654000000000001,1189,6,0.38664904163912756,0.20444664339296056,306,False,True,False,False,0.6666666666666666,True,0.9454048983079197,100.11368142762723,604.5,0.02225168539325843,1513
unfiltered_random,unfiltered_random,ZFYVE26,A6_v3_full,Flat v3 structure plus adaptive trust,0.3549258934191268,0.593792501573555,1513,True,1412,1105,594,366,0.10056100461753434,0.7224,1185,6,0.39259748843357567,0.20444664339296062,306,False,True,False,False,0.6666666666666666,True,0.9475806802308534,95.64441506939855,767.0,0.022172174487772638,1513
coverage_stratified,protein_corr_low,BYSL,B0_rna_mean,RNA-only mean ranking; no protein or confidence in final score,0.1360879064367178,0.3,1513,True,1412,1105,594,375,0.0761407718836178,1.0,1134,4,0.4540647719762062,0.11918386434811594,3,False,True,False,False,0.42857142857142855,True,0.8105869965656347,185.9477858559154,1178.0,0.03739120951751487,1513
coverage_stratified,protein_corr_low,BYSL,A0_team_baseline,"Team baseline: RNA .55, protein .30, confidence .15",0.1360879064367178,0.3,1513,True,1412,1105,594,375,0.0858338457829911,0.8762000000000001,1164,5,0.41639127561136813,0.20025810861148155,327,False,True,True,True,1.0,True,1.0,0.0,0.0,0.0,1513
coverage_stratified,protein_corr_low,BYSL,A1a_no_direct_protein,Remove direct protein; retain protein-derived confidence,0.1360879064367178,0.3,1513,True,1412,1105,594,375,0.07596312273115957,0.8762000000000001,1132,6,0.4500991407799075,0.20025810861148158,327,False,True,False,False,0.42857142857142855,True,0.9592989390327562,56.3773959021811,1027.5,0.011578849966953072,1513
coverage_stratified,protein_corr_low,BYSL,A1b_no_protein_evidence,Remove direct protein and all protein-derived confidence,0.1360879064367178,0.3,1513,True,1412,1105,594,375,0.07015638956283132,0.8967,1121,5,0.4593522802379379,0.11918386434811652,3,False,True,False,False,0.42857142857142855,True,0.8725718510945307,144.55651024454727,1119.0,0.04893840052875083,1513
coverage_stratified,protein_corr_low,BYSL,A1c_no_protein_confidence,Retain direct protein; remove protein-derived confidence only,0.1360879064367178,0.3,1513,True,1412,1105,594,375,0.07745673823348141,0.8967,1145,5,0.43688037012557834,0.11918386434811658,3,False,True,False,False,0.6666666666666666,True,0.9627207281372137,83.33046926635822,448.0,0.03926774619960344,1513
coverage_stratified,protein_corr_low,BYSL,A2_no_confidence,Remove the full confidence block; renormalise RNA/protein,0.1360879064367178,0.3,1513,True,1412,1105,594,375,0.08346948084626854,1.0,1167,4,0.4196959682749504,0.20025810861148183,327,False,True,False,False,0.6666666666666666,True,0.9300538617705881,115.1810971579643,549.5,0.027318968935888966,1513
coverage_stratified,protein_corr_low,BYSL,A2a_no_conf_completeness,Remove completeness from confidence; renormalise retained components,0.1360879064367178,0.3,1513,True,1412,1105,594,375,0.0856137799498822,0.8937999999999999,1185,4,0.39920687376074027,0.2019557418007065,348,False,True,False,False,0.8181818181818182,True,0.996080923082792,28.102445472571052,136.5,0.005499339061467283,1513
coverage_stratified,protein_corr_low,BYSL,A2b_no_conf_source_support,Remove source support from confidence; renormalise retained components,0.1360879064367178,0.3,1513,True,1412,1105,594,375,0.08422787902350436,0.8500000000000001,1180,4,0.40251156642432256,0.19141549932304744,325,False,True,False,False,0.8181818181818182,True,0.9918132103720222,39.975545274289495,122.0,0.007022802379378718,1513
coverage_stratified,protein_corr_low,BYSL,A2c_no_conf_consistency,Remove RNA-protein consistency; renormalise retained components,0.1360879064367178,0.3,1513,True,1412,1105,594,375,0.0881006211347633,0.885,1200,4,0.3780568407138136,0.21957015199687177,6,False,True,False,False,0.6666666666666666,True,0.9989534957717386,14.699933906146729,120.0,0.0031426966292134833,1513
coverage_stratified,protein_corr_low,BYSL,A3_equal_bio,Equal RNA/protein biological weights,0.1360879064367178,0.3,1513,True,1412,1105,594,375,0.09220947011491683,0.8762000000000001,1191,5,0.38268341044282883,0.20025810861148158,327,False,True,False,False,0.5384615384615384,True,0.9970444936695074,14.205551883674818,326.0,0.004824388631857237,1513
coverage_stratified,protein_corr_low,BYSL,A3b_reversed_bio,Protein biological weight greater than RNA,0.1360879064367178,0.3,1513,True,1412,1105,594,375,0.09957151922510875,0.8762000000000001,1183,6,0.3965631196298744,0.20025810861148158,327,False,True,False,False,0.42857142857142855,True,0.990592868981666,25.654329147389294,574.0,0.009649834765366821,1513
coverage_stratified,protein_corr_low,BYSL,A4_adaptive_trust,Team baseline plus gene-level adaptive RNA trust,0.1360879064367178,0.3,1513,True,1412,1105,594,375,0.10839506235928734,0.8762000000000001,1195,5,0.38334434897554526,0.20025810861148163,327,False,True,False,False,0.42857142857142855,True,0.9820725712375022,36.177792465300726,789.0,0.014859947124917382,1513
coverage_stratified,protein_corr_low,BYSL,A5_v3_structure,Flat v3 RNA/protein/consistency/completeness structure,0.1360879064367178,0.3,1513,True,1412,1105,594,375,0.10080824054590717,0.889,1223,4,0.3549239920687376,0.20025810861148166,327,False,True,False,False,0.42857142857142855,True,0.9767342997207813,64.37673496364837,604.0,0.019450033046926638,1513
coverage_stratified,protein_corr_low,BYSL,A6_v3_full,Flat v3 structure plus adaptive trust,0.1360879064367178,0.3,1513,True,1412,1105,594,375,0.11776705650886705,0.889,1239,4,0.33443489755452743,0.20025810861148172,327,False,True,False,False,0.5384615384615384,True,0.9772637878087364,62.98876404494382,684.0,0.028586781229345673,1513
coverage_stratified,protein_corr_low,SEC61B,B0_rna_mean,RNA-only mean ranking; no protein or confidence in final score,0.0926208259478512,0.3,1513,True,1412,1105,594,375,0.08841042980887286,1.0,1187,6,0.39127561136814276,0.11918386434811473,3,False,True,False,False,0.8181818181818182,True,0.8017612336844543,204.15135492399207,1062.0,0.036145274289491075,1513
coverage_stratified,protein_corr_low,SEC61B,A0_team_baseline,"Team baseline: RNA .55, protein .30, confidence .15",0.0926208259478512,0.3,1513,True,1412,1105,594,375,0.0803716041619979,0.8762000000000001,1162,6,0.4124256444150694,0.2055811823462798,313,False,True,True,True,1.0,True,0.9999999999999999,0.0,0.0,0.0,1513
coverage_stratified,protein_corr_low,SEC61B,A1a_no_direct_protein,Remove direct protein; retain protein-derived confidence,0.0926208259478512,0.3,1513,True,1412,1105,594,375,0.07890843293114033,0.8912,1161,5,0.4111037673496365,0.20558118234627987,313,False,True,False,False,0.6666666666666666,False,0.9657423300439014,60.220753469927295,769.5,0.007583476536682089,1513
coverage_stratified,protein_corr_low,SEC61B,A1b_no_protein_evidence,Remove direct protein and all protein-derived confidence,0.0926208259478512,0.3,1513,True,1412,1105,594,375,0.07520403062728709,0.8967,1143,4,0.44216787838731,0.11918386434811536,3,False,True,False,False,0.8181818181818182,True,0.863085946441892,162.30799735624586,967.5,0.04544428288169199,1513
coverage_stratified,protein_corr_low,SEC61B,A1c_no_protein_confidence,Retain direct protein; remove protein-derived confidence only,0.0926208259478512,0.3,1513,True,1412,1105,594,375,0.07446442091084306,0.8967,1142,4,0.43621943159286186,0.11918386434811544,3,False,True,False,False,0.6666666666666666,True,0.9441987839089985,110.39722405816259,440.0,0.039007865168539324,1513
coverage_stratified,protein_corr_low,SEC61B,A2_no_confidence,Remove the full confidence block; renormalise RNA/protein,0.0926208259478512,0.3,1513,True,1412,1105,594,375,0.08665826360471746,1.0,1173,6,0.4064771976206213,0.20558118234627978,313,False,True,False,False,0.8181818181818182,True,0.895260493669298,154.54329147389294,483.5,0.02953317911434237,1513
coverage_stratified,protein_corr_low,SEC61B,A2a_no_conf_completeness,Remove completeness from confidence; renormalise retained components,0.0926208259478512,0.3,1513,True,1412,1105,594,375,0.07993763999760528,0.8937999999999999,1162,5,0.4157303370786517,0.20977470095332224,338,False,True,False,True,1.0,True,0.9959574149355235,29.23661599471249,149.5,0.005166490416391277,1513
coverage_stratified,protein_corr_low,SEC61B,A2b_no_conf_source_support,Remove source support from confidence; renormalise retained components,0.0926208259478512,0.3,1513,True,1412,1105,594,375,0.08097635260865706,0.8500000000000001,1152,6,0.43291473892927956,0.1996037537391491,310,False,True,False,False,0.8181818181818182,True,0.9925411818687877,40.73562458691342,148.5,0.006923859881031062,1513
coverage_stratified,protein_corr_low,SEC61B,A2c_no_conf_consistency,Remove RNA-protein consistency; renormalise retained components,0.0926208259478512,0.3,1513,True,1412,1105,594,375,0.08092685553116546,0.885,1163,5,0.4170522141440846,0.21957015199687008,6,False,True,False,True,1.0,True,0.9988337930411076,15.678122934567085,114.0,0.0027090548578982167,1513
coverage_stratified,protein_corr_low,SEC61B,A3_equal_bio,Equal RNA/protein biological weights,0.0926208259478512,0.3,1513,True,1412,1105,594,375,0.08230944775172,0.8762000000000001,1180,5,0.38929279576999337,0.2055811823462797,313,False,True,False,False,0.8181818181818182,True,0.9953560815974173,20.042300066093855,444.0,0.003159814937210839,1513
coverage_stratified,protein_corr_low,SEC61B,A3b_reversed_bio,Protein biological weight greater than RNA,0.0926208259478512,0.3,1513,True,1412,1105,594,375,0.08496137169870609,0.8762000000000001,1187,5,0.380039656311963,0.20558118234627978,313,False,True,False,False,0.5384615384615384,True,0.9846463900949685,36.087243886318575,842.0,0.006320224719101123,1513
coverage_stratified,protein_corr_low,SEC61B,A4_adaptive_trust,Team baseline plus gene-level adaptive RNA trust,0.0926208259478512,0.3,1513,True,1412,1105,594,375,0.0885518919510653,0.8762000000000001,1188,5,0.37937871777924653,0.20558118234627976,313,False,True,False,False,0.42857142857142855,True,0.9703901880560285,50.27957699933906,1046.0,0.009731526768010576,1513
coverage_stratified,protein_corr_low,SEC61B,A5_v3_structure,Flat v3 RNA/protein/consistency/completeness structure,0.0926208259478512,0.3,1513,True,1412,1105,594,375,0.08859478471026301,0.889,1191,6,0.38664904163912756,0.2055811823462798,313,False,True,False,False,0.8181818181818182,True,0.9820439489703837,58.46463978849967,389.5,0.01745697290152016,1513
coverage_stratified,protein_corr_low,SEC61B,A6_v3_full,Flat v3 structure plus adaptive trust,0.0926208259478512,0.3,1513,True,1412,1105,594,375,0.09519917763773753,0.889,1203,6,0.3747521480502313,0.20558118234627973,313,False,True,False,False,0.5384615384615384,True,0.9592555013738487,81.20819563780569,1042.0,0.023658360872438857,1513
coverage_stratified,protein_corr_low,C1D,B0_rna_mean,RNA-only mean ranking; no protein or confidence in final score,-0.0656453323767287,0.3,1513,True,1412,1105,594,339,0.08304027025598512,1.0,1153,5,0.42564441506939854,0.11918386434811487,3,False,True,False,False,0.5384615384615384,True,0.8595096769971996,151.9847984137475,1248.5,0.023989887640449438,1513
coverage_stratified,protein_corr_low,C1D,A0_team_baseline,"Team baseline: RNA .55, protein .30, confidence .15",-0.0656453323767287,0.3,1513,True,1412,1105,594,339,0.07597865128663621,0.8631000000000001,1116,5,0.47191011235955055,0.197413217168353,302,False,True,True,True,1.0,True,1.0,0.0,0.0,0.0,1513
coverage_stratified,protein_corr_low,C1D,A1a_no_direct_protein,Remove direct protein; retain protein-derived confidence,-0.0656453323767287,0.3,1513,True,1412,1105,594,339,0.0782465063181154,0.8631000000000001,1138,6,0.4448116325181758,0.19741321716835303,302,False,True,False,False,0.42857142857142855,True,0.9592780573513002,54.82022471910113,887.0,0.00797065432914739,1513
coverage_stratified,protein_corr_low,C1D,A1b_no_protein_evidence,Remove direct protein and all protein-derived confidence,-0.0656453323767287,0.3,1513,True,1412,1105,594,339,0.07410023376033062,0.8734,1109,6,0.47191011235955055,0.11918386434811609,3,False,True,False,False,0.42857142857142855,True,0.9056723114387105,116.38070059484468,1100.0,0.04748519497686715,1513
coverage_stratified,protein_corr_low,C1D,A1c_no_protein_confidence,Retain direct protein; remove protein-derived confidence only,-0.0656453323767287,0.3,1513,True,1412,1105,594,339,0.0731239346243183,0.8734,1100,6,0.47851949768671515,0.1191838643481161,3,False,True,False,False,0.5384615384615384,True,0.9283975063923464,120.51685393258427,539.0,0.040343754130865835,1513
coverage_stratified,protein_corr_low,C1D,A2_no_confidence,Remove the full confidence block; renormalise RNA/protein,-0.0656453323767287,0.3,1513,True,1412,1105,594,339,0.08262323765383751,1.0,1141,5,0.43820224719101125,0.19741321716835303,302,False,True,False,False,0.42857142857142855,True,0.8726804629552459,164.32385988103107,580.5,0.02536781229345671,1513
coverage_stratified,protein_corr_low,C1D,A2a_no_conf_completeness,Remove completeness from confidence; renormalise retained components,-0.0656453323767287,0.3,1513,True,1412,1105,594,339,0.07659406909516427,0.8719,1117,7,0.46860541969596825,0.2018984237210387,322,False,True,False,False,0.8181818181818182,True,0.9942509745514138,34.02577660277594,166.0,0.005209781890284202,1513
coverage_stratified,protein_corr_low,C1D,A2b_no_conf_source_support,Remove source support from confidence; renormalise retained components,-0.0656453323767287,0.3,1513,True,1412,1105,594,339,0.07510400599010914,0.8500000000000001,1123,5,0.4619960343688037,0.19035644156192727,291,False,True,False,True,1.0,True,0.9889401921024145,46.566424322538005,230.0,0.006987177792465301,1513
coverage_stratified,protein_corr_low,C1D,A2c_no_conf_consistency,Remove RNA-protein consistency; renormalise retained components,-0.0656453323767287,0.3,1513,True,1412,1105,594,339,0.07703838886325916,0.8675,1140,6,0.43489755452742895,0.2129814966446574,6,False,True,False,False,0.8181818181818182,True,0.9983304020374969,18.18638466622604,106.0,0.002808790482485129,1513
coverage_stratified,protein_corr_low,C1D,A3_equal_bio,Equal RNA/protein biological weights,-0.0656453323767287,0.3,1513,True,1412,1105,594,339,0.07688053697163633,0.8631000000000001,1110,5,0.47785855915399866,0.19741321716835297,302,False,True,False,False,0.6666666666666666,True,0.9914648195693831,28.473231989424985,378.5,0.003320621282220754,1513
coverage_stratified,protein_corr_low,C1D,A3b_reversed_bio,Protein biological weight greater than RNA,-0.0656453323767287,0.3,1513,True,1412,1105,594,339,0.0788380414896047,0.8631000000000001,1132,5,0.449438202247191,0.19741321716835297,302,False,True,False,False,0.5384615384615384,True,0.9665903168976221,57.331791143423665,878.0,0.006641705221414407,1513
coverage_stratified,protein_corr_low,C1D,A4_adaptive_trust,Team baseline plus gene-level adaptive RNA trust,-0.0656453323767287,0.3,1513,True,1412,1105,594,339,0.08204990344397813,0.8631000000000001,1143,5,0.43952412425644416,0.19741321716835306,302,False,True,False,False,0.3333333333333333,True,0.9308339888833534,85.22273628552544,1121.5,0.010228618638466622,1513
coverage_stratified,protein_corr_low,C1D,A5_v3_structure,Flat v3 RNA/protein/consistency/completeness structure,-0.0656453323767287,0.3,1513,True,1412,1105,594,339,0.08759508543102766,0.889,1187,4,0.39590218109715797,0.1974132171683533,302,False,True,False,False,0.6666666666666666,True,0.9532047832319716,93.42696629213484,676.0,0.01880522141440846,1513
coverage_stratified,protein_corr_low,C1D,A6_v3_full,Flat v3 structure plus adaptive trust,-0.0656453323767287,0.3,1513,True,1412,1105,594,339,0.09030876515090308,0.889,1171,4,0.4111037673496365,0.19741321716835336,302,False,True,False,False,0.3333333333333333,True,0.9406195880969465,92.08063450099141,1050.5,0.019599735624586914,1513
coverage_stratified,protein_corr_low,PRPF4,B0_rna_mean,RNA-only mean ranking; no protein or confidence in final score,0.1427984357315942,0.3,1513,True,1412,1105,594,375,0.11220035216656714,1.0,1257,4,0.3132848645076008,0.1191838643481147,3,False,True,False,False,0.3333333333333333,True,0.9268233321516361,100.92663582286848,910.0,0.030166490416391276,1513
coverage_stratified,protein_corr_low,PRPF4,A0_team_baseline,"Team baseline: RNA .55, protein .30, confidence .15",0.1427984357315942,0.3,1513,True,1412,1105,594,375,0.099039728687456,0.8500000000000001,1232,4,0.34434897554527427,0.199243220994063,345,False,True,True,True,1.0,True,1.0,0.0,0.0,0.0,1513
coverage_stratified,protein_corr_low,PRPF4,A1a_no_direct_protein,Remove direct protein; retain protein-derived confidence,0.1427984357315942,0.3,1513,True,1412,1105,594,375,0.10426055009416177,0.8863000000000001,1232,4,0.34104428288169203,0.19924322099406308,345,False,True,False,False,0.25,False,0.9489053135519665,75.7911434236616,863.5,0.012554725710508923,1513
coverage_stratified,protein_corr_low,PRPF4,A1b_no_protein_evidence,Remove direct protein and all protein-derived confidence,0.1427984357315942,0.3,1513,True,1412,1105,594,375,0.09929005369358478,0.8509,1217,4,0.3502974223397224,0.11918386434811622,3,False,True,False,False,0.3333333333333333,False,0.9421833068073729,81.79246530072703,878.5,0.051042630535360206,1513
coverage_stratified,protein_corr_low,PRPF4,A1c_no_protein_confidence,Retain direct protein; remove protein-derived confidence only,0.1427984357315942,0.3,1513,True,1412,1105,594,375,0.09651006394769351,0.8500000000000001,1196,4,0.380039656311963,0.11918386434811618,3,False,True,False,False,0.42857142857142855,True,0.9654291398392026,86.8195637805684,343.5,0.039225247851949765,1513
coverage_stratified,protein_corr_low,PRPF4,A2_no_confidence,Remove the full confidence block; renormalise RNA/protein,0.1427984357315942,0.3,1513,True,1412,1105,594,375,0.11002154584538602,1.0,1239,4,0.3364177131526768,0.19924322099406325,345,False,True,False,False,0.25,True,0.9368225152338693,119.43225380039657,409.0,0.028480039656311962,1513
coverage_stratified,protein_corr_low,PRPF4,A2a_no_conf_completeness,Remove completeness from confidence; renormalise retained components,0.1427984357315942,0.3,1513,True,1412,1105,594,375,0.09966843269971466,0.85,1210,5,0.3635161929940516,0.20085211110612813,364,False,True,False,False,0.8181818181818182,True,0.9967144725687304,26.409781890284204,165.5,0.00558103106411104,1513
coverage_stratified,protein_corr_low,PRPF4,A2b_no_conf_source_support,Remove source support from confidence; renormalise retained components,0.1427984357315942,0.3,1513,True,1412,1105,594,375,0.0979669261398834,0.8500000000000001,1231,4,0.34368803701255785,0.18935467869404785,335,False,True,False,False,0.6666666666666666,True,0.9946237452649094,33.35624586913417,119.0,0.006950297422339722,1513
coverage_stratified,protein_corr_low,PRPF4,A2c_no_conf_consistency,Remove RNA-protein consistency; renormalise retained components,0.1427984357315942,0.3,1513,True,1412,1105,594,375,0.1001038162091621,0.85,1209,6,0.364177131526768,0.21957015199687172,6,False,True,False,True,1.0,True,0.9987490806356825,15.621943159286186,98.0,0.0031832782551222743,1513
coverage_stratified,protein_corr_low,PRPF4,A3_equal_bio,Equal RNA/protein biological weights,0.1427984357315942,0.3,1513,True,1412,1105,594,375,0.09953048781666243,0.8500000000000001,1227,5,0.3502974223397224,0.19924322099406308,345,False,True,False,False,0.8181818181818182,True,0.9893857465543194,36.49107732980833,471.5,0.005230469266358229,1513
coverage_stratified,protein_corr_low,PRPF4,A3b_reversed_bio,Protein biological weight greater than RNA,0.1427984357315942,0.3,1513,True,1412,1105,594,375,0.10159418006213249,0.8500000000000001,1255,4,0.3198942498347654,0.199243220994063,345,False,True,False,False,0.5384615384615384,True,0.9614895296942813,71.02577660277595,840.0,0.010461665565102444,1513
coverage_stratified,protein_corr_low,PRPF4,A4_adaptive_trust,Team baseline plus gene-level adaptive RNA trust,0.1427984357315942,0.3,1513,True,1412,1105,594,375,0.1054805013138344,0.8659,1245,4,0.32914738929279574,0.19924322099406297,345,False,True,False,False,0.42857142857142855,False,0.9224417591829349,103.08393919365498,1052.0,0.01611130204890945,1513
coverage_stratified,protein_corr_low,PRPF4,A5_v3_structure,Flat v3 RNA/protein/consistency/completeness structure,0.1427984357315942,0.3,1513,True,1412,1105,594,375,0.10360813948842294,0.889,1231,6,0.34434897554527427,0.19924322099406314,345,False,True,False,False,0.6666666666666666,True,0.98169656803273,58.894910773298086,370.0,0.015402048909451417,1513
coverage_stratified,protein_corr_low,PRPF4,A6_v3_full,Flat v3 structure plus adaptive trust,0.1427984357315942,0.3,1513,True,1412,1105,594,375,0.10768244626608652,0.889,1240,4,0.3298083278255122,0.19924322099406314,345,False,True,False,False,0.5384615384615384,True,0.9309934695576985,91.17316589557171,1060.0,0.021744282881692,1513
coverage_stratified,protein_corr_low,MFN2,B0_rna_mean,RNA-only mean ranking; no protein or confidence in final score,0.1352640797529214,0.3,1513,True,1412,1105,594,375,0.1164259357350922,1.0,1252,4,0.3198942498347654,0.11918386434811618,3,False,True,False,False,0.6666666666666666,True,0.9236867380549892,107.6305353602115,1006.0,0.025898744216787836,1513
coverage_stratified,protein_corr_low,MFN2,A0_team_baseline,"Team baseline: RNA .55, protein .30, confidence .15",0.1352640797529214,0.3,1513,True,1412,1105,594,375,0.10489746123244248,0.8384,1239,4,0.33443489755452743,0.20297145318286183,327,False,True,True,True,1.0,True,1.0,0.0,0.0,0.0,1513
coverage_stratified,protein_corr_low,MFN2,A1a_no_direct_protein,Remove direct protein; retain protein-derived confidence,0.1352640797529214,0.3,1513,True,1412,1105,594,375,0.10902170980514343,0.8384,1252,5,0.3192333113020489,0.20297145318286192,327,False,True,False,False,0.5384615384615384,True,0.9663790843332586,49.03569068076669,841.5,0.009656444150693985,1513
coverage_stratified,protein_corr_low,MFN2,A1b_no_protein_evidence,Remove direct protein and all protein-derived confidence,0.1352640797529214,0.3,1513,True,1412,1105,594,375,0.10433761644463972,0.8384,1230,4,0.34831460674157305,0.11918386434811662,3,False,True,False,False,0.5384615384615384,True,0.9448879657942157,83.66754791804362,885.5,0.04779239920687376,1513
coverage_stratified,protein_corr_low,MFN2,A1c_no_protein_confidence,Retain direct protein; remove protein-derived confidence only,0.1352640797529214,0.3,1513,True,1412,1105,594,375,0.10117743933331153,0.8384,1227,4,0.3502974223397224,0.11918386434811662,3,False,True,False,False,0.8181818181818182,True,0.9662330659087888,85.92465300727032,358.0,0.039093192333113015,1513
coverage_stratified,protein_corr_low,MFN2,A2_no_confidence,Remove the full confidence block; renormalise RNA/protein,0.1352640797529214,0.3,1513,True,1412,1105,594,375,0.11319054749819586,1.0,1241,4,0.33443489755452743,0.2029714531828615,327,False,True,False,False,0.5384615384615384,True,0.9394625613131905,117.21083939193655,378.5,0.026342696629213482,1513
coverage_stratified,protein_corr_low,MFN2,A2a_no_conf_completeness,Remove completeness from confidence; renormalise retained components,0.1352640797529214,0.3,1513,True,1412,1105,594,375,0.1058549923627052,0.8384,1226,4,0.35426305353602117,0.20612818411999637,343,False,True,False,True,1.0,True,0.9972783474463878,23.29477858559154,146.5,0.005338136153337739,1513
coverage_stratified,protein_corr_low,MFN2,A2b_no_conf_source_support,Remove source support from confidence; renormalise retained components,0.1352640797529214,0.3,1513,True,1412,1105,594,375,0.10322054997613378,0.8500000000000001,1240,5,0.32914738929279574,0.1954500311568512,314,False,True,False,False,0.8181818181818182,True,0.9952195714143551,30.760079312623926,153.0,0.006939524124256443,1513
coverage_stratified,protein_corr_low,MFN2,A2c_no_conf_consistency,Remove RNA-protein consistency; renormalise retained components,0.1352640797529214,0.3,1513,True,1412,1105,594,375,0.10614495854723939,0.8384,1237,4,0.34368803701255785,0.2195701519968717,6,False,True,False,True,1.0,True,0.9991346458217887,12.980171844018507,119.5,0.002903370786516855,1513
coverage_stratified,protein_corr_low,MFN2,A3_equal_bio,Equal RNA/protein biological weights,0.1352640797529214,0.3,1513,True,1412,1105,594,375,0.10492497309835888,0.8384,1235,4,0.33509583608724386,0.20297145318286186,327,False,True,False,True,1.0,True,0.9937027298634262,23.60079312623926,353.5,0.00402412425644415,1513
coverage_stratified,protein_corr_low,MFN2,A3b_reversed_bio,Protein biological weight greater than RNA,0.1352640797529214,0.3,1513,True,1412,1105,594,375,0.10599550087472702,0.8384,1250,4,0.3185723727693325,0.20297145318286172,327,False,True,False,False,0.6666666666666666,True,0.9772796621734524,46.3093192333113,650.5,0.008048777263714474,1513
coverage_stratified,protein_corr_low,MFN2,A4_adaptive_trust,Team baseline plus gene-level adaptive RNA trust,0.1352640797529214,0.3,1513,True,1412,1105,594,375,0.10828456568103761,0.8561,1240,5,0.3304692663582287,0.2029714531828617,327,False,True,False,False,0.3333333333333333,False,0.9523193250778063,69.40713813615334,1144.0,0.012394183740912097,1513
coverage_stratified,protein_corr_low,MFN2,A5_v3_structure,Flat v3 RNA/protein/consistency/completeness structure,0.1352640797529214,0.3,1513,True,1412,1105,594,375,0.11391746856773045,0.889,1265,5,0.30601454064771977,0.20297145318286217,327,False,True,False,False,0.5384615384615384,True,0.9715309562131171,72.56972901520159,444.0,0.018084203569068077,1513
coverage_stratified,protein_corr_low,MFN2,A6_v3_full,Flat v3 structure plus adaptive trust,0.1352640797529214,0.3,1513,True,1412,1105,594,375,0.11532401798513946,0.889,1258,4,0.3132848645076008,0.20297145318286197,327,False,True,False,False,0.3333333333333333,True,0.9506165242415455,80.86979510905486,968.0,0.020310244547257102,1513
coverage_stratified,protein_corr_low,MED4,B0_rna_mean,RNA-only mean ranking; no protein or confidence in final score,0.0189182624485257,0.3,1513,True,1412,1105,594,375,0.1191231335222414,1.0,1278,4,0.29213483146067415,0.11918386434811482,3,False,True,False,False,0.6666666666666666,False,0.9313751473534475,92.41639127561137,1018.0,0.030329940515532058,1513
coverage_stratified,protein_corr_low,MED4,A0_team_baseline,"Team baseline: RNA .55, protein .30, confidence .15",0.0189182624485257,0.3,1513,True,1412,1105,594,375,0.09833523974289657,0.8243,1238,5,0.33443489755452743,0.1971946981350752,341,False,True,True,True,1.0,True,1.0,0.0,0.0,0.0,1513
coverage_stratified,protein_corr_low,MED4,A1a_no_direct_protein,Remove direct protein; retain protein-derived confidence,0.0189182624485257,0.3,1513,True,1412,1105,594,375,0.10222359754891076,0.9075000000000001,1228,5,0.34699272967614014,0.19719469813507534,341,False,True,False,False,0.6666666666666666,False,0.931261538585788,94.93258426966293,1018.5,0.01404130865829478,1513
coverage_stratified,protein_corr_low,MED4,A1b_no_protein_evidence,Remove direct protein and all protein-derived confidence,0.0189182624485257,0.3,1513,True,1412,1105,594,375,0.10081444482128456,0.8734,1226,5,0.3489755452742895,0.11918386434811493,3,False,True,False,False,0.6666666666666666,False,0.9397372125868723,79.01652346331791,932.5,0.052685789821546584,1513
coverage_stratified,protein_corr_low,MED4,A1c_no_protein_confidence,Retain direct protein; remove protein-derived confidence only,0.0189182624485257,0.3,1513,True,1412,1105,594,375,0.10014628637615071,0.8267,1237,5,0.3364177131526768,0.11918386434811501,3,False,True,False,False,0.8181818181818182,False,0.9696073244818388,82.42696629213484,348.5,0.0394123595505618,1513
coverage_stratified,protein_corr_low,MED4,A2_no_confidence,Remove the full confidence block; renormalise RNA/protein,0.0189182624485257,0.3,1513,True,1412,1105,594,375,0.1197805907047852,0.9698,1272,4,0.29940515532055517,0.19719469813507517,341,False,True,False,False,0.8181818181818182,True,0.9462543770283289,111.30403172504957,351.0,0.03083456708526107,1513
coverage_stratified,protein_corr_low,MED4,A2a_no_conf_completeness,Remove completeness from confidence; renormalise retained components,0.0189182624485257,0.3,1513,True,1412,1105,594,375,0.09868035006161269,0.8251999999999999,1230,4,0.3502974223397224,0.19779375260742102,350,False,True,False,False,0.8181818181818182,False,0.9968825623965759,26.267680105750166,151.5,0.0057032385988103115,1513
coverage_stratified,protein_corr_low,MED4,A2b_no_conf_source_support,Remove source support from confidence; renormalise retained components,0.0189182624485257,0.3,1513,True,1412,1105,594,375,0.09872744691354096,0.8243,1240,4,0.33377395902181095,0.18638485324760126,342,False,True,False,False,0.8181818181818182,True,0.9948127019543311,33.19563780568407,144.0,0.0070225380039656326,1513
coverage_stratified,protein_corr_low,MED4,A2c_no_conf_consistency,Remove RNA-protein consistency; renormalise retained components,0.0189182624485257,0.3,1513,True,1412,1105,594,375,0.09839681395128598,0.8243,1232,4,0.34302709847984136,0.21957015199687122,6,False,True,False,False,0.8181818181818182,True,0.9985546316807271,16.739590218109715,121.0,0.003368539325842695,1513
coverage_stratified,protein_corr_low,MED4,A3_equal_bio,Equal RNA/protein biological weights,0.0189182624485257,0.3,1513,True,1412,1105,594,375,0.09999238775156197,0.8243,1228,4,0.3489755452742895,0.19719469813507517,341,False,True,False,True,1.0,True,0.9886306657790039,39.27032385988103,331.5,0.005851156642432254,1513
coverage_stratified,protein_corr_low,MED4,A3b_reversed_bio,Protein biological weight greater than RNA,0.0189182624485257,0.3,1513,True,1412,1105,594,375,0.10349736597918104,0.8243,1242,5,0.33245208195637804,0.1971946981350752,341,False,True,False,True,1.0,True,0.9612536005245402,72.75809649702578,634.0,0.011703767349636483,1513
coverage_stratified,protein_corr_low,MED4,A4_adaptive_trust,Team baseline plus gene-level adaptive RNA trust,0.0189182624485257,0.3,1513,True,1412,1105,594,375,0.10914982080726451,0.8386,1254,5,0.3165895571711831,0.19719469813507529,341,False,True,False,False,0.8181818181818182,False,0.9241128986116163,102.40052875082617,884.0,0.01802207534699273,1513
coverage_stratified,protein_corr_low,MED4,A5_v3_structure,Flat v3 RNA/protein/consistency/completeness structure,0.0189182624485257,0.3,1513,True,1412,1105,594,375,0.10287780736506894,0.8622,1235,5,0.34236615994712494,0.19719469813507529,341,False,True,False,False,0.8181818181818182,True,0.9726649511503593,70.41044282881693,418.5,0.01763344348975545,1513
coverage_stratified,protein_corr_low,MED4,A6_v3_full,Flat v3 structure plus adaptive trust,0.0189182624485257,0.3,1513,True,1412,1105,594,375,0.10958750248460482,0.8622,1254,4,0.32319894249834763,0.1971946981350751,341,False,True,False,False,0.8181818181818182,True,0.9300740049865315,92.53139458030404,882.0,0.02310971579643093,1513
coverage_stratified,protein_corr_low,REXO1,B0_rna_mean,RNA-only mean ranking; no protein or confidence in final score,0.1952387974110962,0.3,1513,True,1412,1105,594,321,0.12133423252794316,1.0,1254,4,0.3159286186384666,0.11918386434811613,3,False,True,False,False,0.5384615384615384,False,0.9467435248949939,81.3172504957039,1009.0,0.027911698612029082,1513
coverage_stratified,protein_corr_low,REXO1,A0_team_baseline,"Team baseline: RNA .55, protein .30, confidence .15",0.1952387974110962,0.3,1513,True,1412,1105,594,321,0.10914159354954832,0.8904000000000001,1217,4,0.3615333773959022,0.19161115114823368,285,False,True,True,True,1.0,True,1.0,0.0,0.0,0.0,1513
coverage_stratified,protein_corr_low,REXO1,A1a_no_direct_protein,Remove direct protein; retain protein-derived confidence,0.1952387974110962,0.3,1513,True,1412,1105,594,321,0.11327672960192986,0.908,1221,4,0.3555849306014541,0.1916111511482338,285,False,True,False,False,0.3333333333333333,False,0.9703027899891923,48.6827495042961,1001.0,0.009279709187045604,1513
coverage_stratified,protein_corr_low,REXO1,A1b_no_protein_evidence,Remove direct protein and all protein-derived confidence,0.1952387974110962,0.3,1513,True,1412,1105,594,321,0.11091167754742604,0.8734,1243,4,0.32782551222736284,0.11918386434811605,3,False,True,False,False,0.42857142857142855,False,0.95923472750957,65.98744216787838,872.0,0.049543225380039656,1513
coverage_stratified,protein_corr_low,REXO1,A1c_no_protein_confidence,Retain direct protein; remove protein-derived confidence only,0.1952387974110962,0.3,1513,True,1412,1105,594,321,0.10828360849768572,0.8714,1239,4,0.33509583608724386,0.11918386434811602,3,False,True,False,False,0.5384615384615384,False,0.9744607256826042,72.00660938532717,312.0,0.04099986781229345,1513
coverage_stratified,protein_corr_low,REXO1,A2_no_confidence,Remove the full confidence block; renormalise RNA/protein,0.1952387974110962,0.3,1513,True,1412,1105,594,321,0.1188899851447933,0.9977,1251,5,0.3225380039656312,0.19161115114823407,285,False,True,False,False,0.5384615384615384,False,0.9567574143463888,94.7270323859881,362.0,0.026640185062789163,1513
coverage_stratified,protein_corr_low,REXO1,A2a_no_conf_completeness,Remove completeness from confidence; renormalise retained components,0.1952387974110962,0.3,1513,True,1412,1105,594,321,0.11121102898154255,0.889,1236,4,0.34170522141440846,0.19590225549097182,300,False,True,False,False,0.8181818181818182,True,0.9977243315363671,20.719762062128222,106.5,0.005341110376734963,1513
coverage_stratified,protein_corr_low,REXO1,A2b_no_conf_source_support,Remove source support from confidence; renormalise retained components,0.1952387974110962,0.3,1513,True,1412,1105,594,321,0.10587140167058032,0.8892,1229,4,0.3516192994051553,0.1827416408611264,278,False,True,False,True,1.0,True,0.9960882439340214,27.63780568407138,105.0,0.007026635822868474,1513
coverage_stratified,protein_corr_low,REXO1,A2c_no_conf_consistency,Remove RNA-protein consistency; renormalise retained components,0.1952387974110962,0.3,1513,True,1412,1105,594,321,0.11083143521011864,0.8926,1241,5,0.33113020489094513,0.20953110825544322,6,False,True,False,False,0.8181818181818182,True,0.9991946742144159,11.846001321877065,168.0,0.0029477197620621297,1513
coverage_stratified,protein_corr_low,REXO1,A3_equal_bio,Equal RNA/protein biological weights,0.1952387974110962,0.3,1513,True,1412,1105,594,321,0.10915515253147107,0.8977,1214,5,0.3555849306014541,0.19161115114823377,285,False,True,False,False,0.8181818181818182,True,0.9942856548513531,23.304692663582287,378.0,0.0038662260409781882,1513
coverage_stratified,protein_corr_low,REXO1,A3b_reversed_bio,Protein biological weight greater than RNA,0.1952387974110962,0.3,1513,True,1412,1105,594,321,0.11020271564966375,0.9051,1241,4,0.3331130204890945,0.19161115114823377,285,False,True,False,False,0.6666666666666666,True,0.9796281007898984,45.65234633179114,551.5,0.007732848645076008,1513
coverage_stratified,protein_corr_low,REXO1,A4_adaptive_trust,Team baseline plus gene-level adaptive RNA trust,0.1952387974110962,0.3,1513,True,1412,1105,594,321,0.11246263589349108,0.913,1247,4,0.32914738929279574,0.19161115114823374,285,False,True,False,False,0.3333333333333333,True,0.9564445302995717,68.51751487111699,832.0,0.011908393919365498,1513
coverage_stratified,protein_corr_low,REXO1,A5_v3_structure,Flat v3 RNA/protein/consistency/completeness structure,0.1952387974110962,0.3,1513,True,1412,1105,594,321,0.11189313667113739,0.9085,1259,4,0.3113020489094514,0.19161115114823388,285,False,True,False,True,1.0,True,0.9861846153593244,49.32452081956378,337.0,0.014378255122273628,1513
coverage_stratified,protein_corr_low,REXO1,A6_v3_full,Flat v3 structure plus adaptive trust,0.1952387974110962,0.3,1513,True,1412,1105,594,321,0.11402807056321895,0.9268,1257,4,0.317911434236616,0.19161115114823382,285,False,True,False,False,0.6666666666666666,True,0.9585064423816683,67.27891606080634,884.0,0.018711566424322538,1513
coverage_stratified,protein_corr_low,CALML3,B0_rna_mean,RNA-only mean ranking; no protein or confidence in final score,0.1671787941698875,0.3,1513,True,1412,1105,594,303,0.11773840590094202,1.0,601,220,0.697951090548579,0.11918386434811572,3,False,True,False,False,0.8181818181818182,True,0.6614942481369004,262.64111037673496,1285.0,0.07801936549900859,1513
coverage_stratified,protein_corr_low,CALML3,A0_team_baseline,"Team baseline: RNA .55, protein .30, confidence .15",0.1671787941698875,0.3,1513,True,1412,1105,594,303,0.10997317455334636,0.8500000000000001,725,219,0.6133509583608724,0.17871835097678127,285,False,True,True,True,1.0,True,1.0,0.0,0.0,0.0,1513
coverage_stratified,protein_corr_low,CALML3,A1a_no_direct_protein,Remove direct protein; retain protein-derived confidence,0.1671787941698875,0.3,1513,True,1412,1105,594,303,0.10327372768612815,0.8500000000000001,683,219,0.6582947785855915,0.17871835097678104,285,False,True,False,False,0.8181818181818182,True,0.9884084769864269,26.54990085922009,1021.0,0.014038863185723728,1513
coverage_stratified,protein_corr_low,CALML3,A1b_no_protein_evidence,Remove direct protein and all protein-derived confidence,0.1671787941698875,0.3,1513,True,1412,1105,594,303,0.10133014393662294,0.8571,584,219,0.7184401850627892,0.11918386434811684,3,False,True,False,False,0.8181818181818182,False,0.8825154305497579,128.6748182419035,1046.0,0.05361718440185063,1513
coverage_stratified,protein_corr_low,CALML3,A1c_no_protein_confidence,Retain direct protein; remove protein-derived confidence only,0.1671787941698875,0.3,1513,True,1412,1105,594,303,0.10393465894148342,0.8571,696,219,0.6404494382022472,0.11918386434811623,3,False,True,False,False,0.6666666666666666,False,0.9871653602557818,35.21480502313285,702.0,0.04202980832782551,1513
coverage_stratified,protein_corr_low,CALML3,A2_no_confidence,Remove the full confidence block; renormalise RNA/protein,0.1671787941698875,0.3,1513,True,1412,1105,594,303,0.11868301759072791,1.0,712,220,0.6206212822207535,0.17871835097678118,285,False,True,False,False,0.6666666666666666,True,0.9026194576114107,127.5016523463318,1011.5,0.062285128883013886,1513
coverage_stratified,protein_corr_low,CALML3,A2a_no_conf_completeness,Remove completeness from confidence; renormalise retained components,0.1671787941698875,0.3,1513,True,1412,1105,594,303,0.10907275531714723,0.8555999999999999,741,220,0.5915399867812293,0.17925151942464135,295,False,True,False,False,0.8181818181818182,False,0.9929952073157642,21.94448116325182,381.0,0.005801454064771979,1513
coverage_stratified,protein_corr_low,CALML3,A2b_no_conf_source_support,Remove source support from confidence; renormalise retained components,0.1671787941698875,0.3,1513,True,1412,1105,594,303,0.10938740267382402,0.8500000000000001,700,220,0.6298744216787838,0.1652478516763482,278,False,True,False,False,0.8181818181818182,True,0.9078136694169435,117.51421017845341,717.0,0.007268473231989424,1513
coverage_stratified,protein_corr_low,CALML3,A2c_no_conf_consistency,Remove RNA-protein consistency; renormalise retained components,0.1671787941698875,0.3,1513,True,1412,1105,594,303,0.11181145529019522,0.8512,727,219,0.6074025115664243,0.20491469246145516,6,False,True,False,True,1.0,False,0.9966381812977765,12.69001982815598,331.0,0.0034877065432914753,1513
coverage_stratified,protein_corr_low,CALML3,A3_equal_bio,Equal RNA/protein biological weights,0.1671787941698875,0.3,1513,True,1412,1105,594,303,0.1153335505938139,0.8500000000000001,731,219,0.6054196959682749,0.1787183509767812,285,False,True,False,False,0.8181818181818182,True,0.9995448914513199,4.785855915399868,94.0,0.005850363516192994,1513
coverage_stratified,protein_corr_low,CALML3,A3b_reversed_bio,Protein biological weight greater than RNA,0.1671787941698875,0.3,1513,True,1412,1105,594,303,0.12194190542457006,0.8500000000000001,734,219,0.6021150033046927,0.17871835097678124,285,False,True,False,False,0.8181818181818182,True,0.9984449765640606,8.967614011896893,285.0,0.011700330469266359,1513
coverage_stratified,protein_corr_low,CALML3,A4_adaptive_trust,Team baseline plus gene-level adaptive RNA trust,0.1671787941698875,0.3,1513,True,1412,1105,594,303,0.13026114278367942,0.8500000000000001,739,219,0.596827495042961,0.17871835097678127,285,False,True,False,False,0.8181818181818182,True,0.9969400288884687,12.891606080634501,382.5,0.018017911434236616,1513
coverage_stratified,protein_corr_low,CALML3,A5_v3_structure,Flat v3 RNA/protein/consistency/completeness structure,0.1671787941698875,0.3,1513,True,1412,1105,594,303,0.13183137763580113,0.889,690,220,0.6411103767349636,0.1787183509767813,285,False,True,False,False,0.8181818181818182,True,0.905743323173748,123.74421678783874,716.0,0.02627025776602776,1513
coverage_stratified,protein_corr_low,CALML3,A6_v3_full,Flat v3 structure plus adaptive trust,0.1671787941698875,0.3,1513,True,1412,1105,594,303,0.15122760194925602,0.889,730,220,0.5948446794448117,0.17871835097678127,285,False,True,False,False,0.8181818181818182,True,0.9029489555502755,129.84600132187705,716.0,0.04027409120951752,1513
coverage_stratified,protein_corr_low,DCTN5,B0_rna_mean,RNA-only mean ranking; no protein or confidence in final score,0.1643293769953565,0.3,1513,True,1412,1105,594,375,0.10283844995422493,1.0,1222,4,0.3555849306014541,0.11918386434811606,3,False,True,False,False,0.5384615384615384,False,0.9441322413191456,92.77461996034368,712.5,0.025232716457369467,1513
coverage_stratified,protein_corr_low,DCTN5,A0_team_baseline,"Team baseline: RNA .55, protein .30, confidence .15",0.1643293769953565,0.3,1513,True,1412,1105,594,375,0.088216304682338,0.8185,1170,5,0.4097818902842036,0.20014363689914766,330,False,True,True,True,1.0,True,1.0,0.0,0.0,0.0,1513
coverage_stratified,protein_corr_low,DCTN5,A1a_no_direct_protein,Remove direct protein; retain protein-derived confidence,0.1643293769953565,0.3,1513,True,1412,1105,594,375,0.09442804837774067,0.9017000000000001,1208,5,0.3668208856576338,0.20014363689914771,330,False,True,False,False,0.5384615384615384,False,0.9437956115252186,91.23595505617978,813.5,0.011605882352941176,1513
coverage_stratified,protein_corr_low,DCTN5,A1b_no_protein_evidence,Remove direct protein and all protein-derived confidence,0.1643293769953565,0.3,1513,True,1412,1105,594,375,0.0912953744928789,0.8734,1201,5,0.37739590218109714,0.11918386434811626,3,False,True,False,False,0.8181818181818182,False,0.9565662278107532,74.32253800396563,698.5,0.05011229345670853,1513
coverage_stratified,protein_corr_low,DCTN5,A1c_no_protein_confidence,Retain direct protein; remove protein-derived confidence only,0.1643293769953565,0.3,1513,True,1412,1105,594,375,0.08886912197786952,0.8186,1186,4,0.38995373430270985,0.11918386434811631,3,False,True,False,False,0.8181818181818182,True,0.9475662760261265,107.99008592200926,426.5,0.03927309980171844,1513
coverage_stratified,protein_corr_low,DCTN5,A2_no_confidence,Remove the full confidence block; renormalise RNA/protein,0.1643293769953565,0.3,1513,True,1412,1105,594,375,0.10181474615748,0.963,1224,4,0.3536021150033047,0.20014363689914821,330,False,True,False,False,0.6666666666666666,True,0.9089958339261476,143.96497025776603,463.0,0.028837475214805026,1513
coverage_stratified,protein_corr_low,DCTN5,A2a_no_conf_completeness,Remove completeness from confidence; renormalise retained components,0.1643293769953565,0.3,1513,True,1412,1105,594,375,0.08931136730057147,0.8186,1177,4,0.39920687376074027,0.20169087632424348,351,False,True,False,False,0.8181818181818182,True,0.9953016342787846,31.12557832121613,155.5,0.005501057501652347,1513
coverage_stratified,protein_corr_low,DCTN5,A2b_no_conf_source_support,Remove source support from confidence; renormalise retained components,0.1643293769953565,0.3,1513,True,1412,1105,594,375,0.08680308150570942,0.8186,1157,4,0.42564441506939854,0.19111424557364487,325,False,True,False,False,0.75,True,0.9915175581806477,40.561136814276274,211.5,0.007027693324520819,1513
coverage_stratified,protein_corr_low,DCTN5,A2c_no_conf_consistency,Remove RNA-protein consistency; renormalise retained components,0.1643293769953565,0.3,1513,True,1412,1105,594,375,0.08925618866617689,0.8186,1177,5,0.3985459352280238,0.21957015199687183,6,False,True,False,False,0.8181818181818182,True,0.9982401703650298,18.61136814276272,120.0,0.0031237276933245212,1513
coverage_stratified,protein_corr_low,DCTN5,A3_equal_bio,Equal RNA/protein biological weights,0.1643293769953565,0.3,1513,True,1412,1105,594,375,0.08787240563465132,0.8194,1178,5,0.39788499669530736,0.20014363689914777,330,False,True,False,False,0.8181818181818182,False,0.9864301513500046,45.46860541969597,387.5,0.004835492399206874,1513
coverage_stratified,protein_corr_low,DCTN5,A3b_reversed_bio,Protein biological weight greater than RNA,0.1643293769953565,0.3,1513,True,1412,1105,594,375,0.08890248663652381,0.8515,1188,5,0.38863185723727695,0.20014363689914783,330,False,True,False,False,0.8181818181818182,False,0.9510190164765366,87.98149372108394,692.0,0.009671116986120292,1513
coverage_stratified,protein_corr_low,DCTN5,A4_adaptive_trust,Team baseline plus gene-level adaptive RNA trust,0.1643293769953565,0.3,1513,True,1412,1105,594,375,0.09150121011884453,0.8861,1196,5,0.38400528750826174,0.20014363689914783,330,False,True,False,False,0.8181818181818182,False,0.9004319889181329,126.955717118308,1075.0,0.01489358889623265,1513
coverage_stratified,protein_corr_low,DCTN5,A5_v3_structure,Flat v3 RNA/protein/consistency/completeness structure,0.1643293769953565,0.3,1513,True,1412,1105,594,375,0.09248271405150903,0.8561,1177,4,0.4111037673496365,0.2001436368991479,330,False,True,False,False,0.6666666666666666,True,0.9638645672397905,81.01784534038335,465.0,0.01659431592861864,1513
coverage_stratified,protein_corr_low,DCTN5,A6_v3_full,Flat v3 structure plus adaptive trust,0.1643293769953565,0.3,1513,True,1412,1105,594,375,0.09292836656825608,0.8674000000000001,1191,4,0.38863185723727695,0.2001436368991482,330,False,True,False,False,0.6666666666666666,False,0.9181470826453474,101.41176470588235,1190.0,0.0186699272967614,1513
coverage_stratified,protein_corr_low,TBC1D32,B0_rna_mean,RNA-only mean ranking; no protein or confidence in final score,0.1158593832903325,0.3,1513,True,1412,1105,594,27,0.13676824840510687,1.0,1227,6,0.34104428288169203,0.11918386434811602,3,False,True,False,False,0.8181818181818182,True,0.9784702472173992,42.90482485128883,985.5,0.031995836087243885,1513
coverage_stratified,protein_corr_low,TBC1D32,A0_team_baseline,"Team baseline: RNA .55, protein .30, confidence .15",0.1158593832903325,0.3,1513,True,1412,1105,594,27,0.11763354282163081,0.8762000000000001,1195,5,0.380039656311963,0.08365894820782911,30,False,True,True,True,1.0,True,1.0,0.0,0.0,0.0,1513
coverage_stratified,protein_corr_low,TBC1D32,A1a_no_direct_protein,Remove direct protein; retain protein-derived confidence,0.1158593832903325,0.3,1513,True,1412,1105,594,27,0.11729599299724011,0.8762000000000001,1191,5,0.38532716457369465,0.08365894820782926,30,False,True,False,True,1.0,True,0.9912899592939559,11.995373430270984,828.0,0.0017101123595505618,1513
coverage_stratified,protein_corr_low,TBC1D32,A1b_no_protein_evidence,Remove direct protein and all protein-derived confidence,0.1158593832903325,0.3,1513,True,1412,1105,594,27,0.11858396489699334,0.8967,1198,5,0.3734302709847984,0.11918386434811623,3,False,True,False,False,0.8181818181818182,True,0.9826660942008753,33.4216787838731,974.5,0.05280766688697951,1513
coverage_stratified,protein_corr_low,TBC1D32,A1c_no_protein_confidence,Retain direct protein; remove protein-derived confidence only,0.1158593832903325,0.3,1513,True,1412,1105,594,27,0.11838963822550655,0.8967,1193,5,0.380039656311963,0.1191838643481162,3,False,True,False,False,0.8181818181818182,True,0.9962272060417353,25.851949768671513,283.5,0.05138083278255123,1513
coverage_stratified,protein_corr_low,TBC1D32,A2_no_confidence,Remove the full confidence block; renormalise RNA/protein,0.1158593832903325,0.3,1513,True,1412,1105,594,27,0.13636691298817993,1.0,1228,6,0.33906146728354264,0.08365894820782932,30,False,True,False,False,0.8181818181818182,True,0.9936753128980063,35.02709847984138,385.5,0.030119299405155318,1513
coverage_stratified,protein_corr_low,TBC1D32,A2a_no_conf_completeness,Remove completeness from confidence; renormalise retained components,0.1158593832903325,0.3,1513,True,1412,1105,594,27,0.11860348984369032,0.8937999999999999,1203,5,0.3674818241903503,0.11848567019083434,30,False,True,False,True,1.0,True,0.9979762127413931,20.87442167878387,142.5,0.005290482485128883,1513
coverage_stratified,protein_corr_low,TBC1D32,A2b_no_conf_source_support,Remove source support from confidence; renormalise retained components,0.1158593832903325,0.3,1513,True,1412,1105,594,27,0.11664893697961946,0.8500000000000001,1215,6,0.3456708526107072,0.05089189944065167,28,False,True,False,False,0.8181818181818182,True,0.9955767762278206,31.14937210839392,93.0,0.007731460674157303,1513
coverage_stratified,protein_corr_low,TBC1D32,A2c_no_conf_consistency,Remove RNA-protein consistency; renormalise retained components,0.1158593832903325,0.3,1513,True,1412,1105,594,27,0.11829459687901796,0.885,1209,5,0.3621943159286186,0.10661804593633141,5,False,True,False,True,1.0,True,0.9994290303962189,10.923331130204891,109.0,0.002718307997356246,1513
coverage_stratified,protein_corr_low,TBC1D32,A3_equal_bio,Equal RNA/protein biological weights,0.1158593832903325,0.3,1513,True,1412,1105,594,27,0.1183246142710115,0.8762000000000001,1191,5,0.38466622604097817,0.08365894820782913,30,False,True,False,True,1.0,True,0.9988880580877334,3.7865168539325844,411.0,0.0007124917382683412,1513
coverage_stratified,protein_corr_low,TBC1D32,A3b_reversed_bio,Protein biological weight greater than RNA,0.1158593832903325,0.3,1513,True,1412,1105,594,27,0.11933280897647955,0.8762000000000001,1197,5,0.37739590218109714,0.08365894820782907,30,False,True,False,False,0.8181818181818182,True,0.9967336829983261,6.310641110376735,707.0,0.0014250495703899536,1513
coverage_stratified,protein_corr_low,TBC1D32,A4_adaptive_trust,Team baseline plus gene-level adaptive RNA trust,0.1158593832903325,0.3,1513,True,1412,1105,594,27,0.12076844264006638,0.8762000000000001,1197,5,0.3767349636483807,0.08365894820782907,30,False,True,False,False,0.8181818181818182,True,0.9948687727693263,7.827495042961004,822.0,0.002194646397884997,1513
coverage_stratified,protein_corr_low,TBC1D32,A5_v3_structure,Flat v3 RNA/protein/consistency/completeness structure,0.1158593832903325,0.3,1513,True,1412,1105,594,27,0.12283902124408962,0.889,1224,6,0.33972240581625907,0.08365894820782924,30,False,True,False,False,0.8181818181818182,True,0.9939330772910981,32.97224058162591,426.0,0.011458360872438862,1513
coverage_stratified,protein_corr_low,TBC1D32,A6_v3_full,Flat v3 structure plus adaptive trust,0.1158593832903325,0.3,1513,True,1412,1105,594,27,0.12561992974162822,0.889,1229,6,0.33377395902181095,0.08365894820782908,30,False,True,False,False,0.8181818181818182,True,0.9895546893731345,35.82419035029742,948.0,0.013105089226701916,1513
coverage_stratified,protein_corr_mid,SP8,B0_rna_mean,RNA-only mean ranking; no protein or confidence in final score,0.4724285260709389,0.9227998729986289,1513,True,1412,1105,594,27,0.11240633819214009,1.0,707,166,0.6463978849966953,0.11918386434811641,3,False,True,False,True,1.0,True,0.8551914123739867,163.73033707865167,1400.0,0.06445908790482485,1513
coverage_stratified,protein_corr_mid,SP8,A0_team_baseline,"Team baseline: RNA .55, protein .30, confidence .15",0.4724285260709389,0.9227998729986289,1513,True,1412,1105,594,27,0.10221011301100578,0.8500000000000001,677,161,0.6774619960343689,0.07896737635529551,30,False,True,True,True,1.0,True,1.0,0.0,0.0,0.0,1513
coverage_stratified,protein_corr_mid,SP8,A1a_no_direct_protein,Remove direct protein; retain protein-derived confidence,0.4724285260709389,0.9227998729986289,1513,True,1412,1105,594,27,0.0974775111689751,0.8500000000000001,668,161,0.6873760740251157,0.07896737635529555,30,False,True,False,True,1.0,True,0.9969516665234415,7.1302048909451425,509.0,0.0030558493060145408,1513
coverage_stratified,protein_corr_mid,SP8,A1b_no_protein_evidence,Remove direct protein and all protein-derived confidence,0.4724285260709389,0.9227998729986289,1513,True,1412,1105,594,27,0.0984945951498376,0.8545,689,161,0.6688697951090549,0.11918386434811581,3,False,True,False,True,1.0,True,0.9691983380981078,55.30601454064772,1046.0,0.05395109054857898,1513
coverage_stratified,protein_corr_mid,SP8,A1c_no_protein_confidence,Retain direct protein; remove protein-derived confidence only,0.4724285260709389,0.9227998729986289,1513,True,1412,1105,594,27,0.10224077570900676,0.8545,698,161,0.6609385327164574,0.11918386434811581,3,False,True,False,True,1.0,True,0.9834850931999558,45.21877065432915,492.0,0.051515201586252474,1513
coverage_stratified,protein_corr_mid,SP8,A2_no_confidence,Remove the full confidence block; renormalise RNA/protein,0.4724285260709389,0.9227998729986289,1513,True,1412,1105,594,27,0.11646251897388234,1.0,717,166,0.637144745538665,0.07896737635529616,30,False,True,False,True,1.0,True,0.8828297788010555,152.3575677461996,1139.0,0.06089279576999339,1513
coverage_stratified,protein_corr_mid,SP8,A2a_no_conf_completeness,Remove completeness from confidence; renormalise retained components,0.4724285260709389,0.9227998729986289,1513,True,1412,1105,594,27,0.10274810258973041,0.8530000000000001,688,161,0.6675479180436219,0.11436328996204065,30,False,True,False,True,1.0,True,0.9871188962843002,39.53932584269663,340.0,0.005382617316589556,1513
coverage_stratified,protein_corr_mid,SP8,A2b_no_conf_source_support,Remove source support from confidence; renormalise retained components,0.4724285260709389,0.9227998729986289,1513,True,1412,1105,594,27,0.1008437603051343,0.8500000000000001,706,166,0.6470588235294118,0.03812981636615014,28,False,True,False,True,1.0,True,0.8851268847808569,151.36483807005948,595.5,0.007755122273628552,1513
coverage_stratified,protein_corr_mid,SP8,A2c_no_conf_consistency,Remove RNA-protein consistency; renormalise retained components,0.4724285260709389,0.9227998729986289,1513,True,1412,1105,594,27,0.10366403639912289,0.8500000000000001,681,161,0.6701916721744877,0.106895136581248,6,False,True,False,True,1.0,True,0.9941987500621698,23.87706543291474,296.5,0.0028828816920026435,1513
coverage_stratified,protein_corr_mid,SP8,A3_equal_bio,Equal RNA/protein biological weights,0.4724285260709389,0.9227998729986289,1513,True,1412,1105,594,27,0.10569436539072127,0.8500000000000001,678,161,0.6761401189689359,0.07896737635529551,30,False,True,False,True,1.0,True,0.9999620735108402,0.7719762062128223,50.0,0.0012734963648380702,1513
coverage_stratified,protein_corr_mid,SP8,A3b_reversed_bio,Protein biological weight greater than RNA,0.4724285260709389,0.9227998729986289,1513,True,1412,1105,594,27,0.10995260445259789,0.8500000000000001,677,161,0.6774619960343689,0.07896737635529551,30,False,True,False,True,1.0,True,0.9999046719374227,1.248512888301388,92.5,0.0025463978849966954,1513
coverage_stratified,protein_corr_mid,SP8,A4_adaptive_trust,Team baseline plus gene-level adaptive RNA trust,0.4724285260709389,0.9227998729986289,1513,True,1412,1105,594,27,0.10330126903959304,0.8500000000000001,678,161,0.6761401189689359,0.07896737635529551,30,False,True,False,True,1.0,True,0.9999943554381533,0.2802379378717779,17.0,0.0004325181758096496,1513
coverage_stratified,protein_corr_mid,SP8,A5_v3_structure,Flat v3 RNA/protein/consistency/completeness structure,0.4724285260709389,0.9227998729986289,1513,True,1412,1105,594,27,0.1067136359714884,0.889,702,166,0.6510244547257105,0.07896737635529613,30,False,True,False,True,1.0,True,0.8850570285482623,151.62392597488434,594.5,0.016549570389953732,1513
coverage_stratified,protein_corr_mid,SP8,A6_v3_full,Flat v3 structure plus adaptive trust,0.4724285260709389,0.9227998729986289,1513,True,1412,1105,594,27,0.10766860251899749,0.889,702,166,0.6510244547257105,0.07896737635529613,30,False,True,False,True,1.0,True,0.885048545150453,151.78387309980172,594.5,0.016894249834765365,1513
coverage_stratified,protein_corr_mid,KIAA0586,B0_rna_mean,RNA-only mean ranking; no protein or confidence in final score,0.3829420839110042,0.6722378349508118,1513,True,1412,1105,594,180,0.1355527670572651,1.0,1277,4,0.29213483146067415,0.11918386434811598,3,False,True,False,False,0.42857142857142855,True,0.943936462507715,81.61136814276273,832.5,0.02763179114342366,1513
coverage_stratified,protein_corr_mid,KIAA0586,A0_team_baseline,"Team baseline: RNA .55, protein .30, confidence .15",0.3829420839110042,0.6722378349508118,1513,True,1412,1105,594,180,0.12012307140320504,0.8631000000000001,1262,4,0.3119629874421679,0.15236932321553465,175,False,True,True,True,1.0,True,1.0,0.0,0.0,0.0,1513
coverage_stratified,protein_corr_mid,KIAA0586,A1a_no_direct_protein,Remove direct protein; retain protein-derived confidence,0.3829420839110042,0.6722378349508118,1513,True,1412,1105,594,180,0.11933002413468119,0.8789,1253,4,0.3185723727693325,0.15236932321553454,175,False,True,False,False,0.8181818181818182,False,0.9841460229650671,32.954395241242565,891.0,0.00556463978849967,1513
coverage_stratified,protein_corr_mid,KIAA0586,A1b_no_protein_evidence,Remove direct protein and all protein-derived confidence,0.3829420839110042,0.6722378349508118,1513,True,1412,1105,594,180,0.1183755807153953,0.8734,1245,4,0.33443489755452743,0.11918386434811622,3,False,True,False,False,0.5384615384615384,True,0.955669046692372,70.522141440846,822.0,0.05074540647719762,1513
coverage_stratified,protein_corr_mid,KIAA0586,A1c_no_protein_confidence,Retain direct protein; remove protein-derived confidence only,0.3829420839110042,0.6722378349508118,1513,True,1412,1105,594,180,0.1176682859594012,0.8734,1241,4,0.33972240581625907,0.11918386434811619,3,False,True,False,False,0.42857142857142855,True,0.9870599737772895,46.23793787177792,309.5,0.04605115664243225,1513
coverage_stratified,protein_corr_mid,KIAA0586,A2_no_confidence,Remove the full confidence block; renormalise RNA/protein,0.3829420839110042,0.6722378349508118,1513,True,1412,1105,594,180,0.13422603327450772,1.0,1280,5,0.2855254461335096,0.15236932321553442,175,False,True,False,False,0.42857142857142855,True,0.9797965683725967,57.7508261731659,353.5,0.022024256444150698,1513
coverage_stratified,protein_corr_mid,KIAA0586,A2a_no_conf_completeness,Remove completeness from confidence; renormalise retained components,0.3829420839110042,0.6722378349508118,1513,True,1412,1105,594,180,0.12078359481378319,0.8719,1246,4,0.32782551222736284,0.1634788362676644,176,False,True,False,False,0.8181818181818182,True,0.9978641000558643,20.822207534699274,118.0,0.005454659616655652,1513
coverage_stratified,protein_corr_mid,KIAA0586,A2b_no_conf_source_support,Remove source support from confidence; renormalise retained components,0.3829420839110042,0.6722378349508118,1513,True,1412,1105,594,180,0.11916339879417945,0.8500000000000001,1272,4,0.3007270323859881,0.14322769642095678,165,False,True,False,False,0.8181818181818182,True,0.9959767774033975,28.97025776602776,127.5,0.007518440185062788,1513
coverage_stratified,protein_corr_mid,KIAA0586,A2c_no_conf_consistency,Remove RNA-protein consistency; renormalise retained components,0.3829420839110042,0.6722378349508118,1513,True,1412,1105,594,180,0.120983240895444,0.8675,1276,5,0.29477858559153997,0.16978750146617275,6,False,True,False,True,1.0,True,0.9994247923640486,11.015862524785195,79.0,0.0028325181758096494,1513
coverage_stratified,protein_corr_mid,KIAA0586,A3_equal_bio,Equal RNA/protein biological weights,0.3829420839110042,0.6722378349508118,1513,True,1412,1105,594,180,0.12136621807411865,0.8631000000000001,1262,4,0.3086582947785856,0.1523693232155347,175,False,True,False,False,0.5384615384615384,True,0.9977040762813801,12.30601454064772,288.0,0.002318374091209518,1513
coverage_stratified,protein_corr_mid,KIAA0586,A3b_reversed_bio,Protein biological weight greater than RNA,0.3829420839110042,0.6722378349508118,1513,True,1412,1105,594,180,0.12312837625728469,0.8631000000000001,1267,4,0.3053536021150033,0.15236932321553465,175,False,True,False,False,0.25,True,0.9918175897208682,22.939193654990085,496.0,0.004637144745538664,1513
coverage_stratified,protein_corr_mid,KIAA0586,A4_adaptive_trust,Team baseline plus gene-level adaptive RNA trust,0.3829420839110042,0.6722378349508118,1513,True,1412,1105,594,180,0.12208275072275372,0.8631000000000001,1258,4,0.3146067415730337,0.15236932321553465,175,False,True,False,False,0.42857142857142855,True,0.9954586288288281,17.20555188367482,380.0,0.003343555849306014,1513
coverage_stratified,protein_corr_mid,KIAA0586,A5_v3_structure,Flat v3 RNA/protein/consistency/completeness structure,0.3829420839110042,0.6722378349508118,1513,True,1412,1105,594,180,0.12611686784509185,0.889,1263,4,0.30799735624586916,0.1523693232155347,175,False,True,False,False,0.6666666666666666,True,0.9908441041461955,40.12623925974884,359.5,0.012696298744216787,1513
coverage_stratified,protein_corr_mid,KIAA0586,A6_v3_full,Flat v3 structure plus adaptive trust,0.3829420839110042,0.6722378349508118,1513,True,1412,1105,594,180,0.1280109856759352,0.889,1280,4,0.28883013879709185,0.15236932321553473,175,False,True,False,False,0.42857142857142855,True,0.9841327296757731,47.96298744216788,427.5,0.014985194976867153,1513
coverage_stratified,protein_corr_mid,ICE1,B0_rna_mean,RNA-only mean ranking; no protein or confidence in final score,0.4402475223659455,0.8326930626246474,1513,True,1412,1105,594,375,0.09450611770022611,1.0,1200,5,0.37937871777924653,0.1191838643481161,3,False,True,False,False,0.25,False,0.9479496518175098,85.62921348314607,985.5,0.0333508261731659,1513
coverage_stratified,protein_corr_mid,ICE1,A0_team_baseline,"Team baseline: RNA .55, protein .30, confidence .15",0.4402475223659455,0.8326930626246474,1513,True,1412,1105,594,375,0.08593898540247394,0.8737,1176,5,0.3998678122934567,0.1984269817488778,334,False,True,True,True,1.0,True,0.9999999999999999,0.0,0.0,0.0,1513
coverage_stratified,protein_corr_mid,ICE1,A1a_no_direct_protein,Remove direct protein; retain protein-derived confidence,0.4402475223659455,0.8326930626246474,1513,True,1412,1105,594,375,0.08923170042423664,0.8768,1191,5,0.38863185723727695,0.19842698174887827,334,False,True,False,False,0.25,False,0.9389925583260659,96.53337739590218,923.0,0.012814672835426305,1513
coverage_stratified,protein_corr_mid,ICE1,A1b_no_protein_evidence,Remove direct protein and all protein-derived confidence,0.4402475223659455,0.8326930626246474,1513,True,1412,1105,594,375,0.0849859176413399,0.8734,1167,4,0.41639127561136813,0.11918386434811667,3,False,True,False,False,0.4,False,0.9573292555141905,69.00594844679445,966.5,0.051368274950429615,1513
coverage_stratified,protein_corr_mid,ICE1,A1c_no_protein_confidence,Retain direct protein; remove protein-derived confidence only,0.4402475223659455,0.8326930626246474,1513,True,1412,1105,594,375,0.08579736198901206,0.8734,1183,4,0.39788499669530736,0.11918386434811626,3,False,True,False,False,0.3333333333333333,False,0.958549957474853,93.28354263053536,400.0,0.03928241903502974,1513
coverage_stratified,protein_corr_mid,ICE1,A2_no_confidence,Remove the full confidence block; renormalise RNA/protein,0.4402475223659455,0.8326930626246474,1513,True,1412,1105,594,375,0.09768153323861468,1.0,1210,4,0.3688037012557832,0.19842698174887732,334,False,True,False,False,0.3333333333333333,False,0.9249567726036845,127.33443489755453,469.5,0.033269662921348316,1513
coverage_stratified,protein_corr_mid,ICE1,A2a_no_conf_completeness,Remove completeness from confidence; renormalise retained components,0.4402475223659455,0.8326930626246474,1513,True,1412,1105,594,375,0.0872465597399779,0.8815,1194,5,0.3813615333773959,0.1990461815295482,350,False,True,False,False,0.6666666666666666,True,0.995798206583204,29.59484467944481,151.0,0.005600396563119629,1513
coverage_stratified,protein_corr_mid,ICE1,A2b_no_conf_source_support,Remove source support from confidence; renormalise retained components,0.4402475223659455,0.8326930626246474,1513,True,1412,1105,594,375,0.08457424927417588,0.8598,1178,5,0.39590218109715797,0.18836214933814302,329,False,True,False,False,0.6666666666666666,True,0.9921900987582886,39.85855915399868,190.0,0.007059550561797754,1513
coverage_stratified,protein_corr_mid,ICE1,A2c_no_conf_consistency,Remove RNA-protein consistency; renormalise retained components,0.4402475223659455,0.8326930626246474,1513,True,1412,1105,594,375,0.08679182764870312,0.8796,1205,7,0.3721083939193655,0.21957015199687188,6,False,True,False,True,1.0,True,0.998353116947383,17.937210839391938,190.0,0.0031990746860541966,1513
coverage_stratified,protein_corr_mid,ICE1,A3_equal_bio,Equal RNA/protein biological weights,0.4402475223659455,0.8326930626246474,1513,True,1412,1105,594,375,0.08725327234155016,0.8788,1192,5,0.3906146728354263,0.19842698174887768,334,False,True,False,False,0.6666666666666666,True,0.9893768093774273,41.380039656311965,456.0,0.00533853271645737,1513
coverage_stratified,protein_corr_mid,ICE1,A3b_reversed_bio,Protein biological weight greater than RNA,0.4402475223659455,0.8326930626246474,1513,True,1412,1105,594,375,0.09008915578452494,0.884,1213,5,0.364177131526768,0.1984269817488774,334,False,True,False,False,0.42857142857142855,True,0.9627397376720975,79.23992068737607,619.0,0.010677660277594182,1513
coverage_stratified,protein_corr_mid,ICE1,A4_adaptive_trust,Team baseline plus gene-level adaptive RNA trust,0.4402475223659455,0.8326930626246474,1513,True,1412,1105,594,375,0.08675460361925764,0.8775000000000001,1183,5,0.39458030403172506,0.1984269817488777,334,False,True,False,False,0.6666666666666666,True,0.994033548044016,30.84269662921348,362.0,0.003928883013879709,1513
coverage_stratified,protein_corr_mid,ICE1,A5_v3_structure,Flat v3 RNA/protein/consistency/completeness structure,0.4402475223659455,0.8326930626246474,1513,True,1412,1105,594,375,0.08748396835398663,0.889,1188,4,0.38863185723727695,0.19842698174887818,334,False,True,False,False,0.6666666666666666,False,0.9833556341609804,57.4699272967614,478.0,0.014634170522141441,1513
coverage_stratified,protein_corr_mid,ICE1,A6_v3_full,Flat v3 structure plus adaptive trust,0.4402475223659455,0.8326930626246474,1513,True,1412,1105,594,375,0.08802065178306227,0.889,1185,4,0.39458030403172506,0.19842698174887807,334,False,True,False,False,0.6666666666666666,False,0.9814770652624136,57.23463317911434,550.0,0.014166953073364177,1513
coverage_stratified,protein_corr_mid,PSME4,B0_rna_mean,RNA-only mean ranking; no protein or confidence in final score,0.3568533006890947,0.5991892419294651,1513,True,1412,1105,594,375,0.10343068911831761,1.0,1221,5,0.3502974223397224,0.11918386434811568,3,False,True,False,False,0.8181818181818182,True,0.9366514819173629,99.26834104428288,953.0,0.023131064111037675,1513
coverage_stratified,protein_corr_mid,PSME4,A0_team_baseline,"Team baseline: RNA .55, protein .30, confidence .15",0.3568533006890947,0.5991892419294651,1513,True,1412,1105,594,375,0.09162760023099895,0.8500000000000001,1208,4,0.36814276272306673,0.2020748775450568,331,False,True,True,True,1.0,True,1.0,0.0,0.0,0.0,1513
coverage_stratified,protein_corr_mid,PSME4,A1a_no_direct_protein,Remove direct protein; retain protein-derived confidence,0.3568533006890947,0.5991892419294651,1513,True,1412,1105,594,375,0.09513023381896374,0.8500000000000001,1230,4,0.34302709847984136,0.2020748775450566,331,False,True,False,False,0.6666666666666666,True,0.9564990114494415,70.24190350297422,860.0,0.01018189028420357,1513
coverage_stratified,protein_corr_mid,PSME4,A1b_no_protein_evidence,Remove direct protein and all protein-derived confidence,0.3568533006890947,0.5991892419294651,1513,True,1412,1105,594,375,0.09143575626416167,0.8500000000000001,1212,5,0.3635161929940516,0.11918386434811609,3,False,True,False,False,0.8181818181818182,True,0.9513571754610962,78.27561136814276,942.5,0.04864745538664904,1513
coverage_stratified,protein_corr_mid,PSME4,A1c_no_protein_confidence,Retain direct protein; remove protein-derived confidence only,0.3568533006890947,0.5991892419294651,1513,True,1412,1105,594,375,0.09039361228120923,0.8500000000000001,1201,5,0.37871777924653005,0.11918386434811462,3,False,True,False,False,0.8181818181818182,True,0.9603484015682462,92.72901520158625,369.5,0.03920290812954395,1513
coverage_stratified,protein_corr_mid,PSME4,A2_no_confidence,Remove the full confidence block; renormalise RNA/protein,0.3568533006890947,0.5991892419294651,1513,True,1412,1105,594,375,0.10365619033441396,1.0,1231,4,0.33509583608724386,0.2020748775450579,331,False,True,False,False,0.8181818181818182,True,0.9279528286184046,127.36615994712491,418.0,0.027155651024454726,1513
coverage_stratified,protein_corr_mid,PSME4,A2a_no_conf_completeness,Remove completeness from confidence; renormalise retained components,0.3568533006890947,0.5991892419294651,1513,True,1412,1105,594,375,0.09253503501105233,0.85,1187,5,0.38995373430270985,0.20455640887510523,350,False,True,False,False,0.8181818181818182,True,0.9966117327971038,27.092531394580305,141.5,0.005381229345670855,1513
coverage_stratified,protein_corr_mid,PSME4,A2b_no_conf_source_support,Remove source support from confidence; renormalise retained components,0.3568533006890947,0.5991892419294651,1513,True,1412,1105,594,375,0.09072377893787058,0.8500000000000001,1178,6,0.3952412425644415,0.1942510351565381,319,False,True,False,True,1.0,True,0.9935661773112922,37.05419695968275,152.5,0.007009914077990748,1513
coverage_stratified,protein_corr_mid,PSME4,A2c_no_conf_consistency,Remove RNA-protein consistency; renormalise retained components,0.3568533006890947,0.5991892419294651,1513,True,1412,1105,594,375,0.09235458623163065,0.85,1202,4,0.37144745538664903,0.2195701519968713,6,False,True,False,False,0.8181818181818182,True,0.9987448736149039,15.460674157303371,138.0,0.0029798413747521477,1513
coverage_stratified,protein_corr_mid,PSME4,A3_equal_bio,Equal RNA/protein biological weights,0.3568533006890947,0.5991892419294651,1513,True,1412,1105,594,375,0.09215302051405166,0.8600000000000001,1217,4,0.35756774619960346,0.20207487754505696,331,False,True,False,True,1.0,False,0.9920356024332133,31.30006609385327,438.0,0.0042418374091209516,1513
coverage_stratified,protein_corr_mid,PSME4,A3b_reversed_bio,Protein biological weight greater than RNA,0.3568533006890947,0.5991892419294651,1513,True,1412,1105,594,375,0.09384143113146992,0.8811,1221,4,0.3456708526107072,0.20207487754505715,331,False,True,False,True,1.0,False,0.9712460531410169,60.28684732319894,819.0,0.00848466622604098,1513
coverage_stratified,protein_corr_mid,PSME4,A4_adaptive_trust,Team baseline plus gene-level adaptive RNA trust,0.3568533006890947,0.5991892419294651,1513,True,1412,1105,594,375,0.09333976302294508,0.8761,1211,4,0.3615333773959022,0.20207487754505707,331,False,True,False,True,1.0,False,0.9770539503435204,53.71777924653007,724.0,0.0074814937210839405,1513
coverage_stratified,protein_corr_mid,PSME4,A5_v3_structure,Flat v3 RNA/protein/consistency/completeness structure,0.3568533006890947,0.5991892419294651,1513,True,1412,1105,594,375,0.09929562457455471,0.889,1237,5,0.3331130204890945,0.20207487754505682,331,False,True,False,False,0.8181818181818182,True,0.9615141275220196,82.90945142101785,555.0,0.018717118307997355,1513
coverage_stratified,protein_corr_mid,PSME4,A6_v3_full,Flat v3 structure plus adaptive trust,0.3568533006890947,0.5991892419294651,1513,True,1412,1105,594,375,0.09951248977927697,0.889,1223,5,0.35095836087243887,0.20207487754505685,331,False,True,False,False,0.8181818181818182,True,0.9593195372480973,77.24322538003966,719.5,0.01711890284203569,1513
coverage_stratified,protein_corr_mid,TBCA,B0_rna_mean,RNA-only mean ranking; no protein or confidence in final score,0.4488368667188274,0.8567432268127166,1513,True,1412,1105,594,375,0.05868050427361247,1.0,1052,6,0.5340383344348976,0.11918386434811473,3,False,True,False,False,0.5384615384615384,True,0.8885736227988894,137.45736946463978,1112.5,0.04353555849306014,1513
coverage_stratified,protein_corr_mid,TBCA,A0_team_baseline,"Team baseline: RNA .55, protein .30, confidence .15",0.4488368667188274,0.8567432268127166,1513,True,1412,1105,594,375,0.056304939374609016,0.8500000000000001,1019,5,0.5565102445472571,0.18750212115798193,340,False,True,True,True,1.0,True,1.0,0.0,0.0,0.0,1513
coverage_stratified,protein_corr_mid,TBCA,A1a_no_direct_protein,Remove direct protein; retain protein-derived confidence,0.4488368667188274,0.8567432268127166,1513,True,1412,1105,594,375,0.05616315133227782,0.8616,1029,5,0.5465961665565102,0.18750212115798207,340,False,True,False,False,0.5384615384615384,False,0.6806594148577431,265.81295439524126,1247.0,0.02100211500330469,1513
coverage_stratified,protein_corr_mid,TBCA,A1b_no_protein_evidence,Remove direct protein and all protein-derived confidence,0.4488368667188274,0.8567432268127166,1513,True,1412,1105,594,375,0.05152325375685738,0.8500000000000001,1010,6,0.5743555849306015,0.1191838643481147,3,False,True,False,False,0.5384615384615384,True,0.8518155246241415,158.9438202247191,1217.5,0.06056516853932584,1513
coverage_stratified,protein_corr_mid,TBCA,A1c_no_protein_confidence,Retain direct protein; remove protein-derived confidence only,0.4488368667188274,0.8567432268127166,1513,True,1412,1105,594,375,0.06289647678472873,0.8500000000000001,1071,6,0.5161929940515532,0.11918386434811633,3,False,True,False,False,0.42857142857142855,True,0.9338105603751579,113.65565102445473,573.5,0.0398146728354263,1513
coverage_stratified,protein_corr_mid,TBCA,A2_no_confidence,Remove the full confidence block; renormalise RNA/protein,0.4488368667188274,0.8567432268127166,1513,True,1412,1105,594,375,0.0774563851092897,1.0,1153,6,0.42233972240581624,0.1875021211579811,340,False,True,False,False,0.42857142857142855,True,0.8850291655484616,151.68142762723068,691.5,0.0377163251817581,1513
coverage_stratified,protein_corr_mid,TBCA,A2a_no_conf_completeness,Remove completeness from confidence; renormalise retained components,0.4488368667188274,0.8567432268127166,1513,True,1412,1105,594,375,0.05872097778966895,0.85,1073,6,0.5135492399206874,0.18333373204518627,355,False,True,False,False,0.8181818181818182,True,0.9896198357674585,48.30865829477859,252.5,0.006285459352280239,1513
coverage_stratified,protein_corr_mid,TBCA,A2b_no_conf_source_support,Remove source support from confidence; renormalise retained components,0.4488368667188274,0.8567432268127166,1513,True,1412,1105,594,375,0.056904725203761254,0.8500000000000001,1037,6,0.5366820885657634,0.17059263190593066,331,False,True,False,False,0.8181818181818182,True,0.9807826037189158,63.8955717118308,231.5,0.007164970257766027,1513
coverage_stratified,protein_corr_mid,TBCA,A2c_no_conf_consistency,Remove RNA-protein consistency; renormalise retained components,0.4488368667188274,0.8567432268127166,1513,True,1412,1105,594,375,0.05511010045678046,0.85,1032,5,0.5571711830799736,0.21957015199687172,6,False,True,False,True,1.0,True,0.9942459563000186,35.60079312623926,207.0,0.004127362855254461,1513
coverage_stratified,protein_corr_mid,TBCA,A3_equal_bio,Equal RNA/protein biological weights,0.4488368667188274,0.8567432268127166,1513,True,1412,1105,594,375,0.06455688431806732,0.8500000000000001,1060,5,0.5062789160608063,0.18750212115798176,340,False,True,False,False,0.8181818181818182,True,0.9725895000492106,70.35161929940516,501.0,0.008750363516192993,1513
coverage_stratified,protein_corr_mid,TBCA,A3b_reversed_bio,Protein biological weight greater than RNA,0.4488368667188274,0.8567432268127166,1513,True,1412,1105,594,375,0.0758142858149385,0.8500000000000001,1092,5,0.48182419035029744,0.18750212115798084,340,False,True,False,False,0.8181818181818182,True,0.927936424457669,111.86847323198943,783.0,0.017501123595505617,1513
coverage_stratified,protein_corr_mid,TBCA,A4_adaptive_trust,Team baseline plus gene-level adaptive RNA trust,0.4488368667188274,0.8567432268127166,1513,True,1412,1105,594,375,0.061082048669656816,0.8500000000000001,1047,5,0.5267680105750165,0.18750212115798182,340,False,True,False,False,0.8181818181818182,True,0.9871770895310735,48.47587574355585,384.0,0.005515399867812295,1513
coverage_stratified,protein_corr_mid,TBCA,A5_v3_structure,Flat v3 RNA/protein/consistency/completeness structure,0.4488368667188274,0.8567432268127166,1513,True,1412,1105,594,375,0.059854092918084155,0.889,1059,6,0.5194976867151355,0.18750212115798118,340,False,True,False,False,0.6666666666666666,True,0.9760533712663214,70.37012557832122,557.0,0.012896827495042963,1513
coverage_stratified,protein_corr_mid,TBCA,A6_v3_full,Flat v3 structure plus adaptive trust,0.4488368667188274,0.8567432268127166,1513,True,1412,1105,594,375,0.06385427558418334,0.889,1089,7,0.4910773298083278,0.1875021211579811,340,False,True,False,False,0.6666666666666666,True,0.9673536741397945,81.74157303370787,573.5,0.014149041639127561,1513
coverage_stratified,protein_corr_mid,CPSF1,B0_rna_mean,RNA-only mean ranking; no protein or confidence in final score,0.252963375505205,0.30829745141457393,1513,True,1412,1105,594,375,0.15107846436899003,1.0,1315,4,0.24454725710508923,0.11918386434811656,3,False,True,False,False,0.6666666666666666,False,0.9539462855732025,83.6384666226041,649.0,0.028433840052875078,1513
coverage_stratified,protein_corr_mid,CPSF1,A0_team_baseline,"Team baseline: RNA .55, protein .30, confidence .15",0.252963375505205,0.30829745141457393,1513,True,1412,1105,594,375,0.13366167947812385,0.872,1307,4,0.255783212161269,0.20217018635284406,314,False,True,True,True,1.0,True,1.0,0.0,0.0,0.0,1513
coverage_stratified,protein_corr_mid,CPSF1,A1a_no_direct_protein,Remove direct protein; retain protein-derived confidence,0.252963375505205,0.30829745141457393,1513,True,1412,1105,594,375,0.13855682397793845,0.8864000000000001,1308,4,0.25446133509583607,0.20217018635284406,314,False,True,False,False,0.8181818181818182,False,0.9803723437399353,41.15333773959022,653.0,0.010194051553205552,1513
coverage_stratified,protein_corr_mid,CPSF1,A1b_no_protein_evidence,Remove direct protein and all protein-derived confidence,0.252963375505205,0.30829745141457393,1513,True,1412,1105,594,375,0.13630939473464396,0.8925000000000001,1311,4,0.2511566424322538,0.11918386434811601,3,False,True,False,False,0.6666666666666666,False,0.9662390526386819,67.46794448116326,644.0,0.048415994712491736,1513
coverage_stratified,protein_corr_mid,CPSF1,A1c_no_protein_confidence,Retain direct protein; remove protein-derived confidence only,0.252963375505205,0.30829745141457393,1513,True,1412,1105,594,375,0.13217077450414605,0.8925000000000001,1282,4,0.28420356906807664,0.11918386434811595,3,False,True,False,False,0.6666666666666666,False,0.9797966676676723,66.66490416391275,235.0,0.03914428288169201,1513
coverage_stratified,protein_corr_mid,CPSF1,A2_no_confidence,Remove the full confidence block; renormalise RNA/protein,0.252963375505205,0.30829745141457393,1513,True,1412,1105,594,375,0.14646896884098295,1.0,1310,4,0.25512227362855255,0.20217018635284434,314,False,True,False,False,0.6666666666666666,False,0.9644903665032153,88.95505617977528,288.0,0.027338863185723723,1513
coverage_stratified,protein_corr_mid,CPSF1,A2a_no_conf_completeness,Remove completeness from confidence; renormalise retained components,0.252963375505205,0.30829745141457393,1513,True,1412,1105,594,375,0.13561533910376752,0.8895,1280,4,0.28883013879709185,0.20484506310215508,344,False,True,False,False,0.8181818181818182,True,0.9984589050490317,17.3132848645076,125.0,0.00538393919365499,1513
coverage_stratified,protein_corr_mid,CPSF1,A2b_no_conf_source_support,Remove source support from confidence; renormalise retained components,0.252963375505205,0.30829745141457393,1513,True,1412,1105,594,375,0.13022498425927578,0.8500000000000001,1280,4,0.28883013879709185,0.1941932912123597,319,False,True,False,False,0.8181818181818182,False,0.9972715518808596,22.793787177792467,110.5,0.006959748843357569,1513
coverage_stratified,protein_corr_mid,CPSF1,A2c_no_conf_consistency,Remove RNA-protein consistency; renormalise retained components,0.252963375505205,0.30829745141457393,1513,True,1412,1105,594,375,0.1354762500570279,0.8808,1293,3,0.2756113681427627,0.21957015199687327,6,False,True,False,True,1.0,False,0.9994667230012012,9.656311962987441,144.5,0.0029752148050231336,1513
coverage_stratified,protein_corr_mid,CPSF1,A3_equal_bio,Equal RNA/protein biological weights,0.252963375505205,0.30829745141457393,1513,True,1412,1105,594,375,0.13303903792569205,0.872,1292,4,0.2723066754791804,0.20217018635284417,314,False,True,False,True,1.0,True,0.9949485361873495,20.06741573033708,420.0,0.004247257105089226,1513
coverage_stratified,protein_corr_mid,CPSF1,A3b_reversed_bio,Protein biological weight greater than RNA,0.252963375505205,0.30829745141457393,1513,True,1412,1105,594,375,0.13327611139169263,0.872,1315,4,0.24917382683410444,0.20217018635284412,314,False,True,False,False,0.8181818181818182,True,0.9810469519686167,40.076007931262396,681.0,0.008495042961004626,1513
coverage_stratified,protein_corr_mid,CPSF1,A4_adaptive_trust,Team baseline plus gene-level adaptive RNA trust,0.252963375505205,0.30829745141457393,1513,True,1412,1105,594,375,0.13443256187387395,0.889,1293,4,0.2742894910773298,0.20217018635284414,314,False,True,False,False,0.8181818181818182,False,0.9601459627672732,60.056840713813614,792.0,0.012927362855254462,1513
coverage_stratified,protein_corr_mid,CPSF1,A5_v3_structure,Flat v3 RNA/protein/consistency/completeness structure,0.252963375505205,0.30829745141457393,1513,True,1412,1105,594,375,0.1396029373190902,0.889,1296,4,0.271645736946464,0.20217018635284417,314,False,True,False,False,0.8181818181818182,False,0.9795808533196163,59.80171844018506,322.5,0.016996563119629875,1513
coverage_stratified,protein_corr_mid,CPSF1,A6_v3_full,Flat v3 structure plus adaptive trust,0.252963375505205,0.30829745141457393,1513,True,1412,1105,594,375,0.13979008043643792,0.889,1325,3,0.23463317911434237,0.20217018635284414,314,False,True,False,False,0.8181818181818182,False,0.9540968795190896,73.84005287508262,786.0,0.020764243225380043,1513
coverage_stratified,protein_corr_mid,MARS2,B0_rna_mean,RNA-only mean ranking; no protein or confidence in final score,0.3920768104312155,0.6978150692074034,1476,True,1412,1105,0,375,0.1583769847787901,1.0,1258,4,0.27371273712737126,0.07089474244752357,2,False,False,False,False,0.42857142857142855,True,0.9747582659755665,61.30521680216802,520.5,0.02844220867208672,1476
coverage_stratified,protein_corr_mid,MARS2,A0_team_baseline,"Team baseline: RNA .55, protein .30, confidence .15",0.3920768104312155,0.6978150692074034,1478,True,1412,1105,0,375,0.13746768624983197,0.8631000000000001,1242,6,0.2970230040595399,0.1840765717650957,295,False,True,True,True,1.0,True,1.0,0.0,0.0,0.0,1478
coverage_stratified,protein_corr_mid,MARS2,A1a_no_direct_protein,Remove direct protein; retain protein-derived confidence,0.3920768104312155,0.6978150692074034,1476,True,1412,1105,0,375,0.14250910006797204,0.8729,1246,5,0.29336043360433606,0.18410953159482715,295,False,False,False,False,0.1111111111111111,False,0.9875659555979949,34.24424119241193,515.5,0.009554607046070461,1476
coverage_stratified,protein_corr_mid,MARS2,A1b_no_protein_evidence,Remove direct protein and all protein-derived confidence,0.3920768104312155,0.6978150692074034,1476,True,1412,1105,0,375,0.13741887399790825,0.8734,1223,5,0.3143631436314363,0.07089474244752372,2,False,False,False,False,0.42857142857142855,True,0.9792365203611535,53.50779132791328,486.5,0.04495433604336044,1476
coverage_stratified,protein_corr_mid,MARS2,A1c_no_protein_confidence,Retain direct protein; remove protein-derived confidence only,0.3920768104312155,0.6978150692074034,1478,True,1412,1105,0,375,0.13365856252731992,0.8734,1223,5,0.31326116373477675,0.07668794734412597,3,False,True,False,False,0.6666666666666666,True,0.9827344451710102,63.140054127198916,388.0,0.03720872801082544,1478
coverage_stratified,protein_corr_mid,MARS2,A2_no_confidence,Remove the full confidence block; renormalise RNA/protein,0.3920768104312155,0.6978150692074034,1478,True,1412,1105,0,375,0.15407738462081158,1.0,1248,4,0.28755074424898514,0.184076571765095,295,False,True,False,False,0.6666666666666666,True,0.9768854651279857,73.08389715832206,220.0,0.027555277401894448,1478
coverage_stratified,protein_corr_mid,MARS2,A2a_no_conf_completeness,Remove completeness from confidence; renormalise retained components,0.3920768104312155,0.6978150692074034,1478,True,1412,1105,0,375,0.13722973935012042,0.8719,1235,4,0.3017591339648173,0.16817945597496253,325,False,True,False,False,0.8181818181818182,True,0.9991643149802137,15.106224627875507,65.0,0.005590324763193506,1478
coverage_stratified,protein_corr_mid,MARS2,A2b_no_conf_source_support,Remove source support from confidence; renormalise retained components,0.3920768104312155,0.6978150692074034,1478,True,1412,1105,0,375,0.13710269140156467,0.8500000000000001,1239,4,0.2970230040595399,0.1970738763892482,321,False,True,False,False,0.6666666666666666,True,0.9989401157510639,17.570365358592692,72.5,0.006550811907983762,1478
coverage_stratified,protein_corr_mid,MARS2,A2c_no_conf_consistency,Remove RNA-protein consistency; renormalise retained components,0.3920768104312155,0.6978150692074034,1478,True,1412,1105,0,375,0.13820758514185025,0.8675,1240,5,0.29905277401894453,0.19217049084657659,4,False,True,False,False,0.8181818181818182,True,0.9997742880589284,6.59404600811908,63.0,0.002035791610284168,1478
coverage_stratified,protein_corr_mid,MARS2,A3_equal_bio,Equal RNA/protein biological weights,0.3920768104312155,0.6978150692074034,1478,True,1412,1105,0,375,0.13656448332869847,0.8631000000000001,1232,5,0.3092016238159675,0.18407657176509565,295,False,True,False,True,1.0,True,0.9972662713260393,16.31935047361299,261.0,0.003975439783491204,1478
coverage_stratified,protein_corr_mid,MARS2,A3b_reversed_bio,Protein biological weight greater than RNA,0.3920768104312155,0.6978150692074034,1478,True,1412,1105,0,375,0.1363691482756803,0.8631000000000001,1247,5,0.2868741542625169,0.18407657176509562,295,False,True,False,False,0.6666666666666666,True,0.9891896099606831,33.10960757780785,463.0,0.007950608930987823,1478
coverage_stratified,protein_corr_mid,MARS2,A4_adaptive_trust,Team baseline plus gene-level adaptive RNA trust,0.3920768104312155,0.6978150692074034,1478,True,1412,1105,0,375,0.13642014316975712,0.8631000000000001,1254,6,0.2828146143437077,0.18407657176509565,295,False,True,False,False,0.8181818181818182,True,0.9952155082570396,21.773342354533153,335.0,0.005285453315290933,1478
coverage_stratified,protein_corr_mid,MARS2,A5_v3_structure,Flat v3 RNA/protein/consistency/completeness structure,0.3920768104312155,0.6978150692074034,1478,True,1412,1105,0,375,0.1457547727018091,0.889,1263,4,0.2733423545331529,0.18407657176509654,295,False,True,False,False,0.8181818181818182,True,0.9839733796249021,52.03247631935047,685.0,0.019414884979702302,1478
coverage_stratified,protein_corr_mid,MARS2,A6_v3_full,Flat v3 structure plus adaptive trust,0.3920768104312155,0.6978150692074034,1478,True,1412,1105,0,375,0.14454564136327375,0.889,1256,4,0.2807848443843031,0.18407657176509645,295,False,True,False,False,0.8181818181818182,True,0.9821285868771997,51.43301759133965,578.0,0.01872916102841678,1478
coverage_stratified,protein_corr_mid,MYNN,B0_rna_mean,RNA-only mean ranking; no protein or confidence in final score,0.4261540831820704,0.793231432909797,1513,True,1412,1105,594,36,0.09358120806931298,1.0,1175,4,0.4011896893588896,0.1191838643481149,3,False,True,False,False,0.8181818181818182,False,0.981564933801773,52.619960343688035,930.0,0.016211764705882353,1513
coverage_stratified,protein_corr_mid,MYNN,A0_team_baseline,"Team baseline: RNA .55, protein .30, confidence .15",0.4261540831820704,0.793231432909797,1513,True,1412,1105,594,36,0.08104035998590084,0.8856,1138,4,0.44745538664904166,0.08901714547702176,39,False,True,True,True,1.0,True,1.0,0.0,0.0,0.0,1513
coverage_stratified,protein_corr_mid,MYNN,A1a_no_direct_protein,Remove direct protein; retain protein-derived confidence,0.4261540831820704,0.793231432909797,1513,True,1412,1105,594,36,0.0821596579038783,0.8654000000000001,1148,4,0.43423661599471247,0.08901714547702172,39,False,True,False,False,0.8181818181818182,True,0.986401297398164,17.233972240581625,1169.0,0.001897818902842036,1513
coverage_stratified,protein_corr_mid,MYNN,A1b_no_protein_evidence,Remove direct protein and all protein-derived confidence,0.4261540831820704,0.793231432909797,1513,True,1412,1105,594,36,0.08301623795073591,0.8712,1128,5,0.4507600793126239,0.11918386434811606,3,False,True,False,True,1.0,False,0.9861388250431634,42.18572372769332,1021.0,0.05290198281559815,1513
coverage_stratified,protein_corr_mid,MYNN,A1c_no_protein_confidence,Retain direct protein; remove protein-derived confidence only,0.4261540831820704,0.793231432909797,1513,True,1412,1105,594,36,0.08283902837816355,0.8712,1131,5,0.44745538664904166,0.11918386434811612,3,False,True,False,True,1.0,False,0.9888611058220137,41.853271645736946,464.0,0.05106715135492399,1513
coverage_stratified,protein_corr_mid,MYNN,A2_no_confidence,Remove the full confidence block; renormalise RNA/protein,0.4261540831820704,0.793231432909797,1513,True,1412,1105,594,36,0.09366099225141782,1.0,1176,4,0.3985459352280238,0.08901714547702234,39,False,True,False,False,0.8181818181818182,False,0.9811252162247087,56.76999339061467,554.5,0.016275280898876407,1513
coverage_stratified,protein_corr_mid,MYNN,A2a_no_conf_completeness,Remove completeness from confidence; renormalise retained components,0.4261540831820704,0.793231432909797,1513,True,1412,1105,594,36,0.08259436735812224,0.8839,1135,5,0.44150693985459355,0.12095110062332362,39,False,True,False,True,1.0,True,0.9948103069500563,32.592200925313946,180.0,0.0053097818902842035,1513
coverage_stratified,protein_corr_mid,MYNN,A2b_no_conf_source_support,Remove source support from confidence; renormalise retained components,0.4261540831820704,0.793231432909797,1513,True,1412,1105,594,36,0.0796964524124899,0.8842000000000001,1136,6,0.4467944481163252,0.06107518541000685,37,False,True,False,False,0.8181818181818182,True,0.988420312561659,48.46067415730337,137.0,0.007747058823529412,1513
coverage_stratified,protein_corr_mid,MYNN,A2c_no_conf_consistency,Remove RNA-protein consistency; renormalise retained components,0.4261540831820704,0.793231432909797,1513,True,1412,1105,594,36,0.08179205418708209,0.8881,1156,6,0.4183740912095175,0.11114171320810083,6,False,True,False,True,1.0,True,0.9985288997412806,16.92002643754131,170.0,0.0027168539325842685,1513
coverage_stratified,protein_corr_mid,MYNN,A3_equal_bio,Equal RNA/protein biological weights,0.4261540831820704,0.793231432909797,1513,True,1412,1105,594,36,0.08123265122555139,0.8939,1140,4,0.4448116325181758,0.08901714547702179,39,False,True,False,True,1.0,True,0.9966271899988102,8.291473892927957,521.0,0.0007902181097157964,1513
coverage_stratified,protein_corr_mid,MYNN,A3b_reversed_bio,Protein biological weight greater than RNA,0.4261540831820704,0.793231432909797,1513,True,1412,1105,594,36,0.08181190940017843,0.9023,1146,4,0.43754130865829477,0.08901714547702178,39,False,True,False,True,1.0,True,0.9903344144464994,14.62524785194977,778.5,0.0015808988764044942,1513
coverage_stratified,protein_corr_mid,MYNN,A4_adaptive_trust,Team baseline plus gene-level adaptive RNA trust,0.4261540831820704,0.793231432909797,1513,True,1412,1105,594,36,0.0811995249347431,0.8932,1150,4,0.43093192333113023,0.08901714547702179,39,False,True,False,True,1.0,True,0.9971526154080742,7.599471249173827,495.0,0.0007189028420356904,1513
coverage_stratified,protein_corr_mid,MYNN,A5_v3_structure,Flat v3 RNA/protein/consistency/completeness structure,0.4261540831820704,0.793231432909797,1513,True,1412,1105,594,36,0.08326858141094112,0.9035,1151,6,0.42432253800396563,0.08901714547702232,39,False,True,False,False,0.8181818181818182,True,0.9860539731681145,50.662921348314605,426.0,0.009351817580964969,1513
coverage_stratified,protein_corr_mid,MYNN,A6_v3_full,Flat v3 structure plus adaptive trust,0.4261540831820704,0.793231432909797,1513,True,1412,1105,594,36,0.08327749220729244,0.9097,1148,6,0.43027098479841375,0.08901714547702234,39,False,True,False,False,0.8181818181818182,True,0.9860101742552535,51.34567085261071,536.0,0.009313747521480502,1513
coverage_stratified,protein_corr_mid,OGDH,B0_rna_mean,RNA-only mean ranking; no protein or confidence in final score,0.3266806618553484,0.5147058531949755,1513,True,1412,1105,594,375,0.12235083346671556,1.0,1250,4,0.32650363516192993,0.11918386434811618,3,False,True,False,False,0.42857142857142855,True,0.9292006041002628,108.84203569068076,810.0,0.027508526107072044,1513
coverage_stratified,protein_corr_mid,OGDH,A0_team_baseline,"Team baseline: RNA .55, protein .30, confidence .15",0.3266806618553484,0.5147058531949755,1513,True,1412,1105,594,375,0.11220222301338631,0.8631000000000001,1253,4,0.3218770654329147,0.2038814291585361,325,False,True,True,True,1.0,True,1.0,0.0,0.0,0.0,1513
coverage_stratified,protein_corr_mid,OGDH,A1a_no_direct_protein,Remove direct protein; retain protein-derived confidence,0.3266806618553484,0.5147058531949755,1513,True,1412,1105,594,375,0.11328606983832507,0.8631000000000001,1267,5,0.3073364177131527,0.20388142915853594,325,False,True,False,False,0.5384615384615384,True,0.9762482099344129,38.65499008592201,664.0,0.008850033046926635,1513
coverage_stratified,protein_corr_mid,OGDH,A1b_no_protein_evidence,Remove direct protein and all protein-derived confidence,0.3266806618553484,0.5147058531949755,1513,True,1412,1105,594,375,0.10988644748035592,0.8734,1246,4,0.3218770654329147,0.11918386434811573,3,False,True,False,False,0.42857142857142855,True,0.949281799193562,86.89424983476536,694.0,0.04683707865168539,1513
coverage_stratified,protein_corr_mid,OGDH,A1c_no_protein_confidence,Retain direct protein; remove protein-derived confidence only,0.3266806618553484,0.5147058531949755,1513,True,1412,1105,594,375,0.1089780638300336,0.8734,1247,4,0.3245208195637806,0.11918386434811576,3,False,True,False,False,0.42857142857142855,True,0.9733660950893324,76.18175809649702,324.0,0.0390881031064111,1513
coverage_stratified,protein_corr_mid,OGDH,A2_no_confidence,Remove the full confidence block; renormalise RNA/protein,0.3266806618553484,0.5147058531949755,1513,True,1412,1105,594,375,0.12142802458610502,1.0,1261,4,0.310641110376735,0.20388142915853652,325,False,True,False,False,0.3333333333333333,True,0.9529977187501113,103.13417052214145,340.0,0.025919563780568408,1513
coverage_stratified,protein_corr_mid,OGDH,A2a_no_conf_completeness,Remove completeness from confidence; renormalise retained components,0.3266806618553484,0.5147058531949755,1513,True,1412,1105,594,375,0.11347509481960104,0.8719,1256,5,0.3139458030403173,0.20725739827306996,345,False,True,False,False,0.8181818181818182,True,0.9979738970508193,20.398545935228025,122.0,0.005271183079973564,1513
coverage_stratified,protein_corr_mid,OGDH,A2b_no_conf_source_support,Remove source support from confidence; renormalise retained components,0.3266806618553484,0.5147058531949755,1513,True,1412,1105,594,375,0.11008095146292773,0.8500000000000001,1264,5,0.3113020489094514,0.19698894648269374,318,False,True,False,False,0.8181818181818182,True,0.9961171771076165,27.745538664904164,134.5,0.006962987442167878,1513
coverage_stratified,protein_corr_mid,OGDH,A2c_no_conf_consistency,Remove RNA-protein consistency; renormalise retained components,0.3266806618553484,0.5147058531949755,1513,True,1412,1105,594,375,0.1135263355122017,0.8675,1250,4,0.32914738929279574,0.2195701519968729,6,False,True,False,False,0.8181818181818182,True,0.999392193043221,11.142101784534038,74.0,0.0028003965631196288,1513
coverage_stratified,protein_corr_mid,OGDH,A3_equal_bio,Equal RNA/protein biological weights,0.3266806618553484,0.5147058531949755,1513,True,1412,1105,594,375,0.11312352820112845,0.8631000000000001,1255,3,0.3238598810310641,0.20388142915853605,325,False,True,False,False,0.6666666666666666,True,0.9960680018587635,16.690019828155982,252.0,0.003687508261731659,1513
coverage_stratified,protein_corr_mid,OGDH,A3b_reversed_bio,Protein biological weight greater than RNA,0.3266806618553484,0.5147058531949755,1513,True,1412,1105,594,375,0.11483128816808165,0.8631000000000001,1269,4,0.30601454064771977,0.2038814291585361,325,False,True,False,False,0.42857142857142855,True,0.9856529116168274,32.51553205551884,545.0,0.007374884335756775,1513
coverage_stratified,protein_corr_mid,OGDH,A4_adaptive_trust,Team baseline plus gene-level adaptive RNA trust,0.3266806618553484,0.5147058531949755,1513,True,1412,1105,594,375,0.11512124821534254,0.8631000000000001,1267,4,0.3066754791804362,0.2038814291585361,325,False,True,False,False,0.42857142857142855,True,0.983823423086418,34.650363516192996,598.0,0.00787349636483807,1513
coverage_stratified,protein_corr_mid,OGDH,A5_v3_structure,Flat v3 RNA/protein/consistency/completeness structure,0.3266806618553484,0.5147058531949755,1513,True,1412,1105,594,375,0.11894397935918437,0.889,1288,4,0.2802379378717779,0.20388142915853594,325,False,True,False,False,0.6666666666666666,True,0.9793638019076606,62.27759418374091,350.5,0.017357898215465965,1513
coverage_stratified,protein_corr_mid,OGDH,A6_v3_full,Flat v3 structure plus adaptive trust,0.3266806618553484,0.5147058531949755,1513,True,1412,1105,594,375,0.1209277527741723,0.889,1289,5,0.2762723066754792,0.2038814291585359,325,False,True,False,False,0.5384615384615384,True,0.9694563860946651,69.58493060145406,638.5,0.018863846662260413,1513
coverage_stratified,protein_corr_mid,VIPAS39,B0_rna_mean,RNA-only mean ranking; no protein or confidence in final score,0.2956108177827719,0.42771028979176123,1513,True,1412,1105,594,375,0.11717755649953114,1.0,1261,4,0.3119629874421679,0.11918386434811465,3,False,True,False,False,0.3333333333333333,True,0.9053876670367254,127.34831460674157,910.5,0.03114263053536021,1513
coverage_stratified,protein_corr_mid,VIPAS39,A0_team_baseline,"Team baseline: RNA .55, protein .30, confidence .15",0.2956108177827719,0.42771028979176123,1513,True,1412,1105,594,375,0.1034388178694692,0.8631000000000001,1212,3,0.3668208856576338,0.2023045237093685,333,False,True,True,True,1.0,True,1.0,0.0,0.0,0.0,1513
coverage_stratified,protein_corr_mid,VIPAS39,A1a_no_direct_protein,Remove direct protein; retain protein-derived confidence,0.2956108177827719,0.42771028979176123,1513,True,1412,1105,594,375,0.1033085542135887,0.8631000000000001,1222,5,0.35426305353602117,0.2023045237093682,333,False,True,False,False,0.6666666666666666,True,0.9638990453113019,46.157303370786515,849.0,0.010106212822207535,1513
coverage_stratified,protein_corr_mid,VIPAS39,A1b_no_protein_evidence,Remove direct protein and all protein-derived confidence,0.2956108177827719,0.42771028979176123,1513,True,1412,1105,594,375,0.10213806110146975,0.8734,1222,4,0.3608724388631857,0.11918386434811606,3,False,True,False,False,0.42857142857142855,True,0.9311448643395903,102.261070720423,904.5,0.048055122273628556,1513
coverage_stratified,protein_corr_mid,VIPAS39,A1c_no_protein_confidence,Retain direct protein; remove protein-derived confidence only,0.2956108177827719,0.42771028979176123,1513,True,1412,1105,594,375,0.10207009530405865,0.8734,1214,5,0.3588896232650364,0.11918386434811606,3,False,True,False,False,0.5384615384615384,True,0.969040340870797,82.32055518836748,328.5,0.03911407799074686,1513
coverage_stratified,protein_corr_mid,VIPAS39,A2_no_confidence,Remove the full confidence block; renormalise RNA/protein,0.2956108177827719,0.42771028979176123,1513,True,1412,1105,594,375,0.11710109809143184,1.0,1254,4,0.3225380039656312,0.20230452370936883,333,False,True,False,False,0.42857142857142855,True,0.944188402668936,112.2088565763384,346.0,0.027895241242564442,1513
coverage_stratified,protein_corr_mid,VIPAS39,A2a_no_conf_completeness,Remove completeness from confidence; renormalise retained components,0.2956108177827719,0.42771028979176123,1513,True,1412,1105,594,375,0.10416928846491798,0.8719,1231,4,0.34699272967614014,0.2050609667996057,346,False,True,False,False,0.8181818181818182,True,0.9974462066563592,23.309319233311303,107.0,0.005376140118968935,1513
coverage_stratified,protein_corr_mid,VIPAS39,A2b_no_conf_source_support,Remove source support from confidence; renormalise retained components,0.2956108177827719,0.42771028979176123,1513,True,1412,1105,594,375,0.10237120391255283,0.8500000000000001,1227,4,0.3536021150033047,0.19438511449232415,332,False,True,False,False,0.6666666666666666,True,0.9951029125546558,32.099140779907465,142.5,0.006957633840052876,1513
coverage_stratified,protein_corr_mid,VIPAS39,A2c_no_conf_consistency,Remove RNA-protein consistency; renormalise retained components,0.2956108177827719,0.42771028979176123,1513,True,1412,1105,594,375,0.10436182234730565,0.8675,1231,5,0.33840052875082616,0.21957015199687166,6,False,True,False,False,0.8181818181818182,True,0.9991581658378861,12.924653007270324,111.5,0.002918836748182419,1513
coverage_stratified,protein_corr_mid,VIPAS39,A3_equal_bio,Equal RNA/protein biological weights,0.2956108177827719,0.42771028979176123,1513,True,1412,1105,594,375,0.10537286174772761,0.8631000000000001,1222,4,0.35426305353602117,0.2023045237093686,333,False,True,False,False,0.8181818181818182,True,0.994450770307739,20.416391275611367,339.5,0.004210773298083278,1513
coverage_stratified,protein_corr_mid,VIPAS39,A3b_reversed_bio,Protein biological weight greater than RNA,0.2956108177827719,0.42771028979176123,1513,True,1412,1105,594,375,0.10834476166764179,0.8631000000000001,1226,4,0.35756774619960346,0.20230452370936805,333,False,True,False,False,0.5384615384615384,True,0.9802013987709316,39.481824190350295,631.5,0.008421810971579643,1513
coverage_stratified,protein_corr_mid,VIPAS39,A4_adaptive_trust,Team baseline plus gene-level adaptive RNA trust,0.2956108177827719,0.42771028979176123,1513,True,1412,1105,594,375,0.11026527204210912,0.8631000000000001,1229,4,0.34434897554527427,0.20230452370936808,333,False,True,False,False,0.42857142857142855,True,0.9704727637258493,49.125578321216125,778.5,0.010603502974223397,1513
coverage_stratified,protein_corr_mid,VIPAS39,A5_v3_structure,Flat v3 RNA/protein/consistency/completeness structure,0.2956108177827719,0.42771028979176123,1513,True,1412,1105,594,375,0.10977993789444744,0.889,1223,4,0.3522802379378718,0.20230452370936802,333,False,True,False,False,0.8181818181818182,True,0.9702795411771221,74.15201586252479,373.0,0.01852696629213483,1513
coverage_stratified,protein_corr_mid,VIPAS39,A6_v3_full,Flat v3 structure plus adaptive trust,0.2956108177827719,0.42771028979176123,1513,True,1412,1105,594,375,0.11474292093984582,0.889,1261,4,0.3119629874421679,0.20230452370936797,333,False,True,False,False,0.6666666666666666,True,0.9497286873258889,86.19365499008592,753.5,0.021930865829477855,1513
coverage_stratified,protein_corr_high,QPCT,B0_rna_mean,RNA-only mean ranking; no protein or confidence in final score,0.7841521202929408,1.0,1513,True,1412,1105,594,151,0.21364309663827466,1.0,1135,29,0.3661599471249174,0.11918386434811487,3,False,True,False,False,0.5384615384615384,False,0.9707498007846833,63.55783212161269,727.0,0.052813747521480506,1513
coverage_stratified,protein_corr_high,QPCT,A0_team_baseline,"Team baseline: RNA .55, protein .30, confidence .15",0.7841521202929408,1.0,1513,True,1412,1105,594,151,0.1827100302403096,0.8691000000000001,1143,28,0.3661599471249174,0.14598167245051916,148,False,True,True,True,1.0,True,0.9999999999999999,0.0,0.0,0.0,1513
coverage_stratified,protein_corr_high,QPCT,A1a_no_direct_protein,Remove direct protein; retain protein-derived confidence,0.7841521202929408,1.0,1513,True,1412,1105,594,151,0.18515263542352514,0.8555,1143,28,0.3648380700594845,0.14598167245051905,148,False,True,False,False,0.6666666666666666,False,0.9975352901224218,11.951090548578982,332.0,0.004159220092531394,1513
coverage_stratified,protein_corr_high,QPCT,A1b_no_protein_evidence,Remove direct protein and all protein-derived confidence,0.7841521202929408,1.0,1513,True,1412,1105,594,151,0.1832043307687577,0.8500000000000001,1126,28,0.38598810310641113,0.11918386434811623,3,False,True,False,False,0.6666666666666666,False,0.9846054250503605,40.19629874421679,584.0,0.050505353602115007,1513
coverage_stratified,protein_corr_high,QPCT,A1c_no_protein_confidence,Retain direct protein; remove protein-derived confidence only,0.7841521202929408,1.0,1513,True,1412,1105,594,151,0.18035089568519125,0.8500000000000001,1145,28,0.3668208856576338,0.11918386434811629,3,False,True,False,False,0.6666666666666666,False,0.9952281108004916,28.512227362855253,380.5,0.046917316589557174,1513
coverage_stratified,protein_corr_high,QPCT,A2_no_confidence,Remove the full confidence block; renormalise RNA/protein,0.7841521202929408,1.0,1513,True,1412,1105,594,151,0.21014975604594716,1.0,1159,29,0.34765366820885657,0.14598167245051918,148,False,True,False,False,0.42857142857142855,False,0.9856675700433151,50.52808988764045,569.0,0.05010892267019167,1513
coverage_stratified,protein_corr_high,QPCT,A2a_no_conf_completeness,Remove completeness from confidence; renormalise retained components,0.7841521202929408,1.0,1513,True,1412,1105,594,151,0.18283787662898277,0.875,1138,28,0.3734302709847984,0.160345352612802,152,False,True,False,True,1.0,True,0.9982869820196136,16.557171183079973,105.0,0.0052377395902181096,1513
coverage_stratified,protein_corr_high,QPCT,A2b_no_conf_source_support,Remove source support from confidence; renormalise retained components,0.7841521202929408,1.0,1513,True,1412,1105,594,151,0.18247463888817722,0.8536,1120,29,0.38797091870456046,0.13434517202094132,143,False,True,False,True,1.0,True,0.9907213257533027,37.023793787177794,237.5,0.007403370786516854,1513
coverage_stratified,protein_corr_high,QPCT,A2c_no_conf_consistency,Remove RNA-protein consistency; renormalise retained components,0.7841521202929408,1.0,1513,True,1412,1105,594,151,0.18316907603355065,0.8779,1147,28,0.3628552544613351,0.16275010052904415,6,False,True,False,True,1.0,True,0.9994705995783448,9.151354923992068,66.0,0.0027130204890945136,1513
coverage_stratified,protein_corr_high,QPCT,A3_equal_bio,Equal RNA/protein biological weights,0.7841521202929408,1.0,1513,True,1412,1105,594,151,0.18208942766031294,0.8838,1139,28,0.3701255783212161,0.14598167245051916,148,False,True,False,True,1.0,True,0.999579405805843,4.8955717118308,122.5,0.001732584269662921,1513
coverage_stratified,protein_corr_high,QPCT,A3b_reversed_bio,Protein biological weight greater than RNA,0.7841521202929408,1.0,1513,True,1412,1105,594,151,0.1817057183252623,0.8985000000000001,1148,28,0.3582286847323199,0.1459816724505191,148,False,True,False,False,0.8181818181818182,True,0.9983554346432467,9.775941837409121,244.5,0.003466093853271645,1513
coverage_stratified,protein_corr_high,QPCT,A4_adaptive_trust,Team baseline plus gene-level adaptive RNA trust,0.7841521202929408,1.0,1513,True,1412,1105,594,151,0.1827100302403096,0.8691000000000001,1143,28,0.3661599471249174,0.14598167245051916,148,False,True,True,True,1.0,True,0.9999999999999999,0.0,0.0,0.0,1513
coverage_stratified,protein_corr_high,QPCT,A5_v3_structure,Flat v3 RNA/protein/consistency/completeness structure,0.7841521202929408,1.0,1513,True,1412,1105,594,151,0.19440230994801255,0.889,1142,29,0.3688037012557832,0.14598167245051882,148,False,True,False,True,1.0,False,0.9838332026588289,54.848645076007934,267.0,0.01954738929279577,1513
coverage_stratified,protein_corr_high,QPCT,A6_v3_full,Flat v3 structure plus adaptive trust,0.7841521202929408,1.0,1513,True,1412,1105,594,151,0.19440230994801255,0.889,1142,29,0.3688037012557832,0.14598167245051882,148,False,True,False,True,1.0,False,0.9838332026588289,54.848645076007934,267.0,0.01954738929279577,1513
coverage_stratified,protein_corr_high,SCAMP3,B0_rna_mean,RNA-only mean ranking; no protein or confidence in final score,0.5715499138734531,1.0,1513,True,1412,1105,594,375,0.09596648098220538,1.0,1214,4,0.3621943159286186,0.1191838643481163,3,False,True,False,False,0.42857142857142855,True,0.911468785604122,126.56510244547258,803.0,0.025547389292795774,1513
coverage_stratified,protein_corr_high,SCAMP3,A0_team_baseline,"Team baseline: RNA .55, protein .30, confidence .15",0.5715499138734531,1.0,1513,True,1412,1105,594,375,0.09179295382657401,0.8631000000000001,1218,4,0.3602115003304693,0.20609905701515,309,False,True,True,True,1.0,True,1.0,0.0,0.0,0.0,1513
coverage_stratified,protein_corr_high,SCAMP3,A1a_no_direct_protein,Remove direct protein; retain protein-derived confidence,0.5715499138734531,1.0,1513,True,1412,1105,594,375,0.09165136467347652,0.8635,1185,4,0.3998678122934567,0.20609905701515008,309,False,True,False,False,0.6666666666666666,False,0.9758240741049287,41.78519497686715,847.0,0.007212756113681425,1513
coverage_stratified,protein_corr_high,SCAMP3,A1b_no_protein_evidence,Remove direct protein and all protein-derived confidence,0.5715499138734531,1.0,1513,True,1412,1105,594,375,0.08699478524782234,0.8734,1175,5,0.4011896893588896,0.11918386434811575,3,False,True,False,False,0.5384615384615384,True,0.9439402170984111,93.72240581625908,755.0,0.04521553205551884,1513
coverage_stratified,protein_corr_high,SCAMP3,A1c_no_protein_confidence,Retain direct protein; remove protein-derived confidence only,0.5715499138734531,1.0,1513,True,1412,1105,594,375,0.0875994992557029,0.8734,1187,4,0.3952412425644415,0.11918386434811673,3,False,True,False,False,0.5384615384615384,True,0.9572209513115805,93.5743555849306,388.0,0.03900469266358229,1513
coverage_stratified,protein_corr_high,SCAMP3,A2_no_confidence,Remove the full confidence block; renormalise RNA/protein,0.5715499138734531,1.0,1513,True,1412,1105,594,375,0.09705883604696118,1.0,1216,5,0.3628552544613351,0.20609905701514977,309,False,True,False,False,0.5384615384615384,True,0.9216950342503463,129.1929940515532,463.5,0.02538552544613351,1513
coverage_stratified,protein_corr_high,SCAMP3,A2a_no_conf_completeness,Remove completeness from confidence; renormalise retained components,0.5715499138734531,1.0,1513,True,1412,1105,594,375,0.09282042279252528,0.8719,1193,5,0.38797091870456046,0.21057087143903971,332,False,True,False,False,0.8181818181818182,True,0.9968257454671758,24.791804362194316,108.5,0.005135161929940515,1513
coverage_stratified,protein_corr_high,SCAMP3,A2b_no_conf_source_support,Remove source support from confidence; renormalise retained components,0.5715499138734531,1.0,1513,True,1412,1105,594,375,0.09021272039320158,0.8500000000000001,1182,4,0.3998678122934567,0.20039654303813023,303,False,True,False,False,0.6666666666666666,True,0.9934880127292484,35.57633840052875,117.5,0.006914606741573034,1513
coverage_stratified,protein_corr_high,SCAMP3,A2c_no_conf_consistency,Remove RNA-protein consistency; renormalise retained components,0.5715499138734531,1.0,1513,True,1412,1105,594,375,0.09295839718796035,0.8675,1197,5,0.38532716457369465,0.21957015199687185,6,False,True,False,False,0.8181818181818182,True,0.999110597290735,13.207534699272967,106.5,0.00266827495042961,1513
coverage_stratified,protein_corr_high,SCAMP3,A3_equal_bio,Equal RNA/protein biological weights,0.5715499138734531,1.0,1513,True,1412,1105,594,375,0.09300182698818911,0.8631000000000001,1210,4,0.3654990085922009,0.20609905701515002,309,False,True,False,False,0.5384615384615384,True,0.9965528939203802,16.97554527428949,414.0,0.0030054857898215476,1513
coverage_stratified,protein_corr_high,SCAMP3,A3b_reversed_bio,Protein biological weight greater than RNA,0.5715499138734531,1.0,1513,True,1412,1105,594,375,0.09485695826507853,0.8631000000000001,1207,5,0.3701255783212161,0.20609905701515,309,False,True,False,False,0.42857142857142855,True,0.9875102781898962,32.74619960343688,920.0,0.00601077329808328,1513
coverage_stratified,protein_corr_high,SCAMP3,A4_adaptive_trust,Team baseline plus gene-level adaptive RNA trust,0.5715499138734531,1.0,1513,True,1412,1105,594,375,0.09179295382657401,0.8631000000000001,1218,4,0.3602115003304693,0.20609905701515,309,False,True,True,True,1.0,True,1.0,0.0,0.0,0.0,1513
coverage_stratified,protein_corr_high,SCAMP3,A5_v3_structure,Flat v3 RNA/protein/consistency/completeness structure,0.5715499138734531,1.0,1513,True,1412,1105,594,375,0.09904616368088096,0.889,1222,4,0.3522802379378718,0.20609905701515005,309,False,True,False,False,0.8181818181818182,True,0.9723753786129453,72.56906807666887,489.0,0.017741506939854598,1513
coverage_stratified,protein_corr_high,SCAMP3,A6_v3_full,Flat v3 structure plus adaptive trust,0.5715499138734531,1.0,1513,True,1412,1105,594,375,0.09904616368088096,0.889,1222,4,0.3522802379378718,0.20609905701515005,309,False,True,False,False,0.8181818181818182,True,0.9723753786129453,72.56906807666887,489.0,0.017741506939854598,1513
coverage_stratified,protein_corr_high,ERBB3,B0_rna_mean,RNA-only mean ranking; no protein or confidence in final score,0.7759957528261909,1.0,1513,True,1412,1105,594,321,0.27329510428848014,1.0,1289,8,0.25776602775941837,0.11918386434811451,3,False,True,False,False,0.6666666666666666,False,0.9684223871317916,76.25644415069398,556.5,0.06097243886318572,1513
coverage_stratified,protein_corr_high,ERBB3,A0_team_baseline,"Team baseline: RNA .55, protein .30, confidence .15",0.7759957528261909,1.0,1513,True,1412,1105,594,321,0.23858653700257362,0.8819,1310,7,0.232650363516193,0.1831646950675558,294,False,True,True,True,1.0,True,1.0,0.0,0.0,0.0,1513
coverage_stratified,protein_corr_high,ERBB3,A1a_no_direct_protein,Remove direct protein; retain protein-derived confidence,0.7759957528261909,1.0,1513,True,1412,1105,594,321,0.23924372583833864,0.8966999999999999,1311,7,0.23198942498347655,0.18316469506755584,294,False,True,False,False,0.5384615384615384,True,0.989047517687973,38.93721083939194,383.0,0.014957567746199602,1513
coverage_stratified,protein_corr_high,ERBB3,A1b_no_protein_evidence,Remove direct protein and all protein-derived confidence,0.7759957528261909,1.0,1513,True,1412,1105,594,321,0.23476493733844736,0.8837,1276,7,0.2723066754791804,0.11918386434811412,3,False,True,False,False,0.6666666666666666,False,0.9754035421205326,65.44415069398546,522.5,0.053584401850627884,1513
coverage_stratified,protein_corr_high,ERBB3,A1c_no_protein_confidence,Retain direct protein; remove protein-derived confidence only,0.7759957528261909,1.0,1513,True,1412,1105,594,321,0.23230464122967845,0.8837,1275,7,0.2769332452081956,0.11918386434811418,3,False,True,False,False,0.6666666666666666,False,0.9972205550037881,25.72042300066094,142.0,0.04158169200264376,1513
coverage_stratified,protein_corr_high,ERBB3,A2_no_confidence,Remove the full confidence block; renormalise RNA/protein,0.7759957528261909,1.0,1513,True,1412,1105,594,321,0.2693788195348312,1.0,1295,8,0.25247851949768674,0.18316469506755576,294,False,True,False,False,0.6666666666666666,False,0.9947612435504518,36.39524124256444,273.0,0.04423787177792466,1513
coverage_stratified,protein_corr_high,ERBB3,A2a_no_conf_completeness,Remove completeness from confidence; renormalise retained components,0.7759957528261909,1.0,1513,True,1412,1105,594,321,0.23849189714753452,0.8894,1310,7,0.23595505617977527,0.18382209493015295,307,False,True,False,False,0.8181818181818182,True,0.999457246904921,10.985459352280238,53.5,0.005805551883674819,1513
coverage_stratified,protein_corr_high,ERBB3,A2b_no_conf_source_support,Remove source support from confidence; renormalise retained components,0.7759957528261909,1.0,1513,True,1412,1105,594,321,0.2382215091308428,0.8864000000000001,1284,7,0.26305353602115006,0.16976352709229853,306,False,True,False,False,0.8181818181818182,False,0.9989746339245557,15.295439524124257,78.5,0.007174619960343688,1513
coverage_stratified,protein_corr_high,ERBB3,A2c_no_conf_consistency,Remove RNA-protein consistency; renormalise retained components,0.7759957528261909,1.0,1513,True,1412,1105,594,321,0.23927862843530182,0.8881,1299,7,0.24586913417052214,0.2093900751260915,6,False,True,False,False,0.8181818181818182,True,0.9997754063521689,7.01123595505618,42.0,0.003637409120951752,1513
coverage_stratified,protein_corr_high,ERBB3,A3_equal_bio,Equal RNA/protein biological weights,0.7759957528261909,1.0,1513,True,1412,1105,594,321,0.23996770880695373,0.8756999999999999,1315,7,0.22538003965631195,0.18316469506755567,294,False,True,False,True,1.0,True,0.9987167116986475,13.225380039656311,95.0,0.0062322538003965625,1513
coverage_stratified,protein_corr_high,ERBB3,A3b_reversed_bio,Protein biological weight greater than RNA,0.7759957528261909,1.0,1513,True,1412,1105,594,321,0.24230488441087794,0.8756999999999999,1312,7,0.23132848645076007,0.18316469506755506,294,False,True,False,False,0.8181818181818182,False,0.9948329083902515,26.74487772637145,208.0,0.012464573694646397,1513
coverage_stratified,protein_corr_high,ERBB3,A4_adaptive_trust,Team baseline plus gene-level adaptive RNA trust,0.7759957528261909,1.0,1513,True,1412,1105,594,321,0.23858653700257362,0.8819,1310,7,0.232650363516193,0.1831646950675558,294,False,True,True,True,1.0,True,1.0,0.0,0.0,0.0,1513
coverage_stratified,protein_corr_high,ERBB3,A5_v3_structure,Flat v3 RNA/protein/consistency/completeness structure,0.7759957528261909,1.0,1513,True,1412,1105,594,321,0.25109310073772273,0.9114,1292,7,0.25842696629213485,0.1831646950675551,294,False,True,False,False,0.8181818181818182,False,0.9973740999769767,24.118307997356247,239.5,0.017827164573694647,1513
coverage_stratified,protein_corr_high,ERBB3,A6_v3_full,Flat v3 structure plus adaptive trust,0.7759957528261909,1.0,1513,True,1412,1105,594,321,0.25109310073772273,0.9114,1292,7,0.25842696629213485,0.1831646950675551,294,False,True,False,False,0.8181818181818182,False,0.9973740999769767,24.118307997356247,239.5,0.017827164573694647,1513
coverage_stratified,protein_corr_high,KDSR,B0_rna_mean,RNA-only mean ranking; no protein or confidence in final score,0.663145381685787,1.0,1513,True,1412,1105,594,375,0.10714761836751723,1.0,1237,4,0.33773959021810973,0.11918386434811568,3,False,True,False,False,0.5384615384615384,True,0.8328188139172992,190.738929279577,841.5,0.04786285525446134,1513
coverage_stratified,protein_corr_high,KDSR,A0_team_baseline,"Team baseline: RNA .55, protein .30, confidence .15",0.663145381685787,1.0,1513,True,1412,1105,594,375,0.10042529360522713,0.8500000000000001,1192,4,0.39259748843357567,0.20077085973946193,329,False,True,True,True,1.0,True,1.0,0.0,0.0,0.0,1513
coverage_stratified,protein_corr_high,KDSR,A1a_no_direct_protein,Remove direct protein; retain protein-derived confidence,0.663145381685787,1.0,1513,True,1412,1105,594,375,0.0935184802355001,0.8500000000000001,1177,4,0.4051553205551884,0.20077085973946218,329,False,True,False,False,0.8181818181818182,True,0.9646671686876778,71.8195637805684,734.0,0.011120356906807667,1513
coverage_stratified,protein_corr_high,KDSR,A1b_no_protein_evidence,Remove direct protein and all protein-derived confidence,0.663145381685787,1.0,1513,True,1412,1105,594,375,0.09092891102894013,0.8500000000000001,1178,5,0.39788499669530736,0.11918386434811598,3,False,True,False,False,0.5384615384615384,True,0.8794737277311994,156.90284203569067,843.5,0.04849272967614012,1513
coverage_stratified,protein_corr_high,KDSR,A1c_no_protein_confidence,Retain direct protein; remove protein-derived confidence only,0.663145381685787,1.0,1513,True,1412,1105,594,375,0.09436533202048983,0.8500000000000001,1176,4,0.4038334434897555,0.11918386434811597,3,False,True,False,False,0.6666666666666666,True,0.9681174160181881,80.83740912095175,393.0,0.03913106411103767,1513
coverage_stratified,protein_corr_high,KDSR,A2_no_confidence,Remove the full confidence block; renormalise RNA/protein,0.663145381685787,1.0,1513,True,1412,1105,594,375,0.10953228657675672,1.0,1234,4,0.33972240581625907,0.2007708597394625,329,False,True,False,False,0.6666666666666666,True,0.940512671122297,112.89292795769994,413.0,0.035830535360211496,1513
coverage_stratified,protein_corr_high,KDSR,A2a_no_conf_completeness,Remove completeness from confidence; renormalise retained components,0.663145381685787,1.0,1513,True,1412,1105,594,375,0.09954794120578139,0.85,1209,4,0.3648380700594845,0.2025843385691875,352,False,True,False,True,1.0,True,0.9971389910161339,24.320555188367482,169.0,0.005460343688037014,1513
coverage_stratified,protein_corr_high,KDSR,A2b_no_conf_source_support,Remove source support from confidence; renormalise retained components,0.663145381685787,1.0,1513,True,1412,1105,594,375,0.10068583273393196,0.8500000000000001,1234,5,0.34500991407799075,0.1918393564795033,317,False,True,False,True,1.0,True,0.9947253074213329,33.25908790482485,142.0,0.006977528089887639,1513
coverage_stratified,protein_corr_high,KDSR,A2c_no_conf_consistency,Remove RNA-protein consistency; renormalise retained components,0.663145381685787,1.0,1513,True,1412,1105,594,375,0.10149881914917447,0.85,1238,5,0.32650363516192993,0.2195701519968704,6,False,True,False,True,1.0,True,0.9991435976189033,13.56510244547257,67.5,0.0030069398545935233,1513
coverage_stratified,protein_corr_high,KDSR,A3_equal_bio,Equal RNA/protein biological weights,0.663145381685787,1.0,1513,True,1412,1105,594,375,0.1048095228191994,0.8500000000000001,1202,4,0.38070059484467944,0.20077085973946177,329,False,True,False,False,0.8181818181818182,True,0.9965387439847068,21.118307997356247,257.0,0.004633443489755453,1513
coverage_stratified,protein_corr_high,KDSR,A3b_reversed_bio,Protein biological weight greater than RNA,0.663145381685787,1.0,1513,True,1412,1105,594,375,0.10993526359622208,0.8644000000000001,1222,4,0.3562458691341705,0.2007708597394616,329,False,True,False,False,0.6666666666666666,False,0.989000915439886,37.2974223397224,391.0,0.009266886979510905,1513
coverage_stratified,protein_corr_high,KDSR,A4_adaptive_trust,Team baseline plus gene-level adaptive RNA trust,0.663145381685787,1.0,1513,True,1412,1105,594,375,0.10042529360522713,0.8500000000000001,1192,4,0.39259748843357567,0.20077085973946193,329,False,True,True,True,1.0,True,1.0,0.0,0.0,0.0,1513
coverage_stratified,protein_corr_high,KDSR,A5_v3_structure,Flat v3 RNA/protein/consistency/completeness structure,0.663145381685787,1.0,1513,True,1412,1105,594,375,0.11588862700797233,0.889,1265,4,0.3099801718440185,0.20077085973946138,329,False,True,False,True,1.0,True,0.9568016637656529,86.04296100462658,539.5,0.023107270323859883,1513
coverage_stratified,protein_corr_high,KDSR,A6_v3_full,Flat v3 structure plus adaptive trust,0.663145381685787,1.0,1513,True,1412,1105,594,375,0.11588862700797233,0.889,1265,4,0.3099801718440185,0.20077085973946138,329,False,True,False,True,1.0,True,0.9568016637656529,86.04296100462658,539.5,0.023107270323859883,1513
coverage_stratified,protein_corr_high,GOLPH3,B0_rna_mean,RNA-only mean ranking; no protein or confidence in final score,0.53093635047227,1.0,1513,True,1412,1105,594,375,0.07837600865134899,1.0,1136,5,0.449438202247191,0.11918386434811472,3,False,True,False,False,0.5384615384615384,False,0.9488455717932283,89.0403172504957,852.5,0.033358955717118305,1513
coverage_stratified,protein_corr_high,GOLPH3,A0_team_baseline,"Team baseline: RNA .55, protein .30, confidence .15",0.53093635047227,1.0,1513,True,1412,1105,594,375,0.06950647238569771,0.8136,1094,5,0.48314606741573035,0.19758695884451533,335,False,True,True,True,1.0,True,1.0,0.0,0.0,0.0,1513
coverage_stratified,protein_corr_high,GOLPH3,A1a_no_direct_protein,Remove direct protein; retain protein-derived confidence,0.53093635047227,1.0,1513,True,1412,1105,594,375,0.07428667169420058,0.8507,1128,5,0.4514210178453404,0.19758695884451602,335,False,True,False,False,0.25,True,0.901642332534238,131.99801718440185,934.5,0.013282419035029741,1513
coverage_stratified,protein_corr_high,GOLPH3,A1b_no_protein_evidence,Remove direct protein and all protein-derived confidence,0.53093635047227,1.0,1513,True,1412,1105,594,375,0.07029424126734464,0.8756999999999999,1100,6,0.46728354263053534,0.1191838643481162,3,False,True,False,False,0.5384615384615384,True,0.9535691859599394,75.58559153998678,772.0,0.05197805684071381,1513
coverage_stratified,protein_corr_high,GOLPH3,A1c_no_protein_confidence,Retain direct protein; remove protein-derived confidence only,0.53093635047227,1.0,1513,True,1412,1105,594,375,0.07163275568006135,0.8500000000000001,1114,5,0.45803040317250493,0.11918386434811491,3,False,True,False,False,0.5384615384615384,False,0.9321161831721076,119.47058823529412,502.5,0.03937369464639789,1513
coverage_stratified,protein_corr_high,GOLPH3,A2_no_confidence,Remove the full confidence block; renormalise RNA/protein,0.53093635047227,1.0,1513,True,1412,1105,594,375,0.0831672456086241,1.0,1147,5,0.43423661599471247,0.19758695884451338,335,False,True,False,False,0.5384615384615384,False,0.8780295833893418,163.33641771315268,558.5,0.03529550561797753,1513
coverage_stratified,protein_corr_high,GOLPH3,A2a_no_conf_completeness,Remove completeness from confidence; renormalise retained components,0.53093635047227,1.0,1513,True,1412,1105,594,375,0.07087957667361786,0.8280000000000001,1108,5,0.47851949768671515,0.19754324315202085,349,False,True,False,False,0.8181818181818182,True,0.993162167551452,37.94646397884997,205.0,0.005640449438202247,1513
coverage_stratified,protein_corr_high,GOLPH3,A2b_no_conf_source_support,Remove source support from confidence; renormalise retained components,0.53093635047227,1.0,1513,True,1412,1105,594,375,0.06854179384733329,0.7847999999999999,1107,5,0.48182419035029744,0.18710948619055548,321,False,True,False,False,0.8181818181818182,True,0.987452172674922,50.62789160608063,213.5,0.007094315928618638,1513
coverage_stratified,protein_corr_high,GOLPH3,A2c_no_conf_consistency,Remove RNA-protein consistency; renormalise retained components,0.53093635047227,1.0,1513,True,1412,1105,594,375,0.07014289823134064,0.8269,1106,6,0.47323198942498346,0.21957015199687177,6,False,True,False,True,1.0,True,0.9972813290435,23.748843357567747,128.0,0.003279775280898877,1513
coverage_stratified,protein_corr_high,GOLPH3,A3_equal_bio,Equal RNA/protein biological weights,0.53093635047227,1.0,1513,True,1412,1105,594,375,0.07058746739750554,0.8131999999999999,1096,5,0.48314606741573035,0.19758695884451266,335,False,True,False,False,0.8181818181818182,False,0.9833291901773126,56.50363516192994,356.5,0.005534963648380702,1513
coverage_stratified,protein_corr_high,GOLPH3,A3b_reversed_bio,Protein biological weight greater than RNA,0.53093635047227,1.0,1513,True,1412,1105,594,375,0.0734279867115522,0.8302999999999999,1120,5,0.4586913417052214,0.19758695884451313,335,False,True,False,False,0.8181818181818182,False,0.9422357722947333,105.66754791804362,798.5,0.011069068076668869,1513
coverage_stratified,protein_corr_high,GOLPH3,A4_adaptive_trust,Team baseline plus gene-level adaptive RNA trust,0.53093635047227,1.0,1513,True,1412,1105,594,375,0.06950647238569771,0.8136,1094,5,0.48314606741573035,0.19758695884451533,335,False,True,True,True,1.0,True,1.0,0.0,0.0,0.0,1513
coverage_stratified,protein_corr_high,GOLPH3,A5_v3_structure,Flat v3 RNA/protein/consistency/completeness structure,0.53093635047227,1.0,1513,True,1412,1105,594,375,0.07051192417711906,0.7846,1103,5,0.47653668208856576,0.19758695884451227,335,False,True,False,False,0.8181818181818182,False,0.9759029109575146,70.65432914738929,500.5,0.014796827495042963,1513
coverage_stratified,protein_corr_high,GOLPH3,A6_v3_full,Flat v3 structure plus adaptive trust,0.53093635047227,1.0,1513,True,1412,1105,594,375,0.07051192417711906,0.7846,1103,5,0.47653668208856576,0.19758695884451227,335,False,True,False,False,0.8181818181818182,False,0.9759029109575146,70.65432914738929,500.5,0.014796827495042963,1513
coverage_stratified,protein_corr_high,CHKA,B0_rna_mean,RNA-only mean ranking; no protein or confidence in final score,0.5588382819199366,1.0,1513,True,1412,1105,594,214,0.1322106832646393,1.0,1289,4,0.2775941837409121,0.11918386434811595,3,False,True,False,False,0.6666666666666666,False,0.9768709104364001,55.17448777263714,758.0,0.020946331791143424,1513
coverage_stratified,protein_corr_high,CHKA,A0_team_baseline,"Team baseline: RNA .55, protein .30, confidence .15",0.5588382819199366,1.0,1513,True,1412,1105,594,214,0.11610022061302308,0.9202,1256,5,0.3113020489094514,0.16522939858664135,198,False,True,True,True,1.0,True,1.0,0.0,0.0,0.0,1513
coverage_stratified,protein_corr_high,CHKA,A1a_no_direct_protein,Remove direct protein; retain protein-derived confidence,0.5588382819199366,1.0,1513,True,1412,1105,594,214,0.1188732645008132,0.9274,1283,5,0.2835426305353602,0.16522939858664118,198,False,True,False,False,0.6666666666666666,True,0.9882454038609634,28.450760079312623,815.0,0.005472108393919365,1513
coverage_stratified,protein_corr_high,CHKA,A1b_no_protein_evidence,Remove direct protein and all protein-derived confidence,0.5588382819199366,1.0,1513,True,1412,1105,594,214,0.11723615647637062,0.8967,1262,4,0.3099801718440185,0.11918386434811604,3,False,True,False,False,0.8181818181818182,False,0.9839884743828833,43.27825512227363,663.0,0.049754329147389295,1513
coverage_stratified,protein_corr_high,CHKA,A1c_no_protein_confidence,Retain direct protein; remove protein-derived confidence only,0.5588382819199366,1.0,1513,True,1412,1105,594,214,0.11582488806777957,0.8967,1268,4,0.3007270323859881,0.11918386434811618,3,False,True,False,True,1.0,False,0.9834626827261117,52.756774619960346,299.5,0.04482690019828156,1513
coverage_stratified,protein_corr_high,CHKA,A2_no_confidence,Remove the full confidence block; renormalise RNA/protein,0.5588382819199366,1.0,1513,True,1412,1105,594,214,0.1309983817468515,1.0,1286,5,0.2822207534699273,0.16522939858664143,198,False,True,False,False,0.8181818181818182,False,0.9726430038619517,67.44877726371448,355.0,0.022980171844018505,1513
coverage_stratified,protein_corr_high,CHKA,A2a_no_conf_completeness,Remove completeness from confidence; renormalise retained components,0.5588382819199366,1.0,1513,True,1412,1105,594,214,0.1174710819163277,0.9284,1272,4,0.29676140118968936,0.17463855696623193,206,False,True,False,True,1.0,True,0.9979781543236299,20.692663582286848,117.0,0.005341573033707863,1513
coverage_stratified,protein_corr_high,CHKA,A2b_no_conf_source_support,Remove source support from confidence; renormalise retained components,0.5588382819199366,1.0,1513,True,1412,1105,594,214,0.11422402779993783,0.9066000000000001,1246,4,0.33113020489094513,0.15764915896500242,192,False,True,False,False,0.8181818181818182,True,0.9958025601280848,29.402511566424323,114.0,0.007414606741573033,1513
coverage_stratified,protein_corr_high,CHKA,A2c_no_conf_consistency,Remove RNA-protein consistency; renormalise retained components,0.5588382819199366,1.0,1513,True,1412,1105,594,214,0.11717933254284123,0.9255,1273,4,0.29279576999339063,0.18097817098995128,6,False,True,False,True,1.0,True,0.99943748437423,10.826173165895572,70.0,0.0027857898215465963,1513
coverage_stratified,protein_corr_high,CHKA,A3_equal_bio,Equal RNA/protein biological weights,0.5588382819199366,1.0,1513,True,1412,1105,594,214,0.11576511593434212,0.9172,1276,4,0.29345670852610706,0.16522939858664137,198,False,True,False,True,1.0,True,0.9978844871899327,13.085922009253139,318.5,0.0022802379378717777,1513
coverage_stratified,protein_corr_high,CHKA,A3b_reversed_bio,Protein biological weight greater than RNA,0.5588382819199366,1.0,1513,True,1412,1105,594,214,0.11592167322643764,0.9152,1254,4,0.3165895571711831,0.16522939858664143,198,False,True,False,True,1.0,False,0.9918946525813783,26.290152015862525,595.5,0.004559947124917383,1513
coverage_stratified,protein_corr_high,CHKA,A4_adaptive_trust,Team baseline plus gene-level adaptive RNA trust,0.5588382819199366,1.0,1513,True,1412,1105,594,214,0.11610022061302308,0.9202,1256,5,0.3113020489094514,0.16522939858664135,198,False,True,True,True,1.0,True,1.0,0.0,0.0,0.0,1513
coverage_stratified,protein_corr_high,CHKA,A5_v3_structure,Flat v3 RNA/protein/consistency/completeness structure,0.5588382819199366,1.0,1513,True,1412,1105,594,214,0.12163821015710942,0.9255,1273,4,0.29676140118968936,0.16522939858664096,198,False,True,False,False,0.6666666666666666,True,0.9800373519845085,55.519497686715134,435.5,0.014392994051553207,1513
coverage_stratified,protein_corr_high,CHKA,A6_v3_full,Flat v3 structure plus adaptive trust,0.5588382819199366,1.0,1513,True,1412,1105,594,214,0.12163821015710942,0.9255,1273,4,0.29676140118968936,0.16522939858664096,198,False,True,False,False,0.6666666666666666,True,0.9800373519845085,55.519497686715134,435.5,0.014392994051553207,1513
coverage_stratified,protein_corr_high,PGAP3,B0_rna_mean,RNA-only mean ranking; no protein or confidence in final score,0.7083788304777207,1.0,1513,True,1412,1105,594,153,0.09818360850090477,1.0,1150,5,0.42432253800396563,0.11918386434811472,3,False,True,False,False,0.6666666666666666,True,0.8787928300740885,121.35558493060145,1158.0,0.04309543952412426,1513
coverage_stratified,protein_corr_high,PGAP3,A0_team_baseline,"Team baseline: RNA .55, protein .30, confidence .15",0.7083788304777207,1.0,1513,True,1412,1105,594,153,0.09459032687478623,0.8249000000000001,1164,6,0.4124256444150694,0.13954925668471815,146,False,True,True,True,1.0,True,1.0,0.0,0.0,0.0,1513
coverage_stratified,protein_corr_high,PGAP3,A1a_no_direct_protein,Remove direct protein; retain protein-derived confidence,0.7083788304777207,1.0,1513,True,1412,1105,594,153,0.08853517211065322,0.8249000000000001,1131,6,0.44415069398545937,0.13954925668471788,146,False,True,False,False,0.8181818181818182,True,0.9715075545121105,43.024454725710505,900.5,0.006794580304031724,1513
coverage_stratified,protein_corr_high,PGAP3,A1b_no_protein_evidence,Remove direct protein and all protein-derived confidence,0.7083788304777207,1.0,1513,True,1412,1105,594,153,0.08708402812665694,0.85,1105,5,0.47521480502313285,0.11918386434811663,3,False,True,False,False,0.8181818181818182,True,0.9084807685136175,101.61401189689359,1062.0,0.05277217448777264,1513
coverage_stratified,protein_corr_high,PGAP3,A1c_no_protein_confidence,Retain direct protein; remove protein-derived confidence only,0.7083788304777207,1.0,1513,True,1412,1105,594,153,0.09022803263254155,0.8351,1127,6,0.4573694646397885,0.11918386434811665,3,False,True,False,False,0.8181818181818182,True,0.9864847393668859,49.02709847984138,449.5,0.0470251817580965,1513
coverage_stratified,protein_corr_high,PGAP3,A2_no_confidence,Remove the full confidence block; renormalise RNA/protein,0.7083788304777207,1.0,1513,True,1412,1105,594,153,0.1009527445786344,0.955,1165,5,0.41044282881692,0.1395492566847181,146,False,True,False,False,0.6666666666666666,True,0.9771542002587116,67.65102445472571,553.0,0.03529748843357568,1513
coverage_stratified,protein_corr_high,PGAP3,A2a_no_conf_completeness,Remove completeness from confidence; renormalise retained components,0.7083788304777207,1.0,1513,True,1412,1105,594,153,0.0947960025975156,0.8336,1172,4,0.4124256444150694,0.15149725274693132,149,False,True,False,True,1.0,True,0.9954298486815495,30.955717118307998,181.0,0.005550693985459353,1513
coverage_stratified,protein_corr_high,PGAP3,A2b_no_conf_source_support,Remove source support from confidence; renormalise retained components,0.7083788304777207,1.0,1513,True,1412,1105,594,153,0.09358282346163477,0.8189000000000001,1143,5,0.43225380039656314,0.12519652828635006,144,False,True,False,False,0.8181818181818182,False,0.9894074373989676,46.54659616655651,130.5,0.007550693985459352,1513
coverage_stratified,protein_corr_high,PGAP3,A2c_no_conf_consistency,Remove RNA-protein consistency; renormalise retained components,0.7083788304777207,1.0,1513,True,1412,1105,594,153,0.09601896355979521,0.8293,1161,6,0.4071381361533377,0.1617502263962305,6,False,True,False,True,1.0,True,0.9988311598098008,15.923992068737608,99.5,0.002992200925313946,1513
coverage_stratified,protein_corr_high,PGAP3,A3_equal_bio,Equal RNA/protein biological weights,0.7083788304777207,1.0,1513,True,1412,1105,594,153,0.09844110857796413,0.8351000000000001,1173,6,0.4005287508261732,0.13954925668471813,146,False,True,False,True,1.0,False,0.9986345817336781,7.527428949107733,352.0,0.002830601454064772,1513
coverage_stratified,protein_corr_high,PGAP3,A3b_reversed_bio,Protein biological weight greater than RNA,0.7083788304777207,1.0,1513,True,1412,1105,594,153,0.10295514255074426,0.8491000000000001,1171,6,0.4044943820224719,0.13954925668471815,146,False,True,False,True,1.0,False,0.9963397112938799,11.51685393258427,737.5,0.005662326503635162,1513
coverage_stratified,protein_corr_high,PGAP3,A4_adaptive_trust,Team baseline plus gene-level adaptive RNA trust,0.7083788304777207,1.0,1513,True,1412,1105,594,153,0.09459032687478623,0.8249000000000001,1164,6,0.4124256444150694,0.13954925668471815,146,False,True,True,True,1.0,True,1.0,0.0,0.0,0.0,1513
coverage_stratified,protein_corr_high,PGAP3,A5_v3_structure,Flat v3 RNA/protein/consistency/completeness structure,0.7083788304777207,1.0,1513,True,1412,1105,594,153,0.105731035945607,0.849,1169,5,0.4044943820224719,0.1395492566847183,146,False,True,False,False,0.8181818181818182,True,0.9852482503151793,53.778585591539986,714.0,0.01537547918043622,1513
coverage_stratified,protein_corr_high,PGAP3,A6_v3_full,Flat v3 structure plus adaptive trust,0.7083788304777207,1.0,1513,True,1412,1105,594,153,0.105731035945607,0.849,1169,5,0.4044943820224719,0.1395492566847183,146,False,True,False,False,0.8181818181818182,True,0.9852482503151793,53.778585591539986,714.0,0.01537547918043622,1513
coverage_stratified,protein_corr_high,TMEM109,B0_rna_mean,RNA-only mean ranking; no protein or confidence in final score,0.5763224456956476,1.0,1513,True,1412,1105,594,375,0.09242719709448231,1.0,1198,4,0.38466622604097817,0.11918386434811493,3,False,True,False,False,0.25,True,0.9167559187303395,121.22405816259088,1113.5,0.03322914738929279,1513
coverage_stratified,protein_corr_high,TMEM109,A0_team_baseline,"Team baseline: RNA .55, protein .30, confidence .15",0.5763224456956476,1.0,1513,True,1412,1105,594,375,0.08565347174407353,0.7881,1160,6,0.4144084600132188,0.20699506879772642,311,False,True,True,True,1.0,True,1.0,0.0,0.0,0.0,1513
coverage_stratified,protein_corr_high,TMEM109,A1a_no_direct_protein,Remove direct protein; retain protein-derived confidence,0.5763224456956476,1.0,1513,True,1412,1105,594,375,0.08742461934038963,0.7903,1184,5,0.38863185723727695,0.2069950687977263,311,False,True,False,False,0.5384615384615384,False,0.9772154753467773,46.50958360872439,1155.0,0.006518968935888963,1513
coverage_stratified,protein_corr_high,TMEM109,A1b_no_protein_evidence,Remove direct protein and all protein-derived confidence,0.5763224456956476,1.0,1513,True,1412,1105,594,375,0.08252970232980034,0.85,1154,5,0.4196959682749504,0.11918386434811616,3,False,True,False,False,0.42857142857142855,True,0.9483589876877028,88.79246530072703,1081.0,0.044616787838731,1513
coverage_stratified,protein_corr_high,TMEM109,A1c_no_protein_confidence,Retain direct protein; remove protein-derived confidence only,0.5763224456956476,1.0,1513,True,1412,1105,594,375,0.0822257016208708,0.85,1173,5,0.4071381361533377,0.11918386434811609,3,False,True,False,False,0.42857142857142855,True,0.9484669893029156,104.91738268341044,429.0,0.0389876404494382,1513
coverage_stratified,protein_corr_high,TMEM109,A2_no_confidence,Remove the full confidence block; renormalise RNA/protein,0.5763224456956476,1.0,1513,True,1412,1105,594,375,0.09280212510885287,1.0,1208,5,0.37276933245208194,0.20699506879772697,311,False,True,False,False,0.17647058823529413,True,0.9087752211086886,142.81758096497026,474.5,0.03395505617977528,1513
coverage_stratified,protein_corr_high,TMEM109,A2a_no_conf_completeness,Remove completeness from confidence; renormalise retained components,0.5763224456956476,1.0,1513,True,1412,1105,594,375,0.08646735624144324,0.7969,1181,6,0.3998678122934567,0.2118630268710375,333,False,True,False,False,0.8181818181818182,True,0.9962382156963159,27.70522141440846,146.5,0.005076602775941836,1513
coverage_stratified,protein_corr_high,TMEM109,A2b_no_conf_source_support,Remove source support from confidence; renormalise retained components,0.5763224456956476,1.0,1513,True,1412,1105,594,375,0.08472048665878057,0.7813,1174,4,0.4097818902842036,0.20183191447084772,288,False,True,False,True,1.0,False,0.992426712227044,39.12095175148711,181.5,0.006911037673496365,1513
coverage_stratified,protein_corr_high,TMEM109,A2c_no_conf_consistency,Remove RNA-protein consistency; renormalise retained components,0.5763224456956476,1.0,1513,True,1412,1105,594,375,0.0864750754511307,0.7925,1178,6,0.3998678122934567,0.21957015199687163,6,False,True,False,False,0.6666666666666666,True,0.9989813137170007,14.375413086582947,104.0,0.0025935888962326506,1513
coverage_stratified,protein_corr_high,TMEM109,A3_equal_bio,Equal RNA/protein biological weights,0.5763224456956476,1.0,1513,True,1412,1105,594,375,0.08588187015565589,0.7881,1168,5,0.4124256444150694,0.2069950687977264,311,False,True,False,False,0.5384615384615384,True,0.9966593475696957,19.607402511566423,253.0,0.0027169200264375417,1513
coverage_stratified,protein_corr_high,TMEM109,A3b_reversed_bio,Protein biological weight greater than RNA,0.5763224456956476,1.0,1513,True,1412,1105,594,375,0.08667973396850774,0.8045,1170,5,0.4064771976206213,0.2069950687977265,311,False,True,False,False,0.42857142857142855,False,0.9872089427768075,39.0039656311963,470.5,0.005433575677461996,1513
coverage_stratified,protein_corr_high,TMEM109,A4_adaptive_trust,Team baseline plus gene-level adaptive RNA trust,0.5763224456956476,1.0,1513,True,1412,1105,594,375,0.08565347174407353,0.7881,1160,6,0.4144084600132188,0.20699506879772642,311,False,True,True,True,1.0,True,1.0,0.0,0.0,0.0,1513
coverage_stratified,protein_corr_high,TMEM109,A5_v3_structure,Flat v3 RNA/protein/consistency/completeness structure,0.5763224456956476,1.0,1513,True,1412,1105,594,375,0.08870627798393925,0.6665,1213,4,0.364177131526768,0.2069950687977264,311,False,True,False,False,0.8181818181818182,True,0.9835427441540122,59.07931262392597,327.0,0.016384071381361533,1513
coverage_stratified,protein_corr_high,TMEM109,A6_v3_full,Flat v3 structure plus adaptive trust,0.5763224456956476,1.0,1513,True,1412,1105,594,375,0.08870627798393925,0.6665,1213,4,0.364177131526768,0.2069950687977264,311,False,True,False,False,0.8181818181818182,True,0.9835427441540122,59.07931262392597,327.0,0.016384071381361533,1513
coverage_stratified,protein_corr_high,WWC2,B0_rna_mean,RNA-only mean ranking; no protein or confidence in final score,0.5781609398824245,1.0,1513,True,1412,1105,594,295,0.22126632791693093,1.0,1280,15,0.2709847984137475,0.11918386434811568,3,False,True,False,False,0.6666666666666666,False,0.9850059736937128,48.33377395902181,473.0,0.035416986120290816,1513
coverage_stratified,protein_corr_high,WWC2,A0_team_baseline,"Team baseline: RNA .55, protein .30, confidence .15",0.5781609398824245,1.0,1513,True,1412,1105,594,295,0.18574806231102042,0.8593000000000001,1259,15,0.29543952412425645,0.18457458480540812,269,False,True,True,True,1.0,True,0.9999999999999999,0.0,0.0,0.0,1513
coverage_stratified,protein_corr_high,WWC2,A1a_no_direct_protein,Remove direct protein; retain protein-derived confidence,0.5781609398824245,1.0,1513,True,1412,1105,594,295,0.1925280750862879,0.9016000000000001,1269,15,0.2855254461335096,0.1845745848054082,269,False,True,False,False,0.42857142857142855,False,0.9916142527435761,29.89887640449438,444.0,0.008693522802379377,1513
coverage_stratified,protein_corr_high,WWC2,A1b_no_protein_evidence,Remove direct protein and all protein-derived confidence,0.5781609398824245,1.0,1513,True,1412,1105,594,295,0.18927258692711302,0.8542000000000001,1276,15,0.2729676140118969,0.1191838643481157,3,False,True,False,False,0.5384615384615384,False,0.9898911438976571,36.4137475214805,438.0,0.04977349636483807,1513
coverage_stratified,protein_corr_high,WWC2,A1c_no_protein_confidence,Retain direct protein; remove protein-derived confidence only,0.5781609398824245,1.0,1513,True,1412,1105,594,295,0.1831244250480576,0.8354999999999999,1264,15,0.28949107732980833,0.11918386434811568,3,False,True,False,False,0.6666666666666666,False,0.988846324263994,45.01454064771976,210.5,0.041994976867151354,1513
coverage_stratified,protein_corr_high,WWC2,A2_no_confidence,Remove the full confidence block; renormalise RNA/protein,0.5781609398824245,1.0,1513,True,1412,1105,594,295,0.21424667911426507,0.995,1279,15,0.2723066754791804,0.18457458480540836,269,False,True,False,False,0.6666666666666666,False,0.9801894198040543,60.879709187045606,260.0,0.034502313284864514,1513
coverage_stratified,protein_corr_high,WWC2,A2a_no_conf_completeness,Remove completeness from confidence; renormalise retained components,0.5781609398824245,1.0,1513,True,1412,1105,594,295,0.18564091105601507,0.851,1268,15,0.28883013879709185,0.18916632054322707,277,False,True,False,False,0.8181818181818182,True,0.9989255243928047,14.793787177792465,98.0,0.005431394580304032,1513
coverage_stratified,protein_corr_high,WWC2,A2b_no_conf_source_support,Remove source support from confidence; renormalise retained components,0.5781609398824245,1.0,1513,True,1412,1105,594,295,0.18578098653807804,0.8706,1263,15,0.28618638466622603,0.17640629573870842,264,False,True,False,True,1.0,True,0.9979615543490121,20.653668208856576,72.0,0.007216259087904824,1513
coverage_stratified,protein_corr_high,WWC2,A2c_no_conf_consistency,Remove RNA-protein consistency; renormalise retained components,0.5781609398824245,1.0,1513,True,1412,1105,594,295,0.1861538120122146,0.8583000000000001,1276,15,0.27825512227362853,0.20252067400923537,6,False,True,False,False,0.8181818181818182,True,0.9996533647622795,8.29279576999339,70.0,0.0029523463317911447,1513
coverage_stratified,protein_corr_high,WWC2,A3_equal_bio,Equal RNA/protein biological weights,0.5781609398824245,1.0,1513,True,1412,1105,594,295,0.18378432564757632,0.8705,1261,15,0.29279576999339063,0.1845745848054081,269,False,True,False,False,0.6666666666666666,True,0.9977198180808636,15.092531394580304,233.0,0.0036224719101123604,1513
coverage_stratified,protein_corr_high,WWC2,A3b_reversed_bio,Protein biological weight greater than RNA,0.5781609398824245,1.0,1513,True,1412,1105,594,295,0.18235218297205794,0.8817,1243,15,0.3198942498347654,0.18457458480540812,269,False,True,False,False,0.6666666666666666,True,0.9905426344191437,30.713813615333773,487.0,0.007244811632518176,1513
coverage_stratified,protein_corr_high,WWC2,A4_adaptive_trust,Team baseline plus gene-level adaptive RNA trust,0.5781609398824245,1.0,1513,True,1412,1105,594,295,0.18574806231102042,0.8593000000000001,1259,15,0.29543952412425645,0.18457458480540812,269,False,True,True,True,1.0,True,0.9999999999999999,0.0,0.0,0.0,1513
coverage_stratified,protein_corr_high,WWC2,A5_v3_structure,Flat v3 RNA/protein/consistency/completeness structure,0.5781609398824245,1.0,1513,True,1412,1105,594,295,0.19394273453568026,0.8898,1271,15,0.2822207534699273,0.1845745848054086,269,False,True,False,False,0.6666666666666666,True,0.9909737288744277,40.18175809649703,220.0,0.017769266358228685,1513
coverage_stratified,protein_corr_high,WWC2,A6_v3_full,Flat v3 structure plus adaptive trust,0.5781609398824245,1.0,1513,True,1412,1105,594,295,0.19394273453568026,0.8898,1271,15,0.2822207534699273,0.1845745848054086,269,False,True,False,False,0.6666666666666666,True,0.9909737288744277,40.18175809649703,220.0,0.017769266358228685,1513
coverage_stratified,protein_corr_high,ARID3A,B0_rna_mean,RNA-only mean ranking; no protein or confidence in final score,0.8031452343565714,1.0,1513,True,1412,1105,594,366,0.1677727568570123,1.0,1289,6,0.2775941837409121,0.11918386434811673,3,False,True,False,False,0.6153846153846154,False,0.9556427949950305,93.63714474553866,615.0,0.046152610707204236,1513
coverage_stratified,protein_corr_high,ARID3A,A0_team_baseline,"Team baseline: RNA .55, protein .30, confidence .15",0.8031452343565714,1.0,1513,True,1412,1105,594,366,0.15204310679606262,0.8914,1258,5,0.3113020489094514,0.20386454428675882,326,False,True,True,True,1.0,True,1.0,0.0,0.0,0.0,1513
coverage_stratified,protein_corr_high,ARID3A,A1a_no_direct_protein,Remove direct protein; retain protein-derived confidence,0.8031452343565714,1.0,1513,True,1412,1105,594,366,0.14931594331112447,0.9295,1264,5,0.30204890945142104,0.20386454428675888,326,False,True,False,False,0.8181818181818182,False,0.9918349256178989,27.988103106411103,420.5,0.007395373430270986,1513
coverage_stratified,protein_corr_high,ARID3A,A1b_no_protein_evidence,Remove direct protein and all protein-derived confidence,0.8031452343565714,1.0,1513,True,1412,1105,594,366,0.14807363585184036,0.8949,1260,5,0.3132848645076008,0.11918386434811591,3,False,True,False,False,0.6666666666666666,False,0.9704150444008275,73.83873099801718,516.0,0.04543886318572373,1513
coverage_stratified,protein_corr_high,ARID3A,A1c_no_protein_confidence,Retain direct protein; remove protein-derived confidence only,0.8031452343565714,1.0,1513,True,1412,1105,594,366,0.14971857747793743,0.8434,1261,5,0.30799735624586916,0.11918386434811656,3,False,True,False,False,0.6666666666666666,False,0.9861324625059924,53.65499008592201,232.5,0.039347323198942505,1513
coverage_stratified,protein_corr_high,ARID3A,A2_no_confidence,Remove the full confidence block; renormalise RNA/protein,0.8031452343565714,1.0,1513,True,1412,1105,594,366,0.16922941686863457,0.9646,1285,5,0.27825512227362853,0.20386454428675913,326,False,True,False,False,0.6153846153846154,True,0.9750601959428685,73.66754791804362,275.5,0.04045829477858559,1513
coverage_stratified,protein_corr_high,ARID3A,A2a_no_conf_completeness,Remove completeness from confidence; renormalise retained components,0.8031452343565714,1.0,1513,True,1412,1105,594,366,0.15340475200479728,0.8904000000000001,1278,5,0.2881692002643754,0.20810520990393713,343,False,True,False,True,1.0,True,0.9989290179911475,14.573033707865168,83.0,0.005155717118307996,1513
coverage_stratified,protein_corr_high,ARID3A,A2b_no_conf_source_support,Remove source support from confidence; renormalise retained components,0.8031452343565714,1.0,1513,True,1412,1105,594,366,0.14966872698653497,0.8924000000000001,1263,5,0.3066754791804362,0.19783523652778573,305,False,True,False,False,0.6666666666666666,True,0.9978100646455731,21.078651685393258,80.0,0.006954196959682749,1513
coverage_stratified,protein_corr_high,ARID3A,A2c_no_conf_consistency,Remove RNA-protein consistency; renormalise retained components,0.8031452343565714,1.0,1513,True,1412,1105,594,366,0.15337402970623448,0.8931,1288,5,0.28155981493721083,0.21794352869400435,6,False,True,False,True,1.0,True,0.9996968929715838,7.766688697951091,51.0,0.0027041639127561136,1513
coverage_stratified,protein_corr_high,ARID3A,A3_equal_bio,Equal RNA/protein biological weights,0.8031452343565714,1.0,1513,True,1412,1105,594,366,0.15378935041955785,0.8969,1272,5,0.29543952412425645,0.20386454428675888,326,False,True,False,True,1.0,True,0.9986936535081964,10.998017184401851,169.0,0.0030816920026437537,1513
coverage_stratified,protein_corr_high,ARID3A,A3b_reversed_bio,Protein biological weight greater than RNA,0.8031452343565714,1.0,1513,True,1412,1105,594,366,0.1558804873259013,0.9024,1273,5,0.29477858559153997,0.2038645442867588,326,False,True,False,False,0.6666666666666666,True,0.9951715995983356,20.788499669530733,329.0,0.006163780568407138,1513
coverage_stratified,protein_corr_high,ARID3A,A4_adaptive_trust,Team baseline plus gene-level adaptive RNA trust,0.8031452343565714,1.0,1513,True,1412,1105,594,366,0.15204310679606262,0.8914,1258,5,0.3113020489094514,0.20386454428675882,326,False,True,True,True,1.0,True,1.0,0.0,0.0,0.0,1513
coverage_stratified,protein_corr_high,ARID3A,A5_v3_structure,Flat v3 RNA/protein/consistency/completeness structure,0.8031452343565714,1.0,1513,True,1412,1105,594,366,0.16231503008735435,0.9126,1290,5,0.2742894910773298,0.20386454428675882,326,False,True,False,False,0.6666666666666666,True,0.970336979675886,73.54329147389292,430.5,0.023533906146728355,1513
coverage_stratified,protein_corr_high,ARID3A,A6_v3_full,Flat v3 structure plus adaptive trust,0.8031452343565714,1.0,1513,True,1412,1105,594,366,0.16231503008735435,0.9126,1290,5,0.2742894910773298,0.20386454428675882,326,False,True,False,False,0.6666666666666666,True,0.970336979675886,73.54329147389292,430.5,0.023533906146728355,1513
coverage_stratified,protein_no_reliable_corr,GRHL3,B0_rna_mean,RNA-only mean ranking; no protein or confidence in final score,,0.6,1513,True,1412,1105,594,18,0.17113447024302741,1.0,910,64,0.5056179775280899,0.11918386434811515,3,False,True,False,False,0.6666666666666666,True,0.9599093878044221,78.827495042961,408.0,0.04665545274289492,1513
coverage_stratified,protein_no_reliable_corr,GRHL3,A0_team_baseline,"Team baseline: RNA .55, protein .30, confidence .15",,0.6,1513,True,1412,1105,594,18,0.14732612711975815,0.8631000000000001,888,64,0.5254461335095836,0.08191418826313837,21,False,True,True,True,1.0,True,1.0,0.0,0.0,0.0,1513
coverage_stratified,protein_no_reliable_corr,GRHL3,A1a_no_direct_protein,Remove direct protein; retain protein-derived confidence,,0.6,1513,True,1412,1105,594,18,0.14671686229548112,0.8631000000000001,889,64,0.5247851949768672,0.08191418826313837,21,False,True,False,False,0.8181818181818182,True,0.9998718066331361,1.0826173165895572,154.0,0.00041566424322538005,1513
coverage_stratified,protein_no_reliable_corr,GRHL3,A1b_no_protein_evidence,Remove direct protein and all protein-derived confidence,,0.6,1513,True,1412,1105,594,18,0.147312569634107,0.8734,899,64,0.5214805023132849,0.11918386434811595,3,False,True,False,False,0.8181818181818182,True,0.9908531887820995,32.10971579643093,374.0,0.051950561797752814,1513
coverage_stratified,protein_no_reliable_corr,GRHL3,A1c_no_protein_confidence,Retain direct protein; remove protein-derived confidence only,,0.6,1513,True,1412,1105,594,18,0.14788074310062443,0.8734,902,64,0.5181758096497026,0.11918386434811595,3,False,True,False,True,1.0,True,0.9894401511560315,32.64771976206213,748.0,0.05161249173826834,1513
coverage_stratified,protein_no_reliable_corr,GRHL3,A2_no_confidence,Remove the full confidence block; renormalise RNA/protein,,0.6,1513,True,1412,1105,594,18,0.1717788376053069,1.0,909,64,0.5076007931262393,0.08191418826313791,21,False,True,False,False,0.6666666666666666,True,0.9565583235093384,80.09715796430932,833.5,0.046477263714474554,1513
coverage_stratified,protein_no_reliable_corr,GRHL3,A2a_no_conf_completeness,Remove completeness from confidence; renormalise retained components,,0.6,1513,True,1412,1105,594,18,0.14809001694408216,0.8719,901,64,0.5161929940515532,0.11926763758678822,21,False,True,False,True,1.0,True,0.9933391018132313,27.278916060806345,229.0,0.005162458691341704,1513
coverage_stratified,protein_no_reliable_corr,GRHL3,A2b_no_conf_source_support,Remove source support from confidence; renormalise retained components,,0.6,1513,True,1412,1105,594,18,0.14661957075664728,0.8500000000000001,903,64,0.5122273628552545,0.04953431833558584,19,False,True,False,False,0.8181818181818182,True,0.9606299245114,77.22538003965632,412.5,0.0077095836087243885,1513
coverage_stratified,protein_no_reliable_corr,GRHL3,A2c_no_conf_consistency,Remove RNA-protein consistency; renormalise retained components,,0.6,1513,True,1412,1105,594,18,0.14778570963943236,0.8675,891,64,0.5221414408460013,0.10184287426074931,5,False,True,False,True,1.0,True,0.997923761821621,15.02775941837409,161.0,0.0025993390614672826,1513
coverage_stratified,protein_no_reliable_corr,GRHL3,A3_equal_bio,Equal RNA/protein biological weights,,0.6,1513,True,1412,1105,594,18,0.14762906256938685,0.8631000000000001,891,64,0.5221414408460013,0.08191418826313837,21,False,True,False,True,1.0,True,0.999931458853758,0.6239259748843358,147.5,0.0001728354263053536,1513
coverage_stratified,protein_no_reliable_corr,GRHL3,A3b_reversed_bio,Protein biological weight greater than RNA,,0.6,1513,True,1412,1105,594,18,0.1479611113951852,0.8631000000000001,885,64,0.5287508261731659,0.08191418826313851,21,False,True,False,False,0.8181818181818182,True,0.9995358760690775,1.5082617316589557,395.5,0.0003460674157303371,1513
coverage_stratified,protein_no_reliable_corr,GRHL3,A4_adaptive_trust,Team baseline plus gene-level adaptive RNA trust,,0.6,1513,True,1412,1105,594,18,0.1478790755474189,0.8631000000000001,888,64,0.5261070720423001,0.08191418826313837,21,False,True,False,False,0.8181818181818182,True,0.9996779395150704,1.2650363516192995,339.0,0.00030462656972901517,1513
coverage_stratified,protein_no_reliable_corr,GRHL3,A5_v3_structure,Flat v3 RNA/protein/consistency/completeness structure,,0.6,1513,True,1412,1105,594,18,0.15403694852178076,0.889,910,64,0.5016523463317911,0.08191418826313775,21,False,True,False,False,0.8181818181818182,True,0.9598441640772161,78.6265697290152,412.5,0.014435888962326504,1513
coverage_stratified,protein_no_reliable_corr,GRHL3,A6_v3_full,Flat v3 structure plus adaptive trust,,0.6,1513,True,1412,1105,594,18,0.15444900641449072,0.889,910,64,0.5009914077990747,0.08191418826313775,21,False,True,False,False,0.8181818181818182,True,0.9599707673538286,78.50760079312624,412.5,0.014515201586252479,1513
coverage_stratified,protein_no_reliable_corr,CALCB,B0_rna_mean,RNA-only mean ranking; no protein or confidence in final score,,0.6,1513,True,1412,1105,594,18,0.10210153832823411,1.0,674,133,0.6972901520158625,0.11918386434811619,3,False,True,False,False,0.8181818181818182,True,0.8430829588801706,179.1011235955056,1344.5,0.06410978189028421,1513
coverage_stratified,protein_no_reliable_corr,CALCB,A0_team_baseline,"Team baseline: RNA .55, protein .30, confidence .15",,0.6,1513,True,1412,1105,594,18,0.08859329758976074,0.8631000000000001,651,133,0.721083939193655,0.08013809220662808,21,False,True,True,True,1.0,True,0.9999999999999999,0.0,0.0,0.0,1513
coverage_stratified,protein_no_reliable_corr,CALCB,A1a_no_direct_protein,Remove direct protein; retain protein-derived confidence,,0.6,1513,True,1412,1105,594,18,0.08744040295801091,0.8631000000000001,652,133,0.719762062128222,0.08013809220662813,21,False,True,False,True,1.0,True,0.9997906848737196,1.4309319233311302,163.0,0.0007835426305353601,1513
coverage_stratified,protein_no_reliable_corr,CALCB,A1b_no_protein_evidence,Remove direct protein and all protein-derived confidence,,0.6,1513,True,1412,1105,594,18,0.08753270059653032,0.8734,665,133,0.7204230006609386,0.11918386434811576,3,False,True,False,False,0.6666666666666666,True,0.9773216826213005,52.050231328486454,926.5,0.05228334434897553,1513
coverage_stratified,protein_no_reliable_corr,CALCB,A1c_no_protein_confidence,Retain direct protein; remove protein-derived confidence only,,0.6,1513,True,1412,1105,594,18,0.08830819505361749,0.8734,677,133,0.7098479841374752,0.11918386434811576,3,False,True,False,False,0.6666666666666666,True,0.9842523181579934,46.805684071381364,707.0,0.05163502974223397,1513
coverage_stratified,protein_no_reliable_corr,CALCB,A2_no_confidence,Remove the full confidence block; renormalise RNA/protein,,0.6,1513,True,1412,1105,594,18,0.10289135684313927,1.0,683,133,0.6906807666886979,0.08013809220662808,21,False,True,False,False,0.8181818181818182,True,0.8574870088826174,172.83476536682087,1231.0,0.06323337739590218,1513
coverage_stratified,protein_no_reliable_corr,CALCB,A2a_no_conf_completeness,Remove completeness from confidence; renormalise retained components,,0.6,1513,True,1412,1105,594,18,0.08894053130234912,0.8719,664,133,0.7157964309319234,0.1175870167877277,21,False,True,False,False,0.8181818181818182,True,0.9882556482617405,40.59484467944481,320.0,0.005201387970918705,1513
coverage_stratified,protein_no_reliable_corr,CALCB,A2b_no_conf_source_support,Remove source support from confidence; renormalise retained components,,0.6,1513,True,1412,1105,594,18,0.08871310322351905,0.8500000000000001,648,134,0.7085261070720423,0.04530736992983832,19,False,True,False,True,1.0,True,0.8604973700471634,171.3132848645076,595.0,0.007721480502313286,1513
coverage_stratified,protein_no_reliable_corr,CALCB,A2c_no_conf_consistency,Remove RNA-protein consistency; renormalise retained components,,0.6,1513,True,1412,1105,594,18,0.0889702427112278,0.8675,641,133,0.735624586913417,0.10155216398123088,5,False,True,False,True,1.0,True,0.996117749713581,22.665565102445473,219.0,0.0026354923992068743,1513
coverage_stratified,protein_no_reliable_corr,CALCB,A3_equal_bio,Equal RNA/protein biological weights,,0.6,1513,True,1412,1105,594,18,0.08928421219164769,0.8631000000000001,653,133,0.7184401850627892,0.08013809220662808,21,False,True,False,True,1.0,True,0.9999833018844932,0.4216787838730998,34.0,0.00032656972901520164,1513
coverage_stratified,protein_no_reliable_corr,CALCB,A3b_reversed_bio,Protein biological weight greater than RNA,,0.6,1513,True,1412,1105,594,18,0.09009455367020677,0.8631000000000001,652,133,0.719762062128222,0.08013809220662806,21,False,True,False,False,0.8181818181818182,True,0.999941330312802,0.8162590879048248,61.0,0.0006530733641771315,1513
coverage_stratified,protein_no_reliable_corr,CALCB,A4_adaptive_trust,Team baseline plus gene-level adaptive RNA trust,,0.6,1513,True,1412,1105,594,18,0.08988958740849512,0.8631000000000001,650,133,0.722405816259088,0.08013809220662806,21,False,True,False,True,1.0,True,0.9999539189231773,0.7144745538664904,54.0,0.0005746860541969598,1513
coverage_stratified,protein_no_reliable_corr,CALCB,A5_v3_structure,Flat v3 RNA/protein/consistency/completeness structure,,0.6,1513,True,1412,1105,594,18,0.09474055554891382,0.889,661,133,0.6992729676140119,0.08013809220662804,21,False,True,False,True,1.0,True,0.8601698173792428,172.2405816259088,595.0,0.017933840052875082,1513
coverage_stratified,protein_no_reliable_corr,CALCB,A6_v3_full,Flat v3 structure plus adaptive trust,,0.6,1513,True,1412,1105,594,18,0.09609508286011437,0.889,662,133,0.697951090548579,0.08013809220662804,21,False,True,False,False,0.8181818181818182,True,0.860111614967935,172.53073364177132,595.0,0.018374884335756774,1513
coverage_stratified,protein_no_reliable_corr,CHST13,B0_rna_mean,RNA-only mean ranking; no protein or confidence in final score,,0.6,1513,True,1412,1105,594,18,0.12498598673606366,1.0,710,154,0.6457369464639788,0.11918386434811623,3,False,True,False,True,1.0,True,0.8895476133235849,137.60475875743555,1276.5,0.05718003965631196,1513
coverage_stratified,protein_no_reliable_corr,CHST13,A0_team_baseline,"Team baseline: RNA .55, protein .30, confidence .15",,0.6,1513,True,1412,1105,594,18,0.10932062843906802,0.9381,693,153,0.6649041639127561,0.08145293067180492,21,False,True,True,True,1.0,True,1.0,0.0,0.0,0.0,1513
coverage_stratified,protein_no_reliable_corr,CHST13,A1a_no_direct_protein,Remove direct protein; retain protein-derived confidence,,0.6,1513,True,1412,1105,594,18,0.10858384549160968,0.9381,691,153,0.666226040978189,0.08145293067180495,21,False,True,False,True,1.0,True,0.999741013322275,1.4732319894249835,217.0,0.0006307997356245869,1513
coverage_stratified,protein_no_reliable_corr,CHST13,A1b_no_protein_evidence,Remove direct protein and all protein-derived confidence,,0.6,1513,True,1412,1105,594,18,0.11001445811578232,0.8967,686,153,0.6721744877726371,0.11918386434811673,3,False,True,False,True,1.0,True,0.979530873570048,47.902181097157964,625.5,0.052140317250495706,1513
coverage_stratified,protein_no_reliable_corr,CHST13,A1c_no_protein_confidence,Retain direct protein; remove protein-derived confidence only,,0.6,1513,True,1412,1105,594,18,0.110505401157061,0.8967,691,153,0.6682088565763384,0.11918386434811672,3,False,True,False,True,1.0,True,0.9822501901439908,45.37210839391937,486.0,0.05159986781229346,1513
coverage_stratified,protein_no_reliable_corr,CHST13,A2_no_confidence,Remove the full confidence block; renormalise RNA/protein,,0.6,1513,True,1412,1105,594,18,0.1255278870062402,1.0,712,154,0.644415069398546,0.08145293067180466,21,False,True,False,True,1.0,True,0.8964199785179195,134.57501652346332,1084.0,0.05651156642432254,1513
coverage_stratified,protein_no_reliable_corr,CHST13,A2a_no_conf_completeness,Remove completeness from confidence; renormalise retained components,,0.6,1513,True,1412,1105,594,18,0.11080098013142099,0.9469,693,153,0.6695307336417713,0.1189486353569921,21,False,True,False,True,1.0,True,0.9856475233272124,40.012557832121615,363.0,0.005168605419695967,1513
coverage_stratified,protein_no_reliable_corr,CHST13,A2b_no_conf_source_support,Remove source support from confidence; renormalise retained components,,0.6,1513,True,1412,1105,594,18,0.10765324660707523,0.925,702,154,0.650363516192994,0.04718139757150875,19,False,True,False,True,1.0,True,0.9001835767252534,131.73694646397885,611.5,0.007671711830799736,1513
coverage_stratified,protein_no_reliable_corr,CHST13,A2c_no_conf_consistency,Remove RNA-protein consistency; renormalise retained components,,0.6,1513,True,1412,1105,594,18,0.1101806193164149,0.9425,703,153,0.6549900859220092,0.10213275706702281,5,False,True,False,True,1.0,True,0.9939422387511044,24.11896893588896,284.5,0.002614342366159946,1513
coverage_stratified,protein_no_reliable_corr,CHST13,A3_equal_bio,Equal RNA/protein biological weights,,0.6,1513,True,1412,1105,594,18,0.1097669485607795,0.9381,693,153,0.6649041639127561,0.08145293067180492,21,False,True,False,True,1.0,True,0.9999833370549124,0.4124256444150694,59.0,0.0002625908790482485,1513
coverage_stratified,protein_no_reliable_corr,CHST13,A3b_reversed_bio,Protein biological weight greater than RNA,,0.6,1513,True,1412,1105,594,18,0.11029414201252771,0.9381,695,153,0.6622604097818903,0.08145293067180494,21,False,True,False,True,1.0,True,0.999923523979885,0.8539325842696629,147.5,0.0005253139458030404,1513
coverage_stratified,protein_no_reliable_corr,CHST13,A4_adaptive_trust,Team baseline plus gene-level adaptive RNA trust,,0.6,1513,True,1412,1105,594,18,0.11016039427534664,0.9381,694,153,0.6629213483146067,0.08145293067180494,21,False,True,False,True,1.0,True,0.9999406354923303,0.7541308658294779,128.0,0.0004623925974884337,1513
coverage_stratified,protein_no_reliable_corr,CHST13,A5_v3_structure,Flat v3 RNA/protein/consistency/completeness structure,,0.6,1513,True,1412,1105,594,18,0.11379653866695788,0.9445,702,154,0.6530072703238599,0.08145293067180462,21,False,True,False,True,1.0,True,0.899848928500939,132.78387309980172,611.5,0.016001387970918702,1513
coverage_stratified,protein_no_reliable_corr,CHST13,A6_v3_full,Flat v3 structure plus adaptive trust,,0.6,1513,True,1412,1105,594,18,0.11466142722550728,0.9445,702,154,0.6530072703238599,0.08145293067180462,21,False,True,False,True,1.0,True,0.8998064831024879,132.9590218109716,611.5,0.016337739590218107,1513
coverage_stratified,protein_no_reliable_corr,ITLN1,B0_rna_mean,RNA-only mean ranking; no protein or confidence in final score,,0.6,1513,True,1412,1105,594,17,0.06443034521763825,1.0,522,353,0.7706543291473893,0.11918386434811498,3,False,True,False,False,0.6666666666666666,True,0.6796425943297324,247.79775280898878,1434.0,0.06577164573694647,1513
coverage_stratified,protein_no_reliable_corr,ITLN1,A0_team_baseline,"Team baseline: RNA .55, protein .30, confidence .15",,0.6,1513,True,1412,1105,594,17,0.058340490130200026,0.8500000000000001,505,351,0.7871777924653007,0.0791227180742924,20,False,True,True,True,1.0,True,0.9999999999999999,0.0,0.0,0.0,1513
coverage_stratified,protein_no_reliable_corr,ITLN1,A1a_no_direct_protein,Remove direct protein; retain protein-derived confidence,,0.6,1513,True,1412,1105,594,17,0.05596189504378665,0.8500000000000001,504,351,0.7884996695307337,0.07912271807429244,20,False,True,False,False,0.8181818181818182,True,0.9998592968727767,1.1639127561136815,134.0,0.0009325181758096497,1513
coverage_stratified,protein_no_reliable_corr,ITLN1,A1b_no_protein_evidence,Remove direct protein and all protein-derived confidence,,0.6,1513,True,1412,1105,594,17,0.05729444247677168,0.8500000000000001,528,355,0.7719762062128223,0.11918386434811488,3,False,True,False,False,0.6666666666666666,True,0.9669914281696196,45.38598810310641,926.0,0.052432319894249825,1513
coverage_stratified,protein_no_reliable_corr,ITLN1,A1c_no_protein_confidence,Retain direct protein; remove protein-derived confidence only,,0.6,1513,True,1412,1105,594,17,0.05902396317527541,0.8500000000000001,538,350,0.7633840052875083,0.11918386434811488,3,False,True,False,True,1.0,True,0.9759974799947626,38.428288169200265,1052.5,0.051697951090548575,1513
coverage_stratified,protein_no_reliable_corr,ITLN1,A2_no_confidence,Remove the full confidence block; renormalise RNA/protein,,0.6,1513,True,1412,1105,594,17,0.0662415879498399,1.0,528,349,0.7666886979510905,0.07912271807429239,20,False,True,False,True,1.0,True,0.705942907456391,240.86252478519498,1322.5,0.06470211500330471,1513
coverage_stratified,protein_no_reliable_corr,ITLN1,A2a_no_conf_completeness,Remove completeness from confidence; renormalise retained components,,0.6,1513,True,1412,1105,594,17,0.0593818079721967,0.85,514,352,0.7891606080634501,0.1169233921699309,20,False,True,False,True,1.0,True,0.9818423689441692,33.24058162590879,530.5,0.005192465300727032,1513
coverage_stratified,protein_no_reliable_corr,ITLN1,A2b_no_conf_source_support,Remove source support from confidence; renormalise retained components,,0.6,1513,True,1412,1105,594,17,0.057571289381735904,0.8500000000000001,496,350,0.7951090548578982,0.042144691964310206,18,False,True,False,True,1.0,True,0.7093317350820683,239.45736946463978,811.5,0.0077138136153337734,1513
coverage_stratified,protein_no_reliable_corr,ITLN1,A2c_no_conf_consistency,Remove RNA-protein consistency; renormalise retained components,,0.6,1513,True,1412,1105,594,17,0.059321131896629936,0.85,521,350,0.7772637144745539,0.10139247919838834,5,False,True,False,True,1.0,True,0.9934937031529162,18.079312623925976,450.0,0.0026554527428949088,1513
coverage_stratified,protein_no_reliable_corr,ITLN1,A3_equal_bio,Equal RNA/protein biological weights,,0.6,1513,True,1412,1105,594,17,0.059847848307334875,0.8500000000000001,505,351,0.7871777924653007,0.07912271807429239,20,False,True,False,True,1.0,True,0.9999940196135284,0.21150033046926636,43.0,0.0003884335756774619,1513
coverage_stratified,protein_no_reliable_corr,ITLN1,A3b_reversed_bio,Protein biological weight greater than RNA,,0.6,1513,True,1412,1105,594,17,0.06162888654151549,0.8500000000000001,504,351,0.7878387309980172,0.0791227180742924,20,False,True,False,True,1.0,True,0.9999692765229934,0.42101784534038333,115.0,0.0007769332452081956,1513
coverage_stratified,protein_no_reliable_corr,ITLN1,A4_adaptive_trust,Team baseline plus gene-level adaptive RNA trust,,0.6,1513,True,1412,1105,594,17,0.06117710615288102,0.8500000000000001,505,351,0.7871777924653007,0.0791227180742924,20,False,True,False,True,1.0,True,0.9999793092173891,0.3688037012557832,90.0,0.0006836748182419035,1513
coverage_stratified,protein_no_reliable_corr,ITLN1,A5_v3_structure,Flat v3 RNA/protein/consistency/completeness structure,,0.6,1513,True,1412,1105,594,17,0.06293036265039895,0.889,508,350,0.7865168539325843,0.07912271807429233,20,False,True,False,True,1.0,True,0.7092457765793116,239.83476536682087,811.5,0.018015532055518837,1513
coverage_stratified,protein_no_reliable_corr,ITLN1,A6_v3_full,Flat v3 structure plus adaptive trust,,0.6,1513,True,1412,1105,594,17,0.06558120685810004,0.889,508,350,0.7865168539325843,0.07912271807429233,20,False,True,False,True,1.0,True,0.709237816643877,239.94183740912095,811.5,0.018531526768010575,1513
coverage_stratified,protein_no_reliable_corr,GALNT7,B0_rna_mean,RNA-only mean ranking; no protein or confidence in final score,,0.6,1513,True,1412,1105,594,375,0.13277074082707502,1.0,1263,5,0.3073364177131527,0.11918386434811573,3,False,True,False,False,0.17647058823529413,True,0.9568290590109997,87.5783212161269,713.5,0.028389821546596167,1513
coverage_stratified,protein_no_reliable_corr,GALNT7,A0_team_baseline,"Team baseline: RNA .55, protein .30, confidence .15",,0.6,1513,True,1412,1105,594,375,0.11835314267633007,0.8500000000000001,1259,4,0.30931923331130207,0.20587002758865747,308,False,True,True,True,1.0,True,0.9999999999999999,0.0,0.0,0.0,1513
coverage_stratified,protein_no_reliable_corr,GALNT7,A1a_no_direct_protein,Remove direct protein; retain protein-derived confidence,,0.6,1513,True,1412,1105,594,375,0.11834075284307022,0.8513000000000001,1261,4,0.3086582947785856,0.2058700275886573,308,False,True,False,False,0.3333333333333333,False,0.9841726958170287,38.795769993390614,724.0,0.007274619960343688,1513
coverage_stratified,protein_no_reliable_corr,GALNT7,A1b_no_protein_evidence,Remove direct protein and all protein-derived confidence,,0.6,1513,True,1412,1105,594,375,0.11468247985058048,0.8500000000000001,1245,4,0.32650363516192993,0.11918386434811497,3,False,True,False,False,0.17647058823529413,True,0.9718074881637081,65.77792465300728,649.5,0.0453580304031725,1513
coverage_stratified,protein_no_reliable_corr,GALNT7,A1c_no_protein_confidence,Retain direct protein; remove protein-derived confidence only,,0.6,1513,True,1412,1105,594,375,0.11558331187168068,0.8500000000000001,1266,4,0.3073364177131527,0.11918386434811498,3,False,True,False,False,0.3333333333333333,True,0.9748302982864125,73.1401189689359,270.5,0.03906417713152677,1513
coverage_stratified,protein_no_reliable_corr,GALNT7,A2_no_confidence,Remove the full confidence block; renormalise RNA/protein,,0.6,1513,True,1412,1105,594,375,0.13427516782514304,1.0,1277,6,0.29015201586252476,0.20587002758865808,308,False,True,False,False,0.3333333333333333,True,0.9556156810110417,99.23727693324521,333.0,0.029640912095175147,1513
coverage_stratified,protein_no_reliable_corr,GALNT7,A2a_no_conf_completeness,Remove completeness from confidence; renormalise retained components,,0.6,1513,True,1412,1105,594,375,0.11856653536355644,0.85,1238,5,0.32782551222736284,0.2100504379514009,336,False,True,False,False,0.6666666666666666,True,0.9979635651950355,20.85261070720423,91.0,0.005141506939854595,1513
coverage_stratified,protein_no_reliable_corr,GALNT7,A2b_no_conf_source_support,Remove source support from confidence; renormalise retained components,,0.6,1513,True,1412,1105,594,375,0.11813572158075847,0.8500000000000001,1244,5,0.3271645736946464,0.2002248141534618,305,False,True,False,False,0.6666666666666666,True,0.995920207283443,29.502313284864506,136.0,0.006959484467944481,1513
coverage_stratified,protein_no_reliable_corr,GALNT7,A2c_no_conf_consistency,Remove RNA-protein consistency; renormalise retained components,,0.6,1513,True,1412,1105,594,375,0.11886826130774435,0.8523000000000001,1263,4,0.30601454064771977,0.21957015199687108,6,False,True,False,False,0.8181818181818182,False,0.999358267610777,11.355584930601454,73.0,0.0027083939193654994,1513
coverage_stratified,protein_no_reliable_corr,GALNT7,A3_equal_bio,Equal RNA/protein biological weights,,0.6,1513,True,1412,1105,594,375,0.11922432660542717,0.8622000000000001,1273,4,0.29543952412425645,0.20587002758865747,308,False,True,False,False,0.8181818181818182,False,0.9974265282744371,16.497686715135494,225.0,0.0030321216126900203,1513
coverage_stratified,protein_no_reliable_corr,GALNT7,A3b_reversed_bio,Protein biological weight greater than RNA,,0.6,1513,True,1412,1105,594,375,0.12059219059740633,0.8827,1264,4,0.3053536021150033,0.2058700275886576,308,False,True,False,False,0.6666666666666666,False,0.9903307280802369,32.05155320555188,577.5,0.0060637805684071394,1513
coverage_stratified,protein_no_reliable_corr,GALNT7,A4_adaptive_trust,Team baseline plus gene-level adaptive RNA trust,,0.6,1513,True,1412,1105,594,375,0.12021953567330305,0.8778,1259,4,0.3126239259748843,0.2058700275886576,308,False,True,False,False,0.6666666666666666,False,0.9924178978933126,28.38268341044283,486.5,0.005336682088565764,1513
coverage_stratified,protein_no_reliable_corr,GALNT7,A5_v3_structure,Flat v3 RNA/protein/consistency/completeness structure,,0.6,1513,True,1412,1105,594,375,0.12385363262473176,0.889,1258,5,0.3086582947785856,0.20587002758865722,308,False,True,False,False,0.6666666666666666,True,0.9807233402942622,59.030403172504954,347.5,0.01833337739590218,1513
coverage_stratified,protein_no_reliable_corr,GALNT7,A6_v3_full,Flat v3 structure plus adaptive trust,,0.6,1513,True,1412,1105,594,375,0.1248645064333053,0.889,1259,5,0.3086582947785856,0.20587002758865736,308,False,True,False,False,0.6666666666666666,True,0.9809620483319371,56.45340383344349,698.5,0.01783165895571712,1513
coverage_stratified,protein_no_reliable_corr,FPR3,B0_rna_mean,RNA-only mean ranking; no protein or confidence in final score,,0.6,1513,True,1412,1105,594,18,0.06668429303552478,1.0,522,227,0.7686715135492399,0.1191838643481166,3,False,True,False,False,0.8181818181818182,True,0.7143239513846597,233.1883674818242,1364.5,0.06464454725710508,1513
coverage_stratified,protein_no_reliable_corr,FPR3,A0_team_baseline,"Team baseline: RNA .55, protein .30, confidence .15",,0.6,1513,True,1412,1105,594,18,0.061773239903999015,0.9381,508,230,0.7726371447455387,0.07837086599264519,21,False,True,True,True,1.0,True,1.0,0.0,0.0,0.0,1513
coverage_stratified,protein_no_reliable_corr,FPR3,A1a_no_direct_protein,Remove direct protein; retain protein-derived confidence,,0.6,1513,True,1412,1105,594,18,0.05875376030346354,0.9381,507,230,0.7739590218109715,0.07837086599264521,21,False,True,False,True,1.0,True,0.9998211553046288,1.3932584269662922,122.0,0.0014923992068737607,1513
coverage_stratified,protein_no_reliable_corr,FPR3,A1b_no_protein_evidence,Remove direct protein and all protein-derived confidence,,0.6,1513,True,1412,1105,594,18,0.06005641435559285,0.8967,516,227,0.7732980832782551,0.11918386434811677,3,False,True,False,False,0.8181818181818182,True,0.977274564018485,44.26305353602115,840.0,0.05283463317911433,1513
coverage_stratified,protein_no_reliable_corr,FPR3,A1c_no_protein_confidence,Retain direct protein; remove protein-derived confidence only,,0.6,1513,True,1412,1105,594,18,0.06222150875042932,0.8967,526,226,0.7633840052875083,0.11918386434811677,3,False,True,False,False,0.8181818181818182,True,0.980484052762312,38.78519497686715,1054.0,0.051695175148711164,1513
coverage_stratified,protein_no_reliable_corr,FPR3,A2_no_confidence,Remove the full confidence block; renormalise RNA/protein,,0.6,1513,True,1412,1105,594,18,0.0688487039148543,1.0,534,226,0.7574355584930601,0.07837086599264542,21,False,True,False,False,0.8181818181818182,True,0.7299597502557686,226.54130865829478,1305.0,0.06292128222075347,1513
coverage_stratified,protein_no_reliable_corr,FPR3,A2a_no_conf_completeness,Remove completeness from confidence; renormalise retained components,,0.6,1513,True,1412,1105,594,18,0.06291672953674947,0.9469,518,226,0.7693324520819563,0.11593187677313493,21,False,True,False,False,0.8181818181818182,True,0.984814458896763,34.49966953073364,517.5,0.0052274289491077335,1513
coverage_stratified,protein_no_reliable_corr,FPR3,A2b_no_conf_source_support,Remove source support from confidence; renormalise retained components,,0.6,1513,True,1412,1105,594,18,0.060495116411003996,0.925,507,226,0.7759418374091209,0.037714806291729575,19,False,True,False,False,0.8181818181818182,True,0.7328840341492361,225.61202908129545,815.0,0.007705551883674816,1513
coverage_stratified,protein_no_reliable_corr,FPR3,A2c_no_conf_consistency,Remove RNA-protein consistency; renormalise retained components,,0.6,1513,True,1412,1105,594,18,0.06306451155853049,0.9425,521,226,0.7666886979510905,0.10271006826476288,5,False,True,False,False,0.8181818181818182,True,0.9930452763334243,21.476536682088565,431.0,0.002722405816259088,1513
coverage_stratified,protein_no_reliable_corr,FPR3,A3_equal_bio,Equal RNA/protein biological weights,,0.6,1513,True,1412,1105,594,18,0.06404644590376662,0.9381,507,230,0.7732980832782551,0.07837086599264519,21,False,True,False,False,0.8181818181818182,True,0.9999873129568615,0.2617316589557171,72.0,0.0006217448777263713,1513
coverage_stratified,protein_no_reliable_corr,FPR3,A3b_reversed_bio,Protein biological weight greater than RNA,,0.6,1513,True,1412,1105,594,18,0.06683635204929939,0.9381,507,230,0.7739590218109715,0.07837086599264523,21,False,True,False,False,0.6666666666666666,True,0.9999209454039097,0.5743555849306015,197.5,0.0012436880370125577,1513
coverage_stratified,protein_no_reliable_corr,FPR3,A4_adaptive_trust,Team baseline plus gene-level adaptive RNA trust,,0.6,1513,True,1412,1105,594,18,0.06612332381469761,0.9381,507,230,0.7739590218109715,0.07837086599264523,21,False,True,False,False,0.6666666666666666,True,0.9999418264346918,0.5095836087243887,167.0,0.0010945142101784532,1513
coverage_stratified,protein_no_reliable_corr,FPR3,A5_v3_structure,Flat v3 RNA/protein/consistency/completeness structure,,0.6,1513,True,1412,1105,594,18,0.06542382989419873,0.9445,513,226,0.7779246530072703,0.0783708659926455,21,False,True,False,False,0.8181818181818182,True,0.7337436116819329,225.20224719101122,815.0,0.017235492399206874,1513
coverage_stratified,protein_no_reliable_corr,FPR3,A6_v3_full,Flat v3 structure plus adaptive trust,,0.6,1513,True,1412,1105,594,18,0.06934089893169035,0.9445,514,226,0.7766027759418375,0.0783708659926455,21,False,True,False,False,0.6666666666666666,True,0.7337311991799227,225.4097818902842,815.0,0.01810257766027759,1513
coverage_stratified,protein_no_reliable_corr,SUSD1,B0_rna_mean,RNA-only mean ranking; no protein or confidence in final score,,0.6,1513,True,1412,1105,594,18,0.2084406929548396,1.0,1344,4,0.21017845340383345,0.11918386434811602,3,False,True,False,False,0.6666666666666666,False,0.9964547539975256,22.183740912095175,582.0,0.0266419695968275,1513
coverage_stratified,protein_no_reliable_corr,SUSD1,A0_team_baseline,"Team baseline: RNA .55, protein .30, confidence .15",,0.6,1513,True,1412,1105,594,18,0.17950354790555748,0.8578,1305,4,0.25974884335756776,0.0805043619528737,21,False,True,True,True,1.0,True,1.0,0.0,0.0,0.0,1513
coverage_stratified,protein_no_reliable_corr,SUSD1,A1a_no_direct_protein,Remove direct protein; retain protein-derived confidence,,0.6,1513,True,1412,1105,594,18,0.17927934342024426,0.8578,1306,4,0.25842696629213485,0.08050436195287368,21,False,True,False,False,0.8181818181818182,True,0.9990630523948029,1.9676140118968937,440.0,0.0006210178453403835,1513
coverage_stratified,protein_no_reliable_corr,SUSD1,A1b_no_protein_evidence,Remove direct protein and all protein-derived confidence,,0.6,1513,True,1412,1105,594,18,0.1808709534756478,0.8783000000000001,1303,4,0.25842696629213485,0.11918386434811605,3,False,True,False,False,0.6666666666666666,True,0.9974833165681133,16.898215465961666,519.0,0.052176602775941834,1513
coverage_stratified,protein_no_reliable_corr,SUSD1,A1c_no_protein_confidence,Retain direct protein; remove protein-derived confidence only,,0.6,1513,True,1412,1105,594,18,0.18103685307006456,0.8783000000000001,1301,4,0.26107072042300067,0.11918386434811605,3,False,True,False,False,0.6666666666666666,True,0.9985926067239881,15.96629213483146,186.0,0.05165076007931262,1513
coverage_stratified,protein_no_reliable_corr,SUSD1,A2_no_confidence,Remove the full confidence block; renormalise RNA/protein,,0.6,1513,True,1412,1105,594,18,0.2086100085719878,1.0,1343,4,0.21216126900198282,0.08050436195287361,21,False,True,False,False,0.6666666666666666,False,0.9977381700587735,21.22538003965631,197.0,0.026239524124256446,1513
coverage_stratified,protein_no_reliable_corr,SUSD1,A2a_no_conf_completeness,Remove completeness from confidence; renormalise retained components,,0.6,1513,True,1412,1105,594,18,0.18098864065641793,0.8754,1301,4,0.2623925974884336,0.11792296922877642,21,False,True,False,False,0.8181818181818182,True,0.9992781553001497,12.922670191672175,45.0,0.0051931262392597485,1513
coverage_stratified,protein_no_reliable_corr,SUSD1,A2b_no_conf_source_support,Remove source support from confidence; renormalise retained components,,0.6,1513,True,1412,1105,594,18,0.1776761149726488,0.8500000000000001,1301,4,0.26305353602115006,0.047335286563693416,19,False,True,False,False,0.8181818181818182,False,0.9983418296127377,19.62524785194977,61.5,0.007731791143423662,1513
coverage_stratified,protein_no_reliable_corr,SUSD1,A2c_no_conf_consistency,Remove RNA-protein consistency; renormalise retained components,,0.6,1513,True,1412,1105,594,18,0.18026119854913958,0.8666,1301,4,0.26437541308658297,0.10126078589101067,6,False,True,False,False,0.8181818181818182,True,0.9998079364331803,6.631196298744217,42.5,0.002619762062128224,1513
coverage_stratified,protein_no_reliable_corr,SUSD1,A3_equal_bio,Equal RNA/protein biological weights,,0.6,1513,True,1412,1105,594,18,0.17968580602965536,0.8578,1302,4,0.2637144745538665,0.0805043619528737,21,False,True,False,True,1.0,True,0.9998846612105541,0.9385327164573695,155.0,0.00025862524785194975,1513
coverage_stratified,protein_no_reliable_corr,SUSD1,A3b_reversed_bio,Protein biological weight greater than RNA,,0.6,1513,True,1412,1105,594,18,0.17991970571100474,0.8578,1306,4,0.25842696629213485,0.08050436195287368,21,False,True,False,False,0.8181818181818182,True,0.9995786109524926,1.6853932584269662,268.0,0.0005173826834104428,1513
coverage_stratified,protein_no_reliable_corr,SUSD1,A4_adaptive_trust,Team baseline plus gene-level adaptive RNA trust,,0.6,1513,True,1412,1105,594,18,0.17985876845604973,0.8578,1305,4,0.2590879048248513,0.0805043619528737,21,False,True,False,False,0.8181818181818182,True,0.999657972360662,1.543291473892928,246.0,0.0004552544613350959,1513
coverage_stratified,protein_no_reliable_corr,SUSD1,A5_v3_structure,Flat v3 RNA/protein/consistency/completeness structure,,0.6,1513,True,1412,1105,594,18,0.18584870036002968,0.889,1321,6,0.23463317911434237,0.0805043619528737,21,False,True,False,False,0.8181818181818182,False,0.9977002497319235,20.71050892267019,263.0,0.01033688037012558,1513
coverage_stratified,protein_no_reliable_corr,SUSD1,A6_v3_full,Flat v3 structure plus adaptive trust,,0.6,1513,True,1412,1105,594,18,0.18613425154667623,0.889,1319,6,0.23727693324520818,0.08050436195287365,21,False,True,False,False,0.8181818181818182,False,0.9972919424936466,21.068076668869796,321.0,0.01055822868473232,1513
coverage_stratified,protein_no_reliable_corr,SIGLEC9,B0_rna_mean,RNA-only mean ranking; no protein or confidence in final score,,0.6,1513,True,1412,1105,594,18,0.07384012732019785,1.0,564,280,0.729676140118969,0.11918386434811645,3,False,True,False,False,0.6666666666666666,True,0.8417818218795594,143.82551222736285,1407.0,0.06047257105089227,1513
coverage_stratified,protein_no_reliable_corr,SIGLEC9,A0_team_baseline,"Team baseline: RNA .55, protein .30, confidence .15",,0.6,1513,True,1412,1105,594,18,0.0664624988203725,0.8631000000000001,545,277,0.7488433575677462,0.08090735011520292,21,False,True,True,True,1.0,True,1.0,0.0,0.0,0.0,1513
coverage_stratified,protein_no_reliable_corr,SIGLEC9,A1a_no_direct_protein,Remove direct protein; retain protein-derived confidence,,0.6,1513,True,1412,1105,594,18,0.06533887181927538,0.8631000000000001,544,277,0.7495042961004627,0.08090735011520296,21,False,True,False,False,0.8181818181818182,True,0.9997779011668919,0.9517514871116987,228.0,0.0006781229345670851,1513
coverage_stratified,protein_no_reliable_corr,SIGLEC9,A1b_no_protein_evidence,Remove direct protein and all protein-derived confidence,,0.6,1513,True,1412,1105,594,18,0.06669721493971908,0.8734,532,282,0.7620621282220753,0.11918386434811674,3,False,True,False,False,0.6666666666666666,True,0.9656756076329607,52.24983476536682,1194.5,0.05216774619960344,1513
coverage_stratified,protein_no_reliable_corr,SIGLEC9,A1c_no_protein_confidence,Retain direct protein; remove protein-derived confidence only,,0.6,1513,True,1412,1105,594,18,0.06747550124471306,0.8734,540,279,0.7567746199603437,0.11918386434811676,3,False,True,False,False,0.8181818181818182,True,0.9701831677609055,48.67085261070721,1166.0,0.05160264375413085,1513
coverage_stratified,protein_no_reliable_corr,SIGLEC9,A2_no_confidence,Remove the full confidence block; renormalise RNA/protein,,0.6,1513,True,1412,1105,594,18,0.07471767751496546,1.0,571,277,0.7250495703899538,0.08090735011520318,21,False,True,False,False,0.8181818181818182,True,0.8499583346489501,140.6021150033047,1273.0,0.059794910773298085,1513
coverage_stratified,protein_no_reliable_corr,SIGLEC9,A2a_no_conf_completeness,Remove completeness from confidence; renormalise retained components,,0.6,1513,True,1412,1105,594,18,0.06793693933617476,0.8719,556,277,0.7428949107732981,0.11836550089057771,21,False,True,False,True,1.0,True,0.9787136230077347,42.258426966292134,475.0,0.005179378717779247,1513
coverage_stratified,protein_no_reliable_corr,SIGLEC9,A2b_no_conf_source_support,Remove source support from confidence; renormalise retained components,,0.6,1513,True,1412,1105,594,18,0.06498097336353183,0.8500000000000001,554,277,0.7422339722405816,0.046674073875368254,19,False,True,False,True,1.0,True,0.8579180341577293,137.84930601454064,760.5,0.007693522802379379,1513
coverage_stratified,protein_no_reliable_corr,SIGLEC9,A2c_no_conf_consistency,Remove RNA-protein consistency; renormalise retained components,,0.6,1513,True,1412,1105,594,18,0.06755383799230609,0.8675,545,277,0.7508261731658956,0.10184304009654087,6,False,True,False,True,1.0,True,0.9908799773428467,25.31526768010575,387.0,0.002620158625247853,1513
coverage_stratified,protein_no_reliable_corr,SIGLEC9,A3_equal_bio,Equal RNA/protein biological weights,,0.6,1513,True,1412,1105,594,18,0.06719081056285867,0.8631000000000001,545,277,0.7481824190350297,0.08090735011520292,21,False,True,False,False,0.8181818181818182,True,0.9999523657679271,0.34236615994712494,160.5,0.00028268341044282875,1513
coverage_stratified,protein_no_reliable_corr,SIGLEC9,A3b_reversed_bio,Protein biological weight greater than RNA,,0.6,1513,True,1412,1105,594,18,0.06806505709451299,0.8631000000000001,544,277,0.7501652346331791,0.08090735011520292,21,False,True,False,False,0.8181818181818182,True,0.999824232733429,0.6364838070059484,311.0,0.000565300727032386,1513
coverage_stratified,protein_no_reliable_corr,SIGLEC9,A4_adaptive_trust,Team baseline plus gene-level adaptive RNA trust,,0.6,1513,True,1412,1105,594,18,0.06784257144432944,0.8631000000000001,546,277,0.7475214805023133,0.08090735011520292,21,False,True,False,False,0.8181818181818182,True,0.9998623761150559,0.5637805684071381,275.0,0.0004974884335756775,1513
coverage_stratified,protein_no_reliable_corr,SIGLEC9,A5_v3_structure,Flat v3 RNA/protein/consistency/completeness structure,,0.6,1513,True,1412,1105,594,18,0.07026946900501765,0.889,556,277,0.7389292795769994,0.08090735011520317,21,False,True,False,True,1.0,True,0.8580093681180511,138.3172504957039,759.0,0.016790879048248514,1513
coverage_stratified,protein_no_reliable_corr,SIGLEC9,A6_v3_full,Flat v3 structure plus adaptive trust,,0.6,1513,True,1412,1105,594,18,0.07161658359187807,0.889,557,277,0.7376074025115664,0.08090735011520317,21,False,True,False,False,0.8181818181818182,True,0.8580083066939888,138.39193654990086,759.0,0.017150760079312623,1513
coverage_stratified,protein_no_reliable_corr,CA5A,B0_rna_mean,RNA-only mean ranking; no protein or confidence in final score,,0.6,1513,True,1412,1105,594,16,0.045851647043743324,1.0,423,353,0.8268341044282882,0.11918386434811576,3,False,True,False,True,1.0,True,0.5956375024845484,302.86913417052216,1479.0,0.06476880370125578,1513
coverage_stratified,protein_no_reliable_corr,CA5A,A0_team_baseline,"Team baseline: RNA .55, protein .30, confidence .15",,0.6,1513,True,1412,1105,594,16,0.0451419767115654,0.8631000000000001,402,349,0.8466622604097819,0.07778013490052328,19,False,True,True,True,1.0,True,1.0,0.0,0.0,0.0,1513
coverage_stratified,protein_no_reliable_corr,CA5A,A1a_no_direct_protein,Remove direct protein; retain protein-derived confidence,,0.6,1513,True,1412,1105,594,16,0.041524722167437515,0.8631000000000001,401,349,0.8473231989424983,0.07778013490052328,19,False,True,False,True,1.0,True,0.9999741432864965,0.36814276272306673,89.0,0.0011152015862524785,1513
coverage_stratified,protein_no_reliable_corr,CA5A,A1b_no_protein_evidence,Remove direct protein and all protein-derived confidence,,0.6,1513,True,1412,1105,594,16,0.043979681345867806,0.8734,425,350,0.8248512888301388,0.11918386434811631,3,False,True,False,True,1.0,True,0.9784768553570378,39.629874421678785,909.5,0.05256378056840714,1513
coverage_stratified,protein_no_reliable_corr,CA5A,A1c_no_protein_confidence,Retain direct protein; remove protein-derived confidence only,,0.6,1513,True,1412,1105,594,16,0.04654692812751058,0.8734,437,349,0.813615333773959,0.11918386434811631,3,False,True,False,True,1.0,True,0.9826325979716345,33.67151354923992,1087.5,0.05170541969596827,1513
coverage_stratified,protein_no_reliable_corr,CA5A,A2_no_confidence,Remove the full confidence block; renormalise RNA/protein,,0.6,1513,True,1412,1105,594,16,0.04862260388300427,1.0,432,352,0.8202247191011236,0.07778013490052463,19,False,True,False,True,1.0,True,0.6196068979134479,296.00991407799074,1425.0,0.06349524124256443,1513
coverage_stratified,protein_no_reliable_corr,CA5A,A2a_no_conf_completeness,Remove completeness from confidence; renormalise retained components,,0.6,1513,True,1412,1105,594,16,0.04698085068038626,0.8719,420,349,0.838070059484468,0.11580251152843665,19,False,True,False,True,1.0,True,0.9867044668912259,30.943159286186386,549.5,0.00521083939193655,1513
coverage_stratified,protein_no_reliable_corr,CA5A,A2b_no_conf_source_support,Remove source support from confidence; renormalise retained components,,0.6,1513,True,1412,1105,594,16,0.04321598478251261,0.8500000000000001,400,352,0.8407138136153338,0.03763416121342188,17,False,True,False,True,1.0,True,0.6220599047236437,295.4210178453404,863.5,0.007713152676801057,1513
coverage_stratified,protein_no_reliable_corr,CA5A,A2c_no_conf_consistency,Remove RNA-protein consistency; renormalise retained components,,0.6,1513,True,1412,1105,594,16,0.046764561120757234,0.8675,423,350,0.8307997356245869,0.10123190854024476,5,False,True,False,True,1.0,True,0.994644012047753,17.679444811632518,409.0,0.0026817580964970254,1513
coverage_stratified,protein_no_reliable_corr,CA5A,A3_equal_bio,Equal RNA/protein biological weights,,0.6,1513,True,1412,1105,594,16,0.047388360879130974,0.8631000000000001,402,349,0.8466622604097819,0.07778013490052328,19,False,True,False,False,0.8181818181818182,True,0.9999921540016203,0.1427627230667548,63.0,0.00046463978849966946,1513
coverage_stratified,protein_no_reliable_corr,CA5A,A3b_reversed_bio,Protein biological weight greater than RNA,,0.6,1513,True,1412,1105,594,16,0.04998875530094117,0.8631000000000001,403,349,0.845340383344349,0.07778013490052328,19,False,True,False,False,0.6666666666666666,True,0.9998975054054214,0.4077990746860542,238.5,0.0009292134831460673,1513
coverage_stratified,protein_no_reliable_corr,CA5A,A4_adaptive_trust,Team baseline plus gene-level adaptive RNA trust,,0.6,1513,True,1412,1105,594,16,0.04933514153728665,0.8631000000000001,402,349,0.8466622604097819,0.07778013490052328,19,False,True,False,False,0.6666666666666666,True,0.999941053833324,0.3238598810310641,180.0,0.0008176470588235293,1513
coverage_stratified,protein_no_reliable_corr,CA5A,A5_v3_structure,Flat v3 RNA/protein/consistency/completeness structure,,0.6,1513,True,1412,1105,594,16,0.04840638600563349,0.889,409,352,0.8413747521480502,0.07778013490052464,19,False,True,False,True,1.0,True,0.6220561666172699,295.4937210839392,863.0,0.017401387970918707,1513
coverage_stratified,protein_no_reliable_corr,CA5A,A6_v3_full,Flat v3 structure plus adaptive trust,,0.6,1513,True,1412,1105,594,16,0.052347971154405565,0.889,410,352,0.8400528750826173,0.07778013490052464,19,False,True,False,False,0.5384615384615384,True,0.6220548014214017,295.53998678122935,863.0,0.018027032385988104,1513
coverage_stratified,protein_no_reliable_corr,ST8SIA3,B0_rna_mean,RNA-only mean ranking; no protein or confidence in final score,,0.6,1513,True,1412,1105,594,17,0.13400670791403796,1.0,560,405,0.7078651685393258,0.1191838643481149,3,False,True,False,False,0.8181818181818182,True,0.6612778358990262,251.90614672835426,1331.5,0.0574415069398546,1513
coverage_stratified,protein_no_reliable_corr,ST8SIA3,A0_team_baseline,"Team baseline: RNA .55, protein .30, confidence .15",,0.6,1513,True,1412,1105,594,17,0.1149188436034668,0.8631000000000001,543,402,0.7323198942498348,0.08258349734594292,20,False,True,True,True,1.0,True,1.0,0.0,0.0,0.0,1513
coverage_stratified,protein_no_reliable_corr,ST8SIA3,A1a_no_direct_protein,Remove direct protein; retain protein-derived confidence,,0.6,1513,True,1412,1105,594,17,0.11464768953470253,0.8631000000000001,546,402,0.729676140118969,0.08258349734594292,20,False,True,False,True,1.0,True,0.9999215707202925,0.6040978189028421,126.5,0.0002460013218770654,1513
coverage_stratified,protein_no_reliable_corr,ST8SIA3,A1b_no_protein_evidence,Remove direct protein and all protein-derived confidence,,0.6,1513,True,1412,1105,594,17,0.1151692188957545,0.8734,540,405,0.7395902181097158,0.11918386434811674,3,False,True,False,True,1.0,True,0.9668618348796166,46.879709187045606,962.0,0.05181962987442167,1513
coverage_stratified,protein_no_reliable_corr,ST8SIA3,A1c_no_protein_confidence,Retain direct protein; remove protein-derived confidence only,,0.6,1513,True,1412,1105,594,17,0.1154371299012093,0.8734,543,402,0.7376074025115664,0.11918386434811674,3,False,True,False,True,1.0,True,0.9648837772967268,47.15994712491738,945.0,0.05162868473231988,1513
coverage_stratified,protein_no_reliable_corr,ST8SIA3,A2_no_confidence,Remove the full confidence block; renormalise RNA/protein,,0.6,1513,True,1412,1105,594,17,0.13431361815774057,1.0,562,402,0.7065432914738929,0.08258349734594254,20,False,True,False,False,0.8181818181818182,True,0.6561976480165514,252.50297422339722,1290.0,0.05740218109715796,1513
coverage_stratified,protein_no_reliable_corr,ST8SIA3,A2a_no_conf_completeness,Remove completeness from confidence; renormalise retained components,,0.6,1513,True,1412,1105,594,17,0.11556790565663311,0.8719,553,402,0.7243886318572372,0.12028411914925805,20,False,True,False,True,1.0,True,0.9784357756697887,37.684071381361534,554.0,0.005130601454064772,1513
coverage_stratified,protein_no_reliable_corr,ST8SIA3,A2b_no_conf_source_support,Remove source support from confidence; renormalise retained components,,0.6,1513,True,1412,1105,594,17,0.11457444533220465,0.8500000000000001,542,403,0.7290152015862524,0.04988946678260511,17,False,True,False,False,0.8181818181818182,True,0.6855221513971997,245.81625908790483,843.0,0.007658426966292134,1513
coverage_stratified,protein_no_reliable_corr,ST8SIA3,A2c_no_conf_consistency,Remove RNA-protein consistency; renormalise retained components,,0.6,1513,True,1412,1105,594,17,0.11528223393290779,0.8675,544,402,0.7303370786516854,0.10197398146015647,5,False,True,False,True,1.0,True,0.9878238077074459,22.41176470588235,521.0,0.002580370125578324,1513
coverage_stratified,protein_no_reliable_corr,ST8SIA3,A3_equal_bio,Equal RNA/protein biological weights,,0.6,1513,True,1412,1105,594,17,0.11506847918363734,0.8631000000000001,546,402,0.729676140118969,0.08258349734594293,20,False,True,False,False,0.8181818181818182,True,0.9999426110964634,0.518836748182419,139.0,0.00010251156642432259,1513
coverage_stratified,protein_no_reliable_corr,ST8SIA3,A3b_reversed_bio,Protein biological weight greater than RNA,,0.6,1513,True,1412,1105,594,17,0.11523932660051715,0.8631000000000001,547,402,0.7276933245208196,0.08258349734594293,20,False,True,False,False,0.8181818181818182,True,0.9997392575268852,1.170522141440846,260.5,0.00020489094514210182,1513
coverage_stratified,protein_no_reliable_corr,ST8SIA3,A4_adaptive_trust,Team baseline plus gene-level adaptive RNA trust,,0.6,1513,True,1412,1105,594,17,0.11519619453141212,0.8631000000000001,543,402,0.7316589557171183,0.08258349734594293,20,False,True,False,False,0.8181818181818182,True,0.9998020933734109,1.0112359550561798,233.5,0.00018030403172504954,1513
coverage_stratified,protein_no_reliable_corr,ST8SIA3,A5_v3_structure,Flat v3 RNA/protein/consistency/completeness structure,,0.6,1513,True,1412,1105,594,17,0.1207227559215004,0.889,553,404,0.7111698612029081,0.08258349734594249,20,False,True,False,False,0.8181818181818182,True,0.6850905483633015,246.4500991407799,845.0,0.016388896232650364,1513
coverage_stratified,protein_no_reliable_corr,ST8SIA3,A6_v3_full,Flat v3 structure plus adaptive trust,,0.6,1513,True,1412,1105,594,17,0.12090757472825661,0.889,553,404,0.7111698612029081,0.08258349734594249,20,False,True,False,False,0.8181818181818182,True,0.6850918567932971,246.4540647719762,845.0,0.01639682749504296,1513
coverage_stratified,protein_no_reliable_corr,PLEKHH2,B0_rna_mean,RNA-only mean ranking; no protein or confidence in final score,,0.6,1513,True,1412,1105,594,18,0.17838183703850638,1.0,1121,20,0.4117647058823529,0.11918386434811493,3,False,True,False,False,0.8181818181818182,True,0.9905484906602913,33.91804362194316,1005.5,0.04108559153998678,1513
coverage_stratified,protein_no_reliable_corr,PLEKHH2,A0_team_baseline,"Team baseline: RNA .55, protein .30, confidence .15",,0.6,1513,True,1412,1105,594,18,0.15384130739212587,0.8631000000000001,1123,20,0.4170522141440846,0.07808160317420798,20,False,True,True,True,1.0,True,1.0,0.0,0.0,0.0,1513
coverage_stratified,protein_no_reliable_corr,PLEKHH2,A1a_no_direct_protein,Remove direct protein; retain protein-derived confidence,,0.6,1513,True,1412,1105,594,18,0.15308725474150622,0.8631000000000001,1123,20,0.41771315267680104,0.07808160317420801,20,False,True,False,False,0.8181818181818182,True,0.9972237563415074,4.6411103767349635,805.0,0.0011390614672835426,1513
coverage_stratified,protein_no_reliable_corr,PLEKHH2,A1b_no_protein_evidence,Remove direct protein and all protein-derived confidence,,0.6,1513,True,1412,1105,594,18,0.15365845833981176,0.8734,1112,20,0.42762723066754793,0.11918386434811609,3,False,True,False,False,0.8181818181818182,True,0.992746677359256,25.579643093192335,985.0,0.05263767349636485,1513
coverage_stratified,protein_no_reliable_corr,PLEKHH2,A1c_no_protein_confidence,Retain direct protein; remove protein-derived confidence only,,0.6,1513,True,1412,1105,594,18,0.15414599757565567,0.8734,1118,20,0.42101784534038333,0.11918386434811609,3,False,True,False,False,0.8181818181818182,True,0.9974460772251093,22.63582286847323,266.0,0.05168089887640449,1513
coverage_stratified,protein_no_reliable_corr,PLEKHH2,A2_no_confidence,Remove the full confidence block; renormalise RNA/protein,,0.6,1513,True,1412,1105,594,18,0.17890709869266863,1.0,1128,20,0.403172504957039,0.0780816031742074,20,False,True,False,False,0.8181818181818182,True,0.9954318779026471,30.72042300066094,313.0,0.039827164573694646,1513
coverage_stratified,protein_no_reliable_corr,PLEKHH2,A2a_no_conf_completeness,Remove completeness from confidence; renormalise retained components,,0.6,1513,True,1412,1105,594,18,0.15454316475078325,0.8719,1123,20,0.41308658294778583,0.11593559884076514,21,False,True,False,True,1.0,True,0.9982849543848675,18.99405155320555,75.0,0.005261797752808988,1513
coverage_stratified,protein_no_reliable_corr,PLEKHH2,A2b_no_conf_source_support,Remove source support from confidence; renormalise retained components,,0.6,1513,True,1412,1105,594,18,0.15305569005310568,0.8500000000000001,1094,20,0.43820224719101125,0.041686138181371284,19,False,True,False,True,1.0,True,0.9957484327279588,29.777924653007272,103.0,0.007750760079312626,1513
coverage_stratified,protein_no_reliable_corr,PLEKHH2,A2c_no_conf_consistency,Remove RNA-protein consistency; renormalise retained components,,0.6,1513,True,1412,1105,594,18,0.15440807416778696,0.8675,1113,20,0.42696629213483145,0.10067516427811131,6,False,True,False,True,1.0,True,0.9995393801612245,9.804362194315928,42.0,0.002674619960343688,1513
coverage_stratified,protein_no_reliable_corr,PLEKHH2,A3_equal_bio,Equal RNA/protein biological weights,,0.6,1513,True,1412,1105,594,18,0.15443610033724717,0.8631000000000001,1121,20,0.4196959682749504,0.07808160317420797,20,False,True,False,True,1.0,True,0.9998222172262689,1.2597488433575676,179.0,0.00047442167878387323,1513
coverage_stratified,protein_no_reliable_corr,PLEKHH2,A3b_reversed_bio,Protein biological weight greater than RNA,,0.6,1513,True,1412,1105,594,18,0.15519393208298712,0.8631000000000001,1126,20,0.4137475214805023,0.07808160317420788,20,False,True,False,True,1.0,True,0.9995240021091298,2.09517514871117,285.0,0.0009491738268341045,1513
coverage_stratified,protein_no_reliable_corr,PLEKHH2,A4_adaptive_trust,Team baseline plus gene-level adaptive RNA trust,,0.6,1513,True,1412,1105,594,18,0.15499712430486187,0.8631000000000001,1123,20,0.41771315267680104,0.0780816031742079,20,False,True,False,True,1.0,True,0.9995912503365855,1.9345670852610708,263.0,0.0008350958360872439,1513
coverage_stratified,protein_no_reliable_corr,PLEKHH2,A5_v3_structure,Flat v3 RNA/protein/consistency/completeness structure,,0.6,1513,True,1412,1105,594,18,0.1604971357991837,0.889,1120,20,0.4084600132187707,0.07808160317420736,20,False,True,False,True,1.0,True,0.9951484713634597,30.41176470588235,562.0,0.012689160608063452,1513
coverage_stratified,protein_no_reliable_corr,PLEKHH2,A6_v3_full,Flat v3 structure plus adaptive trust,,0.6,1513,True,1412,1105,594,18,0.16150223385702153,0.889,1120,20,0.4084600132187707,0.07808160317420733,20,False,True,False,True,1.0,True,0.9948711024188395,31.24454725710509,514.0,0.013336814276272304,1513
coverage_stratified,protein_no_reliable_corr,ZNF721,B0_rna_mean,RNA-only mean ranking; no protein or confidence in final score,,0.6,1476,True,1412,1105,0,18,0.12737607997656572,1.0,1210,4,0.3326558265582656,0.0708947424475238,2,False,True,False,True,1.0,True,0.9935247389254482,28.351626016260163,924.5,0.02606578590785908,1476
coverage_stratified,protein_no_reliable_corr,ZNF721,A0_team_baseline,"Team baseline: RNA .55, protein .30, confidence .15",,0.6,1476,True,1412,1105,0,18,0.10786383950360233,0.8369000000000001,1167,5,0.3821138211382114,0.05553110682190157,20,False,True,True,True,1.0,True,1.0,0.0,0.0,0.0,1476
coverage_stratified,protein_no_reliable_corr,ZNF721,A1a_no_direct_protein,Remove direct protein; retain protein-derived confidence,,0.6,1476,True,1412,1105,0,18,0.10780278944894434,0.8369000000000001,1163,5,0.3875338753387534,0.0555311068219017,20,False,True,False,True,1.0,True,0.9905717632900715,11.112466124661246,1119.5,0.0012088075880758809,1476
coverage_stratified,protein_no_reliable_corr,ZNF721,A1b_no_protein_evidence,Remove direct protein and all protein-derived confidence,,0.6,1476,True,1412,1105,0,18,0.10751654311862577,0.8266,1182,4,0.3597560975609756,0.07089474244752277,2,False,True,False,False,0.8181818181818182,True,0.9941070917869469,20.87940379403794,971.5,0.04926754742547425,1476
coverage_stratified,protein_no_reliable_corr,ZNF721,A1c_no_protein_confidence,Retain direct protein; remove protein-derived confidence only,,0.6,1476,True,1412,1105,0,18,0.1079972253231849,0.8266,1181,4,0.3611111111111111,0.07089474244752275,2,False,True,False,False,0.8181818181818182,True,0.9974031281013933,21.36178861788618,276.5,0.04807987804878049,1476
coverage_stratified,protein_no_reliable_corr,ZNF721,A2_no_confidence,Remove the full confidence block; renormalise RNA/protein,,0.6,1476,True,1412,1105,0,18,0.12799561670885892,1.0,1212,4,0.33062330623306235,0.05553110682190169,20,False,True,False,True,1.0,True,0.9962079290124427,25.179539295392953,319.5,0.025697628726287267,1476
coverage_stratified,protein_no_reliable_corr,ZNF721,A2a_no_conf_completeness,Remove completeness from confidence; renormalise retained components,,0.6,1476,True,1412,1105,0,18,0.10776598242955136,0.8281000000000001,1179,5,0.37262872628726285,0.07213182389548396,20,False,True,False,False,0.8181818181818182,True,0.9988041923954628,16.848238482384822,117.0,0.002785907859078591,1476
coverage_stratified,protein_no_reliable_corr,ZNF721,A2b_no_conf_source_support,Remove source support from confidence; renormalise retained components,,0.6,1476,True,1412,1105,0,18,0.10839981322358104,0.8500000000000001,1181,5,0.36720867208672087,0.0412752987568544,19,False,True,False,True,1.0,True,0.9976036089182783,24.296747967479675,73.5,0.003949525745257453,1476
coverage_stratified,protein_no_reliable_corr,ZNF721,A2c_no_conf_consistency,Remove RNA-protein consistency; renormalise retained components,,0.6,1476,True,1412,1105,0,18,0.10771327886267894,0.8325,1163,4,0.3915989159891599,0.06972522336017212,4,False,True,False,False,0.8181818181818182,True,0.9996594595632198,8.23509485094851,84.5,0.0013798102981029815,1476
coverage_stratified,protein_no_reliable_corr,ZNF721,A3_equal_bio,Equal RNA/protein biological weights,,0.6,1476,True,1412,1105,0,18,0.1082602073554904,0.8369000000000001,1169,5,0.3794037940379404,0.05553110682190159,20,False,True,False,True,1.0,True,0.9990945199931948,3.1978319783197833,324.5,0.0005035230352303525,1476
coverage_stratified,protein_no_reliable_corr,ZNF721,A3b_reversed_bio,Protein biological weight greater than RNA,,0.6,1476,True,1412,1105,0,18,0.10887218581150869,0.8369000000000001,1169,5,0.3787262872628726,0.055531106821901516,20,False,True,False,False,0.8181818181818182,True,0.997186369862553,5.427506775067751,627.5,0.0010070460704607047,1476
coverage_stratified,protein_no_reliable_corr,ZNF721,A4_adaptive_trust,Team baseline plus gene-level adaptive RNA trust,,0.6,1476,True,1412,1105,0,18,0.10870613229857189,0.8369000000000001,1170,5,0.3780487804878049,0.055531106821901516,20,False,True,False,False,0.8181818181818182,True,0.9977398004487371,4.920731707317073,546.0,0.0008863143631436315,1476
coverage_stratified,protein_no_reliable_corr,ZNF721,A5_v3_structure,Flat v3 RNA/protein/consistency/completeness structure,,0.6,1476,True,1412,1105,0,18,0.11322304926872401,0.889,1190,4,0.3597560975609756,0.05553110682190169,20,False,True,False,True,1.0,True,0.99696032984591,25.980352303523034,330.5,0.009635636856368564,1476
coverage_stratified,protein_no_reliable_corr,ZNF721,A6_v3_full,Flat v3 structure plus adaptive trust,,0.6,1476,True,1412,1105,0,18,0.11376508591424933,0.889,1193,4,0.35501355013550134,0.055531106821901675,20,False,True,False,True,1.0,True,0.9960597945804927,25.32791327913279,489.5,0.009775745257452575,1476
coverage_stratified,protein_no_reliable_corr,FCGR1A,B0_rna_mean,RNA-only mean ranking; no protein or confidence in final score,,0.6,1476,True,1412,1105,0,18,0.10531679411301799,1.0,361,286,0.8441734417344173,0.07089474244752429,2,False,True,False,True,1.0,False,0.8512527745440626,166.30826558265582,1235.5,0.06723631436314363,1476
coverage_stratified,protein_no_reliable_corr,FCGR1A,A0_team_baseline,"Team baseline: RNA .55, protein .30, confidence .15",,0.6,1476,True,1412,1105,0,18,0.09192369549775398,0.8648,368,283,0.8401084010840109,0.05935705020640656,20,False,True,True,True,1.0,True,0.9999999999999999,0.0,0.0,0.0,1476
coverage_stratified,protein_no_reliable_corr,FCGR1A,A1a_no_direct_protein,Remove direct protein; retain protein-derived confidence,,0.6,1476,True,1412,1105,0,18,0.09117787443781714,0.8727,367,283,0.8414634146341463,0.059357050206406484,20,False,True,False,True,1.0,False,0.9998734983508694,1.051490514905149,144.0,0.0005563008130081301,1476
coverage_stratified,protein_no_reliable_corr,FCGR1A,A1b_no_protein_evidence,Remove direct protein and all protein-derived confidence,,0.6,1476,True,1412,1105,0,18,0.09096440492552094,0.8595999999999999,355,286,0.8523035230352304,0.07089474244752407,2,False,True,False,True,1.0,False,0.9761825021067813,39.976964769647694,915.5,0.04859539295392954,1476
coverage_stratified,protein_no_reliable_corr,FCGR1A,A1c_no_protein_confidence,Retain direct protein; remove protein-derived confidence only,,0.6,1476,True,1412,1105,0,18,0.09141965172289337,0.8595999999999999,365,283,0.8462059620596206,0.07089474244752407,2,False,True,False,True,1.0,False,0.9835969006651866,33.67818428184282,512.0,0.0480660569105691,1476
coverage_stratified,protein_no_reliable_corr,FCGR1A,A2_no_confidence,Remove the full confidence block; renormalise RNA/protein,,0.6,1476,True,1412,1105,0,18,0.10581311085703024,1.0,369,283,0.8401084010840109,0.059357050206406616,20,False,True,False,True,1.0,False,0.8649916554583644,163.02371273712737,597.0,0.0665999322493225,1476
coverage_stratified,protein_no_reliable_corr,FCGR1A,A2a_no_conf_completeness,Remove completeness from confidence; renormalise retained components,,0.6,1476,True,1412,1105,0,18,0.092293220727201,0.8622,368,286,0.8401084010840109,0.07590141289376623,20,False,True,False,True,1.0,True,0.9872935841665118,28.350948509485097,479.0,0.00274220867208672,1476
coverage_stratified,protein_no_reliable_corr,FCGR1A,A2b_no_conf_source_support,Remove source support from confidence; renormalise retained components,,0.6,1476,True,1412,1105,0,18,0.09150578436352887,0.8627,371,283,0.8360433604336044,0.048622807173050425,19,False,True,False,True,1.0,True,0.8662739590481026,161.98644986449864,555.0,0.003985027100271004,1476
coverage_stratified,protein_no_reliable_corr,FCGR1A,A2c_no_conf_consistency,Remove RNA-protein consistency; renormalise retained components,,0.6,1476,True,1412,1105,0,18,0.09226129688801797,0.8686,366,283,0.8387533875338753,0.07015823454452746,3,False,True,False,True,1.0,True,0.9947512934761333,16.117886178861788,359.0,0.0013311653116531165,1476
coverage_stratified,protein_no_reliable_corr,FCGR1A,A3_equal_bio,Equal RNA/protein biological weights,,0.6,1476,True,1412,1105,0,18,0.09234353925792264,0.8776,368,283,0.8401084010840109,0.05935705020640657,20,False,True,False,True,1.0,True,0.9999962488987336,0.1897018970189702,15.5,0.00023177506775067755,1476
coverage_stratified,protein_no_reliable_corr,FCGR1A,A3b_reversed_bio,Protein biological weight greater than RNA,,0.6,1476,True,1412,1105,0,18,0.09282678966420427,0.8904000000000001,369,283,0.8387533875338753,0.05935705020640657,20,False,True,False,True,1.0,True,0.9999901217858455,0.3150406504065041,31.5,0.0004635501355013551,1476
coverage_stratified,protein_no_reliable_corr,FCGR1A,A4_adaptive_trust,Team baseline plus gene-level adaptive RNA trust,,0.6,1476,True,1412,1105,0,18,0.09270504372309303,0.8873000000000001,369,283,0.8387533875338753,0.05935705020640657,20,False,True,False,True,1.0,True,0.9999920906427645,0.279810298102981,28.0,0.0004077913279132792,1476
coverage_stratified,protein_no_reliable_corr,FCGR1A,A5_v3_structure,Flat v3 RNA/protein/consistency/completeness structure,,0.6,1476,True,1412,1105,0,18,0.09759201671913113,0.889,370,283,0.8360433604336044,0.059357050206406727,20,False,True,False,True,1.0,False,0.8662143142071714,162.5691056910569,555.0,0.01544661246612466,1476
coverage_stratified,protein_no_reliable_corr,FCGR1A,A6_v3_full,Flat v3 structure plus adaptive trust,,0.6,1476,True,1412,1105,0,18,0.09852411986723521,0.9001,369,283,0.8373983739837398,0.059357050206406727,20,False,True,False,True,1.0,True,0.8662092519793984,162.6260162601626,555.0,0.01576260162601626,1476
coverage_stratified,protein_no_reliable_corr,ATP10B,B0_rna_mean,RNA-only mean ranking; no protein or confidence in final score,,0.6,1513,True,1412,1105,594,18,0.14650399902191677,1.0,704,159,0.6325181758096498,0.11918386434811644,3,False,True,False,True,1.0,False,0.916928642394382,99.80898876404494,1298.5,0.05381824190350297,1513
coverage_stratified,protein_no_reliable_corr,ATP10B,A0_team_baseline,"Team baseline: RNA .55, protein .30, confidence .15",,0.6,1513,True,1412,1105,594,18,0.1271693247751774,0.8714000000000001,687,160,0.6470588235294118,0.08125786228002434,21,False,True,True,True,1.0,True,1.0,0.0,0.0,0.0,1513
coverage_stratified,protein_no_reliable_corr,ATP10B,A1a_no_direct_protein,Remove direct protein; retain protein-derived confidence,,0.6,1513,True,1412,1105,594,18,0.12636816618842,0.8631000000000001,686,160,0.6483807005948447,0.08125786228002378,21,False,True,False,True,1.0,False,0.9997161403273571,1.076668869795109,289.0,0.0005728354263053538,1513
coverage_stratified,protein_no_reliable_corr,ATP10B,A1b_no_protein_evidence,Remove direct protein and all protein-derived confidence,,0.6,1513,True,1412,1105,594,18,0.12717385648049928,0.8734,683,159,0.6602775941837409,0.11918386434811674,3,False,True,False,True,1.0,False,0.9816480679515541,44.85657633840053,663.0,0.05206305353602115,1513
coverage_stratified,protein_no_reliable_corr,ATP10B,A1c_no_protein_confidence,Retain direct protein; remove protein-derived confidence only,,0.6,1513,True,1412,1105,594,18,0.12781574452093375,0.8734,688,159,0.6549900859220092,0.11918386434811674,3,False,True,False,True,1.0,False,0.9822746421082854,42.95373430270985,923.0,0.051628222075346994,1513
coverage_stratified,protein_no_reliable_corr,ATP10B,A2_no_confidence,Remove the full confidence block; renormalise RNA/protein,,0.6,1513,True,1412,1105,594,18,0.1471864039068775,1.0,706,159,0.6311962987442168,0.08125786228002402,21,False,True,False,True,1.0,False,0.9202809703354389,98.37607402511567,926.0,0.05325974884335757,1513
coverage_stratified,protein_no_reliable_corr,ATP10B,A2a_no_conf_completeness,Remove completeness from confidence; renormalise retained components,,0.6,1513,True,1412,1105,594,18,0.12818958110492906,0.8719,702,159,0.6411103767349636,0.11862484034478715,21,False,True,False,True,1.0,False,0.9866261552291756,37.26437541308658,416.5,0.005176404494382025,1513
coverage_stratified,protein_no_reliable_corr,ATP10B,A2b_no_conf_source_support,Remove source support from confidence; renormalise retained components,,0.6,1513,True,1412,1105,594,18,0.12608033000462074,0.8701000000000001,686,159,0.643093192333113,0.0478539559399871,19,False,True,False,True,1.0,True,0.9226363956248652,96.83807005948447,649.0,0.007710575016523463,1513
coverage_stratified,protein_no_reliable_corr,ATP10B,A2c_no_conf_consistency,Remove RNA-protein consistency; renormalise retained components,,0.6,1513,True,1412,1105,594,18,0.127819283789364,0.874,694,159,0.644415069398546,0.10184287426075035,5,False,True,False,True,1.0,True,0.9946116605421913,21.19762062128222,304.0,0.0026164573694646416,1513
coverage_stratified,protein_no_reliable_corr,ATP10B,A3_equal_bio,Equal RNA/protein biological weights,,0.6,1513,True,1412,1105,594,18,0.1276106236529452,0.8801,685,160,0.6497025776602776,0.08125786228002432,21,False,True,False,False,0.8181818181818182,True,0.9999655477457338,0.38730998017184404,129.5,0.00023873099801718437,1513
coverage_stratified,protein_no_reliable_corr,ATP10B,A3b_reversed_bio,Protein biological weight greater than RNA,,0.6,1513,True,1412,1105,594,18,0.12811320366047263,0.8887,688,160,0.6457369464639788,0.08125786228002377,21,False,True,False,False,0.6666666666666666,True,0.9993795149022814,1.1863846662260409,589.0,0.0004775280898876404,1513
coverage_stratified,protein_no_reliable_corr,ATP10B,A4_adaptive_trust,Team baseline plus gene-level adaptive RNA trust,,0.6,1513,True,1412,1105,594,18,0.1279868187386715,0.8866,688,160,0.6457369464639788,0.08125786228002377,21,False,True,False,False,0.8181818181818182,True,0.9996412114479982,0.9550561797752809,445.0,0.0004201586252478518,1513
coverage_stratified,protein_no_reliable_corr,ATP10B,A5_v3_structure,Flat v3 RNA/protein/consistency/completeness structure,,0.6,1513,True,1412,1105,594,18,0.1327282865915312,0.8913,698,159,0.6391275611368142,0.08125786228002393,21,False,True,False,True,1.0,True,0.9222805740934514,97.55915399867813,649.0,0.015257105089226704,1513
coverage_stratified,protein_no_reliable_corr,ATP10B,A6_v3_full,Flat v3 structure plus adaptive trust,,0.6,1513,True,1412,1105,594,18,0.13346875505032502,0.9036,699,159,0.6378056840713814,0.08125786228002395,21,False,True,False,False,0.8181818181818182,True,0.922271428346871,97.69200264375414,649.0,0.015526569729015203,1513
coverage_stratified,protein_no_reliable_corr,NEUROD2,B0_rna_mean,RNA-only mean ranking; no protein or confidence in final score,,0.6,1513,True,1412,1105,594,18,0.0863797815779723,1.0,503,236,0.7633840052875083,0.11918386434811531,3,False,True,False,False,0.6666666666666666,True,0.7584309733383129,189.98744216787838,905.5,0.059254791804362196,1513
coverage_stratified,protein_no_reliable_corr,NEUROD2,A0_team_baseline,"Team baseline: RNA .55, protein .30, confidence .15",,0.6,1513,True,1412,1105,594,18,0.07827693803059743,0.8631000000000001,499,231,0.7759418374091209,0.07518477938337835,21,False,True,True,True,1.0,True,1.0,0.0,0.0,0.0,1513
coverage_stratified,protein_no_reliable_corr,NEUROD2,A1a_no_direct_protein,Remove direct protein; retain protein-derived confidence,,0.6,1513,True,1412,1105,594,18,0.07443694056596069,0.8631000000000001,498,231,0.7772637144745539,0.07518477938337838,21,False,True,False,False,0.8181818181818182,True,0.9998257138095713,1.3060145406477197,129.0,0.001927032385988103,1513
coverage_stratified,protein_no_reliable_corr,NEUROD2,A1b_no_protein_evidence,Remove direct protein and all protein-derived confidence,,0.6,1513,True,1412,1105,594,18,0.07503680942661582,0.8734,496,235,0.7779246530072703,0.11918386434811677,3,False,True,False,False,0.6666666666666666,True,0.9580125830920899,63.24653007270324,950.0,0.053315928618638465,1513
coverage_stratified,protein_no_reliable_corr,NEUROD2,A1c_no_protein_confidence,Retain direct protein; remove protein-derived confidence only,,0.6,1513,True,1412,1105,594,18,0.07801765351477731,0.8734,507,231,0.7699933906146729,0.11918386434811633,3,False,True,False,False,0.8181818181818182,True,0.9671697860329825,57.694646397884995,553.0,0.051734633179114344,1513
coverage_stratified,protein_no_reliable_corr,NEUROD2,A2_no_confidence,Remove the full confidence block; renormalise RNA/protein,,0.6,1513,True,1412,1105,594,18,0.08972532817701412,1.0,515,232,0.7534699272967614,0.07518477938337823,21,False,True,False,False,0.8181818181818182,True,0.7653552397922053,185.54263053536022,1341.0,0.05705809649702578,1513
coverage_stratified,protein_no_reliable_corr,NEUROD2,A2a_no_conf_completeness,Remove completeness from confidence; renormalise retained components,,0.6,1513,True,1412,1105,594,18,0.07852250948673586,0.8719,511,231,0.7686715135492399,0.11370640867404706,21,False,True,False,True,1.0,True,0.9723441107246025,50.907468605419695,545.0,0.005344613350958362,1513
coverage_stratified,protein_no_reliable_corr,NEUROD2,A2b_no_conf_source_support,Remove source support from confidence; renormalise retained components,,0.6,1513,True,1412,1105,594,18,0.07788687684194612,0.8500000000000001,482,232,0.7865168539325843,0.03253564566047969,19,False,True,False,True,1.0,True,0.7685931776687193,184.17911434236615,855.5,0.0077441506939854585,1513
coverage_stratified,protein_no_reliable_corr,NEUROD2,A2c_no_conf_consistency,Remove RNA-protein consistency; renormalise retained components,,0.6,1513,True,1412,1105,594,18,0.07932604851125448,0.8675,496,231,0.7766027759418375,0.1006749965185474,5,False,True,False,True,1.0,True,0.988862312416363,29.5822868473232,442.0,0.002774091209517517,1513
coverage_stratified,protein_no_reliable_corr,NEUROD2,A3_equal_bio,Equal RNA/protein biological weights,,0.6,1513,True,1412,1105,594,18,0.08107577922114255,0.8631000000000001,498,231,0.7766027759418375,0.07518477938337836,21,False,True,False,True,1.0,True,0.9999868300732347,0.18506278916060806,82.0,0.0008030403172504956,1513
coverage_stratified,protein_no_reliable_corr,NEUROD2,A3b_reversed_bio,Protein biological weight greater than RNA,,0.6,1513,True,1412,1105,594,18,0.08448516611321663,0.8631000000000001,499,231,0.7759418374091209,0.07518477938337836,21,False,True,False,True,1.0,True,0.9998543427572019,0.5181758096497026,285.0,0.0016059484467944483,1513
coverage_stratified,protein_no_reliable_corr,NEUROD2,A4_adaptive_trust,Team baseline plus gene-level adaptive RNA trust,,0.6,1513,True,1412,1105,594,18,0.08361488554191436,0.8631000000000001,499,231,0.7759418374091209,0.07518477938337836,21,False,True,False,True,1.0,True,0.9999074657960962,0.42828816920026436,226.0,0.0014132187706543294,1513
coverage_stratified,protein_no_reliable_corr,NEUROD2,A5_v3_structure,Flat v3 RNA/protein/consistency/completeness structure,,0.6,1513,True,1412,1105,594,18,0.08247548867729354,0.889,498,232,0.7706543291473893,0.07518477938337827,21,False,True,False,True,1.0,True,0.7685953694449237,184.27164573694645,855.5,0.015670456047587572,1513
coverage_stratified,protein_no_reliable_corr,NEUROD2,A6_v3_full,Flat v3 structure plus adaptive trust,,0.6,1513,True,1412,1105,594,18,0.08691007886135213,0.889,498,232,0.7706543291473893,0.07518477938337827,21,False,True,False,True,1.0,True,0.7685930306287921,184.3536021150033,855.5,0.0167654990085922,1513
coverage_stratified,protein_no_reliable_corr,TNNI1,B0_rna_mean,RNA-only mean ranking; no protein or confidence in final score,,0.6,1513,True,1412,1105,594,18,0.09122508580483647,1.0,721,160,0.6801057501652347,0.11918386434811656,3,False,True,False,False,0.6666666666666666,True,0.9113319978052603,135.8988764044944,1199.0,0.058443225380039654,1513
coverage_stratified,protein_no_reliable_corr,TNNI1,A0_team_baseline,"Team baseline: RNA .55, protein .30, confidence .15",,0.6,1513,True,1412,1105,594,18,0.07938952471560147,0.8500000000000001,683,159,0.7257105089226702,0.082515482258743,21,False,True,True,True,1.0,True,1.0,0.0,0.0,0.0,1513
coverage_stratified,protein_no_reliable_corr,TNNI1,A1a_no_direct_protein,Remove direct protein; retain protein-derived confidence,,0.6,1513,True,1412,1105,594,18,0.07863243726906075,0.8500000000000001,682,159,0.7276933245208196,0.082515482258743,21,False,True,False,False,0.8181818181818182,True,0.9997988310192941,1.1163251817580966,172.0,0.00034527428949107734,1513
coverage_stratified,protein_no_reliable_corr,TNNI1,A1b_no_protein_evidence,Remove direct protein and all protein-derived confidence,,0.6,1513,True,1412,1105,594,18,0.07948624760180227,0.8500000000000001,711,160,0.6999339061467283,0.11918386434811609,3,False,True,False,False,0.8181818181818182,True,0.9751863700449436,60.21083939193655,1003.5,0.0518792465300727,1513
coverage_stratified,protein_no_reliable_corr,TNNI1,A1c_no_protein_confidence,Retain direct protein; remove protein-derived confidence only,,0.6,1513,True,1412,1105,594,18,0.08005733969220327,0.8500000000000001,713,156,0.6972901520158625,0.11918386434811609,3,False,True,False,True,1.0,True,0.9796658289648841,57.97290152015862,710.5,0.05159391936549901,1513
coverage_stratified,protein_no_reliable_corr,TNNI1,A2_no_confidence,Remove the full confidence block; renormalise RNA/protein,,0.6,1513,True,1412,1105,594,18,0.09184325830386594,1.0,725,156,0.6787838730998017,0.08251548225874161,21,False,True,False,False,0.8181818181818182,True,0.917996992493575,133.65763384005288,1202.0,0.058091606080634496,1513
coverage_stratified,protein_no_reliable_corr,TNNI1,A2a_no_conf_completeness,Remove completeness from confidence; renormalise retained components,,0.6,1513,True,1412,1105,594,18,0.08033521005639872,0.85,705,156,0.7118307997356246,0.11988193371279053,21,False,True,False,True,1.0,True,0.9881554982511553,46.390614672835426,324.0,0.0051479180436219425,1513
coverage_stratified,protein_no_reliable_corr,TNNI1,A2b_no_conf_source_support,Remove source support from confidence; renormalise retained components,,0.6,1513,True,1412,1105,594,18,0.0788502963736788,0.8500000000000001,700,156,0.7012557832121613,0.050298441178049234,19,False,True,False,False,0.8181818181818182,True,0.9264690828634671,129.35426305353602,499.0,0.007689358889623265,1513
coverage_stratified,protein_no_reliable_corr,TNNI1,A2c_no_conf_consistency,Remove RNA-protein consistency; renormalise retained components,,0.6,1513,True,1412,1105,594,18,0.07993783568385116,0.85,710,156,0.7118307997356246,0.10213275706702223,5,False,True,False,True,1.0,True,0.9956557438837792,25.323859881031066,253.0,0.00258155981493721,1513
coverage_stratified,protein_no_reliable_corr,TNNI1,A3_equal_bio,Equal RNA/protein biological weights,,0.6,1513,True,1412,1105,594,18,0.07976694290020038,0.8500000000000001,682,159,0.7276933245208196,0.08251548225874301,21,False,True,False,True,1.0,True,0.9999649382802913,0.3965631196298744,122.0,0.00014388631857237277,1513
coverage_stratified,protein_no_reliable_corr,TNNI1,A3b_reversed_bio,Protein biological weight greater than RNA,,0.6,1513,True,1412,1105,594,18,0.08018064442910104,0.8500000000000001,682,159,0.7276933245208196,0.08251548225874303,21,False,True,False,True,1.0,True,0.9998051263060458,0.8697951090548579,306.0,0.0002877726371447455,1513
coverage_stratified,protein_no_reliable_corr,TNNI1,A4_adaptive_trust,Team baseline plus gene-level adaptive RNA trust,,0.6,1513,True,1412,1105,594,18,0.08007760963157182,0.8500000000000001,681,159,0.7276933245208196,0.08251548225874301,21,False,True,False,True,1.0,True,0.9998521904482502,0.7653668208856577,264.0,0.0002531394580304032,1513
coverage_stratified,protein_no_reliable_corr,TNNI1,A5_v3_structure,Flat v3 RNA/protein/consistency/completeness structure,,0.6,1513,True,1412,1105,594,18,0.08455367063818467,0.889,699,157,0.7005948446794448,0.08251548225874158,21,False,True,False,False,0.8181818181818182,True,0.9256242456974895,130.6820885657634,499.0,0.01665479180436219,1513
coverage_stratified,protein_no_reliable_corr,TNNI1,A6_v3_full,Flat v3 structure plus adaptive trust,,0.6,1513,True,1412,1105,594,18,0.08524535562652678,0.889,699,157,0.7005948446794448,0.08251548225874158,21,False,True,False,False,0.8181818181818182,True,0.9256268117054394,130.70059484467944,499.0,0.016820092531394576,1513
coverage_stratified,protein_no_reliable_corr,ZNF675,B0_rna_mean,RNA-only mean ranking; no protein or confidence in final score,,0.6,1513,True,1412,1105,594,18,0.15504558626172424,1.0,1306,7,0.25247851949768674,0.11918386434811487,3,False,True,False,False,0.8181818181818182,False,0.9942682678968432,30.47918043621943,459.0,0.020283939193654992,1513
coverage_stratified,protein_no_reliable_corr,ZNF675,A0_team_baseline,"Team baseline: RNA .55, protein .30, confidence .15",,0.6,1513,True,1412,1105,594,18,0.1324215001296465,0.8508,1281,7,0.2756113681427627,0.08051299941680022,21,False,True,True,True,1.0,True,1.0,0.0,0.0,0.0,1513
coverage_stratified,protein_no_reliable_corr,ZNF675,A1a_no_direct_protein,Remove direct protein; retain protein-derived confidence,,0.6,1513,True,1412,1105,594,18,0.13247608595795682,0.8508,1280,7,0.2769332452081956,0.0805129994168002,21,False,True,False,True,1.0,True,0.9967061400952306,5.466622604097819,726.0,0.0008226040978189029,1513
coverage_stratified,protein_no_reliable_corr,ZNF675,A1b_no_protein_evidence,Remove direct protein and all protein-derived confidence,,0.6,1513,True,1412,1105,594,18,0.133011083354053,0.861,1251,7,0.3126239259748843,0.11918386434811555,3,False,True,False,False,0.8181818181818182,True,0.9956945062862369,24.204230006609386,573.0,0.05241500330469266,1513
coverage_stratified,protein_no_reliable_corr,ZNF675,A1c_no_protein_confidence,Retain direct protein; remove protein-derived confidence only,,0.6,1513,True,1412,1105,594,18,0.13313367079937702,0.861,1255,7,0.3073364177131527,0.11918386434811482,3,False,True,False,False,0.8181818181818182,True,0.9967168770383339,23.666226040978188,283.5,0.0516286847323199,1513
coverage_stratified,protein_no_reliable_corr,ZNF675,A2_no_confidence,Remove the full confidence block; renormalise RNA/protein,,0.6,1513,True,1412,1105,594,18,0.15528308109173253,1.0,1310,7,0.2478519497686715,0.08051299941680087,21,False,True,False,True,1.0,False,0.9944410860248738,31.075346992729678,362.0,0.02033654990085922,1513
coverage_stratified,protein_no_reliable_corr,ZNF675,A2a_no_conf_completeness,Remove completeness from confidence; renormalise retained components,,0.6,1513,True,1412,1105,594,18,0.13306701369624083,0.8596,1257,7,0.3086582947785856,0.11790444890430177,21,False,True,False,False,0.8181818181818182,True,0.9982554873189069,19.13615333773959,86.0,0.0051857237276933255,1513
coverage_stratified,protein_no_reliable_corr,ZNF675,A2b_no_conf_source_support,Remove source support from confidence; renormalise retained components,,0.6,1513,True,1412,1105,594,18,0.13207372770383832,0.8500000000000001,1264,7,0.3007270323859881,0.045122253842892555,19,False,True,False,True,1.0,False,0.9961203910171748,28.491738268341045,83.5,0.007707931262392597,1513
coverage_stratified,protein_no_reliable_corr,ZNF675,A2c_no_conf_consistency,Remove RNA-protein consistency; renormalise retained components,,0.6,1513,True,1412,1105,594,18,0.1327166420493866,0.8552000000000001,1250,7,0.3172504957038995,0.10213275706702202,5,False,True,False,False,0.8181818181818182,True,0.9995135326347415,9.984798413747521,78.5,0.002632319894249836,1513
coverage_stratified,protein_no_reliable_corr,ZNF675,A3_equal_bio,Equal RNA/protein biological weights,,0.6,1513,True,1412,1105,594,18,0.13258845486574491,0.8632000000000001,1276,7,0.2795769993390615,0.08051299941680028,21,False,True,False,True,1.0,False,0.9994080829289045,2.2280237937871776,390.5,0.0003427627230667548,1513
coverage_stratified,protein_no_reliable_corr,ZNF675,A3b_reversed_bio,Protein biological weight greater than RNA,,0.6,1513,True,1412,1105,594,18,0.132866402358493,0.8799,1279,7,0.2775941837409121,0.08051299941680028,21,False,True,False,True,1.0,False,0.9979434535080453,4.12491738268341,746.5,0.0006856576338400528,1513
coverage_stratified,protein_no_reliable_corr,ZNF675,A4_adaptive_trust,Team baseline plus gene-level adaptive RNA trust,,0.6,1513,True,1412,1105,594,18,0.1327895893797548,0.8759,1280,7,0.2769332452081956,0.08051299941680026,21,False,True,False,True,1.0,False,0.9983299800244687,3.7237276933245207,667.5,0.0006035029742233973,1513
coverage_stratified,protein_no_reliable_corr,ZNF675,A5_v3_structure,Flat v3 RNA/protein/consistency/completeness structure,,0.6,1513,True,1412,1105,594,18,0.13806134883565094,0.889,1284,7,0.2769332452081956,0.0805129994168009,21,False,True,False,True,1.0,False,0.9953777918861676,29.726371447455385,331.0,0.0101132848645076,1513
coverage_stratified,protein_no_reliable_corr,ZNF675,A6_v3_full,Flat v3 structure plus adaptive trust,,0.6,1513,True,1412,1105,594,18,0.13827827124302516,0.889,1279,7,0.2808988764044944,0.08051299941680103,21,False,True,False,True,1.0,False,0.9946005681399092,29.9477858559154,709.5,0.01020006609385327,1513
coverage_stratified,protein_no_reliable_corr,ILDR1,B0_rna_mean,RNA-only mean ranking; no protein or confidence in final score,,0.6,1513,True,1412,1105,594,18,0.1820258260002355,1.0,910,119,0.48446794448116326,0.11918386434811613,3,False,True,False,False,0.8181818181818182,True,0.95384565779928,82.6146728354263,924.0,0.04369246530072703,1513
coverage_stratified,protein_no_reliable_corr,ILDR1,A0_team_baseline,"Team baseline: RNA .55, protein .30, confidence .15",,0.6,1513,True,1412,1105,594,18,0.15673387757968418,0.8500000000000001,875,119,0.5161929940515532,0.0805338537128635,21,False,True,True,True,1.0,True,1.0,0.0,0.0,0.0,1513
coverage_stratified,protein_no_reliable_corr,ILDR1,A1a_no_direct_protein,Remove direct protein; retain protein-derived confidence,,0.6,1513,True,1412,1105,594,18,0.15650195113597426,0.8500000000000001,877,119,0.5128883013879709,0.08053385371286347,21,False,True,False,True,1.0,True,0.9994672521516752,2.0654329147389294,367.0,0.0007215465961665568,1513
coverage_stratified,protein_no_reliable_corr,ILDR1,A1b_no_protein_evidence,Remove direct protein and all protein-derived confidence,,0.6,1513,True,1412,1105,594,18,0.15757555026648415,0.8500000000000001,890,119,0.5069398545935228,0.1191838643481157,3,False,True,False,True,1.0,True,0.9913723510351424,27.799074686054198,482.0,0.05223536021150033,1513
coverage_stratified,protein_no_reliable_corr,ILDR1,A1c_no_protein_confidence,Retain direct protein; remove protein-derived confidence only,,0.6,1513,True,1412,1105,594,18,0.15766794817247448,0.8500000000000001,893,119,0.5056179775280899,0.1191838643481157,3,False,True,False,True,1.0,True,0.9930399901317049,26.31196298744217,373.0,0.05162478519497687,1513
coverage_stratified,protein_no_reliable_corr,ILDR1,A2_no_confidence,Remove the full confidence block; renormalise RNA/protein,,0.6,1513,True,1412,1105,594,18,0.18210674188721782,1.0,911,119,0.48446794448116326,0.08053385371286284,21,False,True,False,False,0.8181818181818182,True,0.956255209757349,81.06345009914078,763.0,0.043072504957038994,1513
coverage_stratified,protein_no_reliable_corr,ILDR1,A2a_no_conf_completeness,Remove completeness from confidence; renormalise retained components,,0.6,1513,True,1412,1105,594,18,0.15785289934350838,0.85,891,119,0.5076007931262393,0.11809651591519671,21,False,True,False,True,1.0,True,0.994785264228962,22.450760079312623,340.0,0.005197818902842037,1513
coverage_stratified,protein_no_reliable_corr,ILDR1,A2b_no_conf_source_support,Remove source support from confidence; renormalise retained components,,0.6,1513,True,1412,1105,594,18,0.15545452940388796,0.8500000000000001,897,121,0.4937210839391937,0.04638961945186068,19,False,True,False,False,0.8181818181818182,True,0.9583555630879982,79.19629874421679,453.0,0.007717382683410444,1513
coverage_stratified,protein_no_reliable_corr,ILDR1,A2c_no_conf_consistency,Remove RNA-protein consistency; renormalise retained components,,0.6,1513,True,1412,1105,594,18,0.15737389617128045,0.85,902,119,0.4930601454064772,0.10155216398123035,5,False,True,False,True,1.0,True,0.9979085571739099,12.262392597488434,214.0,0.0026304031725049577,1513
coverage_stratified,protein_no_reliable_corr,ILDR1,A3_equal_bio,Equal RNA/protein biological weights,,0.6,1513,True,1412,1105,594,18,0.15697626348539426,0.8500000000000001,877,119,0.5135492399206874,0.08053385371286353,21,False,True,False,True,1.0,True,0.99991742319079,0.836748182419035,135.0,0.0003006609385327165,1513
coverage_stratified,protein_no_reliable_corr,ILDR1,A3b_reversed_bio,Protein biological weight greater than RNA,,0.6,1513,True,1412,1105,594,18,0.1573037497136722,0.8500000000000001,874,119,0.5175148711169861,0.08053385371286358,21,False,True,False,False,0.8181818181818182,True,0.9997289684522911,1.6001321877065433,197.0,0.0006011896893588895,1513
coverage_stratified,protein_no_reliable_corr,ILDR1,A4_adaptive_trust,Team baseline plus gene-level adaptive RNA trust,,0.6,1513,True,1412,1105,594,18,0.1572172982943502,0.8500000000000001,878,119,0.5122273628552545,0.08053385371286358,21,False,True,False,False,0.8181818181818182,True,0.9997818250660508,1.4243225380039657,188.0,0.000528949107732981,1513
coverage_stratified,protein_no_reliable_corr,ILDR1,A5_v3_structure,Flat v3 RNA/protein/consistency/completeness structure,,0.6,1513,True,1412,1105,594,18,0.16324178961042052,0.889,893,119,0.5042961004626569,0.0805338537128629,21,False,True,False,False,0.6666666666666666,True,0.9578271143203115,80.30337078651685,453.0,0.013546331791143423,1513
coverage_stratified,protein_no_reliable_corr,ILDR1,A6_v3_full,Flat v3 structure plus adaptive trust,,0.6,1513,True,1412,1105,594,18,0.16369730120704537,0.889,891,119,0.5069398545935228,0.08053385371286297,21,False,True,False,False,0.6666666666666666,True,0.9575293938940819,80.7673496364838,453.0,0.013850033046926637,1513
coverage_stratified,protein_no_reliable_corr,GMCL2,B0_rna_mean,RNA-only mean ranking; no protein or confidence in final score,,0.6,1476,True,1412,1105,0,18,0.04375017031521925,1.0,40,284,0.989159891598916,0.07089474244752329,2,False,False,False,False,0.6153846153846154,True,0.9078069403841038,104.59485094850949,902.5,0.06905487804878048,1476
coverage_stratified,protein_no_reliable_corr,GMCL2,A0_team_baseline,"Team baseline: RNA .55, protein .30, confidence .15",,0.6,1477,True,1412,1105,0,18,0.047397953140802626,0.8500000000000001,56,278,0.977657413676371,0.052138387453020026,18,False,True,True,True,1.0,True,1.0,0.0,0.0,0.0,1477
coverage_stratified,protein_no_reliable_corr,GMCL2,A1a_no_direct_protein,Remove direct protein; retain protein-derived confidence,,0.6,1476,True,1412,1105,0,18,0.03921973262483336,0.8500000000000001,55,278,0.978319783197832,0.05212864511071954,18,False,False,False,False,0.6153846153846154,True,0.9999192840475771,1.7439024390243902,131.0,0.001796951219512195,1476
coverage_stratified,protein_no_reliable_corr,GMCL2,A1b_no_protein_evidence,Remove direct protein and all protein-derived confidence,,0.6,1476,True,1412,1105,0,18,0.04065283946829438,0.8500000000000001,40,284,0.989159891598916,0.07089474244752333,2,False,False,False,False,0.6153846153846154,True,0.986395318254143,20.458672086720867,779.5,0.049744105691056896,1476
coverage_stratified,protein_no_reliable_corr,GMCL2,A1c_no_protein_confidence,Retain direct protein; remove protein-derived confidence only,,0.6,1477,True,1412,1105,0,18,0.046620805661025624,0.8500000000000001,57,278,0.977657413676371,0.07385211065041332,3,False,True,False,False,0.9090909090909091,True,0.9953755069845425,9.274204468517265,886.0,0.048211103588354766,1477
coverage_stratified,protein_no_reliable_corr,GMCL2,A2_no_confidence,Remove the full confidence block; renormalise RNA/protein,,0.6,1477,True,1412,1105,0,18,0.05199296742404772,1.0,57,278,0.977657413676371,0.05213838745302146,18,False,True,False,False,0.9090909090909091,True,0.9208537011101346,100.29519295870007,1009.0,0.06693222748815165,1477
coverage_stratified,protein_no_reliable_corr,GMCL2,A2a_no_conf_completeness,Remove completeness from confidence; renormalise retained components,,0.6,1477,True,1412,1105,0,18,0.04759750168520484,0.85,55,278,0.9783344617467841,0.07008344058793946,19,False,True,False,False,0.9090909090909091,True,0.996973925679722,7.793500338524035,282.0,0.002831482735274204,1477
coverage_stratified,protein_no_reliable_corr,GMCL2,A2b_no_conf_source_support,Remove source support from confidence; renormalise retained components,,0.6,1477,True,1412,1105,0,18,0.045990309125857304,0.8500000000000001,56,278,0.977657413676371,0.03378204704521292,18,False,True,False,True,1.0,True,0.9228856667809682,100.06635071090048,601.0,0.003923155044008125,1477
coverage_stratified,protein_no_reliable_corr,GMCL2,A2c_no_conf_consistency,Remove RNA-protein consistency; renormalise retained components,,0.6,1477,True,1412,1105,0,18,0.049007406104833735,0.85,56,278,0.977657413676371,0.06934673955847012,3,False,True,False,False,0.75,True,0.9999968099993001,0.12593094109681788,18.0,0.0014781313473256582,1477
coverage_stratified,protein_no_reliable_corr,GMCL2,A3_equal_bio,Equal RNA/protein biological weights,,0.6,1477,True,1412,1105,0,18,0.05172348861662226,0.8500000000000001,56,278,0.977657413676371,0.052138387453020026,18,False,True,False,False,0.5,True,0.9999994677040253,0.04739336492890995,6.0,0.0007481381178063642,1477
coverage_stratified,protein_no_reliable_corr,GMCL2,A3b_reversed_bio,Protein biological weight greater than RNA,,0.6,1477,True,1412,1105,0,18,0.05678933742792253,0.8500000000000001,56,278,0.977657413676371,0.052138387453020026,18,False,True,False,False,0.4,True,0.9999986145204061,0.08395396073121192,10.0,0.0014963439404197699,1477
coverage_stratified,protein_no_reliable_corr,GMCL2,A4_adaptive_trust,Team baseline plus gene-level adaptive RNA trust,,0.6,1477,True,1412,1105,0,18,0.05551638437145507,0.8500000000000001,56,278,0.977657413676371,0.052138387453020026,18,False,True,False,False,0.4,True,0.9999986598221913,0.08259986459038592,10.0,0.0013167230873392013,1477
coverage_stratified,protein_no_reliable_corr,GMCL2,A5_v3_structure,Flat v3 RNA/protein/consistency/completeness structure,,0.6,1477,True,1412,1105,0,18,0.049567245055732644,0.889,56,274,0.979011509817197,0.05213838745302155,18,False,True,False,False,0.5,True,0.9227514879659066,100.124576844956,601.0,0.015153283683141502,1477
coverage_stratified,protein_no_reliable_corr,GMCL2,A6_v3_full,Flat v3 structure plus adaptive trust,,0.6,1477,True,1412,1105,0,18,0.057019453026582324,0.889,57,274,0.977657413676371,0.05213838745302155,18,False,True,False,False,0.3125,True,0.9227503943468152,100.17467840216655,601.0,0.01611936357481381,1477
coverage_stratified,protein_no_reliable_corr,PPP1R17,B0_rna_mean,RNA-only mean ranking; no protein or confidence in final score,,0.6,1513,True,1412,1105,594,18,0.08141258745783768,1.0,464,393,0.797752808988764,0.11918386434811579,3,False,True,False,False,0.8181818181818182,True,0.5510205433336051,298.52478519497686,1446.0,0.06451943159286186,1513
coverage_stratified,protein_no_reliable_corr,PPP1R17,A0_team_baseline,"Team baseline: RNA .55, protein .30, confidence .15",,0.6,1513,True,1412,1105,594,18,0.07368021638296672,0.8631000000000001,461,386,0.8043621943159286,0.07671298170965171,21,False,True,True,True,1.0,True,1.0,0.0,0.0,0.0,1513
coverage_stratified,protein_no_reliable_corr,PPP1R17,A1a_no_direct_protein,Remove direct protein; retain protein-derived confidence,,0.6,1513,True,1412,1105,594,18,0.07042916275469267,0.8631000000000001,458,386,0.8083278255122274,0.07671298170965174,21,False,True,False,True,1.0,True,0.9998936876964536,1.0442828816920027,111.0,0.0016591539986781229,1513
coverage_stratified,protein_no_reliable_corr,PPP1R17,A1b_no_protein_evidence,Remove direct protein and all protein-derived confidence,,0.6,1513,True,1412,1105,594,18,0.07105552551394344,0.8734,462,391,0.8050231328486451,0.11918386434811676,3,False,True,False,False,0.8181818181818182,True,0.9656683100162189,48.799735624586916,881.0,0.05303992068737606,1513
coverage_stratified,protein_no_reliable_corr,PPP1R17,A1c_no_protein_confidence,Retain direct protein; remove protein-derived confidence only,,0.6,1513,True,1412,1105,594,18,0.0734823721449804,0.8734,474,385,0.7951090548578982,0.11918386434811631,3,False,True,False,True,1.0,True,0.9746297300341261,42.09120951751487,1023.0,0.05170456047587573,1513
coverage_stratified,protein_no_reliable_corr,PPP1R17,A2_no_confidence,Remove the full confidence block; renormalise RNA/protein,,0.6,1513,True,1412,1105,594,18,0.083996366158138,1.0,477,387,0.7878387309980172,0.07671298170965163,21,False,True,False,True,1.0,True,0.5775958656625939,290.99867812293456,1405.0,0.06260687376074024,1513
coverage_stratified,protein_no_reliable_corr,PPP1R17,A2a_no_conf_completeness,Remove completeness from confidence; renormalise retained components,,0.6,1513,True,1412,1105,594,18,0.07415538658509584,0.8719,463,385,0.8050231328486451,0.11461180196036665,21,False,True,False,True,1.0,True,0.9792184921020971,37.62062128222075,559.0,0.0052713813615333765,1513
coverage_stratified,protein_no_reliable_corr,PPP1R17,A2b_no_conf_source_support,Remove source support from confidence; renormalise retained components,,0.6,1513,True,1412,1105,594,18,0.07318022658619376,0.8500000000000001,457,387,0.8017184401850628,0.035389051589044186,19,False,True,False,True,1.0,True,0.5801538178229568,290.6873760740251,876.0,0.0077510905485789865,1513
coverage_stratified,protein_no_reliable_corr,PPP1R17,A2c_no_conf_consistency,Remove RNA-protein consistency; renormalise retained components,,0.6,1513,True,1412,1105,594,18,0.07466131134547858,0.8675,478,385,0.7898215465961665,0.10155216398123093,5,False,True,False,True,1.0,True,0.9896328751461257,20.424322538003967,535.0,0.0027238598810310636,1513
coverage_stratified,protein_no_reliable_corr,PPP1R17,A3_equal_bio,Equal RNA/protein biological weights,,0.6,1513,True,1412,1105,594,18,0.07598256462535485,0.8631000000000001,461,386,0.8043621943159286,0.07671298170965171,21,False,True,False,True,1.0,True,0.9999920562864251,0.22736285525446134,45.0,0.0006914077990746861,1513
coverage_stratified,protein_no_reliable_corr,PPP1R17,A3b_reversed_bio,Protein biological weight greater than RNA,,0.6,1513,True,1412,1105,594,18,0.07877600711801037,0.8702000000000001,461,386,0.8043621943159286,0.07671298170965171,21,False,True,False,True,1.0,False,0.999967679259091,0.38070059484467944,120.0,0.0013827495042961007,1513
coverage_stratified,protein_no_reliable_corr,PPP1R17,A4_adaptive_trust,Team baseline plus gene-level adaptive RNA trust,,0.6,1513,True,1412,1105,594,18,0.07806306903997734,0.8664000000000001,460,386,0.8050231328486451,0.07671298170965171,21,False,True,False,True,1.0,False,0.9999772296161477,0.33972240581625907,96.0,0.0012167217448777264,1513
coverage_stratified,protein_no_reliable_corr,PPP1R17,A5_v3_structure,Flat v3 RNA/protein/consistency/completeness structure,,0.6,1513,True,1412,1105,594,18,0.0780261423805291,0.889,468,661,0.7984137475214805,0.07671298170965164,21,False,True,False,True,1.0,True,0.6835745538956358,220.07534699272966,875.0,0.01718922670191672,1513
coverage_stratified,protein_no_reliable_corr,PPP1R17,A6_v3_full,Flat v3 structure plus adaptive trust,,0.6,1513,True,1412,1105,594,18,0.0819155401290137,0.889,468,661,0.7984137475214805,0.07671298170965164,21,False,True,False,True,1.0,True,0.6835719988811847,220.13879709187046,875.0,0.01814467944481163,1513
coverage_stratified,multisource_rna_no_protein,CFAP251,B0_rna_mean,RNA-only mean ranking; no protein or confidence in final score,,0.6,1513,False,1412,1105,594,0,0.17246676858649346,1.0,1218,8,0.33245208195637804,0.11918386434811605,3,False,True,False,True,1.0,True,0.9946972948796888,33.22405816259088,111.0,0.047332187706543294,1513
coverage_stratified,multisource_rna_no_protein,CFAP251,A0_team_baseline,"Team baseline: RNA .55, protein .30, confidence .15",,0.6,1513,False,1412,1105,594,0,0.14709261674778315,0.8631000000000001,1179,7,0.38466622604097817,0.06704247159647936,3,False,True,True,True,1.0,True,1.0,0.0,0.0,0.0,1513
coverage_stratified,multisource_rna_no_protein,CFAP251,A1a_no_direct_protein,Remove direct protein; retain protein-derived confidence,,0.6,1513,False,1412,1105,594,0,0.14709261674778315,0.8631000000000001,1179,7,0.38466622604097817,0.06704247159647936,3,False,True,True,True,1.0,True,1.0,0.0,0.0,0.0,1513
coverage_stratified,multisource_rna_no_protein,CFAP251,A1b_no_protein_evidence,Remove direct protein and all protein-derived confidence,,0.6,1513,False,1412,1105,594,0,0.1479491730629138,0.8782000000000001,1182,7,0.3754130865829478,0.11918386434811648,3,False,True,False,False,0.8181818181818182,False,0.9972587809353753,23.910773298083278,84.0,0.052241969596827496,1513
coverage_stratified,multisource_rna_no_protein,CFAP251,A1c_no_protein_confidence,Retain direct protein; remove protein-derived confidence only,,0.6,1513,False,1412,1105,594,0,0.1479491730629138,0.8782000000000001,1182,7,0.3754130865829478,0.11918386434811648,3,False,True,False,False,0.8181818181818182,False,0.9972587809353753,23.910773298083278,84.0,0.052241969596827496,1513
coverage_stratified,multisource_rna_no_protein,CFAP251,A2_no_confidence,Remove the full confidence block; renormalise RNA/protein,,0.6,1513,False,1412,1105,594,0,0.17246676858649346,1.0,1218,8,0.33245208195637804,0.06704247159647916,3,False,True,False,True,1.0,True,0.9946972948796888,33.22405816259088,111.0,0.047332187706543294,1513
coverage_stratified,multisource_rna_no_protein,CFAP251,A2a_no_conf_completeness,Remove completeness from confidence; renormalise retained components,,0.6,1513,False,1412,1105,594,0,0.14780001978263219,0.8752,1186,7,0.3754130865829478,0.11171191267161913,3,False,True,False,False,0.8181818181818182,False,0.9979686556292584,20.584269662921347,74.0,0.005163648380700595,1513
coverage_stratified,multisource_rna_no_protein,CFAP251,A2b_no_conf_source_support,Remove source support from confidence; renormalise retained components,,0.6,1513,False,1412,1105,594,0,0.14659611920368362,0.8500000000000001,1174,8,0.37871777924653005,0.0,1,True,True,False,True,1.0,True,0.9947053134003807,33.20158625247852,111.0,0.007746794448116326,1513
coverage_stratified,multisource_rna_no_protein,CFAP251,A2c_no_conf_consistency,Remove RNA-protein consistency; renormalise retained components,,0.6,1513,False,1412,1105,594,0,0.14740827595211406,0.8675,1186,7,0.3721083939193655,0.08941550211781839,3,False,True,False,False,0.8181818181818182,True,0.9994599508980332,10.584930601454065,43.5,0.002582022471910112,1513
coverage_stratified,multisource_rna_no_protein,CFAP251,A3_equal_bio,Equal RNA/protein biological weights,,0.6,1513,False,1412,1105,594,0,0.14709261674778315,0.8631000000000001,1179,7,0.38466622604097817,0.06704247159647936,3,False,True,True,True,1.0,True,1.0,0.0,0.0,0.0,1513
coverage_stratified,multisource_rna_no_protein,CFAP251,A3b_reversed_bio,Protein biological weight greater than RNA,,0.6,1513,False,1412,1105,594,0,0.14709261674778315,0.8631000000000001,1179,7,0.38466622604097817,0.06704247159647936,3,False,True,True,True,1.0,True,1.0,0.0,0.0,0.0,1513
coverage_stratified,multisource_rna_no_protein,CFAP251,A4_adaptive_trust,Team baseline plus gene-level adaptive RNA trust,,0.6,1513,False,1412,1105,594,0,0.14709261674778315,0.8631000000000001,1179,7,0.38466622604097817,0.06704247159647936,3,False,True,True,True,1.0,True,1.0,0.0,0.0,0.0,1513
coverage_stratified,multisource_rna_no_protein,CFAP251,A5_v3_structure,Flat v3 RNA/protein/consistency/completeness structure,,0.6,1513,False,1412,1105,594,0,0.1533229920190059,0.889,1185,8,0.3688037012557832,0.06704247159647916,3,False,True,False,True,1.0,True,0.994701859364284,33.21083939193655,111.0,0.014057369464639789,1513
coverage_stratified,multisource_rna_no_protein,CFAP251,A6_v3_full,Flat v3 structure plus adaptive trust,,0.6,1513,False,1412,1105,594,0,0.1533229920190059,0.889,1185,8,0.3688037012557832,0.06704247159647916,3,False,True,False,True,1.0,True,0.994701859364284,33.21083939193655,111.0,0.014057369464639789,1513
coverage_stratified,multisource_rna_no_protein,LMNTD1,B0_rna_mean,RNA-only mean ranking; no protein or confidence in final score,,0.6,1513,False,1412,1105,594,0,0.0847267020970998,1.0,691,249,0.6754791804362195,0.11918386434811624,3,False,True,False,True,1.0,True,0.9395180348438232,110.6708526107072,389.0,0.056072901520158626,1513
coverage_stratified,multisource_rna_no_protein,LMNTD1,A0_team_baseline,"Team baseline: RNA .55, protein .30, confidence .15",,0.6,1513,False,1412,1105,594,0,0.0732033584272354,0.8631000000000001,692,248,0.6807666886979511,0.0670424715964786,3,False,True,True,True,1.0,True,0.9999999999999999,0.0,0.0,0.0,1513
coverage_stratified,multisource_rna_no_protein,LMNTD1,A1a_no_direct_protein,Remove direct protein; retain protein-derived confidence,,0.6,1513,False,1412,1105,594,0,0.0732033584272354,0.8631000000000001,692,248,0.6807666886979511,0.0670424715964786,3,False,True,True,True,1.0,True,0.9999999999999999,0.0,0.0,0.0,1513
coverage_stratified,multisource_rna_no_protein,LMNTD1,A1b_no_protein_evidence,Remove direct protein and all protein-derived confidence,,0.6,1513,False,1412,1105,594,0,0.07504185142266409,0.8734,689,247,0.6847323198942499,0.11918386434811508,3,False,True,False,True,1.0,True,0.968189542491989,78.87706543291473,382.0,0.05224890945142101,1513
coverage_stratified,multisource_rna_no_protein,LMNTD1,A1c_no_protein_confidence,Retain direct protein; remove protein-derived confidence only,,0.6,1513,False,1412,1105,594,0,0.07504185142266409,0.8734,689,247,0.6847323198942499,0.11918386434811508,3,False,True,False,True,1.0,True,0.968189542491989,78.87706543291473,382.0,0.05224890945142101,1513
coverage_stratified,multisource_rna_no_protein,LMNTD1,A2_no_confidence,Remove the full confidence block; renormalise RNA/protein,,0.6,1513,False,1412,1105,594,0,0.0847267020970998,1.0,691,249,0.6754791804362195,0.06704247159647887,3,False,True,False,True,1.0,True,0.9395180348438232,110.6708526107072,389.0,0.056072901520158626,1513
coverage_stratified,multisource_rna_no_protein,LMNTD1,A2a_no_conf_completeness,Remove completeness from confidence; renormalise retained components,,0.6,1513,False,1412,1105,594,0,0.07474225252346273,0.8719,694,247,0.6715135492399207,0.11171191267161822,3,False,True,False,True,1.0,True,0.9706662761947431,73.82551222736285,373.0,0.005171315267680106,1513
coverage_stratified,multisource_rna_no_protein,LMNTD1,A2b_no_conf_source_support,Remove source support from confidence; renormalise retained components,,0.6,1513,False,1412,1105,594,0,0.07202179500494708,0.8500000000000001,680,248,0.6880370125578321,0.0,1,True,True,False,True,1.0,True,0.9396816195141323,110.49570389953735,389.5,0.007742762723066755,1513
coverage_stratified,multisource_rna_no_protein,LMNTD1,A2c_no_conf_consistency,Remove RNA-protein consistency; renormalise retained components,,0.6,1513,False,1412,1105,594,0,0.07390176054862366,0.8675,682,247,0.6886979510905485,0.0894155021178182,3,False,True,False,True,1.0,True,0.9884384115726441,38.337739590218106,315.0,0.0025860541969596855,1513
coverage_stratified,multisource_rna_no_protein,LMNTD1,A3_equal_bio,Equal RNA/protein biological weights,,0.6,1513,False,1412,1105,594,0,0.0732033584272354,0.8631000000000001,692,248,0.6807666886979511,0.0670424715964786,3,False,True,True,True,1.0,True,0.9999999999999999,0.0,0.0,0.0,1513
coverage_stratified,multisource_rna_no_protein,LMNTD1,A3b_reversed_bio,Protein biological weight greater than RNA,,0.6,1513,False,1412,1105,594,0,0.0732033584272354,0.8631000000000001,692,248,0.6807666886979511,0.0670424715964786,3,False,True,True,True,1.0,True,0.9999999999999999,0.0,0.0,0.0,1513
coverage_stratified,multisource_rna_no_protein,LMNTD1,A4_adaptive_trust,Team baseline plus gene-level adaptive RNA trust,,0.6,1513,False,1412,1105,594,0,0.0732033584272354,0.8631000000000001,692,248,0.6807666886979511,0.0670424715964786,3,False,True,True,True,1.0,True,0.9999999999999999,0.0,0.0,0.0,1513
coverage_stratified,multisource_rna_no_protein,LMNTD1,A5_v3_structure,Flat v3 RNA/protein/consistency/completeness structure,,0.6,1513,False,1412,1105,594,0,0.07532289337814732,0.889,696,249,0.6748182419035029,0.06704247159647887,3,False,True,False,True,1.0,True,0.9395334870753632,110.65432914738929,389.5,0.015414540647719764,1513
coverage_stratified,multisource_rna_no_protein,LMNTD1,A6_v3_full,Flat v3 structure plus adaptive trust,,0.6,1513,False,1412,1105,594,0,0.07532289337814732,0.889,696,249,0.6748182419035029,0.06704247159647887,3,False,True,False,True,1.0,True,0.9395334870753632,110.65432914738929,389.5,0.015414540647719764,1513
coverage_stratified,multisource_rna_no_protein,AQP4,B0_rna_mean,RNA-only mean ranking; no protein or confidence in final score,,0.6,1513,False,1412,1105,594,0,0.0558704753186506,1.0,496,279,0.8023793787177792,0.11918386434811713,3,False,True,False,True,1.0,True,0.8176897415216144,160.5333773959022,799.0,0.06668003965631196,1513
coverage_stratified,multisource_rna_no_protein,AQP4,A0_team_baseline,"Team baseline: RNA .55, protein .30, confidence .15",,0.6,1513,False,1412,1105,594,0,0.04888014422753368,0.8631000000000001,477,279,0.8182419035029742,0.06704247159647962,3,False,True,True,True,1.0,True,1.0,0.0,0.0,0.0,1513
coverage_stratified,multisource_rna_no_protein,AQP4,A1a_no_direct_protein,Remove direct protein; retain protein-derived confidence,,0.6,1513,False,1412,1105,594,0,0.04888014422753368,0.8631000000000001,477,279,0.8182419035029742,0.06704247159647962,3,False,True,True,True,1.0,True,1.0,0.0,0.0,0.0,1513
coverage_stratified,multisource_rna_no_protein,AQP4,A1b_no_protein_evidence,Remove direct protein and all protein-derived confidence,,0.6,1513,False,1412,1105,594,0,0.0513251834641695,0.8734,498,279,0.8103106411103768,0.11918386434811677,3,False,True,False,True,1.0,True,0.9800351624716337,41.928618638466624,494.0,0.052223132848645076,1513
coverage_stratified,multisource_rna_no_protein,AQP4,A1c_no_protein_confidence,Retain direct protein; remove protein-derived confidence only,,0.6,1513,False,1412,1105,594,0,0.0513251834641695,0.8734,498,279,0.8103106411103768,0.11918386434811677,3,False,True,False,True,1.0,True,0.9800351624716337,41.928618638466624,494.0,0.052223132848645076,1513
coverage_stratified,multisource_rna_no_protein,AQP4,A2_no_confidence,Remove the full confidence block; renormalise RNA/protein,,0.6,1513,False,1412,1105,594,0,0.0558704753186506,1.0,496,279,0.8023793787177792,0.06704247159647811,3,False,True,False,True,1.0,True,0.8176897415216144,160.5333773959022,799.0,0.06668003965631196,1513
coverage_stratified,multisource_rna_no_protein,AQP4,A2a_no_conf_completeness,Remove completeness from confidence; renormalise retained components,,0.6,1513,False,1412,1105,594,0,0.050904546869921026,0.8719,495,279,0.8070059484467944,0.11171191267161873,3,False,True,False,True,1.0,True,0.9837542636499244,37.05948446794448,483.0,0.0051672174487772645,1513
coverage_stratified,multisource_rna_no_protein,AQP4,A2b_no_conf_source_support,Remove source support from confidence; renormalise retained components,,0.6,1513,False,1412,1105,594,0,0.04749198979325817,0.8500000000000001,474,279,0.814937210839392,0.0,1,True,True,False,True,1.0,True,0.8181329567694416,160.33972240581625,800.0,0.007746067415730337,1513
coverage_stratified,multisource_rna_no_protein,AQP4,A2c_no_conf_consistency,Remove RNA-protein consistency; renormalise retained components,,0.6,1513,False,1412,1105,594,0,0.04978875192762485,0.8675,496,279,0.806345009914078,0.08941550211781804,3,False,True,False,True,1.0,True,0.9941764667726098,19.416391275611367,417.0,0.0025827495042961006,1513
coverage_stratified,multisource_rna_no_protein,AQP4,A3_equal_bio,Equal RNA/protein biological weights,,0.6,1513,False,1412,1105,594,0,0.04888014422753368,0.8631000000000001,477,279,0.8182419035029742,0.06704247159647962,3,False,True,True,True,1.0,True,1.0,0.0,0.0,0.0,1513
coverage_stratified,multisource_rna_no_protein,AQP4,A3b_reversed_bio,Protein biological weight greater than RNA,,0.6,1513,False,1412,1105,594,0,0.04888014422753368,0.8631000000000001,477,279,0.8182419035029742,0.06704247159647962,3,False,True,True,True,1.0,True,1.0,0.0,0.0,0.0,1513
coverage_stratified,multisource_rna_no_protein,AQP4,A4_adaptive_trust,Team baseline plus gene-level adaptive RNA trust,,0.6,1513,False,1412,1105,594,0,0.04888014422753368,0.8631000000000001,477,279,0.8182419035029742,0.06704247159647962,3,False,True,True,True,1.0,True,1.0,0.0,0.0,0.0,1513
coverage_stratified,multisource_rna_no_protein,AQP4,A5_v3_structure,Flat v3 RNA/protein/consistency/completeness structure,,0.6,1513,False,1412,1105,594,0,0.049675894965041587,0.889,485,279,0.806345009914078,0.06704247159647811,3,False,True,False,True,1.0,True,0.8182498271628414,160.23859881031063,800.0,0.01795538664904164,1513
coverage_stratified,multisource_rna_no_protein,AQP4,A6_v3_full,Flat v3 structure plus adaptive trust,,0.6,1513,False,1412,1105,594,0,0.049675894965041587,0.889,485,279,0.806345009914078,0.06704247159647811,3,False,True,False,True,1.0,True,0.8182498271628414,160.23859881031063,800.0,0.01795538664904164,1513
coverage_stratified,multisource_rna_no_protein,TAS2R14,B0_rna_mean,RNA-only mean ranking; no protein or confidence in final score,,0.6,1476,False,1412,1105,0,0,0.14370115592653027,1.0,937,15,0.5643631436314364,0.07089474244752454,2,False,True,False,True,1.0,True,0.9987274265912766,16.26490514905149,63.0,0.02368028455284553,1476
coverage_stratified,multisource_rna_no_protein,TAS2R14,A0_team_baseline,"Team baseline: RNA .55, protein .30, confidence .15",,0.6,1476,False,1412,1105,0,0,0.12386294140758727,0.8631000000000001,911,15,0.5901084010840109,0.03989253996243299,2,False,True,True,True,1.0,True,1.0,0.0,0.0,0.0,1476
coverage_stratified,multisource_rna_no_protein,TAS2R14,A1a_no_direct_protein,Remove direct protein; retain protein-derived confidence,,0.6,1476,False,1412,1105,0,0,0.12386294140758727,0.8631000000000001,911,15,0.5901084010840109,0.03989253996243299,2,False,True,True,True,1.0,True,1.0,0.0,0.0,0.0,1476
coverage_stratified,multisource_rna_no_protein,TAS2R14,A1b_no_protein_evidence,Remove direct protein and all protein-derived confidence,,0.6,1476,False,1412,1105,0,0,0.12537976428159994,0.8734,920,15,0.5799457994579946,0.07089474244752371,2,False,True,False,True,1.0,True,0.9992126265110703,12.40379403794038,50.0,0.048656978319783196,1476
coverage_stratified,multisource_rna_no_protein,TAS2R14,A1c_no_protein_confidence,Retain direct protein; remove protein-derived confidence only,,0.6,1476,False,1412,1105,0,0,0.12537976428159994,0.8734,920,15,0.5799457994579946,0.07089474244752371,2,False,True,False,True,1.0,True,0.9992126265110703,12.40379403794038,50.0,0.048656978319783196,1476
coverage_stratified,multisource_rna_no_protein,TAS2R14,A2_no_confidence,Remove the full confidence block; renormalise RNA/protein,,0.6,1476,False,1412,1105,0,0,0.14370115592653027,1.0,937,15,0.5643631436314364,0.03989253996243293,2,False,True,False,True,1.0,True,0.9987274265912766,16.26490514905149,63.0,0.02368028455284553,1476
coverage_stratified,multisource_rna_no_protein,TAS2R14,A2a_no_conf_completeness,Remove completeness from confidence; renormalise retained components,,0.6,1476,False,1412,1105,0,0,0.1251534127027883,0.8719,924,16,0.5840108401084011,0.06647236944597384,2,False,True,False,True,1.0,True,0.9993997258368181,10.747289972899729,47.5,0.002578929539295394,1476
coverage_stratified,multisource_rna_no_protein,TAS2R14,A2b_no_conf_source_support,Remove source support from confidence; renormalise retained components,,0.6,1476,False,1412,1105,0,0,0.12214747592955859,0.8500000000000001,916,15,0.5880758807588076,0.0,1,True,True,False,True,1.0,True,0.9987327354314393,16.23509485094851,63.0,0.003866937669376694,1476
coverage_stratified,multisource_rna_no_protein,TAS2R14,A2c_no_conf_consistency,Remove RNA-protein consistency; renormalise retained components,,0.6,1476,False,1412,1105,0,0,0.12449402313179476,0.8675,912,15,0.5901084010840109,0.05320525044132454,2,False,True,False,True,1.0,True,0.9998324099393102,5.401761517615176,27.0,0.0012905826558265593,1476
coverage_stratified,multisource_rna_no_protein,TAS2R14,A3_equal_bio,Equal RNA/protein biological weights,,0.6,1476,False,1412,1105,0,0,0.12386294140758727,0.8631000000000001,911,15,0.5901084010840109,0.03989253996243299,2,False,True,True,True,1.0,True,1.0,0.0,0.0,0.0,1476
coverage_stratified,multisource_rna_no_protein,TAS2R14,A3b_reversed_bio,Protein biological weight greater than RNA,,0.6,1476,False,1412,1105,0,0,0.12386294140758727,0.8631000000000001,911,15,0.5901084010840109,0.03989253996243299,2,False,True,True,True,1.0,True,1.0,0.0,0.0,0.0,1476
coverage_stratified,multisource_rna_no_protein,TAS2R14,A4_adaptive_trust,Team baseline plus gene-level adaptive RNA trust,,0.6,1476,False,1412,1105,0,0,0.12386294140758727,0.8631000000000001,911,15,0.5901084010840109,0.03989253996243299,2,False,True,True,True,1.0,True,1.0,0.0,0.0,0.0,1476
coverage_stratified,multisource_rna_no_protein,TAS2R14,A5_v3_structure,Flat v3 RNA/protein/consistency/completeness structure,,0.6,1476,False,1412,1105,0,0,0.12775245353029363,0.889,915,15,0.5873983739837398,0.03989253996243293,2,False,True,False,True,1.0,True,0.9987308750078975,16.251355013550135,63.0,0.006010636856368562,1476
coverage_stratified,multisource_rna_no_protein,TAS2R14,A6_v3_full,Flat v3 structure plus adaptive trust,,0.6,1476,False,1412,1105,0,0,0.12775245353029363,0.889,915,15,0.5873983739837398,0.03989253996243293,2,False,True,False,True,1.0,True,0.9987308750078975,16.251355013550135,63.0,0.006010636856368562,1476
coverage_stratified,multisource_rna_no_protein,REG1A,B0_rna_mean,RNA-only mean ranking; no protein or confidence in final score,,0.6,1513,False,1412,1105,594,0,0.08164647767087732,1.0,515,304,0.7812293456708526,0.11918386434811581,3,False,True,False,True,1.0,True,0.7483100527404146,232.06212822207536,798.0,0.06274745538664905,1513
coverage_stratified,multisource_rna_no_protein,REG1A,A0_team_baseline,"Team baseline: RNA .55, protein .30, confidence .15",,0.6,1513,False,1412,1105,594,0,0.0702361084466562,0.8762000000000001,509,304,0.7997356245869134,0.06704247159647964,3,False,True,True,True,1.0,True,0.9999999999999999,0.0,0.0,0.0,1513
coverage_stratified,multisource_rna_no_protein,REG1A,A1a_no_direct_protein,Remove direct protein; retain protein-derived confidence,,0.6,1513,False,1412,1105,594,0,0.0702361084466562,0.8762000000000001,509,304,0.7997356245869134,0.06704247159647964,3,False,True,True,True,1.0,True,0.9999999999999999,0.0,0.0,0.0,1513
coverage_stratified,multisource_rna_no_protein,REG1A,A1b_no_protein_evidence,Remove direct protein and all protein-derived confidence,,0.6,1513,False,1412,1105,594,0,0.07186605488153669,0.8967,538,306,0.7713152676801057,0.1191838643481163,3,False,True,False,True,1.0,True,0.9819237411327475,39.555188367481826,479.0,0.05223767349636483,1513
coverage_stratified,multisource_rna_no_protein,REG1A,A1c_no_protein_confidence,Retain direct protein; remove protein-derived confidence only,,0.6,1513,False,1412,1105,594,0,0.07186605488153669,0.8967,538,306,0.7713152676801057,0.1191838643481163,3,False,True,False,True,1.0,True,0.9819237411327475,39.555188367481826,479.0,0.05223767349636483,1513
coverage_stratified,multisource_rna_no_protein,REG1A,A2_no_confidence,Remove the full confidence block; renormalise RNA/protein,,0.6,1513,False,1412,1105,594,0,0.08164647767087732,1.0,515,304,0.7812293456708526,0.06704247159647798,3,False,True,False,True,1.0,True,0.7483100527404146,232.06212822207536,798.0,0.06274745538664905,1513
coverage_stratified,multisource_rna_no_protein,REG1A,A2a_no_conf_completeness,Remove completeness from confidence; renormalise retained components,,0.6,1513,False,1412,1105,594,0,0.07158334302759392,0.8937999999999999,524,304,0.7825512227362855,0.11171191267161874,3,False,True,False,True,1.0,True,0.9846519794130872,35.731658955717116,474.0,0.005170059484467944,1513
coverage_stratified,multisource_rna_no_protein,REG1A,A2b_no_conf_source_support,Remove source support from confidence; renormalise retained components,,0.6,1513,False,1412,1105,594,0,0.06939941613812539,0.8500000000000001,496,305,0.7891606080634501,0.0,1,True,True,False,True,1.0,True,0.7489987769391311,231.78056840713813,800.0,0.007744745538664904,1513
coverage_stratified,multisource_rna_no_protein,REG1A,A2c_no_conf_consistency,Remove RNA-protein consistency; renormalise retained components,,0.6,1513,False,1412,1105,594,0,0.07083370802656254,0.885,511,304,0.7924653007270324,0.0894155021178181,3,False,True,False,True,1.0,True,0.9923676819170865,21.71645736946464,403.5,0.0025840713813615333,1513
coverage_stratified,multisource_rna_no_protein,REG1A,A3_equal_bio,Equal RNA/protein biological weights,,0.6,1513,False,1412,1105,594,0,0.0702361084466562,0.8762000000000001,509,304,0.7997356245869134,0.06704247159647964,3,False,True,True,True,1.0,True,0.9999999999999999,0.0,0.0,0.0,1513
coverage_stratified,multisource_rna_no_protein,REG1A,A3b_reversed_bio,Protein biological weight greater than RNA,,0.6,1513,False,1412,1105,594,0,0.0702361084466562,0.8762000000000001,509,304,0.7997356245869134,0.06704247159647964,3,False,True,True,True,1.0,True,0.9999999999999999,0.0,0.0,0.0,1513
coverage_stratified,multisource_rna_no_protein,REG1A,A4_adaptive_trust,Team baseline plus gene-level adaptive RNA trust,,0.6,1513,False,1412,1105,594,0,0.0702361084466562,0.8762000000000001,509,304,0.7997356245869134,0.06704247159647964,3,False,True,True,True,1.0,True,0.9999999999999999,0.0,0.0,0.0,1513
coverage_stratified,multisource_rna_no_protein,REG1A,A5_v3_structure,Flat v3 RNA/protein/consistency/completeness structure,,0.6,1513,False,1412,1105,594,0,0.07258269764500447,0.889,499,305,0.7898215465961665,0.06704247159647798,3,False,True,False,True,1.0,True,0.7493295131765136,231.43621943159286,800.0,0.01698116325181758,1513
coverage_stratified,multisource_rna_no_protein,REG1A,A6_v3_full,Flat v3 structure plus adaptive trust,,0.6,1513,False,1412,1105,594,0,0.07258269764500447,0.889,499,305,0.7898215465961665,0.06704247159647798,3,False,True,False,True,1.0,True,0.7493295131765136,231.43621943159286,800.0,0.01698116325181758,1513
coverage_stratified,multisource_rna_no_protein,DEFB106B,B0_rna_mean,RNA-only mean ranking; no protein or confidence in final score,,0.6,1476,False,1412,1105,0,0,0.03982311918657191,1.0,12,1032,0.9939024390243902,0.070894742447524,2,False,True,False,False,0.008144796380090498,True,0.789684819078138,89.4959349593496,1032.0,0.0707861788617886,1476
coverage_stratified,multisource_rna_no_protein,DEFB106B,A0_team_baseline,"Team baseline: RNA .55, protein .30, confidence .15",,0.6,1476,False,1412,1105,0,0,0.034662343468515815,0.8631000000000001,12,1032,0.9939024390243902,0.039892539962432895,2,False,True,True,True,1.0,True,1.0,0.0,0.0,0.0,1476
coverage_stratified,multisource_rna_no_protein,DEFB106B,A1a_no_direct_protein,Remove direct protein; retain protein-derived confidence,,0.6,1476,False,1412,1105,0,0,0.034662343468515815,0.8631000000000001,12,1032,0.9939024390243902,0.039892539962432895,2,False,True,True,True,1.0,True,1.0,0.0,0.0,0.0,1476
coverage_stratified,multisource_rna_no_protein,DEFB106B,A1b_no_protein_evidence,Remove direct protein and all protein-derived confidence,,0.6,1476,False,1412,1105,0,0,0.035986373566907585,0.8734,12,1032,0.9939024390243902,0.07089474244752335,2,False,True,True,True,1.0,True,1.0,0.0,0.0,0.04866863143631436,1476
coverage_stratified,multisource_rna_no_protein,DEFB106B,A1c_no_protein_confidence,Retain direct protein; remove protein-derived confidence only,,0.6,1476,False,1412,1105,0,0,0.035986373566907585,0.8734,12,1032,0.9939024390243902,0.07089474244752335,2,False,True,True,True,1.0,True,1.0,0.0,0.0,0.04866863143631436,1476
coverage_stratified,multisource_rna_no_protein,DEFB106B,A2_no_confidence,Remove the full confidence block; renormalise RNA/protein,,0.6,1476,False,1412,1105,0,0,0.03982311918657191,1.0,12,1032,0.9939024390243902,0.03989253996243283,2,False,True,False,False,0.008144796380090498,True,0.789684819078138,89.4959349593496,1032.0,0.0707861788617886,1476
coverage_stratified,multisource_rna_no_protein,DEFB106B,A2a_no_conf_completeness,Remove completeness from confidence; renormalise retained components,,0.6,1476,False,1412,1105,0,0,0.03575947641219523,0.8719,12,1032,0.9939024390243902,0.06647236944597416,2,False,True,True,True,1.0,True,1.0,0.0,0.0,0.002589159891598915,1476
coverage_stratified,multisource_rna_no_protein,DEFB106B,A2b_no_conf_source_support,Remove source support from confidence; renormalise retained components,,0.6,1476,False,1412,1105,0,0,0.03385086202834155,0.8500000000000001,12,1032,0.9939024390243902,0.0,1,True,True,False,False,0.008144796380090498,True,0.789684819078138,89.4959349593496,1032.0,0.003860772357723578,1476
coverage_stratified,multisource_rna_no_protein,DEFB106B,A2c_no_conf_consistency,Remove RNA-protein consistency; renormalise retained components,,0.6,1476,False,1412,1105,0,0,0.03515902454665815,0.8675,12,1032,0.9939024390243902,0.05320525044132533,2,False,True,True,True,1.0,True,1.0,0.0,0.0,0.0012967479674796736,1476
coverage_stratified,multisource_rna_no_protein,DEFB106B,A3_equal_bio,Equal RNA/protein biological weights,,0.6,1476,False,1412,1105,0,0,0.034662343468515815,0.8631000000000001,12,1032,0.9939024390243902,0.039892539962432895,2,False,True,True,True,1.0,True,1.0,0.0,0.0,0.0,1476
coverage_stratified,multisource_rna_no_protein,DEFB106B,A3b_reversed_bio,Protein biological weight greater than RNA,,0.6,1476,False,1412,1105,0,0,0.034662343468515815,0.8631000000000001,12,1032,0.9939024390243902,0.039892539962432895,2,False,True,True,True,1.0,True,1.0,0.0,0.0,0.0,1476
coverage_stratified,multisource_rna_no_protein,DEFB106B,A4_adaptive_trust,Team baseline plus gene-level adaptive RNA trust,,0.6,1476,False,1412,1105,0,0,0.034662343468515815,0.8631000000000001,12,1032,0.9939024390243902,0.039892539962432895,2,False,True,True,True,1.0,True,1.0,0.0,0.0,0.0,1476
coverage_stratified,multisource_rna_no_protein,DEFB106B,A5_v3_structure,Flat v3 RNA/protein/consistency/completeness structure,,0.6,1476,False,1412,1105,0,0,0.035401184304507574,0.889,12,1032,0.9939024390243902,0.03989253996243283,2,False,True,False,False,0.008144796380090498,True,0.789684819078138,89.4959349593496,1032.0,0.015512804878048783,1476
coverage_stratified,multisource_rna_no_protein,DEFB106B,A6_v3_full,Flat v3 structure plus adaptive trust,,0.6,1476,False,1412,1105,0,0,0.035401184304507574,0.889,12,1032,0.9939024390243902,0.03989253996243283,2,False,True,False,False,0.008144796380090498,True,0.789684819078138,89.4959349593496,1032.0,0.015512804878048783,1476
coverage_stratified,multisource_rna_no_protein,KRT76,B0_rna_mean,RNA-only mean ranking; no protein or confidence in final score,,0.6,1513,False,1412,1105,594,0,0.04682306834487902,1.0,374,484,0.8658294778585591,0.11918386434811769,3,False,True,False,True,1.0,True,0.5766663729357794,270.77065432914736,957.0,0.06600456047587573,1513
coverage_stratified,multisource_rna_no_protein,KRT76,A0_team_baseline,"Team baseline: RNA .55, protein .30, confidence .15",,0.6,1513,False,1412,1105,594,0,0.04106048000636251,0.8631000000000001,357,486,0.8697951090548579,0.06704247159647903,3,False,True,True,True,1.0,True,1.0,0.0,0.0,0.0,1513
coverage_stratified,multisource_rna_no_protein,KRT76,A1a_no_direct_protein,Remove direct protein; retain protein-derived confidence,,0.6,1513,False,1412,1105,594,0,0.04106048000636251,0.8631000000000001,357,486,0.8697951090548579,0.06704247159647903,3,False,True,True,True,1.0,True,1.0,0.0,0.0,0.0,1513
coverage_stratified,multisource_rna_no_protein,KRT76,A1b_no_protein_evidence,Remove direct protein and all protein-derived confidence,,0.6,1513,False,1412,1105,594,0,0.043640938107758986,0.8734,369,483,0.8691341705221415,0.1191838643481168,3,False,True,False,False,0.8181818181818182,True,0.9790331894783725,32.555188367481826,710.0,0.05226140118968935,1513
coverage_stratified,multisource_rna_no_protein,KRT76,A1c_no_protein_confidence,Retain direct protein; remove protein-derived confidence only,,0.6,1513,False,1412,1105,594,0,0.043640938107758986,0.8734,369,483,0.8691341705221415,0.1191838643481168,3,False,True,False,False,0.8181818181818182,True,0.9790331894783725,32.555188367481826,710.0,0.05226140118968935,1513
coverage_stratified,multisource_rna_no_protein,KRT76,A2_no_confidence,Remove the full confidence block; renormalise RNA/protein,,0.6,1513,False,1412,1105,594,0,0.04682306834487902,1.0,374,484,0.8658294778585591,0.06704247159647841,3,False,True,False,True,1.0,True,0.5766663729357794,270.77065432914736,957.0,0.06600456047587573,1513
coverage_stratified,multisource_rna_no_protein,KRT76,A2a_no_conf_completeness,Remove completeness from confidence; renormalise retained components,,0.6,1513,False,1412,1105,594,0,0.04319421431611456,0.8719,375,483,0.8592200925313945,0.11171191267161885,3,False,True,False,False,0.8181818181818182,True,0.9808557976881455,31.196298744216787,674.5,0.005152544613350958,1513
coverage_stratified,multisource_rna_no_protein,KRT76,A2b_no_conf_source_support,Remove source support from confidence; renormalise retained components,,0.6,1513,False,1412,1105,594,0,0.03980161177606631,0.8500000000000001,351,486,0.8830138797091871,0.0,1,True,True,False,True,1.0,True,0.5785370957661022,269.8440185062789,957.0,0.0077430270984798445,1513
coverage_stratified,multisource_rna_no_protein,KRT76,A2c_no_conf_consistency,Remove RNA-protein consistency; renormalise retained components,,0.6,1513,False,1412,1105,594,0,0.042013547034747266,0.8675,367,483,0.8678122934567085,0.08941550211781814,3,False,True,False,True,1.0,True,0.9866432191972512,25.14540647719762,538.5,0.002585789821546596,1513
coverage_stratified,multisource_rna_no_protein,KRT76,A3_equal_bio,Equal RNA/protein biological weights,,0.6,1513,False,1412,1105,594,0,0.04106048000636251,0.8631000000000001,357,486,0.8697951090548579,0.06704247159647903,3,False,True,True,True,1.0,True,1.0,0.0,0.0,0.0,1513
coverage_stratified,multisource_rna_no_protein,KRT76,A3b_reversed_bio,Protein biological weight greater than RNA,,0.6,1513,False,1412,1105,594,0,0.04106048000636251,0.8631000000000001,357,486,0.8697951090548579,0.06704247159647903,3,False,True,True,True,1.0,True,1.0,0.0,0.0,0.0,1513
coverage_stratified,multisource_rna_no_protein,KRT76,A4_adaptive_trust,Team baseline plus gene-level adaptive RNA trust,,0.6,1513,False,1412,1105,594,0,0.04106048000636251,0.8631000000000001,357,486,0.8697951090548579,0.06704247159647903,3,False,True,True,True,1.0,True,1.0,0.0,0.0,0.0,1513
coverage_stratified,multisource_rna_no_protein,KRT76,A5_v3_structure,Flat v3 RNA/protein/consistency/completeness structure,,0.6,1513,False,1412,1105,594,0,0.041623590168540774,0.889,356,486,0.8737607402511567,0.06704247159647841,3,False,True,False,True,1.0,True,0.5773475930437337,271.0627891606081,957.5,0.017703106411103765,1513
coverage_stratified,multisource_rna_no_protein,KRT76,A6_v3_full,Flat v3 structure plus adaptive trust,,0.6,1513,False,1412,1105,594,0,0.041623590168540774,0.889,356,486,0.8737607402511567,0.06704247159647841,3,False,True,False,True,1.0,True,0.5773475930437337,271.0627891606081,957.5,0.017703106411103765,1513
coverage_stratified,multisource_rna_no_protein,PCDHB3,B0_rna_mean,RNA-only mean ranking; no protein or confidence in final score,,0.6,1513,False,1412,1105,594,0,0.15672308551868697,1.0,869,60,0.5644415069398546,0.11918386434811433,3,False,True,False,True,1.0,True,0.9763436393337985,67.24322538003966,371.0,0.05833688037012558,1513
coverage_stratified,multisource_rna_no_protein,PCDHB3,A0_team_baseline,"Team baseline: RNA .55, protein .30, confidence .15",,0.6,1513,False,1412,1105,594,0,0.13355644074898665,0.871,836,60,0.5902181097157965,0.06704247159647929,3,False,True,True,True,1.0,True,1.0,0.0,0.0,0.0,1513
coverage_stratified,multisource_rna_no_protein,PCDHB3,A1a_no_direct_protein,Remove direct protein; retain protein-derived confidence,,0.6,1513,False,1412,1105,594,0,0.13355644074898665,0.871,836,60,0.5902181097157965,0.06704247159647929,3,False,True,True,True,1.0,True,1.0,0.0,0.0,0.0,1513
coverage_stratified,multisource_rna_no_protein,PCDHB3,A1b_no_protein_evidence,Remove direct protein and all protein-derived confidence,,0.6,1513,False,1412,1105,594,0,0.13434347738529726,0.8914,835,60,0.5981493721083939,0.11918386434811631,3,False,True,False,False,0.8181818181818182,True,0.9908926007264084,40.62723066754792,238.5,0.05224097818902841,1513
coverage_stratified,multisource_rna_no_protein,PCDHB3,A1c_no_protein_confidence,Retain direct protein; remove protein-derived confidence only,,0.6,1513,False,1412,1105,594,0,0.13434347738529726,0.8914,835,60,0.5981493721083939,0.11918386434811631,3,False,True,False,False,0.8181818181818182,True,0.9908926007264084,40.62723066754792,238.5,0.05224097818902841,1513
coverage_stratified,multisource_rna_no_protein,PCDHB3,A2_no_confidence,Remove the full confidence block; renormalise RNA/protein,,0.6,1513,False,1412,1105,594,0,0.15672308551868697,1.0,869,60,0.5644415069398546,0.06704247159647911,3,False,True,False,True,1.0,True,0.9763436393337985,67.24322538003966,371.0,0.05833688037012558,1513
coverage_stratified,multisource_rna_no_protein,PCDHB3,A2a_no_conf_completeness,Remove completeness from confidence; renormalise retained components,,0.6,1513,False,1412,1105,594,0,0.13420347749493847,0.8886,840,60,0.5902181097157965,0.11171191267161944,3,False,True,False,False,0.8181818181818182,True,0.9928747844651205,35.53337739590218,221.0,0.005166622604097819,1513
coverage_stratified,multisource_rna_no_protein,PCDHB3,A2b_no_conf_source_support,Remove source support from confidence; renormalise retained components,,0.6,1513,False,1412,1105,594,0,0.1332162493430747,0.8500000000000001,843,60,0.5902181097157965,0.0,1,True,True,False,True,1.0,True,0.9763563885270795,67.24058162590879,371.5,0.00774454725710509,1513
coverage_stratified,multisource_rna_no_protein,PCDHB3,A2c_no_conf_consistency,Remove RNA-protein consistency; renormalise retained components,,0.6,1513,False,1412,1105,594,0,0.13383893018709386,0.8798,834,60,0.6021150033046927,0.08941550211781815,3,False,True,False,True,1.0,True,0.9979009792037752,18.570389953734303,145.0,0.0025842696629213477,1513
coverage_stratified,multisource_rna_no_protein,PCDHB3,A3_equal_bio,Equal RNA/protein biological weights,,0.6,1513,False,1412,1105,594,0,0.13355644074898665,0.871,836,60,0.5902181097157965,0.06704247159647929,3,False,True,True,True,1.0,True,1.0,0.0,0.0,0.0,1513
coverage_stratified,multisource_rna_no_protein,PCDHB3,A3b_reversed_bio,Protein biological weight greater than RNA,,0.6,1513,False,1412,1105,594,0,0.13355644074898665,0.871,836,60,0.5902181097157965,0.06704247159647929,3,False,True,True,True,1.0,True,1.0,0.0,0.0,0.0,1513
coverage_stratified,multisource_rna_no_protein,PCDHB3,A4_adaptive_trust,Team baseline plus gene-level adaptive RNA trust,,0.6,1513,False,1412,1105,594,0,0.13355644074898665,0.871,836,60,0.5902181097157965,0.06704247159647929,3,False,True,True,True,1.0,True,1.0,0.0,0.0,0.0,1513
coverage_stratified,multisource_rna_no_protein,PCDHB3,A5_v3_structure,Flat v3 RNA/protein/consistency/completeness structure,,0.6,1513,False,1412,1105,594,0,0.13932789656409703,0.889,847,60,0.5816259087904825,0.06704247159647911,3,False,True,False,True,1.0,True,0.9763313561910564,67.25446133509584,371.0,0.016272571050892266,1513
coverage_stratified,multisource_rna_no_protein,PCDHB3,A6_v3_full,Flat v3 structure plus adaptive trust,,0.6,1513,False,1412,1105,594,0,0.13932789656409703,0.889,847,60,0.5816259087904825,0.06704247159647911,3,False,True,False,True,1.0,True,0.9763313561910564,67.25446133509584,371.0,0.016272571050892266,1513
coverage_stratified,multisource_rna_no_protein,ESR2,B0_rna_mean,RNA-only mean ranking; no protein or confidence in final score,,0.6,1513,False,1412,1105,594,0,0.11718492320960021,1.0,887,27,0.5710508922670192,0.11918386434811666,3,False,True,False,True,1.0,False,0.9856195484942508,56.64441506939855,226.5,0.05087157964309319,1513
coverage_stratified,multisource_rna_no_protein,ESR2,A0_team_baseline,"Team baseline: RNA .55, protein .30, confidence .15",,0.6,1513,False,1412,1105,594,0,0.10225397080757302,0.8727,870,27,0.5935228023793787,0.06704247159647837,3,False,True,True,True,1.0,True,0.9999999999999999,0.0,0.0,0.0,1513
coverage_stratified,multisource_rna_no_protein,ESR2,A1a_no_direct_protein,Remove direct protein; retain protein-derived confidence,,0.6,1513,False,1412,1105,594,0,0.10225397080757302,0.8727,870,27,0.5935228023793787,0.06704247159647837,3,False,True,True,True,1.0,True,0.9999999999999999,0.0,0.0,0.0,1513
coverage_stratified,multisource_rna_no_protein,ESR2,A1b_no_protein_evidence,Remove direct protein and all protein-derived confidence,,0.6,1513,False,1412,1105,594,0,0.10493161420517452,0.8931,882,28,0.573694646397885,0.11918386434811604,3,False,True,False,True,1.0,True,0.9943582799871389,35.78387309980172,187.0,0.05224031725049571,1513
coverage_stratified,multisource_rna_no_protein,ESR2,A1c_no_protein_confidence,Retain direct protein; remove protein-derived confidence only,,0.6,1513,False,1412,1105,594,0,0.10493161420517452,0.8931,882,28,0.573694646397885,0.11918386434811604,3,False,True,False,True,1.0,True,0.9943582799871389,35.78387309980172,187.0,0.05224031725049571,1513
coverage_stratified,multisource_rna_no_protein,ESR2,A2_no_confidence,Remove the full confidence block; renormalise RNA/protein,,0.6,1513,False,1412,1105,594,0,0.11718492320960021,1.0,887,27,0.5710508922670192,0.06704247159647843,3,False,True,False,True,1.0,False,0.9856195484942508,56.64441506939855,226.5,0.05087157964309319,1513
coverage_stratified,multisource_rna_no_protein,ESR2,A2a_no_conf_completeness,Remove completeness from confidence; renormalise retained components,,0.6,1513,False,1412,1105,594,0,0.10451633370611672,0.8902,873,34,0.5882352941176471,0.11171191267161834,3,False,True,False,True,1.0,True,0.9957042283438602,31.140118968935887,160.0,0.005160872438863186,1513
coverage_stratified,multisource_rna_no_protein,ESR2,A2b_no_conf_source_support,Remove source support from confidence; renormalise retained components,,0.6,1513,False,1412,1105,594,0,0.09960512019115361,0.8500000000000001,863,27,0.5862524785194977,0.0,1,True,True,False,True,1.0,False,0.985584905269195,56.71645736946464,226.5,0.007750099140779907,1513
coverage_stratified,multisource_rna_no_protein,ESR2,A2c_no_conf_consistency,Remove RNA-protein consistency; renormalise retained components,,0.6,1513,False,1412,1105,594,0,0.10333557023875807,0.8814,870,29,0.5809649702577661,0.08941550211781815,3,False,True,False,True,1.0,True,0.9987633729309211,16.504957038995375,84.0,0.002578717779246531,1513
coverage_stratified,multisource_rna_no_protein,ESR2,A3_equal_bio,Equal RNA/protein biological weights,,0.6,1513,False,1412,1105,594,0,0.10225397080757302,0.8727,870,27,0.5935228023793787,0.06704247159647837,3,False,True,True,True,1.0,True,0.9999999999999999,0.0,0.0,0.0,1513
coverage_stratified,multisource_rna_no_protein,ESR2,A3b_reversed_bio,Protein biological weight greater than RNA,,0.6,1513,False,1412,1105,594,0,0.10225397080757302,0.8727,870,27,0.5935228023793787,0.06704247159647837,3,False,True,True,True,1.0,True,0.9999999999999999,0.0,0.0,0.0,1513
coverage_stratified,multisource_rna_no_protein,ESR2,A4_adaptive_trust,Team baseline plus gene-level adaptive RNA trust,,0.6,1513,False,1412,1105,594,0,0.10225397080757302,0.8727,870,27,0.5935228023793787,0.06704247159647837,3,False,True,True,True,1.0,True,0.9999999999999999,0.0,0.0,0.0,1513
coverage_stratified,multisource_rna_no_protein,ESR2,A5_v3_structure,Flat v3 RNA/protein/consistency/completeness structure,,0.6,1513,False,1412,1105,594,0,0.10417695741997351,0.889,868,27,0.5862524785194977,0.06704247159647843,3,False,True,False,True,1.0,False,0.9856116034244888,56.65829477858559,226.5,0.014044282881692002,1513
coverage_stratified,multisource_rna_no_protein,ESR2,A6_v3_full,Flat v3 structure plus adaptive trust,,0.6,1513,False,1412,1105,594,0,0.10417695741997351,0.889,868,27,0.5862524785194977,0.06704247159647843,3,False,True,False,True,1.0,False,0.9856116034244888,56.65829477858559,226.5,0.014044282881692002,1513
coverage_stratified,multisource_rna_no_protein,SPEF2,B0_rna_mean,RNA-only mean ranking; no protein or confidence in final score,,0.6,1513,False,1412,1105,594,0,0.17773679422299124,1.0,1164,38,0.35426305353602117,0.1191838643481147,3,False,True,False,False,0.8181818181818182,True,0.9975919159762189,23.38995373430271,149.0,0.03160634500991408,1513
coverage_stratified,multisource_rna_no_protein,SPEF2,A0_team_baseline,"Team baseline: RNA .55, protein .30, confidence .15",,0.6,1513,False,1412,1105,594,0,0.15238484357480556,0.8504,1147,38,0.3754130865829478,0.06704247159647898,3,False,True,True,True,1.0,True,0.9999999999999999,0.0,0.0,0.0,1513
coverage_stratified,multisource_rna_no_protein,SPEF2,A1a_no_direct_protein,Remove direct protein; retain protein-derived confidence,,0.6,1513,False,1412,1105,594,0,0.15238484357480556,0.8504,1147,38,0.3754130865829478,0.06704247159647898,3,False,True,True,True,1.0,True,0.9999999999999999,0.0,0.0,0.0,1513
coverage_stratified,multisource_rna_no_protein,SPEF2,A1b_no_protein_evidence,Remove direct protein and all protein-derived confidence,,0.6,1513,False,1412,1105,594,0,0.15385288108928552,0.8606,1155,38,0.3668208856576338,0.11918386434811448,3,False,True,False,False,0.8181818181818182,True,0.9986575965945078,17.17713152676801,81.0,0.052239722405816265,1513
coverage_stratified,multisource_rna_no_protein,SPEF2,A1c_no_protein_confidence,Retain direct protein; remove protein-derived confidence only,,0.6,1513,False,1412,1105,594,0,0.15385288108928552,0.8606,1155,38,0.3668208856576338,0.11918386434811448,3,False,True,False,False,0.8181818181818182,True,0.9986575965945078,17.17713152676801,81.0,0.052239722405816265,1513
coverage_stratified,multisource_rna_no_protein,SPEF2,A2_no_confidence,Remove the full confidence block; renormalise RNA/protein,,0.6,1513,False,1412,1105,594,0,0.17773679422299124,1.0,1164,38,0.35426305353602117,0.06704247159647901,3,False,True,False,False,0.8181818181818182,True,0.9975919159762189,23.38995373430271,149.0,0.03160634500991408,1513
coverage_stratified,multisource_rna_no_protein,SPEF2,A2a_no_conf_completeness,Remove completeness from confidence; renormalise retained components,,0.6,1513,False,1412,1105,594,0,0.1536166193859918,0.8592000000000001,1162,38,0.356906807666887,0.11171191267161791,3,False,True,False,False,0.9090909090909091,True,0.9989960771341077,14.845340383344348,81.0,0.005162062128222074,1513
coverage_stratified,multisource_rna_no_protein,SPEF2,A2b_no_conf_source_support,Remove source support from confidence; renormalise retained components,,0.6,1513,False,1412,1105,594,0,0.1510747039331592,0.8500000000000001,1140,38,0.38664904163912756,0.0,1,True,True,False,False,0.8181818181818182,True,0.9975881275920886,23.39391936549901,149.0,0.007746001321877066,1513
coverage_stratified,multisource_rna_no_protein,SPEF2,A2c_no_conf_consistency,Remove RNA-protein consistency; renormalise retained components,,0.6,1513,False,1412,1105,594,0,0.15296750007729185,0.8548,1134,38,0.39259748843357567,0.08941550211781833,3,False,True,False,True,1.0,True,0.9997340363103819,7.630535360211501,43.0,0.0025828155981493716,1513
coverage_stratified,multisource_rna_no_protein,SPEF2,A3_equal_bio,Equal RNA/protein biological weights,,0.6,1513,False,1412,1105,594,0,0.15238484357480556,0.8504,1147,38,0.3754130865829478,0.06704247159647898,3,False,True,True,True,1.0,True,0.9999999999999999,0.0,0.0,0.0,1513
coverage_stratified,multisource_rna_no_protein,SPEF2,A3b_reversed_bio,Protein biological weight greater than RNA,,0.6,1513,False,1412,1105,594,0,0.15238484357480556,0.8504,1147,38,0.3754130865829478,0.06704247159647898,3,False,True,True,True,1.0,True,0.9999999999999999,0.0,0.0,0.0,1513
coverage_stratified,multisource_rna_no_protein,SPEF2,A4_adaptive_trust,Team baseline plus gene-level adaptive RNA trust,,0.6,1513,False,1412,1105,594,0,0.15238484357480556,0.8504,1147,38,0.3754130865829478,0.06704247159647898,3,False,True,True,True,1.0,True,0.9999999999999999,0.0,0.0,0.0,1513
coverage_stratified,multisource_rna_no_protein,SPEF2,A5_v3_structure,Flat v3 RNA/protein/consistency/completeness structure,,0.6,1513,False,1412,1105,594,0,0.15800501255170965,0.889,1137,38,0.38730998017184404,0.06704247159647901,3,False,True,False,False,0.8181818181818182,True,0.9975883631485865,23.396563119629874,149.0,0.01123654990085922,1513
coverage_stratified,multisource_rna_no_protein,SPEF2,A6_v3_full,Flat v3 structure plus adaptive trust,,0.6,1513,False,1412,1105,594,0,0.15800501255170965,0.889,1137,38,0.38730998017184404,0.06704247159647901,3,False,True,False,False,0.8181818181818182,True,0.9975883631485865,23.396563119629874,149.0,0.01123654990085922,1513
coverage_stratified,multisource_rna_no_protein,CFAP206,B0_rna_mean,RNA-only mean ranking; no protein or confidence in final score,,0.6,1476,False,1412,1105,0,0,0.12525120351325297,1.0,490,155,0.7764227642276422,0.0708947424475249,2,False,True,False,True,1.0,True,0.9747630227868771,56.179539295392956,417.0,0.05685948509485095,1476
coverage_stratified,multisource_rna_no_protein,CFAP206,A0_team_baseline,"Team baseline: RNA .55, protein .30, confidence .15",,0.6,1476,False,1412,1105,0,0,0.10642476099700653,0.8631000000000001,482,155,0.7865853658536586,0.03989253996243267,2,False,True,True,True,1.0,True,1.0,0.0,0.0,0.0,1476
coverage_stratified,multisource_rna_no_protein,CFAP206,A1a_no_direct_protein,Remove direct protein; retain protein-derived confidence,,0.6,1476,False,1412,1105,0,0,0.10642476099700653,0.8631000000000001,482,155,0.7865853658536586,0.03989253996243267,2,False,True,True,True,1.0,True,1.0,0.0,0.0,0.0,1476
coverage_stratified,multisource_rna_no_protein,CFAP206,A1b_no_protein_evidence,Remove direct protein and all protein-derived confidence,,0.6,1476,False,1412,1105,0,0,0.10663666037119521,0.8734,483,155,0.787940379403794,0.07089474244752417,2,False,True,False,True,1.0,True,0.9924860661537425,25.70460704607046,356.0,0.0486470189701897,1476
coverage_stratified,multisource_rna_no_protein,CFAP206,A1c_no_protein_confidence,Retain direct protein; remove protein-derived confidence only,,0.6,1476,False,1412,1105,0,0,0.10663666037119521,0.8734,483,155,0.787940379403794,0.07089474244752417,2,False,True,False,True,1.0,True,0.9924860661537425,25.70460704607046,356.0,0.0486470189701897,1476
coverage_stratified,multisource_rna_no_protein,CFAP206,A2_no_confidence,Remove the full confidence block; renormalise RNA/protein,,0.6,1476,False,1412,1105,0,0,0.12525120351325297,1.0,490,155,0.7764227642276422,0.039892539962432555,2,False,True,False,True,1.0,True,0.9747630227868771,56.179539295392956,417.0,0.05685948509485095,1476
coverage_stratified,multisource_rna_no_protein,CFAP206,A2a_no_conf_completeness,Remove completeness from confidence; renormalise retained components,,0.6,1476,False,1412,1105,0,0,0.10659151867190791,0.8719,485,155,0.7818428184281843,0.06647236944597357,2,False,True,False,True,1.0,True,0.9932146383183308,23.275745257452574,356.0,0.002579471544715448,1476
coverage_stratified,multisource_rna_no_protein,CFAP206,A2b_no_conf_source_support,Remove source support from confidence; renormalise retained components,,0.6,1476,False,1412,1105,0,0,0.10645773260551454,0.8500000000000001,485,171,0.7804878048780488,0.0,1,True,True,False,True,1.0,True,0.9756463618660595,54.523035230352306,417.0,0.0038678184281842817,1476
coverage_stratified,multisource_rna_no_protein,CFAP206,A2c_no_conf_consistency,Remove RNA-protein consistency; renormalise retained components,,0.6,1476,False,1412,1105,0,0,0.10648902841784022,0.8675,491,155,0.7784552845528455,0.05320525044132425,2,False,True,False,True,1.0,True,0.9983317955730404,11.240514905149052,194.0,0.0012897018970189703,1476
coverage_stratified,multisource_rna_no_protein,CFAP206,A3_equal_bio,Equal RNA/protein biological weights,,0.6,1476,False,1412,1105,0,0,0.10642476099700653,0.8631000000000001,482,155,0.7865853658536586,0.03989253996243267,2,False,True,True,True,1.0,True,1.0,0.0,0.0,0.0,1476
coverage_stratified,multisource_rna_no_protein,CFAP206,A3b_reversed_bio,Protein biological weight greater than RNA,,0.6,1476,False,1412,1105,0,0,0.10642476099700653,0.8631000000000001,482,155,0.7865853658536586,0.03989253996243267,2,False,True,True,True,1.0,True,1.0,0.0,0.0,0.0,1476
coverage_stratified,multisource_rna_no_protein,CFAP206,A4_adaptive_trust,Team baseline plus gene-level adaptive RNA trust,,0.6,1476,False,1412,1105,0,0,0.10642476099700653,0.8631000000000001,482,155,0.7865853658536586,0.03989253996243267,2,False,True,True,True,1.0,True,1.0,0.0,0.0,0.0,1476
coverage_stratified,multisource_rna_no_protein,CFAP206,A5_v3_structure,Flat v3 RNA/protein/consistency/completeness structure,,0.6,1476,False,1412,1105,0,0,0.11134861451732267,0.889,492,155,0.7784552845528455,0.039892539962432555,2,False,True,False,True,1.0,True,0.9747856882523002,56.12533875338753,417.0,0.012539092140921412,1476
coverage_stratified,multisource_rna_no_protein,CFAP206,A6_v3_full,Flat v3 structure plus adaptive trust,,0.6,1476,False,1412,1105,0,0,0.11134861451732267,0.889,492,155,0.7784552845528455,0.039892539962432555,2,False,True,False,True,1.0,True,0.9747856882523002,56.12533875338753,417.0,0.012539092140921412,1476
coverage_stratified,multisource_rna_no_protein,CCDC201,B0_rna_mean,RNA-only mean ranking; no protein or confidence in final score,,0.6,1476,False,1412,1105,0,0,0.03869129108669328,1.0,118,290,0.959349593495935,0.07089474244752468,2,False,True,False,False,0.8181818181818182,True,0.8155383956807014,193.84552845528455,601.0,0.06384789972899728,1476
coverage_stratified,multisource_rna_no_protein,CCDC201,A0_team_baseline,"Team baseline: RNA .55, protein .30, confidence .15",,0.6,1476,False,1412,1105,0,0,0.033522373981325806,0.8500000000000001,116,290,0.962059620596206,0.03989253996243264,2,False,True,True,True,1.0,True,1.0,0.0,0.0,0.0,1476
coverage_stratified,multisource_rna_no_protein,CCDC201,A1a_no_direct_protein,Remove direct protein; retain protein-derived confidence,,0.6,1476,False,1412,1105,0,0,0.033522373981325806,0.8500000000000001,116,290,0.962059620596206,0.03989253996243264,2,False,True,True,True,1.0,True,1.0,0.0,0.0,0.0,1476
coverage_stratified,multisource_rna_no_protein,CCDC201,A1b_no_protein_evidence,Remove direct protein and all protein-derived confidence,,0.6,1476,False,1412,1105,0,0,0.03473480646780163,0.8500000000000001,118,290,0.9600271002710027,0.0708947424475238,2,False,True,False,True,1.0,True,0.9710580906174657,54.09756097560975,355.0,0.04863997289972899,1476
coverage_stratified,multisource_rna_no_protein,CCDC201,A1c_no_protein_confidence,Retain direct protein; remove protein-derived confidence only,,0.6,1476,False,1412,1105,0,0,0.03473480646780163,0.8500000000000001,118,290,0.9600271002710027,0.0708947424475238,2,False,True,False,True,1.0,True,0.9710580906174657,54.09756097560975,355.0,0.04863997289972899,1476
coverage_stratified,multisource_rna_no_protein,CCDC201,A2_no_confidence,Remove the full confidence block; renormalise RNA/protein,,0.6,1476,False,1412,1105,0,0,0.03869129108669328,1.0,118,290,0.959349593495935,0.0398925399624335,2,False,True,False,False,0.8181818181818182,True,0.8155383956807014,193.84552845528455,601.0,0.06384789972899728,1476
coverage_stratified,multisource_rna_no_protein,CCDC201,A2a_no_conf_completeness,Remove completeness from confidence; renormalise retained components,,0.6,1476,False,1412,1105,0,0,0.03452503653262386,0.85,117,290,0.9600271002710027,0.06647236944597407,2,False,True,False,True,1.0,True,0.972553972586872,52.174119241192415,355.0,0.002586178861788618,1476
coverage_stratified,multisource_rna_no_protein,CCDC201,A2b_no_conf_source_support,Remove source support from confidence; renormalise retained components,,0.6,1476,False,1412,1105,0,0,0.03288520910303883,0.8500000000000001,115,290,0.9607046070460704,0.0,1,True,True,False,False,0.8181818181818182,True,0.8155702428580197,193.84078590785907,601.0,0.0038636856368563684,1476
coverage_stratified,multisource_rna_no_protein,CCDC201,A2c_no_conf_consistency,Remove RNA-protein consistency; renormalise retained components,,0.6,1476,False,1412,1105,0,0,0.033968271394114,0.85,116,290,0.962059620596206,0.05320525044132523,2,False,True,False,True,1.0,True,0.9945141463245468,15.581978319783198,290.0,0.0012938346883468838,1476
coverage_stratified,multisource_rna_no_protein,CCDC201,A3_equal_bio,Equal RNA/protein biological weights,,0.6,1476,False,1412,1105,0,0,0.033522373981325806,0.8500000000000001,116,290,0.962059620596206,0.03989253996243264,2,False,True,True,True,1.0,True,1.0,0.0,0.0,0.0,1476
coverage_stratified,multisource_rna_no_protein,CCDC201,A3b_reversed_bio,Protein biological weight greater than RNA,,0.6,1476,False,1412,1105,0,0,0.033522373981325806,0.8500000000000001,116,290,0.962059620596206,0.03989253996243264,2,False,True,True,True,1.0,True,1.0,0.0,0.0,0.0,1476
coverage_stratified,multisource_rna_no_protein,CCDC201,A4_adaptive_trust,Team baseline plus gene-level adaptive RNA trust,,0.6,1476,False,1412,1105,0,0,0.033522373981325806,0.8500000000000001,116,290,0.962059620596206,0.03989253996243264,2,False,True,True,True,1.0,True,1.0,0.0,0.0,0.0,1476
coverage_stratified,multisource_rna_no_protein,CCDC201,A5_v3_structure,Flat v3 RNA/protein/consistency/completeness structure,,0.6,1476,False,1412,1105,0,0,0.03439607449276148,0.889,115,290,0.9613821138211383,0.0398925399624335,2,False,True,False,False,0.8181818181818182,True,0.815545110386488,193.83739837398375,601.0,0.013777506775067748,1476
coverage_stratified,multisource_rna_no_protein,CCDC201,A6_v3_full,Flat v3 structure plus adaptive trust,,0.6,1476,False,1412,1105,0,0,0.03439607449276148,0.889,115,290,0.9613821138211383,0.0398925399624335,2,False,True,False,False,0.8181818181818182,True,0.815545110386488,193.83739837398375,601.0,0.013777506775067748,1476
coverage_stratified,multisource_rna_no_protein,ACTL7B,B0_rna_mean,RNA-only mean ranking; no protein or confidence in final score,,0.6,1513,False,1412,1105,594,0,0.03316724727278884,1.0,304,311,0.9107732980832782,0.11918386434811595,3,False,True,False,False,0.5384615384615384,True,0.5830424808984273,274.438202247191,1037.5,0.06939669530733641,1513
coverage_stratified,multisource_rna_no_protein,ACTL7B,A0_team_baseline,"Team baseline: RNA .55, protein .30, confidence .15",,0.6,1513,False,1412,1105,594,0,0.029978468999725384,0.8631000000000001,301,309,0.9127561136814276,0.06704247159647883,3,False,True,True,True,1.0,True,1.0,0.0,0.0,0.0,1513
coverage_stratified,multisource_rna_no_protein,ACTL7B,A1a_no_direct_protein,Remove direct protein; retain protein-derived confidence,,0.6,1513,False,1412,1105,594,0,0.029978468999725384,0.8631000000000001,301,309,0.9127561136814276,0.06704247159647883,3,False,True,True,True,1.0,True,1.0,0.0,0.0,0.0,1513
coverage_stratified,multisource_rna_no_protein,ACTL7B,A1b_no_protein_evidence,Remove direct protein and all protein-derived confidence,,0.6,1513,False,1412,1105,594,0,0.03345292287657887,0.8734,338,309,0.8836748182419035,0.11918386434811692,3,False,True,False,False,0.8181818181818182,True,0.9930562042599899,16.47918043621943,582.0,0.05223853271645736,1513
coverage_stratified,multisource_rna_no_protein,ACTL7B,A1c_no_protein_confidence,Retain direct protein; remove protein-derived confidence only,,0.6,1513,False,1412,1105,594,0,0.03345292287657887,0.8734,338,309,0.8836748182419035,0.11918386434811692,3,False,True,False,False,0.8181818181818182,True,0.9930562042599899,16.47918043621943,582.0,0.05223853271645736,1513
coverage_stratified,multisource_rna_no_protein,ACTL7B,A2_no_confidence,Remove the full confidence block; renormalise RNA/protein,,0.6,1513,False,1412,1105,594,0,0.03316724727278884,1.0,304,311,0.9107732980832782,0.06704247159647886,3,False,True,False,False,0.5384615384615384,True,0.5830424808984273,274.438202247191,1037.5,0.06939669530733641,1513
coverage_stratified,multisource_rna_no_protein,ACTL7B,A2a_no_conf_completeness,Remove completeness from confidence; renormalise retained components,,0.6,1513,False,1412,1105,594,0,0.0328627951487654,0.8719,334,309,0.8902842035690681,0.11171191267161892,3,False,True,False,True,1.0,True,0.9937514022209717,15.580964970257766,579.0,0.0051566424322538,1513
coverage_stratified,multisource_rna_no_protein,ACTL7B,A2b_no_conf_source_support,Remove source support from confidence; renormalise retained components,,0.6,1513,False,1412,1105,594,0,0.028190829194241443,0.8500000000000001,276,313,0.9253139458030403,0.0,1,True,True,False,False,0.5384615384615384,True,0.5812385386043538,275.4831460674157,1037.5,0.007759881031064111,1513
coverage_stratified,multisource_rna_no_protein,ACTL7B,A2c_no_conf_consistency,Remove RNA-protein consistency; renormalise retained components,,0.6,1513,False,1412,1105,594,0,0.031268116861829634,0.8675,323,309,0.8955717118307998,0.0894155021178184,3,False,True,False,True,1.0,True,0.9964582368654258,10.802379378717779,513.0,0.002568935888962326,1513
coverage_stratified,multisource_rna_no_protein,ACTL7B,A3_equal_bio,Equal RNA/protein biological weights,,0.6,1513,False,1412,1105,594,0,0.029978468999725384,0.8631000000000001,301,309,0.9127561136814276,0.06704247159647883,3,False,True,True,True,1.0,True,1.0,0.0,0.0,0.0,1513
coverage_stratified,multisource_rna_no_protein,ACTL7B,A3b_reversed_bio,Protein biological weight greater than RNA,,0.6,1513,False,1412,1105,594,0,0.029978468999725384,0.8631000000000001,301,309,0.9127561136814276,0.06704247159647883,3,False,True,True,True,1.0,True,1.0,0.0,0.0,0.0,1513
coverage_stratified,multisource_rna_no_protein,ACTL7B,A4_adaptive_trust,Team baseline plus gene-level adaptive RNA trust,,0.6,1513,False,1412,1105,594,0,0.029978468999725384,0.8631000000000001,301,309,0.9127561136814276,0.06704247159647883,3,False,True,True,True,1.0,True,1.0,0.0,0.0,0.0,1513
coverage_stratified,multisource_rna_no_protein,ACTL7B,A5_v3_structure,Flat v3 RNA/protein/consistency/completeness structure,,0.6,1513,False,1412,1105,594,0,0.02948766549794737,0.889,285,312,0.9200264375413086,0.06704247159647886,3,False,True,False,False,0.5384615384615384,True,0.5843668672309678,273.90879048248513,1036.5,0.01860812954395241,1513
coverage_stratified,multisource_rna_no_protein,ACTL7B,A6_v3_full,Flat v3 structure plus adaptive trust,,0.6,1513,False,1412,1105,594,0,0.02948766549794737,0.889,285,312,0.9200264375413086,0.06704247159647886,3,False,True,False,False,0.5384615384615384,True,0.5843668672309678,273.90879048248513,1036.5,0.01860812954395241,1513
coverage_stratified,multisource_rna_no_protein,OR10G9,B0_rna_mean,RNA-only mean ranking; no protein or confidence in final score,,0.6,1476,False,1412,1105,0,0,0.0312849190034006,1.0,12,1027,0.9959349593495935,0.070894742447524,2,False,True,False,True,1.0,True,0.7933317583422103,89.0650406504065,1027.0,0.07093915989159891,1476
coverage_stratified,multisource_rna_no_protein,OR10G9,A0_team_baseline,"Team baseline: RNA .55, protein .30, confidence .15",,0.6,1476,False,1412,1105,0,0,0.027424331468138104,0.8631000000000001,12,1027,0.9959349593495935,0.03989253996243289,2,False,True,True,True,1.0,True,0.9999999999999999,0.0,0.0,0.0,1476
coverage_stratified,multisource_rna_no_protein,OR10G9,A1a_no_direct_protein,Remove direct protein; retain protein-derived confidence,,0.6,1476,False,1412,1105,0,0,0.027424331468138104,0.8631000000000001,12,1027,0.9959349593495935,0.03989253996243289,2,False,True,True,True,1.0,True,0.9999999999999999,0.0,0.0,0.0,1476
coverage_stratified,multisource_rna_no_protein,OR10G9,A1b_no_protein_evidence,Remove direct protein and all protein-derived confidence,,0.6,1476,False,1412,1105,0,0,0.028935872315943648,0.8734,12,1027,0.9959349593495935,0.07089474244752333,2,False,True,True,True,1.0,True,0.9999999999999999,0.0,0.0,0.04866375338753385,1476
coverage_stratified,multisource_rna_no_protein,OR10G9,A1c_no_protein_confidence,Retain direct protein; remove protein-derived confidence only,,0.6,1476,False,1412,1105,0,0,0.028935872315943648,0.8734,12,1027,0.9959349593495935,0.07089474244752333,2,False,True,True,True,1.0,True,0.9999999999999999,0.0,0.0,0.04866375338753385,1476
coverage_stratified,multisource_rna_no_protein,OR10G9,A2_no_confidence,Remove the full confidence block; renormalise RNA/protein,,0.6,1476,False,1412,1105,0,0,0.0312849190034006,1.0,12,1027,0.9959349593495935,0.03989253996243282,2,False,True,False,True,1.0,True,0.7933317583422103,89.0650406504065,1027.0,0.07093915989159891,1476
coverage_stratified,multisource_rna_no_protein,OR10G9,A2a_no_conf_completeness,Remove completeness from confidence; renormalise retained components,,0.6,1476,False,1412,1105,0,0,0.028674963645234555,0.8719,12,1027,0.9959349593495935,0.06647236944597416,2,False,True,True,True,1.0,True,0.9999999999999999,0.0,0.0,0.002593495934959349,1476
coverage_stratified,multisource_rna_no_protein,OR10G9,A2b_no_conf_source_support,Remove source support from confidence; renormalise retained components,,0.6,1476,False,1412,1105,0,0,0.026594817222874996,0.8500000000000001,12,1027,0.9959349593495935,0.0,1,True,True,False,True,1.0,True,0.7933317583422103,89.0650406504065,1027.0,0.003860772357723578,1476
coverage_stratified,multisource_rna_no_protein,OR10G9,A2c_no_conf_consistency,Remove RNA-protein consistency; renormalise retained components,,0.6,1476,False,1412,1105,0,0,0.02798481038883619,0.8675,12,1027,0.9959349593495935,0.05320525044132533,2,False,True,True,True,1.0,True,0.9999999999999999,0.0,0.0,0.0012967479674796736,1476
coverage_stratified,multisource_rna_no_protein,OR10G9,A3_equal_bio,Equal RNA/protein biological weights,,0.6,1476,False,1412,1105,0,0,0.027424331468138104,0.8631000000000001,12,1027,0.9959349593495935,0.03989253996243289,2,False,True,True,True,1.0,True,0.9999999999999999,0.0,0.0,0.0,1476
coverage_stratified,multisource_rna_no_protein,OR10G9,A3b_reversed_bio,Protein biological weight greater than RNA,,0.6,1476,False,1412,1105,0,0,0.027424331468138104,0.8631000000000001,12,1027,0.9959349593495935,0.03989253996243289,2,False,True,True,True,1.0,True,0.9999999999999999,0.0,0.0,0.0,1476
coverage_stratified,multisource_rna_no_protein,OR10G9,A4_adaptive_trust,Team baseline plus gene-level adaptive RNA trust,,0.6,1476,False,1412,1105,0,0,0.027424331468138104,0.8631000000000001,12,1027,0.9959349593495935,0.03989253996243289,2,False,True,True,True,1.0,True,0.9999999999999999,0.0,0.0,0.0,1476
coverage_stratified,multisource_rna_no_protein,OR10G9,A5_v3_structure,Flat v3 RNA/protein/consistency/completeness structure,,0.6,1476,False,1412,1105,0,0,0.027811156162440568,0.889,12,1027,0.9959349593495935,0.03989253996243282,2,False,True,False,True,1.0,True,0.7933317583422103,89.0650406504065,1027.0,0.0155369918699187,1476
coverage_stratified,multisource_rna_no_protein,OR10G9,A6_v3_full,Flat v3 structure plus adaptive trust,,0.6,1476,False,1412,1105,0,0,0.027811156162440568,0.889,12,1027,0.9959349593495935,0.03989253996243282,2,False,True,False,True,1.0,True,0.7933317583422103,89.0650406504065,1027.0,0.0155369918699187,1476
coverage_stratified,multisource_rna_no_protein,SPANXN5,B0_rna_mean,RNA-only mean ranking; no protein or confidence in final score,,0.6,1476,False,1412,1105,0,0,0.05084070011724204,1.0,107,854,0.9586720867208672,0.07089474244752304,2,False,True,False,True,1.0,True,0.8829929540362236,76.61653116531166,922.0,0.06944227642276421,1476
coverage_stratified,multisource_rna_no_protein,SPANXN5,A0_team_baseline,"Team baseline: RNA .55, protein .30, confidence .15",,0.6,1476,False,1412,1105,0,0,0.043435152157331534,0.8631000000000001,109,854,0.9573170731707317,0.039892539962432964,2,False,True,True,True,1.0,True,1.0,0.0,0.0,0.0,1476
coverage_stratified,multisource_rna_no_protein,SPANXN5,A1a_no_direct_protein,Remove direct protein; retain protein-derived confidence,,0.6,1476,False,1412,1105,0,0,0.043435152157331534,0.8631000000000001,109,854,0.9573170731707317,0.039892539962432964,2,False,True,True,True,1.0,True,1.0,0.0,0.0,0.0,1476
coverage_stratified,multisource_rna_no_protein,SPANXN5,A1b_no_protein_evidence,Remove direct protein and all protein-derived confidence,,0.6,1476,False,1412,1105,0,0,0.044167989569510235,0.8734,109,854,0.9573170731707317,0.07089474244752395,2,False,True,False,True,1.0,True,0.9602689972357741,27.466124661246614,898.0,0.04866768292682925,1476
coverage_stratified,multisource_rna_no_protein,SPANXN5,A1c_no_protein_confidence,Retain direct protein; remove protein-derived confidence only,,0.6,1476,False,1412,1105,0,0,0.044167989569510235,0.8734,109,854,0.9573170731707317,0.07089474244752395,2,False,True,False,True,1.0,True,0.9602689972357741,27.466124661246614,898.0,0.04866768292682925,1476
coverage_stratified,multisource_rna_no_protein,SPANXN5,A2_no_confidence,Remove the full confidence block; renormalise RNA/protein,,0.6,1476,False,1412,1105,0,0,0.05084070011724204,1.0,107,854,0.9586720867208672,0.03989253996243253,2,False,True,False,True,1.0,True,0.8829929540362236,76.61653116531166,922.0,0.06944227642276421,1476
coverage_stratified,multisource_rna_no_protein,SPANXN5,A2a_no_conf_completeness,Remove completeness from confidence; renormalise retained components,,0.6,1476,False,1412,1105,0,0,0.044034184173505034,0.8719,106,854,0.9573170731707317,0.06647236944597414,2,False,True,False,True,1.0,True,0.9603047415024321,27.21680216802168,898.0,0.002586856368563685,1476
coverage_stratified,multisource_rna_no_protein,SPANXN5,A2b_no_conf_source_support,Remove source support from confidence; renormalise retained components,,0.6,1476,False,1412,1105,0,0,0.04322523161936096,0.8500000000000001,109,854,0.9573170731707317,0.0,1,True,True,False,True,1.0,True,0.8829397606525757,76.63279132791328,925.0,0.003865989159891599,1476
coverage_stratified,multisource_rna_no_protein,SPANXN5,A2c_no_conf_consistency,Remove RNA-protein consistency; renormalise retained components,,0.6,1476,False,1412,1105,0,0,0.04368910642474737,0.8675,107,863,0.9586720867208672,0.053205250441324646,2,False,True,False,True,1.0,True,0.9838058200215047,14.572493224932249,854.0,0.0012915311653116522,1476
coverage_stratified,multisource_rna_no_protein,SPANXN5,A3_equal_bio,Equal RNA/protein biological weights,,0.6,1476,False,1412,1105,0,0,0.043435152157331534,0.8631000000000001,109,854,0.9573170731707317,0.039892539962432964,2,False,True,True,True,1.0,True,1.0,0.0,0.0,0.0,1476
coverage_stratified,multisource_rna_no_protein,SPANXN5,A3b_reversed_bio,Protein biological weight greater than RNA,,0.6,1476,False,1412,1105,0,0,0.043435152157331534,0.8631000000000001,109,854,0.9573170731707317,0.039892539962432964,2,False,True,True,True,1.0,True,1.0,0.0,0.0,0.0,1476
coverage_stratified,multisource_rna_no_protein,SPANXN5,A4_adaptive_trust,Team baseline plus gene-level adaptive RNA trust,,0.6,1476,False,1412,1105,0,0,0.043435152157331534,0.8631000000000001,109,854,0.9573170731707317,0.039892539962432964,2,False,True,True,True,1.0,True,1.0,0.0,0.0,0.0,1476
coverage_stratified,multisource_rna_no_protein,SPANXN5,A5_v3_structure,Flat v3 RNA/protein/consistency/completeness structure,,0.6,1476,False,1412,1105,0,0,0.045208904331554695,0.889,108,854,0.9573170731707317,0.03989253996243253,2,False,True,False,True,1.0,True,0.8829300738499396,76.63685636856368,922.0,0.01526707317073171,1476
coverage_stratified,multisource_rna_no_protein,SPANXN5,A6_v3_full,Flat v3 structure plus adaptive trust,,0.6,1476,False,1412,1105,0,0,0.045208904331554695,0.889,108,854,0.9573170731707317,0.03989253996243253,2,False,True,False,True,1.0,True,0.8829300738499396,76.63685636856368,922.0,0.01526707317073171,1476
coverage_stratified,multisource_rna_no_protein,SMIM35,B0_rna_mean,RNA-only mean ranking; no protein or confidence in final score,,0.6,1476,False,1412,1105,0,0,0.08926648645555398,1.0,178,595,0.9146341463414634,0.07089474244752313,2,False,True,False,True,1.0,True,0.501164693972001,325.48644986449864,766.0,0.06733773712737127,1476
coverage_stratified,multisource_rna_no_protein,SMIM35,A0_team_baseline,"Team baseline: RNA .55, protein .30, confidence .15",,0.6,1476,False,1412,1105,0,0,0.0764435058048731,0.8631000000000001,178,595,0.9146341463414634,0.03989253996243283,2,False,True,True,True,1.0,True,1.0,0.0,0.0,0.0,1476
coverage_stratified,multisource_rna_no_protein,SMIM35,A1a_no_direct_protein,Remove direct protein; retain protein-derived confidence,,0.6,1476,False,1412,1105,0,0,0.0764435058048731,0.8631000000000001,178,595,0.9146341463414634,0.03989253996243283,2,False,True,True,True,1.0,True,1.0,0.0,0.0,0.0,1476
coverage_stratified,multisource_rna_no_protein,SMIM35,A1b_no_protein_evidence,Remove direct protein and all protein-derived confidence,,0.6,1476,False,1412,1105,0,0,0.07720753492484113,0.8734,179,595,0.9146341463414634,0.070894742447524,2,False,True,False,True,1.0,True,0.9939779160604251,8.453252032520325,751.0,0.0486400406504065,1476
coverage_stratified,multisource_rna_no_protein,SMIM35,A1c_no_protein_confidence,Retain direct protein; remove protein-derived confidence only,,0.6,1476,False,1412,1105,0,0,0.07720753492484113,0.8734,179,595,0.9146341463414634,0.070894742447524,2,False,True,False,True,1.0,True,0.9939779160604251,8.453252032520325,751.0,0.0486400406504065,1476
coverage_stratified,multisource_rna_no_protein,SMIM35,A2_no_confidence,Remove the full confidence block; renormalise RNA/protein,,0.6,1476,False,1412,1105,0,0,0.08926648645555398,1.0,178,595,0.9146341463414634,0.039892539962433526,2,False,True,False,True,1.0,True,0.501164693972001,325.48644986449864,766.0,0.06733773712737127,1476
coverage_stratified,multisource_rna_no_protein,SMIM35,A2a_no_conf_completeness,Remove completeness from confidence; renormalise retained components,,0.6,1476,False,1412,1105,0,0,0.07708402372366815,0.8719,177,595,0.9159891598915989,0.0664723694459741,2,False,True,False,True,1.0,True,0.9943146543920065,7.453252032520325,751.0,0.002586788617886179,1476
coverage_stratified,multisource_rna_no_protein,SMIM35,A2b_no_conf_source_support,Remove source support from confidence; renormalise retained components,,0.6,1476,False,1412,1105,0,0,0.07587453165151642,0.8500000000000001,177,595,0.9153116531165312,0.0,1,True,True,False,True,1.0,True,0.5011646954830354,325.48644986449864,766.0,0.003861517615176152,1476
coverage_stratified,multisource_rna_no_protein,SMIM35,A2c_no_conf_consistency,Remove RNA-protein consistency; renormalise retained components,,0.6,1476,False,1412,1105,0,0,0.07673900626398877,0.8675,178,595,0.9146341463414634,0.05320525044132463,2,False,True,False,True,1.0,True,0.9979240487374784,3.193766937669377,703.0,0.0012960027100271004,1476
coverage_stratified,multisource_rna_no_protein,SMIM35,A3_equal_bio,Equal RNA/protein biological weights,,0.6,1476,False,1412,1105,0,0,0.0764435058048731,0.8631000000000001,178,595,0.9146341463414634,0.03989253996243283,2,False,True,True,True,1.0,True,1.0,0.0,0.0,0.0,1476
coverage_stratified,multisource_rna_no_protein,SMIM35,A3b_reversed_bio,Protein biological weight greater than RNA,,0.6,1476,False,1412,1105,0,0,0.0764435058048731,0.8631000000000001,178,595,0.9146341463414634,0.03989253996243283,2,False,True,True,True,1.0,True,1.0,0.0,0.0,0.0,1476
coverage_stratified,multisource_rna_no_protein,SMIM35,A4_adaptive_trust,Team baseline plus gene-level adaptive RNA trust,,0.6,1476,False,1412,1105,0,0,0.0764435058048731,0.8631000000000001,178,595,0.9146341463414634,0.03989253996243283,2,False,True,True,True,1.0,True,1.0,0.0,0.0,0.0,1476
coverage_stratified,multisource_rna_no_protein,SMIM35,A5_v3_structure,Flat v3 RNA/protein/consistency/completeness structure,,0.6,1476,False,1412,1105,0,0,0.07936148551223672,0.889,179,595,0.9139566395663956,0.039892539962433526,2,False,True,False,True,1.0,True,0.5011646909499324,325.48644986449864,766.0,0.014725948509485094,1476
coverage_stratified,multisource_rna_no_protein,SMIM35,A6_v3_full,Flat v3 structure plus adaptive trust,,0.6,1476,False,1412,1105,0,0,0.07936148551223672,0.889,179,595,0.9139566395663956,0.039892539962433526,2,False,True,False,True,1.0,True,0.5011646909499324,325.48644986449864,766.0,0.014725948509485094,1476
coverage_stratified,multisource_rna_no_protein,LCE6A,B0_rna_mean,RNA-only mean ranking; no protein or confidence in final score,,0.6,1476,False,1412,1105,0,0,0.039018037538813694,1.0,37,1009,0.981029810298103,0.07089474244752406,2,False,True,False,True,1.0,True,0.7860950906874072,95.9369918699187,1028.0,0.07084247967479673,1476
coverage_stratified,multisource_rna_no_protein,LCE6A,A0_team_baseline,"Team baseline: RNA .55, protein .30, confidence .15",,0.6,1476,False,1412,1105,0,0,0.033509546850850835,0.8500000000000001,36,1009,0.9823848238482384,0.03989253996243286,2,False,True,True,True,1.0,True,0.9999999999999999,0.0,0.0,0.0,1476
coverage_stratified,multisource_rna_no_protein,LCE6A,A1a_no_direct_protein,Remove direct protein; retain protein-derived confidence,,0.6,1476,False,1412,1105,0,0,0.033509546850850835,0.8500000000000001,36,1009,0.9823848238482384,0.03989253996243286,2,False,True,True,True,1.0,True,0.9999999999999999,0.0,0.0,0.0,1476
coverage_stratified,multisource_rna_no_protein,LCE6A,A1b_no_protein_evidence,Remove direct protein and all protein-derived confidence,,0.6,1476,False,1412,1105,0,0,0.03451228631066501,0.8500000000000001,36,1010,0.9817073170731707,0.0708947424475233,2,False,True,False,False,0.8181818181818182,True,0.9935157530597498,3.4878048780487805,1009.0,0.04866382113821139,1476
coverage_stratified,multisource_rna_no_protein,LCE6A,A1c_no_protein_confidence,Retain direct protein; remove protein-derived confidence only,,0.6,1476,False,1412,1105,0,0,0.03451228631066501,0.8500000000000001,36,1010,0.9817073170731707,0.0708947424475233,2,False,True,False,False,0.8181818181818182,True,0.9935157530597498,3.4878048780487805,1009.0,0.04866382113821139,1476
coverage_stratified,multisource_rna_no_protein,LCE6A,A2_no_confidence,Remove the full confidence block; renormalise RNA/protein,,0.6,1476,False,1412,1105,0,0,0.039018037538813694,1.0,37,1009,0.981029810298103,0.03989253996243297,2,False,True,False,True,1.0,True,0.7860950906874072,95.9369918699187,1028.0,0.07084247967479673,1476
coverage_stratified,multisource_rna_no_protein,LCE6A,A2a_no_conf_completeness,Remove completeness from confidence; renormalise retained components,,0.6,1476,False,1412,1105,0,0,0.03432920793315543,0.85,36,1009,0.9817073170731707,0.06647236944597418,2,False,True,False,False,0.8181818181818182,True,0.9942904953468593,2.782520325203252,1009.0,0.0025930216802168018,1476
coverage_stratified,multisource_rna_no_protein,LCE6A,A2b_no_conf_source_support,Remove source support from confidence; renormalise retained components,,0.6,1476,False,1412,1105,0,0,0.03316381458318414,0.8500000000000001,37,1009,0.981029810298103,0.0,1,True,True,False,True,1.0,True,0.7860950906874072,95.9369918699187,1028.0,0.003860907859078591,1476
coverage_stratified,multisource_rna_no_protein,LCE6A,A2c_no_conf_consistency,Remove RNA-protein consistency; renormalise retained components,,0.6,1476,False,1412,1105,0,0,0.03386227885508055,0.85,37,1009,0.981029810298103,0.05320525044132504,2,False,True,False,False,0.8181818181818182,True,0.9942915795556236,2.752710027100271,1009.0,0.00129661246612466,1476
coverage_stratified,multisource_rna_no_protein,LCE6A,A3_equal_bio,Equal RNA/protein biological weights,,0.6,1476,False,1412,1105,0,0,0.033509546850850835,0.8500000000000001,36,1009,0.9823848238482384,0.03989253996243286,2,False,True,True,True,1.0,True,0.9999999999999999,0.0,0.0,0.0,1476
coverage_stratified,multisource_rna_no_protein,LCE6A,A3b_reversed_bio,Protein biological weight greater than RNA,,0.6,1476,False,1412,1105,0,0,0.033509546850850835,0.8500000000000001,36,1009,0.9823848238482384,0.03989253996243286,2,False,True,True,True,1.0,True,0.9999999999999999,0.0,0.0,0.0,1476
coverage_stratified,multisource_rna_no_protein,LCE6A,A4_adaptive_trust,Team baseline plus gene-level adaptive RNA trust,,0.6,1476,False,1412,1105,0,0,0.033509546850850835,0.8500000000000001,36,1009,0.9823848238482384,0.03989253996243286,2,False,True,True,True,1.0,True,0.9999999999999999,0.0,0.0,0.0,1476
coverage_stratified,multisource_rna_no_protein,LCE6A,A5_v3_structure,Flat v3 RNA/protein/consistency/completeness structure,,0.6,1476,False,1412,1105,0,0,0.034685014994168886,0.889,37,1009,0.981029810298103,0.03989253996243297,2,False,True,False,True,1.0,True,0.7860950906874072,95.9369918699187,1028.0,0.01559004065040651,1476
coverage_stratified,multisource_rna_no_protein,LCE6A,A6_v3_full,Flat v3 structure plus adaptive trust,,0.6,1476,False,1412,1105,0,0,0.034685014994168886,0.889,37,1009,0.981029810298103,0.03989253996243297,2,False,True,False,True,1.0,True,0.7860950906874072,95.9369918699187,1028.0,0.01559004065040651,1476
coverage_stratified,multisource_rna_no_protein,FAM131C,B0_rna_mean,RNA-only mean ranking; no protein or confidence in final score,,0.6,1476,False,1412,1105,0,0,0.16628003147141712,1.0,861,82,0.573170731707317,0.0708947424475247,2,False,True,False,True,1.0,True,0.9960573725815925,25.839430894308943,194.0,0.046258130081300815,1476
coverage_stratified,multisource_rna_no_protein,FAM131C,A0_team_baseline,"Team baseline: RNA .55, protein .30, confidence .15",,0.6,1476,False,1412,1105,0,0,0.14162912412509354,0.8500000000000001,842,82,0.592140921409214,0.039892539962432756,2,False,True,True,True,1.0,True,1.0,0.0,0.0,0.0,1476
coverage_stratified,multisource_rna_no_protein,FAM131C,A1a_no_direct_protein,Remove direct protein; retain protein-derived confidence,,0.6,1476,False,1412,1105,0,0,0.14162912412509354,0.8500000000000001,842,82,0.592140921409214,0.039892539962432756,2,False,True,True,True,1.0,True,1.0,0.0,0.0,0.0,1476
coverage_stratified,multisource_rna_no_protein,FAM131C,A1b_no_protein_evidence,Remove direct protein and all protein-derived confidence,,0.6,1476,False,1412,1105,0,0,0.14203659727727339,0.8500000000000001,845,82,0.5840108401084011,0.0708947424475234,2,False,True,False,False,0.8181818181818182,True,0.9982642338417868,15.615853658536585,184.0,0.048649525745257445,1476
coverage_stratified,multisource_rna_no_protein,FAM131C,A1c_no_protein_confidence,Retain direct protein; remove protein-derived confidence only,,0.6,1476,False,1412,1105,0,0,0.14203659727727339,0.8500000000000001,845,82,0.5840108401084011,0.0708947424475234,2,False,True,False,False,0.8181818181818182,True,0.9982642338417868,15.615853658536585,184.0,0.048649525745257445,1476
coverage_stratified,multisource_rna_no_protein,FAM131C,A2_no_confidence,Remove the full confidence block; renormalise RNA/protein,,0.6,1476,False,1412,1105,0,0,0.16628003147141712,1.0,861,82,0.573170731707317,0.03989253996243282,2,False,True,False,True,1.0,True,0.9960573725815925,25.839430894308943,194.0,0.046258130081300815,1476
coverage_stratified,multisource_rna_no_protein,FAM131C,A2a_no_conf_completeness,Remove completeness from confidence; renormalise retained components,,0.6,1476,False,1412,1105,0,0,0.1419664814481454,0.85,840,82,0.5948509485094851,0.06647236944597343,2,False,True,False,False,0.8181818181818182,True,0.9987118030373777,13.31910569105691,164.0,0.002581978319783198,1476
coverage_stratified,multisource_rna_no_protein,FAM131C,A2b_no_conf_source_support,Remove source support from confidence; renormalise retained components,,0.6,1476,False,1412,1105,0,0,0.14133662889319726,0.8500000000000001,848,82,0.5873983739837398,0.0,1,True,True,False,True,1.0,True,0.9960570887946285,25.84349593495935,194.0,0.0038665311653116544,1476
coverage_stratified,multisource_rna_no_protein,FAM131C,A2c_no_conf_consistency,Remove RNA-protein consistency; renormalise retained components,,0.6,1476,False,1412,1105,0,0,0.14178357878709752,0.85,836,82,0.6002710027100271,0.05320525044132489,2,False,True,False,True,1.0,True,0.9995692958599055,6.855691056910569,151.0,0.001290989159891599,1476
coverage_stratified,multisource_rna_no_protein,FAM131C,A3_equal_bio,Equal RNA/protein biological weights,,0.6,1476,False,1412,1105,0,0,0.14162912412509354,0.8500000000000001,842,82,0.592140921409214,0.039892539962432756,2,False,True,True,True,1.0,True,1.0,0.0,0.0,0.0,1476
coverage_stratified,multisource_rna_no_protein,FAM131C,A3b_reversed_bio,Protein biological weight greater than RNA,,0.6,1476,False,1412,1105,0,0,0.14162912412509354,0.8500000000000001,842,82,0.592140921409214,0.039892539962432756,2,False,True,True,True,1.0,True,1.0,0.0,0.0,0.0,1476
coverage_stratified,multisource_rna_no_protein,FAM131C,A4_adaptive_trust,Team baseline plus gene-level adaptive RNA trust,,0.6,1476,False,1412,1105,0,0,0.14162912412509354,0.8500000000000001,842,82,0.592140921409214,0.039892539962432756,2,False,True,True,True,1.0,True,1.0,0.0,0.0,0.0,1476
coverage_stratified,multisource_rna_no_protein,FAM131C,A5_v3_structure,Flat v3 RNA/protein/consistency/completeness structure,,0.6,1476,False,1412,1105,0,0,0.14782006052805557,0.889,854,82,0.5772357723577236,0.03989253996243282,2,False,True,False,True,1.0,True,0.9960564690925644,25.84552845528455,194.0,0.01043739837398374,1476
coverage_stratified,multisource_rna_no_protein,FAM131C,A6_v3_full,Flat v3 structure plus adaptive trust,,0.6,1476,False,1412,1105,0,0,0.14782006052805557,0.889,854,82,0.5772357723577236,0.03989253996243282,2,False,True,False,True,1.0,True,0.9960564690925644,25.84552845528455,194.0,0.01043739837398374,1476
coverage_stratified,multisource_rna_no_protein,FOXL3,B0_rna_mean,RNA-only mean ranking; no protein or confidence in final score,,0.6,1476,False,1412,1105,0,0,0.03540152700008415,1.0,45,978,0.978319783197832,0.07089474244752404,2,False,True,False,False,0.8181818181818182,True,0.8157522380978309,89.0819783197832,997.0,0.07072201897018968,1476
coverage_stratified,multisource_rna_no_protein,FOXL3,A0_team_baseline,"Team baseline: RNA .55, protein .30, confidence .15",,0.6,1476,False,1412,1105,0,0,0.030929091026995377,0.8631000000000001,44,978,0.9796747967479674,0.039892539962432826,2,False,True,True,True,1.0,True,1.0,0.0,0.0,0.0,1476
coverage_stratified,multisource_rna_no_protein,FOXL3,A1a_no_direct_protein,Remove direct protein; retain protein-derived confidence,,0.6,1476,False,1412,1105,0,0,0.030929091026995377,0.8631000000000001,44,978,0.9796747967479674,0.039892539962432826,2,False,True,True,True,1.0,True,1.0,0.0,0.0,0.0,1476
coverage_stratified,multisource_rna_no_protein,FOXL3,A1b_no_protein_evidence,Remove direct protein and all protein-derived confidence,,0.6,1476,False,1412,1105,0,0,0.03235205542076942,0.8734,45,978,0.978319783197832,0.07089474244752332,2,False,True,False,True,1.0,True,0.9948185372367158,2.815040650406504,983.0,0.04866212737127371,1476
coverage_stratified,multisource_rna_no_protein,FOXL3,A1c_no_protein_confidence,Retain direct protein; remove protein-derived confidence only,,0.6,1476,False,1412,1105,0,0,0.03235205542076942,0.8734,45,978,0.978319783197832,0.07089474244752332,2,False,True,False,True,1.0,True,0.9948185372367158,2.815040650406504,983.0,0.04866212737127371,1476
coverage_stratified,multisource_rna_no_protein,FOXL3,A2_no_confidence,Remove the full confidence block; renormalise RNA/protein,,0.6,1476,False,1412,1105,0,0,0.03540152700008415,1.0,45,978,0.978319783197832,0.03989253996243298,2,False,True,False,False,0.8181818181818182,True,0.8157522380978309,89.0819783197832,997.0,0.07072201897018968,1476
coverage_stratified,multisource_rna_no_protein,FOXL3,A2a_no_conf_completeness,Remove completeness from confidence; renormalise retained components,,0.6,1476,False,1412,1105,0,0,0.03210838616404893,0.8719,45,978,0.978319783197832,0.06647236944597418,2,False,True,False,True,1.0,True,0.9948198989182443,2.7920054200542004,983.0,0.002593089430894308,1476
coverage_stratified,multisource_rna_no_protein,FOXL3,A2b_no_conf_source_support,Remove source support from confidence; renormalise retained components,,0.6,1476,False,1412,1105,0,0,0.030093077649333624,0.8500000000000001,45,978,0.978319783197832,0.0,1,True,True,False,False,0.8181818181818182,True,0.8157522380978309,89.0819783197832,997.0,0.0038608401084010845,1476
coverage_stratified,multisource_rna_no_protein,FOXL3,A2c_no_conf_consistency,Remove RNA-protein consistency; renormalise retained components,,0.6,1476,False,1412,1105,0,0,0.03146043992446621,0.8675,45,978,0.978319783197832,0.053205250441325035,2,False,True,False,True,1.0,True,0.9974266005144592,1.401761517615176,978.0,0.0012966802168021664,1476
coverage_stratified,multisource_rna_no_protein,FOXL3,A3_equal_bio,Equal RNA/protein biological weights,,0.6,1476,False,1412,1105,0,0,0.030929091026995377,0.8631000000000001,44,978,0.9796747967479674,0.039892539962432826,2,False,True,True,True,1.0,True,1.0,0.0,0.0,0.0,1476
coverage_stratified,multisource_rna_no_protein,FOXL3,A3b_reversed_bio,Protein biological weight greater than RNA,,0.6,1476,False,1412,1105,0,0,0.030929091026995377,0.8631000000000001,44,978,0.9796747967479674,0.039892539962432826,2,False,True,True,True,1.0,True,1.0,0.0,0.0,0.0,1476
coverage_stratified,multisource_rna_no_protein,FOXL3,A4_adaptive_trust,Team baseline plus gene-level adaptive RNA trust,,0.6,1476,False,1412,1105,0,0,0.030929091026995377,0.8631000000000001,44,978,0.9796747967479674,0.039892539962432826,2,False,True,True,True,1.0,True,1.0,0.0,0.0,0.0,1476
coverage_stratified,multisource_rna_no_protein,FOXL3,A5_v3_structure,Flat v3 RNA/protein/consistency/completeness structure,,0.6,1476,False,1412,1105,0,0,0.03147505868763714,0.889,45,978,0.978319783197832,0.03989253996243298,2,False,True,False,False,0.8181818181818182,True,0.8157522380978309,89.0819783197832,997.0,0.015546070460704602,1476
coverage_stratified,multisource_rna_no_protein,FOXL3,A6_v3_full,Flat v3 structure plus adaptive trust,,0.6,1476,False,1412,1105,0,0,0.03147505868763714,0.889,45,978,0.978319783197832,0.03989253996243298,2,False,True,False,False,0.8181818181818182,True,0.8157522380978309,89.0819783197832,997.0,0.015546070460704602,1476
coverage_stratified,multisource_rna_no_protein,PRR20G,B0_rna_mean,RNA-only mean ranking; no protein or confidence in final score,,0.6,1476,False,1412,1105,0,0,0.056462061961765786,1.0,163,535,0.943089430894309,0.07089474244752313,2,False,True,False,True,1.0,True,0.8917537217713909,104.8069105691057,801.0,0.06833956639566394,1476
coverage_stratified,multisource_rna_no_protein,PRR20G,A0_team_baseline,"Team baseline: RNA .55, protein .30, confidence .15",,0.6,1476,False,1412,1105,0,0,0.048538944421538006,0.8631000000000001,158,535,0.9451219512195121,0.03989253996243296,2,False,True,True,True,1.0,True,0.9999999999999999,0.0,0.0,0.0,1476
coverage_stratified,multisource_rna_no_protein,PRR20G,A1a_no_direct_protein,Remove direct protein; retain protein-derived confidence,,0.6,1476,False,1412,1105,0,0,0.048538944421538006,0.8631000000000001,158,535,0.9451219512195121,0.03989253996243296,2,False,True,True,True,1.0,True,0.9999999999999999,0.0,0.0,0.0,1476
coverage_stratified,multisource_rna_no_protein,PRR20G,A1b_no_protein_evidence,Remove direct protein and all protein-derived confidence,,0.6,1476,False,1412,1105,0,0,0.0494624261003749,0.8734,159,535,0.9451219512195121,0.07089474244752442,2,False,True,False,True,1.0,True,0.9883584984319832,16.978319783197833,711.0,0.04866023035230352,1476
coverage_stratified,multisource_rna_no_protein,PRR20G,A1c_no_protein_confidence,Retain direct protein; remove protein-derived confidence only,,0.6,1476,False,1412,1105,0,0,0.0494624261003749,0.8734,159,535,0.9451219512195121,0.07089474244752442,2,False,True,False,True,1.0,True,0.9883584984319832,16.978319783197833,711.0,0.04866023035230352,1476
coverage_stratified,multisource_rna_no_protein,PRR20G,A2_no_confidence,Remove the full confidence block; renormalise RNA/protein,,0.6,1476,False,1412,1105,0,0,0.056462061961765786,1.0,163,535,0.943089430894309,0.03989253996243256,2,False,True,False,True,1.0,True,0.8917537217713909,104.8069105691057,801.0,0.06833956639566394,1476
coverage_stratified,multisource_rna_no_protein,PRR20G,A2a_no_conf_completeness,Remove completeness from confidence; renormalise retained components,,0.6,1476,False,1412,1105,0,0,0.04930551295509358,0.8719,157,535,0.9471544715447154,0.06647236944597414,2,False,True,False,True,1.0,True,0.9890307342045954,15.500677506775068,711.0,0.002584485094850948,1476
coverage_stratified,multisource_rna_no_protein,PRR20G,A2b_no_conf_source_support,Remove source support from confidence; renormalise retained components,,0.6,1476,False,1412,1105,0,0,0.047998598112503295,0.8500000000000001,160,535,0.9444444444444444,0.0,1,True,True,False,True,1.0,True,0.8917409991344887,104.82113821138212,801.0,0.0038619918699186995,1476
coverage_stratified,multisource_rna_no_protein,PRR20G,A2c_no_conf_consistency,Remove RNA-protein consistency; renormalise retained components,,0.6,1476,False,1412,1105,0,0,0.048884592875104285,0.8675,159,535,0.9444444444444444,0.05320525044132446,2,False,True,False,True,1.0,True,0.9953544716836972,8.460027100271002,545.0,0.0012955284552845518,1476
coverage_stratified,multisource_rna_no_protein,PRR20G,A3_equal_bio,Equal RNA/protein biological weights,,0.6,1476,False,1412,1105,0,0,0.048538944421538006,0.8631000000000001,158,535,0.9451219512195121,0.03989253996243296,2,False,True,True,True,1.0,True,0.9999999999999999,0.0,0.0,0.0,1476
coverage_stratified,multisource_rna_no_protein,PRR20G,A3b_reversed_bio,Protein biological weight greater than RNA,,0.6,1476,False,1412,1105,0,0,0.048538944421538006,0.8631000000000001,158,535,0.9451219512195121,0.03989253996243296,2,False,True,True,True,1.0,True,0.9999999999999999,0.0,0.0,0.0,1476
coverage_stratified,multisource_rna_no_protein,PRR20G,A4_adaptive_trust,Team baseline plus gene-level adaptive RNA trust,,0.6,1476,False,1412,1105,0,0,0.048538944421538006,0.8631000000000001,158,535,0.9451219512195121,0.03989253996243296,2,False,True,True,True,1.0,True,0.9999999999999999,0.0,0.0,0.0,1476
coverage_stratified,multisource_rna_no_protein,PRR20G,A5_v3_structure,Flat v3 RNA/protein/consistency/completeness structure,,0.6,1476,False,1412,1105,0,0,0.050197654690910275,0.889,163,535,0.943089430894309,0.03989253996243256,2,False,True,False,True,1.0,True,0.8917221498974894,104.82113821138212,801.0,0.014932384823848238,1476
coverage_stratified,multisource_rna_no_protein,PRR20G,A6_v3_full,Flat v3 structure plus adaptive trust,,0.6,1476,False,1412,1105,0,0,0.050197654690910275,0.889,163,535,0.943089430894309,0.03989253996243256,2,False,True,False,True,1.0,True,0.8917221498974894,104.82113821138212,801.0,0.014932384823848238,1476
coverage_stratified,multisource_rna_no_protein,POU2F3,B0_rna_mean,RNA-only mean ranking; no protein or confidence in final score,,0.6,1513,False,1412,1105,594,0,0.07701335006486698,1.0,686,80,0.6953073364177131,0.11918386434811445,3,False,True,False,False,0.6666666666666666,True,0.9312705363024409,113.93258426966293,555.0,0.06256186384666226,1513
coverage_stratified,multisource_rna_no_protein,POU2F3,A0_team_baseline,"Team baseline: RNA .55, protein .30, confidence .15",,0.6,1513,False,1412,1105,594,0,0.06672575977094022,0.8762000000000001,659,78,0.7257105089226702,0.0670424715964781,3,False,True,True,True,1.0,True,0.9999999999999999,0.0,0.0,0.0,1513
coverage_stratified,multisource_rna_no_protein,POU2F3,A1a_no_direct_protein,Remove direct protein; retain protein-derived confidence,,0.6,1513,False,1412,1105,594,0,0.06672575977094022,0.8762000000000001,659,78,0.7257105089226702,0.0670424715964781,3,False,True,True,True,1.0,True,0.9999999999999999,0.0,0.0,0.0,1513
coverage_stratified,multisource_rna_no_protein,POU2F3,A1b_no_protein_evidence,Remove direct protein and all protein-derived confidence,,0.6,1513,False,1412,1105,594,0,0.06871313853232244,0.8967,687,78,0.7065432914738929,0.11918386434811565,3,False,True,False,True,1.0,True,0.98355904791154,48.56840713813615,344.5,0.05224454725710508,1513
coverage_stratified,multisource_rna_no_protein,POU2F3,A1c_no_protein_confidence,Retain direct protein; remove protein-derived confidence only,,0.6,1513,False,1412,1105,594,0,0.06871313853232244,0.8967,687,78,0.7065432914738929,0.11918386434811565,3,False,True,False,True,1.0,True,0.98355904791154,48.56840713813615,344.5,0.05224454725710508,1513
coverage_stratified,multisource_rna_no_protein,POU2F3,A2_no_confidence,Remove the full confidence block; renormalise RNA/protein,,0.6,1513,False,1412,1105,594,0,0.07701335006486698,1.0,686,80,0.6953073364177131,0.06704247159647886,3,False,True,False,False,0.6666666666666666,True,0.9312705363024409,113.93258426966293,555.0,0.06256186384666226,1513
coverage_stratified,multisource_rna_no_protein,POU2F3,A2a_no_conf_completeness,Remove completeness from confidence; renormalise retained components,,0.6,1513,False,1412,1105,594,0,0.06837903837805168,0.8937999999999999,674,78,0.719762062128222,0.11171191267161874,3,False,True,False,True,1.0,True,0.9870628452716246,42.6265697290152,324.0,0.005159418374091209,1513
coverage_stratified,multisource_rna_no_protein,POU2F3,A2b_no_conf_source_support,Remove source support from confidence; renormalise retained components,,0.6,1513,False,1412,1105,594,0,0.06546358217814391,0.8500000000000001,660,80,0.7038995373430271,0.0,1,True,True,False,False,0.6666666666666666,True,0.9313062919024432,113.90680766688698,555.0,0.007744481163251816,1513
coverage_stratified,multisource_rna_no_protein,POU2F3,A2c_no_conf_consistency,Remove RNA-protein consistency; renormalise retained components,,0.6,1513,False,1412,1105,594,0,0.0674771082692058,0.885,687,78,0.7019167217448777,0.08941550211781846,3,False,True,False,True,1.0,True,0.9954438419463992,24.18043621943159,236.5,0.002584335756774619,1513
coverage_stratified,multisource_rna_no_protein,POU2F3,A3_equal_bio,Equal RNA/protein biological weights,,0.6,1513,False,1412,1105,594,0,0.06672575977094022,0.8762000000000001,659,78,0.7257105089226702,0.0670424715964781,3,False,True,True,True,1.0,True,0.9999999999999999,0.0,0.0,0.0,1513
coverage_stratified,multisource_rna_no_protein,POU2F3,A3b_reversed_bio,Protein biological weight greater than RNA,,0.6,1513,False,1412,1105,594,0,0.06672575977094022,0.8762000000000001,659,78,0.7257105089226702,0.0670424715964781,3,False,True,True,True,1.0,True,0.9999999999999999,0.0,0.0,0.0,1513
coverage_stratified,multisource_rna_no_protein,POU2F3,A4_adaptive_trust,Team baseline plus gene-level adaptive RNA trust,,0.6,1513,False,1412,1105,594,0,0.06672575977094022,0.8762000000000001,659,78,0.7257105089226702,0.0670424715964781,3,False,True,True,True,1.0,True,0.9999999999999999,0.0,0.0,0.0,1513
coverage_stratified,multisource_rna_no_protein,POU2F3,A5_v3_structure,Flat v3 RNA/protein/consistency/completeness structure,,0.6,1513,False,1412,1105,594,0,0.06846328678730605,0.889,673,81,0.6986120290812955,0.06704247159647886,3,False,True,False,False,0.6666666666666666,True,0.9312141541869068,113.98281559814937,555.0,0.017036483807005946,1513
coverage_stratified,multisource_rna_no_protein,POU2F3,A6_v3_full,Flat v3 structure plus adaptive trust,,0.6,1513,False,1412,1105,594,0,0.06846328678730605,0.889,673,81,0.6986120290812955,0.06704247159647886,3,False,True,False,False,0.6666666666666666,True,0.9312141541869068,113.98281559814937,555.0,0.017036483807005946,1513
coverage_stratified,multisource_rna_no_protein,MMD,B0_rna_mean,RNA-only mean ranking; no protein or confidence in final score,,0.6,1513,False,1412,1105,594,0,0.14638364894517664,1.0,1306,5,0.25644415069398546,0.11918386434811487,3,False,True,False,False,0.8181818181818182,True,0.9960131446157856,29.4177131526768,89.0,0.019442762723066755,1513
coverage_stratified,multisource_rna_no_protein,MMD,A0_team_baseline,"Team baseline: RNA .55, protein .30, confidence .15",,0.6,1513,False,1412,1105,594,0,0.12562945575937454,0.8369000000000001,1257,4,0.3165895571711831,0.06704247159647893,3,False,True,True,True,1.0,True,1.0,0.0,0.0,0.0,1513
coverage_stratified,multisource_rna_no_protein,MMD,A1a_no_direct_protein,Remove direct protein; retain protein-derived confidence,,0.6,1513,False,1412,1105,594,0,0.12562945575937454,0.8369000000000001,1257,4,0.3165895571711831,0.06704247159647893,3,False,True,True,True,1.0,True,1.0,0.0,0.0,0.0,1513
coverage_stratified,multisource_rna_no_protein,MMD,A1b_no_protein_evidence,Remove direct protein and all protein-derived confidence,,0.6,1513,False,1412,1105,594,0,0.12710491118006076,0.8266,1264,4,0.30601454064771977,0.11918386434811601,3,False,True,False,False,0.8181818181818182,True,0.9976856085716103,22.571711830799735,74.0,0.052240383344348974,1513
coverage_stratified,multisource_rna_no_protein,MMD,A1c_no_protein_confidence,Retain direct protein; remove protein-derived confidence only,,0.6,1513,False,1412,1105,594,0,0.12710491118006076,0.8266,1264,4,0.30601454064771977,0.11918386434811601,3,False,True,False,False,0.8181818181818182,True,0.9976856085716103,22.571711830799735,74.0,0.052240383344348974,1513
coverage_stratified,multisource_rna_no_protein,MMD,A2_no_confidence,Remove the full confidence block; renormalise RNA/protein,,0.6,1513,False,1412,1105,594,0,0.14638364894517664,1.0,1306,5,0.25644415069398546,0.0670424715964791,3,False,True,False,False,0.8181818181818182,True,0.9960131446157856,29.4177131526768,89.0,0.019442762723066755,1513
coverage_stratified,multisource_rna_no_protein,MMD,A2a_no_conf_completeness,Remove completeness from confidence; renormalise retained components,,0.6,1513,False,1412,1105,594,0,0.12686677942792798,0.8281000000000001,1264,4,0.30204890945142104,0.11171191267161806,3,False,True,False,False,0.8181818181818182,True,0.9983009139792194,19.33773959021811,63.5,0.005165036351619298,1513
coverage_stratified,multisource_rna_no_protein,MMD,A2b_no_conf_source_support,Remove source support from confidence; renormalise retained components,,0.6,1513,False,1412,1105,594,0,0.12442539448841279,0.8500000000000001,1279,5,0.28883013879709185,0.0,1,True,True,False,False,0.8181818181818182,True,0.9960133315607728,29.417052214144086,89.0,0.00774659616655651,1513
coverage_stratified,multisource_rna_no_protein,MMD,A2c_no_conf_consistency,Remove RNA-protein consistency; renormalise retained components,,0.6,1513,False,1412,1105,594,0,0.12620387530682758,0.8325,1282,4,0.28420356906807664,0.08941550211781847,3,False,True,False,False,0.8181818181818182,True,0.9995543008897448,9.86186384666226,35.0,0.0025822207534699267,1513
coverage_stratified,multisource_rna_no_protein,MMD,A3_equal_bio,Equal RNA/protein biological weights,,0.6,1513,False,1412,1105,594,0,0.12562945575937454,0.8369000000000001,1257,4,0.3165895571711831,0.06704247159647893,3,False,True,True,True,1.0,True,1.0,0.0,0.0,0.0,1513
coverage_stratified,multisource_rna_no_protein,MMD,A3b_reversed_bio,Protein biological weight greater than RNA,,0.6,1513,False,1412,1105,594,0,0.12562945575937454,0.8369000000000001,1257,4,0.3165895571711831,0.06704247159647893,3,False,True,True,True,1.0,True,1.0,0.0,0.0,0.0,1513
coverage_stratified,multisource_rna_no_protein,MMD,A4_adaptive_trust,Team baseline plus gene-level adaptive RNA trust,,0.6,1513,False,1412,1105,594,0,0.12562945575937454,0.8369000000000001,1257,4,0.3165895571711831,0.06704247159647893,3,False,True,True,True,1.0,True,1.0,0.0,0.0,0.0,1513
coverage_stratified,multisource_rna_no_protein,MMD,A5_v3_structure,Flat v3 RNA/protein/consistency/completeness structure,,0.6,1513,False,1412,1105,594,0,0.1301352714374274,0.889,1273,4,0.29477858559153997,0.0670424715964791,3,False,True,False,False,0.8181818181818182,True,0.9960130318578276,29.420356906807665,89.0,0.00943410442828817,1513
coverage_stratified,multisource_rna_no_protein,MMD,A6_v3_full,Flat v3 structure plus adaptive trust,,0.6,1513,False,1412,1105,594,0,0.1301352714374274,0.889,1273,4,0.29477858559153997,0.0670424715964791,3,False,True,False,False,0.8181818181818182,True,0.9960130318578276,29.420356906807665,89.0,0.00943410442828817,1513
coverage_stratified,multisource_rna_no_protein,SLC9C1,B0_rna_mean,RNA-only mean ranking; no protein or confidence in final score,,0.6,1476,False,1412,1105,0,0,0.0561791482408888,1.0,156,472,0.9437669376693767,0.07089474244752476,2,False,True,False,False,0.8181818181818182,True,0.7623147713711476,211.75,704.0,0.0678111111111111,1476
coverage_stratified,multisource_rna_no_protein,SLC9C1,A0_team_baseline,"Team baseline: RNA .55, protein .30, confidence .15",,0.6,1476,False,1412,1105,0,0,0.0482418749686242,0.8631000000000001,154,472,0.94579945799458,0.03989253996243296,2,False,True,True,True,1.0,True,1.0,0.0,0.0,0.0,1476
coverage_stratified,multisource_rna_no_protein,SLC9C1,A1a_no_direct_protein,Remove direct protein; retain protein-derived confidence,,0.6,1476,False,1412,1105,0,0,0.0482418749686242,0.8631000000000001,154,472,0.94579945799458,0.03989253996243296,2,False,True,True,True,1.0,True,1.0,0.0,0.0,0.0,1476
coverage_stratified,multisource_rna_no_protein,SLC9C1,A1b_no_protein_evidence,Remove direct protein and all protein-derived confidence,,0.6,1476,False,1412,1105,0,0,0.04913254630354796,0.8734,156,472,0.9444444444444444,0.07089474244752425,2,False,True,False,True,1.0,True,0.9887490783789519,16.224254742547426,689.5,0.04865237127371274,1476
coverage_stratified,multisource_rna_no_protein,SLC9C1,A1c_no_protein_confidence,Retain direct protein; remove protein-derived confidence only,,0.6,1476,False,1412,1105,0,0,0.04913254630354796,0.8734,156,472,0.9444444444444444,0.07089474244752425,2,False,True,False,True,1.0,True,0.9887490783789519,16.224254742547426,689.5,0.04865237127371274,1476
coverage_stratified,multisource_rna_no_protein,SLC9C1,A2_no_confidence,Remove the full confidence block; renormalise RNA/protein,,0.6,1476,False,1412,1105,0,0,0.0561791482408888,1.0,156,472,0.9437669376693767,0.03989253996243312,2,False,True,False,False,0.8181818181818182,True,0.7623147713711476,211.75,704.0,0.0678111111111111,1476
coverage_stratified,multisource_rna_no_protein,SLC9C1,A2a_no_conf_completeness,Remove completeness from confidence; renormalise retained components,,0.6,1476,False,1412,1105,0,0,0.04897938599713037,0.8719,155,472,0.9451219512195121,0.06647236944597412,2,False,True,False,True,1.0,True,0.9915027010817573,13.30691056910569,630.0,0.002586382113821137,1476
coverage_stratified,multisource_rna_no_protein,SLC9C1,A2b_no_conf_source_support,Remove source support from confidence; renormalise retained components,,0.6,1476,False,1412,1105,0,0,0.047750666055438436,0.8500000000000001,156,472,0.9444444444444444,0.0,1,True,True,False,False,0.8181818181818182,True,0.7623147757084449,211.75,704.0,0.003862940379403794,1476
coverage_stratified,multisource_rna_no_protein,SLC9C1,A2c_no_conf_consistency,Remove RNA-protein consistency; renormalise retained components,,0.6,1476,False,1412,1105,0,0,0.04857128200674002,0.8675,155,472,0.94579945799458,0.05320525044132448,2,False,True,False,True,1.0,True,0.9920252970447857,10.979674796747968,630.0,0.0012945799457994567,1476
coverage_stratified,multisource_rna_no_protein,SLC9C1,A3_equal_bio,Equal RNA/protein biological weights,,0.6,1476,False,1412,1105,0,0,0.0482418749686242,0.8631000000000001,154,472,0.94579945799458,0.03989253996243296,2,False,True,True,True,1.0,True,1.0,0.0,0.0,0.0,1476
coverage_stratified,multisource_rna_no_protein,SLC9C1,A3b_reversed_bio,Protein biological weight greater than RNA,,0.6,1476,False,1412,1105,0,0,0.0482418749686242,0.8631000000000001,154,472,0.94579945799458,0.03989253996243296,2,False,True,True,True,1.0,True,1.0,0.0,0.0,0.0,1476
coverage_stratified,multisource_rna_no_protein,SLC9C1,A4_adaptive_trust,Team baseline plus gene-level adaptive RNA trust,,0.6,1476,False,1412,1105,0,0,0.0482418749686242,0.8631000000000001,154,472,0.94579945799458,0.03989253996243296,2,False,True,True,True,1.0,True,1.0,0.0,0.0,0.0,1476
coverage_stratified,multisource_rna_no_protein,SLC9C1,A5_v3_structure,Flat v3 RNA/protein/consistency/completeness structure,,0.6,1476,False,1412,1105,0,0,0.049951886140670664,0.889,154,472,0.94579945799458,0.03989253996243312,2,False,True,False,False,0.8181818181818182,True,0.7623144410477577,211.75,704.0,0.014849051490514907,1476
coverage_stratified,multisource_rna_no_protein,SLC9C1,A6_v3_full,Flat v3 structure plus adaptive trust,,0.6,1476,False,1412,1105,0,0,0.049951886140670664,0.889,154,472,0.94579945799458,0.03989253996243312,2,False,True,False,False,0.8181818181818182,True,0.7623144410477577,211.75,704.0,0.014849051490514907,1476
coverage_stratified,multisource_rna_no_protein,SLCO2B1,B0_rna_mean,RNA-only mean ranking; no protein or confidence in final score,,0.6,1513,False,1412,1105,594,0,0.14837506654634722,1.0,826,166,0.566424322538004,0.11918386434811556,3,False,True,False,True,1.0,True,0.9510861902072117,84.94844679444812,549.0,0.047792795769993394,1513
coverage_stratified,multisource_rna_no_protein,SLCO2B1,A0_team_baseline,"Team baseline: RNA .55, protein .30, confidence .15",,0.6,1513,False,1412,1105,594,0,0.12720694170153127,0.8631000000000001,782,120,0.6074025115664243,0.06704247159647836,3,False,True,True,True,1.0,True,1.0,0.0,0.0,0.0,1513
coverage_stratified,multisource_rna_no_protein,SLCO2B1,A1a_no_direct_protein,Remove direct protein; retain protein-derived confidence,,0.6,1513,False,1412,1105,594,0,0.12720694170153127,0.8631000000000001,782,120,0.6074025115664243,0.06704247159647836,3,False,True,True,True,1.0,True,1.0,0.0,0.0,0.0,1513
coverage_stratified,multisource_rna_no_protein,SLCO2B1,A1b_no_protein_evidence,Remove direct protein and all protein-derived confidence,,0.6,1513,False,1412,1105,594,0,0.12859290460741407,0.8734,812,102,0.5862524785194977,0.1191838643481162,3,False,True,False,True,1.0,True,0.9886195116230262,36.48380700594845,311.5,0.05224315928618639,1513
coverage_stratified,multisource_rna_no_protein,SLCO2B1,A1c_no_protein_confidence,Retain direct protein; remove protein-derived confidence only,,0.6,1513,False,1412,1105,594,0,0.12859290460741407,0.8734,812,102,0.5862524785194977,0.1191838643481162,3,False,True,False,True,1.0,True,0.9886195116230262,36.48380700594845,311.5,0.05224315928618639,1513
coverage_stratified,multisource_rna_no_protein,SLCO2B1,A2_no_confidence,Remove the full confidence block; renormalise RNA/protein,,0.6,1513,False,1412,1105,594,0,0.14837506654634722,1.0,826,166,0.566424322538004,0.06704247159647879,3,False,True,False,True,1.0,True,0.9510861902072117,84.94844679444812,549.0,0.047792795769993394,1513
coverage_stratified,multisource_rna_no_protein,SLCO2B1,A2a_no_conf_completeness,Remove completeness from confidence; renormalise retained components,,0.6,1513,False,1412,1105,594,0,0.12836743038415901,0.8719,812,102,0.5816259087904825,0.1117119126716187,3,False,True,False,True,1.0,True,0.9910700344538669,31.93853271645737,292.0,0.005164771976206213,1513
coverage_stratified,multisource_rna_no_protein,SLCO2B1,A2b_no_conf_source_support,Remove source support from confidence; renormalise retained components,,0.6,1513,False,1412,1105,594,0,0.1261208666860809,0.8500000000000001,811,166,0.5789821546596167,0.0,1,True,True,False,True,1.0,True,0.9513331079550729,84.63317911434237,549.0,0.007743225380039656,1513
coverage_stratified,multisource_rna_no_protein,SLCO2B1,A2c_no_conf_consistency,Remove RNA-protein consistency; renormalise retained components,,0.6,1513,False,1412,1105,594,0,0.12774664434128707,0.8675,790,120,0.6021150033046927,0.08941550211781807,3,False,True,False,True,1.0,True,0.9968244725530839,17.230006609385327,202.5,0.002585591539986783,1513
coverage_stratified,multisource_rna_no_protein,SLCO2B1,A3_equal_bio,Equal RNA/protein biological weights,,0.6,1513,False,1412,1105,594,0,0.12720694170153127,0.8631000000000001,782,120,0.6074025115664243,0.06704247159647836,3,False,True,True,True,1.0,True,1.0,0.0,0.0,0.0,1513
coverage_stratified,multisource_rna_no_protein,SLCO2B1,A3b_reversed_bio,Protein biological weight greater than RNA,,0.6,1513,False,1412,1105,594,0,0.12720694170153127,0.8631000000000001,782,120,0.6074025115664243,0.06704247159647836,3,False,True,True,True,1.0,True,1.0,0.0,0.0,0.0,1513
coverage_stratified,multisource_rna_no_protein,SLCO2B1,A4_adaptive_trust,Team baseline plus gene-level adaptive RNA trust,,0.6,1513,False,1412,1105,594,0,0.12720694170153127,0.8631000000000001,782,120,0.6074025115664243,0.06704247159647836,3,False,True,True,True,1.0,True,1.0,0.0,0.0,0.0,1513
coverage_stratified,multisource_rna_no_protein,SLCO2B1,A5_v3_structure,Flat v3 RNA/protein/consistency/completeness structure,,0.6,1513,False,1412,1105,594,0,0.13190181767567927,0.889,817,166,0.5717118307997356,0.06704247159647879,3,False,True,False,True,1.0,True,0.9512823158471271,84.6668869795109,549.0,0.013653998678122937,1513
coverage_stratified,multisource_rna_no_protein,SLCO2B1,A6_v3_full,Flat v3 structure plus adaptive trust,,0.6,1513,False,1412,1105,594,0,0.13190181767567927,0.889,817,166,0.5717118307997356,0.06704247159647879,3,False,True,False,True,1.0,True,0.9512823158471271,84.6668869795109,549.0,0.013653998678122937,1513
coverage_stratified,multisource_rna_no_protein,NUAK1,B0_rna_mean,RNA-only mean ranking; no protein or confidence in final score,,0.6,1513,False,1412,1105,594,0,0.19789008439371092,1.0,1293,18,0.2478519497686715,0.1191838643481157,3,False,True,False,False,0.8181818181818182,True,0.9972232840072309,23.902842035690682,109.5,0.030223265036351622,1513
coverage_stratified,multisource_rna_no_protein,NUAK1,A0_team_baseline,"Team baseline: RNA .55, protein .30, confidence .15",,0.6,1513,False,1412,1105,594,0,0.16834242710240196,0.8500000000000001,1256,18,0.29015201586252476,0.06704247159647911,3,False,True,True,True,1.0,True,1.0,0.0,0.0,0.0,1513
coverage_stratified,multisource_rna_no_protein,NUAK1,A1a_no_direct_protein,Remove direct protein; retain protein-derived confidence,,0.6,1513,False,1412,1105,594,0,0.16834242710240196,0.8500000000000001,1256,18,0.29015201586252476,0.06704247159647911,3,False,True,True,True,1.0,True,1.0,0.0,0.0,0.0,1513
coverage_stratified,multisource_rna_no_protein,NUAK1,A1b_no_protein_evidence,Remove direct protein and all protein-derived confidence,,0.6,1513,False,1412,1105,594,0,0.16886601375663787,0.8500000000000001,1266,18,0.2775941837409121,0.11918386434811502,3,False,True,False,True,1.0,True,0.9985791421573247,17.706543291473892,80.0,0.05224084600132188,1513
coverage_stratified,multisource_rna_no_protein,NUAK1,A1c_no_protein_confidence,Retain direct protein; remove protein-derived confidence only,,0.6,1513,False,1412,1105,594,0,0.16886601375663787,0.8500000000000001,1266,18,0.2775941837409121,0.11918386434811502,3,False,True,False,True,1.0,True,0.9985791421573247,17.706543291473892,80.0,0.05224084600132188,1513
coverage_stratified,multisource_rna_no_protein,NUAK1,A2_no_confidence,Remove the full confidence block; renormalise RNA/protein,,0.6,1513,False,1412,1105,594,0,0.19789008439371092,1.0,1293,18,0.2478519497686715,0.06704247159647911,3,False,True,False,False,0.8181818181818182,True,0.9972232840072309,23.902842035690682,109.5,0.030223265036351622,1513
coverage_stratified,multisource_rna_no_protein,NUAK1,A2a_no_conf_completeness,Remove completeness from confidence; renormalise retained components,,0.6,1513,False,1412,1105,594,0,0.1687683809770182,0.85,1259,18,0.29081295439524124,0.11171191267161774,3,False,True,False,True,1.0,True,0.9989351950874625,15.245869134170523,75.0,0.005163053536021151,1513
coverage_stratified,multisource_rna_no_protein,NUAK1,A2b_no_conf_source_support,Remove source support from confidence; renormalise retained components,,0.6,1513,False,1412,1105,594,0,0.16820613559304842,0.8500000000000001,1255,18,0.29081295439524124,0.0,1,True,True,False,False,0.8181818181818182,True,0.9972200035892256,23.911434236615996,110.0,0.007747851949768672,1513
coverage_stratified,multisource_rna_no_protein,NUAK1,A2c_no_conf_consistency,Remove RNA-protein consistency; renormalise retained components,,0.6,1513,False,1412,1105,594,0,0.16852295868126993,0.85,1270,18,0.2736285525446133,0.08941550211781835,3,False,True,False,True,1.0,True,0.9997008020091088,7.977528089887641,52.5,0.0025809649702577668,1513
coverage_stratified,multisource_rna_no_protein,NUAK1,A3_equal_bio,Equal RNA/protein biological weights,,0.6,1513,False,1412,1105,594,0,0.16834242710240196,0.8500000000000001,1256,18,0.29015201586252476,0.06704247159647911,3,False,True,True,True,1.0,True,1.0,0.0,0.0,0.0,1513
coverage_stratified,multisource_rna_no_protein,NUAK1,A3b_reversed_bio,Protein biological weight greater than RNA,,0.6,1513,False,1412,1105,594,0,0.16834242710240196,0.8500000000000001,1256,18,0.29015201586252476,0.06704247159647911,3,False,True,True,True,1.0,True,1.0,0.0,0.0,0.0,1513
coverage_stratified,multisource_rna_no_protein,NUAK1,A4_adaptive_trust,Team baseline plus gene-level adaptive RNA trust,,0.6,1513,False,1412,1105,594,0,0.16834242710240196,0.8500000000000001,1256,18,0.29015201586252476,0.06704247159647911,3,False,True,True,True,1.0,True,1.0,0.0,0.0,0.0,1513
coverage_stratified,multisource_rna_no_protein,NUAK1,A5_v3_structure,Flat v3 RNA/protein/consistency/completeness structure,,0.6,1513,False,1412,1105,594,0,0.1759241157417697,0.889,1270,18,0.2742894910773298,0.06704247159647911,3,False,True,False,False,0.8181818181818182,True,0.9972194726907341,23.907468605419695,109.5,0.01134302709847984,1513
coverage_stratified,multisource_rna_no_protein,NUAK1,A6_v3_full,Flat v3 structure plus adaptive trust,,0.6,1513,False,1412,1105,594,0,0.1759241157417697,0.889,1270,18,0.2742894910773298,0.06704247159647911,3,False,True,False,False,0.8181818181818182,True,0.9972194726907341,23.907468605419695,109.5,0.01134302709847984,1513
coverage_stratified,depmap_rna_only,AL136164.1,B0_rna_mean,RNA-only mean ranking; no protein or confidence in final score,,0.6,1412,False,1412,0,0,0,0.09088632550057354,1.0,29,1333,0.990084985835694,8.770761894538737e-15,1,True,True,True,True,1.0,True,1.0,0.0,0.0,0.05959964589235127,1412
coverage_stratified,depmap_rna_only,AL136164.1,A0_team_baseline,"Team baseline: RNA .55, protein .30, confidence .15",,0.6,1412,False,1412,0,0,0,0.0772512243318812,0.8500000000000001,29,1333,0.990084985835694,1.099120794378905e-14,1,True,True,True,True,1.0,True,1.0,0.0,0.0,0.0,1412
coverage_stratified,depmap_rna_only,AL136164.1,A1a_no_direct_protein,Remove direct protein; retain protein-derived confidence,,0.6,1412,False,1412,0,0,0,0.0772512243318812,0.8500000000000001,29,1333,0.990084985835694,1.099120794378905e-14,1,True,True,True,True,1.0,True,1.0,0.0,0.0,0.0,1412
coverage_stratified,depmap_rna_only,AL136164.1,A1b_no_protein_evidence,Remove direct protein and all protein-derived confidence,,0.6,1412,False,1412,0,0,0,0.07725787351886126,0.8500000000000001,29,1333,0.990084985835694,8.770761894538737e-15,1,True,True,True,True,1.0,True,1.0,0.0,0.0,0.041401841359773366,1412
coverage_stratified,depmap_rna_only,AL136164.1,A1c_no_protein_confidence,Retain direct protein; remove protein-derived confidence only,,0.6,1412,False,1412,0,0,0,0.07725787351886126,0.8500000000000001,29,1333,0.990084985835694,8.770761894538737e-15,1,True,True,True,True,1.0,True,1.0,0.0,0.0,0.041401841359773366,1412
coverage_stratified,depmap_rna_only,AL136164.1,A2_no_confidence,Remove the full confidence block; renormalise RNA/protein,,0.6,1412,False,1412,0,0,0,0.09088632550057354,1.0,29,1333,0.990084985835694,1.099120794378905e-14,1,True,True,True,True,1.0,True,1.0,0.0,0.0,0.05959964589235127,1412
coverage_stratified,depmap_rna_only,AL136164.1,A2a_no_conf_completeness,Remove completeness from confidence; renormalise retained components,,0.6,1412,False,1412,0,0,0,0.07725694737556409,0.85,29,1333,0.990084985835694,5.6066262743570405e-15,1,True,True,True,True,1.0,True,1.0,0.0,0.0,0.008798441926345607,1412
coverage_stratified,depmap_rna_only,AL136164.1,A2b_no_conf_source_support,Remove source support from confidence; renormalise retained components,,0.6,1412,False,1412,0,0,0,0.07725386740185947,0.8500000000000001,29,1333,0.990084985835694,0.0,1,True,True,True,True,1.0,True,1.0,0.0,0.0,0.013100637393767706,1412
coverage_stratified,depmap_rna_only,AL136164.1,A2c_no_conf_consistency,Remove RNA-protein consistency; renormalise retained components,,0.6,1412,False,1412,0,0,0,0.0772538674018596,0.85,29,1333,0.990084985835694,5.828670879282072e-15,1,True,True,True,True,1.0,True,1.0,0.0,0.0,0.00439936260623229,1412
coverage_stratified,depmap_rna_only,AL136164.1,A3_equal_bio,Equal RNA/protein biological weights,,0.6,1412,False,1412,0,0,0,0.0772512243318812,0.8500000000000001,29,1333,0.990084985835694,1.099120794378905e-14,1,True,True,True,True,1.0,True,1.0,0.0,0.0,0.0,1412
coverage_stratified,depmap_rna_only,AL136164.1,A3b_reversed_bio,Protein biological weight greater than RNA,,0.6,1412,False,1412,0,0,0,0.0772512243318812,0.8500000000000001,29,1333,0.990084985835694,1.099120794378905e-14,1,True,True,True,True,1.0,True,1.0,0.0,0.0,0.0,1412
coverage_stratified,depmap_rna_only,AL136164.1,A4_adaptive_trust,Team baseline plus gene-level adaptive RNA trust,,0.6,1412,False,1412,0,0,0,0.0772512243318812,0.8500000000000001,29,1333,0.990084985835694,1.099120794378905e-14,1,True,True,True,True,1.0,True,1.0,0.0,0.0,0.0,1412
coverage_stratified,depmap_rna_only,AL136164.1,A5_v3_structure,Flat v3 RNA/protein/consistency/completeness structure,,0.6,1412,False,1412,0,0,0,0.08080063895740723,0.889,29,1333,0.990084985835694,1.099120794378905e-14,1,True,True,True,True,1.0,True,1.0,0.0,0.0,0.0064745042492917815,1412
coverage_stratified,depmap_rna_only,AL136164.1,A6_v3_full,Flat v3 structure plus adaptive trust,,0.6,1412,False,1412,0,0,0,0.08080063895740723,0.889,29,1333,0.990084985835694,1.099120794378905e-14,1,True,True,True,True,1.0,True,1.0,0.0,0.0,0.0064745042492917815,1412
coverage_stratified,depmap_rna_only,RN7SKP224,B0_rna_mean,RNA-only mean ranking; no protein or confidence in final score,,0.6,1412,False,1412,0,0,0,0.026602889477326662,1.0,2,1411,0.9992917847025495,8.770761894538737e-15,1,True,True,True,True,1.0,True,1.0,0.0,0.0,0.06191855524079319,1412
coverage_stratified,depmap_rna_only,RN7SKP224,A0_team_baseline,"Team baseline: RNA .55, protein .30, confidence .15",,0.6,1412,False,1412,0,0,0,0.02261245605572885,0.8500000000000001,2,1411,0.9992917847025495,1.099120794378905e-14,1,True,True,True,True,1.0,True,1.0,0.0,0.0,0.0,1412
coverage_stratified,depmap_rna_only,RN7SKP224,A1a_no_direct_protein,Remove direct protein; retain protein-derived confidence,,0.6,1412,False,1412,0,0,0,0.02261245605572885,0.8500000000000001,2,1411,0.9992917847025495,1.099120794378905e-14,1,True,True,True,True,1.0,True,1.0,0.0,0.0,0.0,1412
coverage_stratified,depmap_rna_only,RN7SKP224,A1b_no_protein_evidence,Remove direct protein and all protein-derived confidence,,0.6,1412,False,1412,0,0,0,0.022612456055728824,0.8500000000000001,2,1411,0.9992917847025495,8.770761894538737e-15,1,True,True,True,True,1.0,True,1.0,0.0,0.0,0.0414,1412
coverage_stratified,depmap_rna_only,RN7SKP224,A1c_no_protein_confidence,Retain direct protein; remove protein-derived confidence only,,0.6,1412,False,1412,0,0,0,0.022612456055728824,0.8500000000000001,2,1411,0.9992917847025495,8.770761894538737e-15,1,True,True,True,True,1.0,True,1.0,0.0,0.0,0.0414,1412
coverage_stratified,depmap_rna_only,RN7SKP224,A2_no_confidence,Remove the full confidence block; renormalise RNA/protein,,0.6,1412,False,1412,0,0,0,0.026602889477326662,1.0,2,1411,0.9992917847025495,1.099120794378905e-14,1,True,True,True,True,1.0,True,1.0,0.0,0.0,0.06191855524079319,1412
coverage_stratified,depmap_rna_only,RN7SKP224,A2a_no_conf_completeness,Remove completeness from confidence; renormalise retained components,,0.6,1412,False,1412,0,0,0,0.022612456055728817,0.85,2,1411,0.9992917847025495,5.6066262743570405e-15,1,True,True,True,True,1.0,True,1.0,0.0,0.0,0.008799999999999997,1412
coverage_stratified,depmap_rna_only,RN7SKP224,A2b_no_conf_source_support,Remove source support from confidence; renormalise retained components,,0.6,1412,False,1412,0,0,0,0.02261245605572878,0.8500000000000001,2,1411,0.9992917847025495,0.0,1,True,True,True,True,1.0,True,1.0,0.0,0.0,0.013099999999999999,1412
coverage_stratified,depmap_rna_only,RN7SKP224,A2c_no_conf_consistency,Remove RNA-protein consistency; renormalise retained components,,0.6,1412,False,1412,0,0,0,0.022612456055728824,0.85,2,1411,0.9992917847025495,5.828670879282072e-15,1,True,True,True,True,1.0,True,1.0,0.0,0.0,0.004399999999999995,1412
coverage_stratified,depmap_rna_only,RN7SKP224,A3_equal_bio,Equal RNA/protein biological weights,,0.6,1412,False,1412,0,0,0,0.02261245605572885,0.8500000000000001,2,1411,0.9992917847025495,1.099120794378905e-14,1,True,True,True,True,1.0,True,1.0,0.0,0.0,0.0,1412
coverage_stratified,depmap_rna_only,RN7SKP224,A3b_reversed_bio,Protein biological weight greater than RNA,,0.6,1412,False,1412,0,0,0,0.02261245605572885,0.8500000000000001,2,1411,0.9992917847025495,1.099120794378905e-14,1,True,True,True,True,1.0,True,1.0,0.0,0.0,0.0,1412
coverage_stratified,depmap_rna_only,RN7SKP224,A4_adaptive_trust,Team baseline plus gene-level adaptive RNA trust,,0.6,1412,False,1412,0,0,0,0.02261245605572885,0.8500000000000001,2,1411,0.9992917847025495,1.099120794378905e-14,1,True,True,True,True,1.0,True,1.0,0.0,0.0,0.0,1412
coverage_stratified,depmap_rna_only,RN7SKP224,A5_v3_structure,Flat v3 RNA/protein/consistency/completeness structure,,0.6,1412,False,1412,0,0,0,0.02364996874534393,0.889,2,1411,0.9992917847025495,1.099120794378905e-14,1,True,True,True,True,1.0,True,1.0,0.0,0.0,0.006418555240793198,1412
coverage_stratified,depmap_rna_only,RN7SKP224,A6_v3_full,Flat v3 structure plus adaptive trust,,0.6,1412,False,1412,0,0,0,0.02364996874534393,0.889,2,1411,0.9992917847025495,1.099120794378905e-14,1,True,True,True,True,1.0,True,1.0,0.0,0.0,0.006418555240793198,1412
coverage_stratified,depmap_rna_only,HCG21,B0_rna_mean,RNA-only mean ranking; no protein or confidence in final score,,0.6,1412,False,1412,0,0,0,0.03930701307922045,1.0,18,1335,0.9943342776203966,8.770761894538737e-15,1,True,True,True,True,1.0,True,1.0,0.0,0.0,0.061137747875354094,1412
coverage_stratified,depmap_rna_only,HCG21,A0_team_baseline,"Team baseline: RNA .55, protein .30, confidence .15",,0.6,1412,False,1412,0,0,0,0.033406397064593224,0.8500000000000001,18,1335,0.9943342776203966,1.099120794378905e-14,1,True,True,True,True,1.0,True,1.0,0.0,0.0,0.0,1412
coverage_stratified,depmap_rna_only,HCG21,A1a_no_direct_protein,Remove direct protein; retain protein-derived confidence,,0.6,1412,False,1412,0,0,0,0.033406397064593224,0.8500000000000001,18,1335,0.9943342776203966,1.099120794378905e-14,1,True,True,True,True,1.0,True,1.0,0.0,0.0,0.0,1412
coverage_stratified,depmap_rna_only,HCG21,A1b_no_protein_evidence,Remove direct protein and all protein-derived confidence,,0.6,1412,False,1412,0,0,0,0.03341763573596954,0.8500000000000001,18,1335,0.9943342776203966,8.770761894538737e-15,1,True,True,True,True,1.0,True,1.0,0.0,0.0,0.04140474504249292,1412
coverage_stratified,depmap_rna_only,HCG21,A1c_no_protein_confidence,Retain direct protein; remove protein-derived confidence only,,0.6,1412,False,1412,0,0,0,0.03341763573596954,0.8500000000000001,18,1335,0.9943342776203966,8.770761894538737e-15,1,True,True,True,True,1.0,True,1.0,0.0,0.0,0.04140474504249292,1412
coverage_stratified,depmap_rna_only,HCG21,A2_no_confidence,Remove the full confidence block; renormalise RNA/protein,,0.6,1412,False,1412,0,0,0,0.03930701307922045,1.0,18,1335,0.9943342776203966,1.099120794378905e-14,1,True,True,True,True,1.0,True,1.0,0.0,0.0,0.061137747875354094,1412
coverage_stratified,depmap_rna_only,HCG21,A2a_no_conf_completeness,Remove completeness from confidence; renormalise retained components,,0.6,1412,False,1412,0,0,0,0.03341701647484374,0.85,18,1335,0.9943342776203966,5.6066262743570405e-15,1,True,True,True,True,1.0,True,1.0,0.0,0.0,0.00879539660056657,1412
coverage_stratified,depmap_rna_only,HCG21,A2b_no_conf_source_support,Remove source support from confidence; renormalise retained components,,0.6,1412,False,1412,0,0,0,0.033413363164116056,0.8500000000000001,18,1335,0.9943342776203966,0.0,1,True,True,True,True,1.0,True,1.0,0.0,0.0,0.013103257790368271,1412
coverage_stratified,depmap_rna_only,HCG21,A2c_no_conf_consistency,Remove RNA-protein consistency; renormalise retained components,,0.6,1412,False,1412,0,0,0,0.03341336316411624,0.85,18,1335,0.9943342776203966,5.828670879282072e-15,1,True,True,True,True,1.0,True,1.0,0.0,0.0,0.004396742209631722,1412
coverage_stratified,depmap_rna_only,HCG21,A3_equal_bio,Equal RNA/protein biological weights,,0.6,1412,False,1412,0,0,0,0.033406397064593224,0.8500000000000001,18,1335,0.9943342776203966,1.099120794378905e-14,1,True,True,True,True,1.0,True,1.0,0.0,0.0,0.0,1412
coverage_stratified,depmap_rna_only,HCG21,A3b_reversed_bio,Protein biological weight greater than RNA,,0.6,1412,False,1412,0,0,0,0.033406397064593224,0.8500000000000001,18,1335,0.9943342776203966,1.099120794378905e-14,1,True,True,True,True,1.0,True,1.0,0.0,0.0,0.0,1412
coverage_stratified,depmap_rna_only,HCG21,A4_adaptive_trust,Team baseline plus gene-level adaptive RNA trust,,0.6,1412,False,1412,0,0,0,0.033406397064593224,0.8500000000000001,18,1335,0.9943342776203966,1.099120794378905e-14,1,True,True,True,True,1.0,True,1.0,0.0,0.0,0.0,1412
coverage_stratified,depmap_rna_only,HCG21,A5_v3_structure,Flat v3 RNA/protein/consistency/completeness structure,,0.6,1412,False,1412,0,0,0,0.0349458397286783,0.889,18,1335,0.9943342776203966,1.099120794378905e-14,1,True,True,True,True,1.0,True,1.0,0.0,0.0,0.0062468838526912145,1412
coverage_stratified,depmap_rna_only,HCG21,A6_v3_full,Flat v3 structure plus adaptive trust,,0.6,1412,False,1412,0,0,0,0.0349458397286783,0.889,18,1335,0.9943342776203966,1.099120794378905e-14,1,True,True,True,True,1.0,True,1.0,0.0,0.0,0.0062468838526912145,1412
coverage_stratified,depmap_rna_only,AL121832.1,B0_rna_mean,RNA-only mean ranking; no protein or confidence in final score,,0.6,1412,False,1412,0,0,0,0.09408144623179515,1.0,129,954,0.9553824362606232,8.770761894538737e-15,1,True,True,True,True,1.0,True,1.0,0.0,0.0,0.057135977337110476,1412
coverage_stratified,depmap_rna_only,AL121832.1,A0_team_baseline,"Team baseline: RNA .55, protein .30, confidence .15",,0.6,1412,False,1412,0,0,0,0.07996162395966284,0.8500000000000001,129,954,0.9553824362606232,1.099120794378905e-14,1,True,True,True,True,1.0,True,1.0,0.0,0.0,0.0,1412
coverage_stratified,depmap_rna_only,AL121832.1,A1a_no_direct_protein,Remove direct protein; retain protein-derived confidence,,0.6,1412,False,1412,0,0,0,0.07996162395966284,0.8500000000000001,129,954,0.9553824362606232,1.099120794378905e-14,1,True,True,True,True,1.0,True,1.0,0.0,0.0,0.0,1412
coverage_stratified,depmap_rna_only,AL121832.1,A1b_no_protein_evidence,Remove direct protein and all protein-derived confidence,,0.6,1412,False,1412,0,0,0,0.07997613497029461,0.8500000000000001,129,954,0.9553824362606232,8.770761894538737e-15,1,True,True,True,True,1.0,True,1.0,0.0,0.0,0.041415934844192634,1412
coverage_stratified,depmap_rna_only,AL121832.1,A1c_no_protein_confidence,Retain direct protein; remove protein-derived confidence only,,0.6,1412,False,1412,0,0,0,0.07997613497029461,0.8500000000000001,129,954,0.9553824362606232,8.770761894538737e-15,1,True,True,True,True,1.0,True,1.0,0.0,0.0,0.041415934844192634,1412
coverage_stratified,depmap_rna_only,AL121832.1,A2_no_confidence,Remove the full confidence block; renormalise RNA/protein,,0.6,1412,False,1412,0,0,0,0.09408144623179515,1.0,129,954,0.9553824362606232,1.099120794378905e-14,1,True,True,True,True,1.0,True,1.0,0.0,0.0,0.057135977337110476,1412
coverage_stratified,depmap_rna_only,AL121832.1,A2a_no_conf_completeness,Remove completeness from confidence; renormalise retained components,,0.6,1412,False,1412,0,0,0,0.07997326312389984,0.85,129,954,0.9553824362606232,5.6066262743570405e-15,1,True,True,True,True,1.0,True,1.0,0.0,0.0,0.008788526912181302,1412
coverage_stratified,depmap_rna_only,AL121832.1,A2b_no_conf_source_support,Remove source support from confidence; renormalise retained components,,0.6,1412,False,1412,0,0,0,0.07996678151883514,0.8500000000000001,129,954,0.9553824362606232,0.0,1,True,True,True,True,1.0,True,1.0,0.0,0.0,0.013104036827195468,1412
coverage_stratified,depmap_rna_only,AL121832.1,A2c_no_conf_consistency,Remove RNA-protein consistency; renormalise retained components,,0.6,1412,False,1412,0,0,0,0.07996678151883398,0.85,129,954,0.9553824362606232,5.828670879282072e-15,1,True,True,True,True,1.0,True,1.0,0.0,0.0,0.0043959631728045295,1412
coverage_stratified,depmap_rna_only,AL121832.1,A3_equal_bio,Equal RNA/protein biological weights,,0.6,1412,False,1412,0,0,0,0.07996162395966284,0.8500000000000001,129,954,0.9553824362606232,1.099120794378905e-14,1,True,True,True,True,1.0,True,1.0,0.0,0.0,0.0,1412
coverage_stratified,depmap_rna_only,AL121832.1,A3b_reversed_bio,Protein biological weight greater than RNA,,0.6,1412,False,1412,0,0,0,0.07996162395966284,0.8500000000000001,129,954,0.9553824362606232,1.099120794378905e-14,1,True,True,True,True,1.0,True,1.0,0.0,0.0,0.0,1412
coverage_stratified,depmap_rna_only,AL121832.1,A4_adaptive_trust,Team baseline plus gene-level adaptive RNA trust,,0.6,1412,False,1412,0,0,0,0.07996162395966284,0.8500000000000001,129,954,0.9553824362606232,1.099120794378905e-14,1,True,True,True,True,1.0,True,1.0,0.0,0.0,0.0,1412
coverage_stratified,depmap_rna_only,AL121832.1,A5_v3_structure,Flat v3 RNA/protein/consistency/completeness structure,,0.6,1412,False,1412,0,0,0,0.08363684527949836,0.889,129,954,0.9553824362606232,1.099120794378905e-14,1,True,True,True,True,1.0,True,1.0,0.0,0.0,0.0057648725212464565,1412
coverage_stratified,depmap_rna_only,AL121832.1,A6_v3_full,Flat v3 structure plus adaptive trust,,0.6,1412,False,1412,0,0,0,0.08363684527949836,0.889,129,954,0.9553824362606232,1.099120794378905e-14,1,True,True,True,True,1.0,True,1.0,0.0,0.0,0.0057648725212464565,1412
coverage_stratified,depmap_rna_only,RPS29P14,B0_rna_mean,RNA-only mean ranking; no protein or confidence in final score,,0.6,1412,False,1412,0,0,0,0.11881932660305329,1.0,67,1339,0.9575070821529745,8.770761894538737e-15,1,True,True,True,True,1.0,True,1.0,0.0,0.0,0.05981345609065154,1412
coverage_stratified,depmap_rna_only,RPS29P14,A0_team_baseline,"Team baseline: RNA .55, protein .30, confidence .15",,0.6,1412,False,1412,0,0,0,0.10099093667252218,0.8500000000000001,67,1339,0.9575070821529745,1.099120794378905e-14,1,True,True,True,True,1.0,True,1.0,0.0,0.0,0.0,1412
coverage_stratified,depmap_rna_only,RPS29P14,A1a_no_direct_protein,Remove direct protein; retain protein-derived confidence,,0.6,1412,False,1412,0,0,0,0.10099093667252218,0.8500000000000001,67,1339,0.9575070821529745,1.099120794378905e-14,1,True,True,True,True,1.0,True,1.0,0.0,0.0,0.0,1412
coverage_stratified,depmap_rna_only,RPS29P14,A1b_no_protein_evidence,Remove direct protein and all protein-derived confidence,,0.6,1412,False,1412,0,0,0,0.10100269845281935,0.8500000000000001,66,1339,0.9589235127478754,8.770761894538737e-15,1,True,True,True,True,1.0,True,0.9999999927614068,0.000708215297450425,0.5,0.04140297450424929,1412
coverage_stratified,depmap_rna_only,RPS29P14,A1c_no_protein_confidence,Retain direct protein; remove protein-derived confidence only,,0.6,1412,False,1412,0,0,0,0.10100269845281935,0.8500000000000001,66,1339,0.9589235127478754,8.770761894538737e-15,1,True,True,True,True,1.0,True,0.9999999927614068,0.000708215297450425,0.5,0.04140297450424929,1412
coverage_stratified,depmap_rna_only,RPS29P14,A2_no_confidence,Remove the full confidence block; renormalise RNA/protein,,0.6,1412,False,1412,0,0,0,0.11881932660305329,1.0,67,1339,0.9575070821529745,1.099120794378905e-14,1,True,True,True,True,1.0,True,1.0,0.0,0.0,0.05981345609065154,1412
coverage_stratified,depmap_rna_only,RPS29P14,A2a_no_conf_completeness,Remove completeness from confidence; renormalise retained components,,0.6,1412,False,1412,0,0,0,0.10100221179879432,0.85,66,1339,0.9589235127478754,5.6066262743570405e-15,1,True,True,True,True,1.0,True,0.9999999927614068,0.000708215297450425,0.5,0.008797167138810198,1412
coverage_stratified,depmap_rna_only,RPS29P14,A2b_no_conf_source_support,Remove source support from confidence; renormalise retained components,,0.6,1412,False,1412,0,0,0,0.1009979511240603,0.8500000000000001,66,1339,0.9589235127478754,0.0,1,True,True,True,True,1.0,True,0.9999999927614068,0.000708215297450425,0.5,0.013101770538243627,1412
coverage_stratified,depmap_rna_only,RPS29P14,A2c_no_conf_consistency,Remove RNA-protein consistency; renormalise retained components,,0.6,1412,False,1412,0,0,0,0.10099795112406025,0.85,66,1339,0.9589235127478754,5.828670879282072e-15,1,True,True,True,True,1.0,True,0.9999999927614068,0.000708215297450425,0.5,0.004398229461756368,1412
coverage_stratified,depmap_rna_only,RPS29P14,A3_equal_bio,Equal RNA/protein biological weights,,0.6,1412,False,1412,0,0,0,0.10099093667252218,0.8500000000000001,67,1339,0.9575070821529745,1.099120794378905e-14,1,True,True,True,True,1.0,True,1.0,0.0,0.0,0.0,1412
coverage_stratified,depmap_rna_only,RPS29P14,A3b_reversed_bio,Protein biological weight greater than RNA,,0.6,1412,False,1412,0,0,0,0.10099093667252218,0.8500000000000001,67,1339,0.9575070821529745,1.099120794378905e-14,1,True,True,True,True,1.0,True,1.0,0.0,0.0,0.0,1412
coverage_stratified,depmap_rna_only,RPS29P14,A4_adaptive_trust,Team baseline plus gene-level adaptive RNA trust,,0.6,1412,False,1412,0,0,0,0.10099093667252218,0.8500000000000001,67,1339,0.9575070821529745,1.099120794378905e-14,1,True,True,True,True,1.0,True,1.0,0.0,0.0,0.0,1412
coverage_stratified,depmap_rna_only,RPS29P14,A5_v3_structure,Flat v3 RNA/protein/consistency/completeness structure,,0.6,1412,False,1412,0,0,0,0.10562989166408832,0.889,66,1339,0.9589235127478754,1.099120794378905e-14,1,True,True,True,True,1.0,True,0.9999999927614068,0.000708215297450425,0.5,0.006754957507082148,1412
coverage_stratified,depmap_rna_only,RPS29P14,A6_v3_full,Flat v3 structure plus adaptive trust,,0.6,1412,False,1412,0,0,0,0.10562989166408832,0.889,66,1339,0.9589235127478754,1.099120794378905e-14,1,True,True,True,True,1.0,True,0.9999999927614068,0.000708215297450425,0.5,0.006754957507082148,1412
coverage_stratified,depmap_rna_only,ASAP1-IT2,B0_rna_mean,RNA-only mean ranking; no protein or confidence in final score,,0.6,1412,False,1412,0,0,0,0.07975715566185423,1.0,59,236,0.9815864022662889,8.770761894538737e-15,1,True,True,True,True,1.0,True,1.0,0.0,0.0,0.052802903682719546,1412
coverage_stratified,depmap_rna_only,ASAP1-IT2,A0_team_baseline,"Team baseline: RNA .55, protein .30, confidence .15",,0.6,1412,False,1412,0,0,0,0.06778823449755299,0.8500000000000001,59,236,0.9815864022662889,1.099120794378905e-14,1,True,True,True,True,1.0,True,1.0,0.0,0.0,0.0,1412
coverage_stratified,depmap_rna_only,ASAP1-IT2,A1a_no_direct_protein,Remove direct protein; retain protein-derived confidence,,0.6,1412,False,1412,0,0,0,0.06778823449755299,0.8500000000000001,59,236,0.9815864022662889,1.099120794378905e-14,1,True,True,True,True,1.0,True,1.0,0.0,0.0,0.0,1412
coverage_stratified,depmap_rna_only,ASAP1-IT2,A1b_no_protein_evidence,Remove direct protein and all protein-derived confidence,,0.6,1412,False,1412,0,0,0,0.06780073458359717,0.8500000000000001,59,236,0.9815864022662889,8.770761894538737e-15,1,True,True,True,True,1.0,True,1.0,0.0,0.0,0.04146041076487252,1412
coverage_stratified,depmap_rna_only,ASAP1-IT2,A1c_no_protein_confidence,Retain direct protein; remove protein-derived confidence only,,0.6,1412,False,1412,0,0,0,0.06780073458359717,0.8500000000000001,59,236,0.9815864022662889,8.770761894538737e-15,1,True,True,True,True,1.0,True,1.0,0.0,0.0,0.04146041076487252,1412
coverage_stratified,depmap_rna_only,ASAP1-IT2,A2_no_confidence,Remove the full confidence block; renormalise RNA/protein,,0.6,1412,False,1412,0,0,0,0.07975715566185423,1.0,59,236,0.9815864022662889,1.099120794378905e-14,1,True,True,True,True,1.0,True,1.0,0.0,0.0,0.052802903682719546,1412
coverage_stratified,depmap_rna_only,ASAP1-IT2,A2a_no_conf_completeness,Remove completeness from confidence; renormalise retained components,,0.6,1412,False,1412,0,0,0,0.06779632145642622,0.85,59,236,0.9815864022662889,5.6066262743570405e-15,1,True,True,True,True,1.0,True,1.0,0.0,0.0,0.008741784702549571,1412
coverage_stratified,depmap_rna_only,ASAP1-IT2,A2b_no_conf_source_support,Remove source support from confidence; renormalise retained components,,0.6,1412,False,1412,0,0,0,0.06778671751423872,0.8500000000000001,59,236,0.9815864022662889,0.0,1,True,True,True,True,1.0,True,1.0,0.0,0.0,0.013134419263456093,1412
coverage_stratified,depmap_rna_only,ASAP1-IT2,A2c_no_conf_consistency,Remove RNA-protein consistency; renormalise retained components,,0.6,1412,False,1412,0,0,0,0.0677867175142388,0.85,59,236,0.9815864022662889,5.828670879282072e-15,1,True,True,True,True,1.0,True,1.0,0.0,0.0,0.004365580736543905,1412
coverage_stratified,depmap_rna_only,ASAP1-IT2,A3_equal_bio,Equal RNA/protein biological weights,,0.6,1412,False,1412,0,0,0,0.06778823449755299,0.8500000000000001,59,236,0.9815864022662889,1.099120794378905e-14,1,True,True,True,True,1.0,True,1.0,0.0,0.0,0.0,1412
coverage_stratified,depmap_rna_only,ASAP1-IT2,A3b_reversed_bio,Protein biological weight greater than RNA,,0.6,1412,False,1412,0,0,0,0.06778823449755299,0.8500000000000001,59,236,0.9815864022662889,1.099120794378905e-14,1,True,True,True,True,1.0,True,1.0,0.0,0.0,0.0,1412
coverage_stratified,depmap_rna_only,ASAP1-IT2,A4_adaptive_trust,Team baseline plus gene-level adaptive RNA trust,,0.6,1412,False,1412,0,0,0,0.06778823449755299,0.8500000000000001,59,236,0.9815864022662889,1.099120794378905e-14,1,True,True,True,True,1.0,True,1.0,0.0,0.0,0.0,1412
coverage_stratified,depmap_rna_only,ASAP1-IT2,A5_v3_structure,Flat v3 RNA/protein/consistency/completeness structure,,0.6,1412,False,1412,0,0,0,0.07090736442060355,0.889,59,236,0.9815864022662889,1.099120794378905e-14,1,True,True,True,True,1.0,True,1.0,0.0,0.0,0.0045210339943342745,1412
coverage_stratified,depmap_rna_only,ASAP1-IT2,A6_v3_full,Flat v3 structure plus adaptive trust,,0.6,1412,False,1412,0,0,0,0.07090736442060355,0.889,59,236,0.9815864022662889,1.099120794378905e-14,1,True,True,True,True,1.0,True,1.0,0.0,0.0,0.0045210339943342745,1412
coverage_stratified,depmap_rna_only,AC018809.3,B0_rna_mean,RNA-only mean ranking; no protein or confidence in final score,,0.6,1412,False,1412,0,0,0,0.08382413231971293,1.0,143,231,0.9681303116147308,8.770761894538737e-15,1,True,True,True,True,1.0,True,0.9999999999999999,0.0,0.0,0.04974468838526912,1412
coverage_stratified,depmap_rna_only,AC018809.3,A0_team_baseline,"Team baseline: RNA .55, protein .30, confidence .15",,0.6,1412,False,1412,0,0,0,0.07124457718314917,0.8500000000000001,143,231,0.9681303116147308,1.099120794378905e-14,1,True,True,True,True,1.0,True,0.9999999999999999,0.0,0.0,0.0,1412
coverage_stratified,depmap_rna_only,AC018809.3,A1a_no_direct_protein,Remove direct protein; retain protein-derived confidence,,0.6,1412,False,1412,0,0,0,0.07124457718314917,0.8500000000000001,143,231,0.9681303116147308,1.099120794378905e-14,1,True,True,True,True,1.0,True,0.9999999999999999,0.0,0.0,0.0,1412
coverage_stratified,depmap_rna_only,AC018809.3,A1b_no_protein_evidence,Remove direct protein and all protein-derived confidence,,0.6,1412,False,1412,0,0,0,0.07125497842759354,0.8500000000000001,144,231,0.9674220963172805,8.770761894538737e-15,1,True,True,False,True,1.0,True,0.9999989872226065,0.030453257790368272,21.5,0.04144652974504249,1412
coverage_stratified,depmap_rna_only,AC018809.3,A1c_no_protein_confidence,Retain direct protein; remove protein-derived confidence only,,0.6,1412,False,1412,0,0,0,0.07125497842759354,0.8500000000000001,144,231,0.9674220963172805,8.770761894538737e-15,1,True,True,False,True,1.0,True,0.9999989872226065,0.030453257790368272,21.5,0.04144652974504249,1412
coverage_stratified,depmap_rna_only,AC018809.3,A2_no_confidence,Remove the full confidence block; renormalise RNA/protein,,0.6,1412,False,1412,0,0,0,0.08382413231971293,1.0,143,231,0.9681303116147308,1.099120794378905e-14,1,True,True,True,True,1.0,True,0.9999999999999999,0.0,0.0,0.04974468838526912,1412
coverage_stratified,depmap_rna_only,AC018809.3,A2a_no_conf_completeness,Remove completeness from confidence; renormalise retained components,,0.6,1412,False,1412,0,0,0,0.07125415118857828,0.85,145,231,0.9674220963172805,5.6066262743570405e-15,1,True,True,False,True,1.0,True,0.9999976168733152,0.07861189801699717,21.0,0.008759773371104814,1412
coverage_stratified,depmap_rna_only,AC018809.3,A2b_no_conf_source_support,Remove source support from confidence; renormalise retained components,,0.6,1412,False,1412,0,0,0,0.07124963633461714,0.8500000000000001,143,231,0.9681303116147308,0.0,1,True,True,True,True,1.0,True,0.9999999999999999,0.0,0.0,0.013117351274787534,1412
coverage_stratified,depmap_rna_only,AC018809.3,A2c_no_conf_consistency,Remove RNA-protein consistency; renormalise retained components,,0.6,1412,False,1412,0,0,0,0.07124963633461681,0.85,143,231,0.9681303116147308,5.828670879282072e-15,1,True,True,True,True,1.0,True,0.9999999999999999,0.0,0.0,0.004382648725212463,1412
coverage_stratified,depmap_rna_only,AC018809.3,A3_equal_bio,Equal RNA/protein biological weights,,0.6,1412,False,1412,0,0,0,0.07124457718314917,0.8500000000000001,143,231,0.9681303116147308,1.099120794378905e-14,1,True,True,True,True,1.0,True,0.9999999999999999,0.0,0.0,0.0,1412
coverage_stratified,depmap_rna_only,AC018809.3,A3b_reversed_bio,Protein biological weight greater than RNA,,0.6,1412,False,1412,0,0,0,0.07124457718314917,0.8500000000000001,143,231,0.9681303116147308,1.099120794378905e-14,1,True,True,True,True,1.0,True,0.9999999999999999,0.0,0.0,0.0,1412
coverage_stratified,depmap_rna_only,AC018809.3,A4_adaptive_trust,Team baseline plus gene-level adaptive RNA trust,,0.6,1412,False,1412,0,0,0,0.07124457718314917,0.8500000000000001,143,231,0.9681303116147308,1.099120794378905e-14,1,True,True,True,True,1.0,True,0.9999999999999999,0.0,0.0,0.0,1412
coverage_stratified,depmap_rna_only,AC018809.3,A5_v3_structure,Flat v3 RNA/protein/consistency/completeness structure,,0.6,1412,False,1412,0,0,0,0.0745205779272767,0.889,144,231,0.9674220963172805,1.099120794378905e-14,1,True,True,False,True,1.0,True,0.9999989872226065,0.030453257790368272,21.5,0.004031515580736542,1412
coverage_stratified,depmap_rna_only,AC018809.3,A6_v3_full,Flat v3 structure plus adaptive trust,,0.6,1412,False,1412,0,0,0,0.0745205779272767,0.889,144,231,0.9674220963172805,1.099120794378905e-14,1,True,True,False,True,1.0,True,0.9999989872226065,0.030453257790368272,21.5,0.004031515580736542,1412
coverage_stratified,depmap_rna_only,PCNAP4,B0_rna_mean,RNA-only mean ranking; no protein or confidence in final score,,0.6,1412,False,1412,0,0,0,0.03960208674544607,1.0,32,1247,0.9922096317280453,8.770761894538737e-15,1,True,True,True,True,1.0,True,1.0,0.0,0.0,0.06073810198300283,1412
coverage_stratified,depmap_rna_only,PCNAP4,A0_team_baseline,"Team baseline: RNA .55, protein .30, confidence .15",,0.6,1412,False,1412,0,0,0,0.03365659067527284,0.8500000000000001,32,1247,0.9922096317280453,1.099120794378905e-14,1,True,True,True,True,1.0,True,1.0,0.0,0.0,0.0,1412
coverage_stratified,depmap_rna_only,PCNAP4,A1a_no_direct_protein,Remove direct protein; retain protein-derived confidence,,0.6,1412,False,1412,0,0,0,0.03365659067527284,0.8500000000000001,32,1247,0.9922096317280453,1.099120794378905e-14,1,True,True,True,True,1.0,True,1.0,0.0,0.0,0.0,1412
coverage_stratified,depmap_rna_only,PCNAP4,A1b_no_protein_evidence,Remove direct protein and all protein-derived confidence,,0.6,1412,False,1412,0,0,0,0.03366852205148896,0.8500000000000001,32,1247,0.9922096317280453,8.770761894538737e-15,1,True,True,True,True,1.0,True,1.0,0.0,0.0,0.04140516997167139,1412
coverage_stratified,depmap_rna_only,PCNAP4,A1c_no_protein_confidence,Retain direct protein; remove protein-derived confidence only,,0.6,1412,False,1412,0,0,0,0.03366852205148896,0.8500000000000001,32,1247,0.9922096317280453,8.770761894538737e-15,1,True,True,True,True,1.0,True,1.0,0.0,0.0,0.04140516997167139,1412
coverage_stratified,depmap_rna_only,PCNAP4,A2_no_confidence,Remove the full confidence block; renormalise RNA/protein,,0.6,1412,False,1412,0,0,0,0.03960208674544607,1.0,32,1247,0.9922096317280453,1.099120794378905e-14,1,True,True,True,True,1.0,True,1.0,0.0,0.0,0.06073810198300283,1412
coverage_stratified,depmap_rna_only,PCNAP4,A2a_no_conf_completeness,Remove completeness from confidence; renormalise retained components,,0.6,1412,False,1412,0,0,0,0.033667158245366244,0.85,32,1247,0.9922096317280453,5.6066262743570405e-15,1,True,True,True,True,1.0,True,1.0,0.0,0.0,0.008795679886685549,1412
coverage_stratified,depmap_rna_only,PCNAP4,A2b_no_conf_source_support,Remove source support from confidence; renormalise retained components,,0.6,1412,False,1412,0,0,0,0.03365947271092931,0.8500000000000001,32,1247,0.9922096317280453,0.0,1,True,True,True,True,1.0,True,1.0,0.0,0.0,0.01310084985835694,1412
coverage_stratified,depmap_rna_only,PCNAP4,A2c_no_conf_consistency,Remove RNA-protein consistency; renormalise retained components,,0.6,1412,False,1412,0,0,0,0.03365947271092956,0.85,32,1247,0.9922096317280453,5.828670879282072e-15,1,True,True,True,True,1.0,True,1.0,0.0,0.0,0.004399150141643055,1412
coverage_stratified,depmap_rna_only,PCNAP4,A3_equal_bio,Equal RNA/protein biological weights,,0.6,1412,False,1412,0,0,0,0.03365659067527284,0.8500000000000001,32,1247,0.9922096317280453,1.099120794378905e-14,1,True,True,True,True,1.0,True,1.0,0.0,0.0,0.0,1412
coverage_stratified,depmap_rna_only,PCNAP4,A3b_reversed_bio,Protein biological weight greater than RNA,,0.6,1412,False,1412,0,0,0,0.03365659067527284,0.8500000000000001,32,1247,0.9922096317280453,1.099120794378905e-14,1,True,True,True,True,1.0,True,1.0,0.0,0.0,0.0,1412
coverage_stratified,depmap_rna_only,PCNAP4,A4_adaptive_trust,Team baseline plus gene-level adaptive RNA trust,,0.6,1412,False,1412,0,0,0,0.03365659067527284,0.8500000000000001,32,1247,0.9922096317280453,1.099120794378905e-14,1,True,True,True,True,1.0,True,1.0,0.0,0.0,0.0,1412
coverage_stratified,depmap_rna_only,PCNAP4,A5_v3_structure,Flat v3 RNA/protein/consistency/completeness structure,,0.6,1412,False,1412,0,0,0,0.03520478022122534,0.889,32,1247,0.9922096317280453,1.099120794378905e-14,1,True,True,True,True,1.0,True,1.0,0.0,0.0,0.006155949008498579,1412
coverage_stratified,depmap_rna_only,PCNAP4,A6_v3_full,Flat v3 structure plus adaptive trust,,0.6,1412,False,1412,0,0,0,0.03520478022122534,0.889,32,1247,0.9922096317280453,1.099120794378905e-14,1,True,True,True,True,1.0,True,1.0,0.0,0.0,0.006155949008498579,1412
coverage_stratified,depmap_rna_only,AC006272.1,B0_rna_mean,RNA-only mean ranking; no protein or confidence in final score,,0.6,1412,False,1412,0,0,0,0.03298590550464011,1.0,18,1346,0.9943342776203966,8.770761894538737e-15,1,True,True,True,True,1.0,True,1.0,0.0,0.0,0.06143781869688385,1412
coverage_stratified,depmap_rna_only,AC006272.1,A0_team_baseline,"Team baseline: RNA .55, protein .30, confidence .15",,0.6,1412,False,1412,0,0,0,0.028034878012161944,0.8500000000000001,18,1346,0.9943342776203966,1.099120794378905e-14,1,True,True,True,True,1.0,True,1.0,0.0,0.0,0.0,1412
coverage_stratified,depmap_rna_only,AC006272.1,A1a_no_direct_protein,Remove direct protein; retain protein-derived confidence,,0.6,1412,False,1412,0,0,0,0.028034878012161944,0.8500000000000001,18,1346,0.9943342776203966,1.099120794378905e-14,1,True,True,True,True,1.0,True,1.0,0.0,0.0,0.0,1412
coverage_stratified,depmap_rna_only,AC006272.1,A1b_no_protein_evidence,Remove direct protein and all protein-derived confidence,,0.6,1412,False,1412,0,0,0,0.028039645928392757,0.8500000000000001,18,1346,0.9943342776203966,8.770761894538737e-15,1,True,True,True,True,1.0,True,1.0,0.0,0.0,0.04140205382436261,1412
coverage_stratified,depmap_rna_only,AC006272.1,A1c_no_protein_confidence,Retain direct protein; remove protein-derived confidence only,,0.6,1412,False,1412,0,0,0,0.028039645928392757,0.8500000000000001,18,1346,0.9943342776203966,8.770761894538737e-15,1,True,True,True,True,1.0,True,1.0,0.0,0.0,0.04140205382436261,1412
coverage_stratified,depmap_rna_only,AC006272.1,A2_no_confidence,Remove the full confidence block; renormalise RNA/protein,,0.6,1412,False,1412,0,0,0,0.03298590550464011,1.0,18,1346,0.9943342776203966,1.099120794378905e-14,1,True,True,True,True,1.0,True,1.0,0.0,0.0,0.06143781869688385,1412
coverage_stratified,depmap_rna_only,AC006272.1,A2a_no_conf_completeness,Remove completeness from confidence; renormalise retained components,,0.6,1412,False,1412,0,0,0,0.028039645928392695,0.85,18,1346,0.9943342776203966,5.6066262743570405e-15,1,True,True,True,True,1.0,True,1.0,0.0,0.0,0.008797946175637391,1412
coverage_stratified,depmap_rna_only,AC006272.1,A2b_no_conf_source_support,Remove source support from confidence; renormalise retained components,,0.6,1412,False,1412,0,0,0,0.028038458552390396,0.8500000000000001,18,1346,0.9943342776203966,0.0,1,True,True,True,True,1.0,True,1.0,0.0,0.0,0.013101841359773372,1412
coverage_stratified,depmap_rna_only,AC006272.1,A2c_no_conf_consistency,Remove RNA-protein consistency; renormalise retained components,,0.6,1412,False,1412,0,0,0,0.028038458552390583,0.85,18,1346,0.9943342776203966,5.828670879282072e-15,1,True,True,True,True,1.0,True,1.0,0.0,0.0,0.004398158640226623,1412
coverage_stratified,depmap_rna_only,AC006272.1,A3_equal_bio,Equal RNA/protein biological weights,,0.6,1412,False,1412,0,0,0,0.028034878012161944,0.8500000000000001,18,1346,0.9943342776203966,1.099120794378905e-14,1,True,True,True,True,1.0,True,1.0,0.0,0.0,0.0,1412
coverage_stratified,depmap_rna_only,AC006272.1,A3b_reversed_bio,Protein biological weight greater than RNA,,0.6,1412,False,1412,0,0,0,0.028034878012161944,0.8500000000000001,18,1346,0.9943342776203966,1.099120794378905e-14,1,True,True,True,True,1.0,True,1.0,0.0,0.0,0.0,1412
coverage_stratified,depmap_rna_only,AC006272.1,A4_adaptive_trust,Team baseline plus gene-level adaptive RNA trust,,0.6,1412,False,1412,0,0,0,0.028034878012161944,0.8500000000000001,18,1346,0.9943342776203966,1.099120794378905e-14,1,True,True,True,True,1.0,True,1.0,0.0,0.0,0.0,1412
coverage_stratified,depmap_rna_only,AC006272.1,A5_v3_structure,Flat v3 RNA/protein/consistency/completeness structure,,0.6,1412,False,1412,0,0,0,0.029323996522953037,0.889,18,1346,0.9943342776203966,1.099120794378905e-14,1,True,True,True,True,1.0,True,1.0,0.0,0.0,0.006318059490084983,1412
coverage_stratified,depmap_rna_only,AC006272.1,A6_v3_full,Flat v3 structure plus adaptive trust,,0.6,1412,False,1412,0,0,0,0.029323996522953037,0.889,18,1346,0.9943342776203966,1.099120794378905e-14,1,True,True,True,True,1.0,True,1.0,0.0,0.0,0.006318059490084983,1412
coverage_stratified,depmap_rna_only,AC008571.2,B0_rna_mean,RNA-only mean ranking; no protein or confidence in final score,,0.6,1412,False,1412,0,0,0,0.0492997010249576,1.0,25,1184,0.9915014164305949,8.770761894538737e-15,1,True,True,True,True,1.0,True,1.0,0.0,0.0,0.061029603399433426,1412
coverage_stratified,depmap_rna_only,AC008571.2,A0_team_baseline,"Team baseline: RNA .55, protein .30, confidence .15",,0.6,1412,False,1412,0,0,0,0.041901749399678785,0.8500000000000001,25,1184,0.9915014164305949,1.099120794378905e-14,1,True,True,True,True,1.0,True,1.0,0.0,0.0,0.0,1412
coverage_stratified,depmap_rna_only,AC008571.2,A1a_no_direct_protein,Remove direct protein; retain protein-derived confidence,,0.6,1412,False,1412,0,0,0,0.041901749399678785,0.8500000000000001,25,1184,0.9915014164305949,1.099120794378905e-14,1,True,True,True,True,1.0,True,1.0,0.0,0.0,0.0,1412
coverage_stratified,depmap_rna_only,AC008571.2,A1b_no_protein_evidence,Remove direct protein and all protein-derived confidence,,0.6,1412,False,1412,0,0,0,0.041908900979021224,0.8500000000000001,25,1184,0.9915014164305949,8.770761894538737e-15,1,True,True,True,True,1.0,True,1.0,0.0,0.0,0.041401274787535414,1412
coverage_stratified,depmap_rna_only,AC008571.2,A1c_no_protein_confidence,Retain direct protein; remove protein-derived confidence only,,0.6,1412,False,1412,0,0,0,0.041908900979021224,0.8500000000000001,25,1184,0.9915014164305949,8.770761894538737e-15,1,True,True,True,True,1.0,True,1.0,0.0,0.0,0.041401274787535414,1412
coverage_stratified,depmap_rna_only,AC008571.2,A2_no_confidence,Remove the full confidence block; renormalise RNA/protein,,0.6,1412,False,1412,0,0,0,0.0492997010249576,1.0,25,1184,0.9915014164305949,1.099120794378905e-14,1,True,True,True,True,1.0,True,1.0,0.0,0.0,0.061029603399433426,1412
coverage_stratified,depmap_rna_only,AC008571.2,A2a_no_conf_completeness,Remove completeness from confidence; renormalise retained components,,0.6,1412,False,1412,0,0,0,0.04190858401021457,0.85,25,1184,0.9915014164305949,5.6066262743570405e-15,1,True,True,True,True,1.0,True,1.0,0.0,0.0,0.008798796033994331,1412
coverage_stratified,depmap_rna_only,AC008571.2,A2b_no_conf_source_support,Remove source support from confidence; renormalise retained components,,0.6,1412,False,1412,0,0,0,0.041906090195067164,0.8500000000000001,25,1184,0.9915014164305949,0.0,1,True,True,True,True,1.0,True,1.0,0.0,0.0,0.013100708215297449,1412
coverage_stratified,depmap_rna_only,AC008571.2,A2c_no_conf_consistency,Remove RNA-protein consistency; renormalise retained components,,0.6,1412,False,1412,0,0,0,0.04190609019506729,0.85,25,1184,0.9915014164305949,5.828670879282072e-15,1,True,True,True,True,1.0,True,1.0,0.0,0.0,0.004399291784702545,1412
coverage_stratified,depmap_rna_only,AC008571.2,A3_equal_bio,Equal RNA/protein biological weights,,0.6,1412,False,1412,0,0,0,0.041901749399678785,0.8500000000000001,25,1184,0.9915014164305949,1.099120794378905e-14,1,True,True,True,True,1.0,True,1.0,0.0,0.0,0.0,1412
coverage_stratified,depmap_rna_only,AC008571.2,A3b_reversed_bio,Protein biological weight greater than RNA,,0.6,1412,False,1412,0,0,0,0.041901749399678785,0.8500000000000001,25,1184,0.9915014164305949,1.099120794378905e-14,1,True,True,True,True,1.0,True,1.0,0.0,0.0,0.0,1412
coverage_stratified,depmap_rna_only,AC008571.2,A4_adaptive_trust,Team baseline plus gene-level adaptive RNA trust,,0.6,1412,False,1412,0,0,0,0.041901749399678785,0.8500000000000001,25,1184,0.9915014164305949,1.099120794378905e-14,1,True,True,True,True,1.0,True,1.0,0.0,0.0,0.0,1412
coverage_stratified,depmap_rna_only,AC008571.2,A5_v3_structure,Flat v3 RNA/protein/consistency/completeness structure,,0.6,1412,False,1412,0,0,0,0.04382836647960471,0.889,25,1184,0.9915014164305949,1.099120794378905e-14,1,True,True,True,True,1.0,True,1.0,0.0,0.0,0.006272025495750703,1412
coverage_stratified,depmap_rna_only,AC008571.2,A6_v3_full,Flat v3 structure plus adaptive trust,,0.6,1412,False,1412,0,0,0,0.04382836647960471,0.889,25,1184,0.9915014164305949,1.099120794378905e-14,1,True,True,True,True,1.0,True,1.0,0.0,0.0,0.006272025495750703,1412
coverage_stratified,depmap_rna_only,RN7SKP39,B0_rna_mean,RNA-only mean ranking; no protein or confidence in final score,,0.6,1412,False,1412,0,0,0,0.052769686708800445,1.0,8,1402,0.9964589235127479,8.770761894538737e-15,1,True,True,True,True,1.0,True,0.9999999999999999,0.0,0.0,0.06167415014164306,1412
coverage_stratified,depmap_rna_only,RN7SKP39,A0_team_baseline,"Team baseline: RNA .55, protein .30, confidence .15",,0.6,1412,False,1412,0,0,0,0.04485342726726621,0.8500000000000001,8,1402,0.9964589235127479,1.099120794378905e-14,1,True,True,True,True,1.0,True,0.9999999999999999,0.0,0.0,0.0,1412
coverage_stratified,depmap_rna_only,RN7SKP39,A1a_no_direct_protein,Remove direct protein; retain protein-derived confidence,,0.6,1412,False,1412,0,0,0,0.04485342726726621,0.8500000000000001,8,1402,0.9964589235127479,1.099120794378905e-14,1,True,True,True,True,1.0,True,0.9999999999999999,0.0,0.0,0.0,1412
coverage_stratified,depmap_rna_only,RN7SKP39,A1b_no_protein_evidence,Remove direct protein and all protein-derived confidence,,0.6,1412,False,1412,0,0,0,0.04485864248230464,0.8500000000000001,8,1402,0.9964589235127479,8.770761894538737e-15,1,True,True,True,True,1.0,True,0.9999999999999999,0.0,0.0,0.04140049575070821,1412
coverage_stratified,depmap_rna_only,RN7SKP39,A1c_no_protein_confidence,Retain direct protein; remove protein-derived confidence only,,0.6,1412,False,1412,0,0,0,0.04485864248230464,0.8500000000000001,8,1402,0.9964589235127479,8.770761894538737e-15,1,True,True,True,True,1.0,True,0.9999999999999999,0.0,0.0,0.04140049575070821,1412
coverage_stratified,depmap_rna_only,RN7SKP39,A2_no_confidence,Remove the full confidence block; renormalise RNA/protein,,0.6,1412,False,1412,0,0,0,0.052769686708800445,1.0,8,1402,0.9964589235127479,1.099120794378905e-14,1,True,True,True,True,1.0,True,0.9999999999999999,0.0,0.0,0.06167415014164306,1412
coverage_stratified,depmap_rna_only,RN7SKP39,A2a_no_conf_completeness,Remove completeness from confidence; renormalise retained components,,0.6,1412,False,1412,0,0,0,0.04485513136497107,0.85,8,1402,0.9964589235127479,5.6066262743570405e-15,1,True,True,True,True,1.0,True,0.9999999999999999,0.0,0.0,0.008799787535410762,1412
coverage_stratified,depmap_rna_only,RN7SKP39,A2b_no_conf_source_support,Remove source support from confidence; renormalise retained components,,0.6,1412,False,1412,0,0,0,0.04485342726726596,0.8500000000000001,8,1402,0.9964589235127479,0.0,1,True,True,True,True,1.0,True,0.9999999999999999,0.0,0.0,0.013099999999999999,1412
coverage_stratified,depmap_rna_only,RN7SKP39,A2c_no_conf_consistency,Remove RNA-protein consistency; renormalise retained components,,0.6,1412,False,1412,0,0,0,0.044853427267266086,0.85,8,1402,0.9964589235127479,5.828670879282072e-15,1,True,True,True,True,1.0,True,0.9999999999999999,0.0,0.0,0.004399999999999995,1412
coverage_stratified,depmap_rna_only,RN7SKP39,A3_equal_bio,Equal RNA/protein biological weights,,0.6,1412,False,1412,0,0,0,0.04485342726726621,0.8500000000000001,8,1402,0.9964589235127479,1.099120794378905e-14,1,True,True,True,True,1.0,True,0.9999999999999999,0.0,0.0,0.0,1412
coverage_stratified,depmap_rna_only,RN7SKP39,A3b_reversed_bio,Protein biological weight greater than RNA,,0.6,1412,False,1412,0,0,0,0.04485342726726621,0.8500000000000001,8,1402,0.9964589235127479,1.099120794378905e-14,1,True,True,True,True,1.0,True,0.9999999999999999,0.0,0.0,0.0,1412
coverage_stratified,depmap_rna_only,RN7SKP39,A4_adaptive_trust,Team baseline plus gene-level adaptive RNA trust,,0.6,1412,False,1412,0,0,0,0.04485342726726621,0.8500000000000001,8,1402,0.9964589235127479,1.099120794378905e-14,1,True,True,True,True,1.0,True,0.9999999999999999,0.0,0.0,0.0,1412
coverage_stratified,depmap_rna_only,RN7SKP39,A5_v3_structure,Flat v3 RNA/protein/consistency/completeness structure,,0.6,1412,False,1412,0,0,0,0.04691241441549431,0.889,8,1402,0.9964589235127479,1.099120794378905e-14,1,True,True,True,True,1.0,True,0.9999999999999999,0.0,0.0,0.006477266288951837,1412
coverage_stratified,depmap_rna_only,RN7SKP39,A6_v3_full,Flat v3 structure plus adaptive trust,,0.6,1412,False,1412,0,0,0,0.04691241441549431,0.889,8,1402,0.9964589235127479,1.099120794378905e-14,1,True,True,True,True,1.0,True,0.9999999999999999,0.0,0.0,0.006477266288951837,1412
coverage_stratified,depmap_rna_only,HLA-U,B0_rna_mean,RNA-only mean ranking; no protein or confidence in final score,,0.6,1412,False,1412,0,0,0,0.07942834153904722,1.0,103,1276,0.9461756373937678,8.770761894538737e-15,1,True,True,True,True,1.0,True,0.9999999999999999,0.0,0.0,0.058742067988668545,1412
coverage_stratified,depmap_rna_only,HLA-U,A0_team_baseline,"Team baseline: RNA .55, protein .30, confidence .15",,0.6,1412,False,1412,0,0,0,0.06750858163822386,0.8500000000000001,103,1276,0.9461756373937678,1.099120794378905e-14,1,True,True,True,True,1.0,True,0.9999999999999999,0.0,0.0,0.0,1412
coverage_stratified,depmap_rna_only,HLA-U,A1a_no_direct_protein,Remove direct protein; retain protein-derived confidence,,0.6,1412,False,1412,0,0,0,0.06750858163822386,0.8500000000000001,103,1276,0.9461756373937678,1.099120794378905e-14,1,True,True,True,True,1.0,True,0.9999999999999999,0.0,0.0,0.0,1412
coverage_stratified,depmap_rna_only,HLA-U,A1b_no_protein_evidence,Remove direct protein and all protein-derived confidence,,0.6,1412,False,1412,0,0,0,0.06752134655818161,0.8500000000000001,103,1276,0.9461756373937678,8.770761894538737e-15,1,True,True,True,True,1.0,True,0.9999999999999999,0.0,0.0,0.041404674220963174,1412
coverage_stratified,depmap_rna_only,HLA-U,A1c_no_protein_confidence,Retain direct protein; remove protein-derived confidence only,,0.6,1412,False,1412,0,0,0,0.06752134655818161,0.8500000000000001,103,1276,0.9461756373937678,8.770761894538737e-15,1,True,True,True,True,1.0,True,0.9999999999999999,0.0,0.0,0.041404674220963174,1412
coverage_stratified,depmap_rna_only,HLA-U,A2_no_confidence,Remove the full confidence block; renormalise RNA/protein,,0.6,1412,False,1412,0,0,0,0.07942834153904722,1.0,103,1276,0.9461756373937678,1.099120794378905e-14,1,True,True,True,True,1.0,True,0.9999999999999999,0.0,0.0,0.058742067988668545,1412
coverage_stratified,depmap_rna_only,HLA-U,A2a_no_conf_completeness,Remove completeness from confidence; renormalise retained components,,0.6,1412,False,1412,0,0,0,0.06751796186646085,0.85,103,1276,0.9461756373937678,5.6066262743570405e-15,1,True,True,True,True,1.0,True,0.9999999999999999,0.0,0.0,0.00879652974504249,1412
coverage_stratified,depmap_rna_only,HLA-U,A2b_no_conf_source_support,Remove source support from confidence; renormalise retained components,,0.6,1412,False,1412,0,0,0,0.06751465600760984,0.8500000000000001,103,1276,0.9461756373937678,0.0,1,True,True,True,True,1.0,True,0.9999999999999999,0.0,0.0,0.013102195467422096,1412
coverage_stratified,depmap_rna_only,HLA-U,A2c_no_conf_consistency,Remove RNA-protein consistency; renormalise retained components,,0.6,1412,False,1412,0,0,0,0.06751465600760992,0.85,103,1276,0.9461756373937678,5.828670879282072e-15,1,True,True,True,True,1.0,True,0.9999999999999999,0.0,0.0,0.004397804532577898,1412
coverage_stratified,depmap_rna_only,HLA-U,A3_equal_bio,Equal RNA/protein biological weights,,0.6,1412,False,1412,0,0,0,0.06750858163822386,0.8500000000000001,103,1276,0.9461756373937678,1.099120794378905e-14,1,True,True,True,True,1.0,True,0.9999999999999999,0.0,0.0,0.0,1412
coverage_stratified,depmap_rna_only,HLA-U,A3b_reversed_bio,Protein biological weight greater than RNA,,0.6,1412,False,1412,0,0,0,0.06750858163822386,0.8500000000000001,103,1276,0.9461756373937678,1.099120794378905e-14,1,True,True,True,True,1.0,True,0.9999999999999999,0.0,0.0,0.0,1412
coverage_stratified,depmap_rna_only,HLA-U,A4_adaptive_trust,Team baseline plus gene-level adaptive RNA trust,,0.6,1412,False,1412,0,0,0,0.06750858163822386,0.8500000000000001,103,1276,0.9461756373937678,1.099120794378905e-14,1,True,True,True,True,1.0,True,0.9999999999999999,0.0,0.0,0.0,1412
coverage_stratified,depmap_rna_only,HLA-U,A5_v3_structure,Flat v3 RNA/protein/consistency/completeness structure,,0.6,1412,False,1412,0,0,0,0.07061253918287146,0.889,103,1276,0.9461756373937678,1.099120794378905e-14,1,True,True,True,True,1.0,True,0.9999999999999999,0.0,0.0,0.006119617563739373,1412
coverage_stratified,depmap_rna_only,HLA-U,A6_v3_full,Flat v3 structure plus adaptive trust,,0.6,1412,False,1412,0,0,0,0.07061253918287146,0.889,103,1276,0.9461756373937678,1.099120794378905e-14,1,True,True,True,True,1.0,True,0.9999999999999999,0.0,0.0,0.006119617563739373,1412
coverage_stratified,depmap_rna_only,AC104117.5,B0_rna_mean,RNA-only mean ranking; no protein or confidence in final score,,0.6,1412,False,1412,0,0,0,0.1078966058578709,1.0,67,1141,0.9773371104815864,8.770761894538737e-15,1,True,True,True,True,1.0,True,1.0,0.0,0.0,0.05752974504249292,1412
coverage_stratified,depmap_rna_only,AC104117.5,A0_team_baseline,"Team baseline: RNA .55, protein .30, confidence .15",,0.6,1412,False,1412,0,0,0,0.09170455197117117,0.8500000000000001,67,1141,0.9773371104815864,1.099120794378905e-14,1,True,True,True,True,1.0,True,1.0,0.0,0.0,0.0,1412
coverage_stratified,depmap_rna_only,AC104117.5,A1a_no_direct_protein,Remove direct protein; retain protein-derived confidence,,0.6,1412,False,1412,0,0,0,0.09170455197117117,0.8500000000000001,67,1141,0.9773371104815864,1.099120794378905e-14,1,True,True,True,True,1.0,True,1.0,0.0,0.0,0.0,1412
coverage_stratified,depmap_rna_only,AC104117.5,A1b_no_protein_evidence,Remove direct protein and all protein-derived confidence,,0.6,1412,False,1412,0,0,0,0.09171936345440912,0.8500000000000001,67,1141,0.9773371104815864,8.770761894538737e-15,1,True,True,True,True,1.0,True,1.0,0.0,0.0,0.04140963172804533,1412
coverage_stratified,depmap_rna_only,AC104117.5,A1c_no_protein_confidence,Retain direct protein; remove protein-derived confidence only,,0.6,1412,False,1412,0,0,0,0.09171936345440912,0.8500000000000001,67,1141,0.9773371104815864,8.770761894538737e-15,1,True,True,True,True,1.0,True,1.0,0.0,0.0,0.04140963172804533,1412
coverage_stratified,depmap_rna_only,AC104117.5,A2_no_confidence,Remove the full confidence block; renormalise RNA/protein,,0.6,1412,False,1412,0,0,0,0.1078966058578709,1.0,67,1141,0.9773371104815864,1.099120794378905e-14,1,True,True,True,True,1.0,True,1.0,0.0,0.0,0.05752974504249292,1412
coverage_stratified,depmap_rna_only,AC104117.5,A2a_no_conf_completeness,Remove completeness from confidence; renormalise retained components,,0.6,1412,False,1412,0,0,0,0.09171801212488015,0.85,67,1141,0.9773371104815864,5.6066262743570405e-15,1,True,True,True,True,1.0,True,1.0,0.0,0.0,0.008791926345609062,1412
coverage_stratified,depmap_rna_only,AC104117.5,A2b_no_conf_source_support,Remove source support from confidence; renormalise retained components,,0.6,1412,False,1412,0,0,0,0.09171155915649296,0.8500000000000001,67,1141,0.9773371104815864,0.0,1,True,True,True,True,1.0,True,1.0,0.0,0.0,0.013103257790368274,1412
coverage_stratified,depmap_rna_only,AC104117.5,A2c_no_conf_consistency,Remove RNA-protein consistency; renormalise retained components,,0.6,1412,False,1412,0,0,0,0.09171155915649194,0.85,67,1141,0.9773371104815864,5.828670879282072e-15,1,True,True,True,True,1.0,True,1.0,0.0,0.0,0.004396742209631723,1412
coverage_stratified,depmap_rna_only,AC104117.5,A3_equal_bio,Equal RNA/protein biological weights,,0.6,1412,False,1412,0,0,0,0.09170455197117117,0.8500000000000001,67,1141,0.9773371104815864,1.099120794378905e-14,1,True,True,True,True,1.0,True,1.0,0.0,0.0,0.0,1412
coverage_stratified,depmap_rna_only,AC104117.5,A3b_reversed_bio,Protein biological weight greater than RNA,,0.6,1412,False,1412,0,0,0,0.09170455197117117,0.8500000000000001,67,1141,0.9773371104815864,1.099120794378905e-14,1,True,True,True,True,1.0,True,1.0,0.0,0.0,0.0,1412
coverage_stratified,depmap_rna_only,AC104117.5,A4_adaptive_trust,Team baseline plus gene-level adaptive RNA trust,,0.6,1412,False,1412,0,0,0,0.09170455197117117,0.8500000000000001,67,1141,0.9773371104815864,1.099120794378905e-14,1,True,True,True,True,1.0,True,1.0,0.0,0.0,0.0,1412
coverage_stratified,depmap_rna_only,AC104117.5,A5_v3_structure,Flat v3 RNA/protein/consistency/completeness structure,,0.6,1412,False,1412,0,0,0,0.09591995238890333,0.889,67,1141,0.9773371104815864,1.099120794378905e-14,1,True,True,True,True,1.0,True,1.0,0.0,0.0,0.006061827195467419,1412
coverage_stratified,depmap_rna_only,AC104117.5,A6_v3_full,Flat v3 structure plus adaptive trust,,0.6,1412,False,1412,0,0,0,0.09591995238890333,0.889,67,1141,0.9773371104815864,1.099120794378905e-14,1,True,True,True,True,1.0,True,1.0,0.0,0.0,0.006061827195467419,1412
coverage_stratified,depmap_rna_only,AC027307.3,B0_rna_mean,RNA-only mean ranking; no protein or confidence in final score,,0.6,1412,False,1412,0,0,0,0.16589007949012274,1.0,248,28,0.9405099150141643,8.770761894538737e-15,1,True,True,True,True,1.0,True,0.9999999999999999,0.0,0.0,0.03351770538243626,1412
coverage_stratified,depmap_rna_only,AC027307.3,A0_team_baseline,"Team baseline: RNA .55, protein .30, confidence .15",,0.6,1412,False,1412,0,0,0,0.14100365965543055,0.8500000000000001,248,28,0.9405099150141643,1.099120794378905e-14,1,True,True,True,True,1.0,True,0.9999999999999999,0.0,0.0,0.0,1412
coverage_stratified,depmap_rna_only,AC027307.3,A1a_no_direct_protein,Remove direct protein; retain protein-derived confidence,,0.6,1412,False,1412,0,0,0,0.14100365965543055,0.8500000000000001,248,28,0.9405099150141643,1.099120794378905e-14,1,True,True,True,True,1.0,True,0.9999999999999999,0.0,0.0,0.0,1412
coverage_stratified,depmap_rna_only,AC027307.3,A1b_no_protein_evidence,Remove direct protein and all protein-derived confidence,,0.6,1412,False,1412,0,0,0,0.1410111612600669,0.8500000000000001,248,28,0.9405099150141643,8.770761894538737e-15,1,True,True,True,True,1.0,True,0.9999999999999999,0.0,0.0,0.04145715297450425,1412
coverage_stratified,depmap_rna_only,AC027307.3,A1c_no_protein_confidence,Retain direct protein; remove protein-derived confidence only,,0.6,1412,False,1412,0,0,0,0.1410111612600669,0.8500000000000001,248,28,0.9405099150141643,8.770761894538737e-15,1,True,True,True,True,1.0,True,0.9999999999999999,0.0,0.0,0.04145715297450425,1412
coverage_stratified,depmap_rna_only,AC027307.3,A2_no_confidence,Remove the full confidence block; renormalise RNA/protein,,0.6,1412,False,1412,0,0,0,0.16589007949012274,1.0,248,28,0.9405099150141643,1.099120794378905e-14,1,True,True,True,True,1.0,True,0.9999999999999999,0.0,0.0,0.03351770538243626,1412
coverage_stratified,depmap_rna_only,AC027307.3,A2a_no_conf_completeness,Remove completeness from confidence; renormalise retained components,,0.6,1412,False,1412,0,0,0,0.1410089978967195,0.85,248,28,0.9405099150141643,5.6066262743570405e-15,1,True,True,True,True,1.0,True,0.9999999999999999,0.0,0.0,0.00875099150141643,1412
coverage_stratified,depmap_rna_only,AC027307.3,A2b_no_conf_source_support,Remove source support from confidence; renormalise retained components,,0.6,1412,False,1412,0,0,0,0.1410094115566351,0.8500000000000001,248,28,0.9405099150141643,0.0,1,True,True,True,True,1.0,True,0.9999999999999999,0.0,0.0,0.013127903682719547,1412
coverage_stratified,depmap_rna_only,AC027307.3,A2c_no_conf_consistency,Remove RNA-protein consistency; renormalise retained components,,0.6,1412,False,1412,0,0,0,0.14100941155663482,0.85,248,28,0.9405099150141643,5.828670879282072e-15,1,True,True,True,True,1.0,True,0.9999999999999999,0.0,0.0,0.004372096317280452,1412
coverage_stratified,depmap_rna_only,AC027307.3,A3_equal_bio,Equal RNA/protein biological weights,,0.6,1412,False,1412,0,0,0,0.14100365965543055,0.8500000000000001,248,28,0.9405099150141643,1.099120794378905e-14,1,True,True,True,True,1.0,True,0.9999999999999999,0.0,0.0,0.0,1412
coverage_stratified,depmap_rna_only,AC027307.3,A3b_reversed_bio,Protein biological weight greater than RNA,,0.6,1412,False,1412,0,0,0,0.14100365965543055,0.8500000000000001,248,28,0.9405099150141643,1.099120794378905e-14,1,True,True,True,True,1.0,True,0.9999999999999999,0.0,0.0,0.0,1412
coverage_stratified,depmap_rna_only,AC027307.3,A4_adaptive_trust,Team baseline plus gene-level adaptive RNA trust,,0.6,1412,False,1412,0,0,0,0.14100365965543055,0.8500000000000001,248,28,0.9405099150141643,1.099120794378905e-14,1,True,True,True,True,1.0,True,0.9999999999999999,0.0,0.0,0.0,1412
coverage_stratified,depmap_rna_only,AC027307.3,A5_v3_structure,Flat v3 RNA/protein/consistency/completeness structure,,0.6,1412,False,1412,0,0,0,0.14747976479511757,0.889,248,28,0.9405099150141643,1.099120794378905e-14,1,True,True,True,True,1.0,True,0.9999999999999999,0.0,0.0,0.00492528328611898,1412
coverage_stratified,depmap_rna_only,AC027307.3,A6_v3_full,Flat v3 structure plus adaptive trust,,0.6,1412,False,1412,0,0,0,0.14747976479511757,0.889,248,28,0.9405099150141643,1.099120794378905e-14,1,True,True,True,True,1.0,True,0.9999999999999999,0.0,0.0,0.00492528328611898,1412
coverage_stratified,depmap_rna_only,OR7E136P,B0_rna_mean,RNA-only mean ranking; no protein or confidence in final score,,0.6,1412,False,1412,0,0,0,0.06342349315076026,1.0,46,1097,0.9844192634560907,8.770761894538737e-15,1,True,True,True,True,1.0,True,1.0,0.0,0.0,0.05954178470254956,1412
coverage_stratified,depmap_rna_only,OR7E136P,A0_team_baseline,"Team baseline: RNA .55, protein .30, confidence .15",,0.6,1412,False,1412,0,0,0,0.05390201097035926,0.8500000000000001,46,1097,0.9844192634560907,1.099120794378905e-14,1,True,True,True,True,1.0,True,1.0,0.0,0.0,0.0,1412
coverage_stratified,depmap_rna_only,OR7E136P,A1a_no_direct_protein,Remove direct protein; retain protein-derived confidence,,0.6,1412,False,1412,0,0,0,0.05390201097035926,0.8500000000000001,46,1097,0.9844192634560907,1.099120794378905e-14,1,True,True,True,True,1.0,True,1.0,0.0,0.0,0.0,1412
coverage_stratified,depmap_rna_only,OR7E136P,A1b_no_protein_evidence,Remove direct protein and all protein-derived confidence,,0.6,1412,False,1412,0,0,0,0.05391549930839506,0.8500000000000001,44,1097,0.9858356940509915,8.770761894538737e-15,1,True,True,False,True,1.0,True,0.9999962537759846,0.04815864022662889,30.0,0.04140906515580736,1412
coverage_stratified,depmap_rna_only,OR7E136P,A1c_no_protein_confidence,Retain direct protein; remove protein-derived confidence only,,0.6,1412,False,1412,0,0,0,0.05391549930839506,0.8500000000000001,44,1097,0.9858356940509915,8.770761894538737e-15,1,True,True,False,True,1.0,True,0.9999962537759846,0.04815864022662889,30.0,0.04140906515580736,1412
coverage_stratified,depmap_rna_only,OR7E136P,A2_no_confidence,Remove the full confidence block; renormalise RNA/protein,,0.6,1412,False,1412,0,0,0,0.06342349315076026,1.0,46,1097,0.9844192634560907,1.099120794378905e-14,1,True,True,True,True,1.0,True,1.0,0.0,0.0,0.05954178470254956,1412
coverage_stratified,depmap_rna_only,OR7E136P,A2a_no_conf_completeness,Remove completeness from confidence; renormalise retained components,,0.6,1412,False,1412,0,0,0,0.053913430997249455,0.85,44,1097,0.9858356940509915,5.6066262743570405e-15,1,True,True,False,True,1.0,True,0.9999962537759846,0.04815864022662889,30.0,0.008791501416430592,1412
coverage_stratified,depmap_rna_only,OR7E136P,A2b_no_conf_source_support,Remove source support from confidence; renormalise retained components,,0.6,1412,False,1412,0,0,0,0.053905447791241574,0.8500000000000001,45,1097,0.9851274787535411,0.0,1,True,True,False,True,1.0,True,0.9999963260505358,0.042492917847025496,30.0,0.013101912181303117,1412
coverage_stratified,depmap_rna_only,OR7E136P,A2c_no_conf_consistency,Remove RNA-protein consistency; renormalise retained components,,0.6,1412,False,1412,0,0,0,0.05390544779124166,0.85,45,1097,0.9851274787535411,5.828670879282072e-15,1,True,True,False,True,1.0,True,0.9999963260505358,0.042492917847025496,30.0,0.0043980878186968796,1412
coverage_stratified,depmap_rna_only,OR7E136P,A3_equal_bio,Equal RNA/protein biological weights,,0.6,1412,False,1412,0,0,0,0.05390201097035926,0.8500000000000001,46,1097,0.9844192634560907,1.099120794378905e-14,1,True,True,True,True,1.0,True,1.0,0.0,0.0,0.0,1412
coverage_stratified,depmap_rna_only,OR7E136P,A3b_reversed_bio,Protein biological weight greater than RNA,,0.6,1412,False,1412,0,0,0,0.05390201097035926,0.8500000000000001,46,1097,0.9844192634560907,1.099120794378905e-14,1,True,True,True,True,1.0,True,1.0,0.0,0.0,0.0,1412
coverage_stratified,depmap_rna_only,OR7E136P,A4_adaptive_trust,Team baseline plus gene-level adaptive RNA trust,,0.6,1412,False,1412,0,0,0,0.05390201097035926,0.8500000000000001,46,1097,0.9844192634560907,1.099120794378905e-14,1,True,True,True,True,1.0,True,1.0,0.0,0.0,0.0,1412
coverage_stratified,depmap_rna_only,OR7E136P,A5_v3_structure,Flat v3 RNA/protein/consistency/completeness structure,,0.6,1412,False,1412,0,0,0,0.05638034076493894,0.889,45,1097,0.9851274787535411,1.099120794378905e-14,1,True,True,False,True,1.0,True,0.9999963260505358,0.042492917847025496,30.0,0.006015509915014162,1412
coverage_stratified,depmap_rna_only,OR7E136P,A6_v3_full,Flat v3 structure plus adaptive trust,,0.6,1412,False,1412,0,0,0,0.05638034076493894,0.889,45,1097,0.9851274787535411,1.099120794378905e-14,1,True,True,False,True,1.0,True,0.9999963260505358,0.042492917847025496,30.0,0.006015509915014162,1412
coverage_stratified,depmap_rna_only,AC106800.1,B0_rna_mean,RNA-only mean ranking; no protein or confidence in final score,,0.6,1412,False,1412,0,0,0,0.08099146697645164,1.0,46,604,0.9858356940509915,8.770761894538737e-15,1,True,True,True,True,1.0,True,1.0,0.0,0.0,0.05489964589235127,1412
coverage_stratified,depmap_rna_only,AC106800.1,A0_team_baseline,"Team baseline: RNA .55, protein .30, confidence .15",,0.6,1412,False,1412,0,0,0,0.0688409562315065,0.8500000000000001,46,604,0.9858356940509915,1.099120794378905e-14,1,True,True,True,True,1.0,True,1.0,0.0,0.0,0.0,1412
coverage_stratified,depmap_rna_only,AC106800.1,A1a_no_direct_protein,Remove direct protein; retain protein-derived confidence,,0.6,1412,False,1412,0,0,0,0.0688409562315065,0.8500000000000001,46,604,0.9858356940509915,1.099120794378905e-14,1,True,True,True,True,1.0,True,1.0,0.0,0.0,0.0,1412
coverage_stratified,depmap_rna_only,AC106800.1,A1b_no_protein_evidence,Remove direct protein and all protein-derived confidence,,0.6,1412,False,1412,0,0,0,0.0688470898512857,0.8500000000000001,45,604,0.9865439093484419,8.770761894538737e-15,1,True,True,False,True,1.0,True,0.9999976543552134,0.04461756373937677,31.5,0.04143406515580736,1412
coverage_stratified,depmap_rna_only,AC106800.1,A1c_no_protein_confidence,Retain direct protein; remove protein-derived confidence only,,0.6,1412,False,1412,0,0,0,0.0688470898512857,0.8500000000000001,45,604,0.9865439093484419,8.770761894538737e-15,1,True,True,False,True,1.0,True,0.9999976543552134,0.04461756373937677,31.5,0.04143406515580736,1412
coverage_stratified,depmap_rna_only,AC106800.1,A2_no_confidence,Remove the full confidence block; renormalise RNA/protein,,0.6,1412,False,1412,0,0,0,0.08099146697645164,1.0,46,604,0.9858356940509915,1.099120794378905e-14,1,True,True,True,True,1.0,True,1.0,0.0,0.0,0.05489964589235127,1412
coverage_stratified,depmap_rna_only,AC106800.1,A2a_no_conf_completeness,Remove completeness from confidence; renormalise retained components,,0.6,1412,False,1412,0,0,0,0.06884590797041241,0.85,45,604,0.9865439093484419,5.6066262743570405e-15,1,True,True,False,True,1.0,True,0.9999976543552134,0.04461756373937677,31.5,0.008766218130311613,1412
coverage_stratified,depmap_rna_only,AC106800.1,A2b_no_conf_source_support,Remove source support from confidence; renormalise retained components,,0.6,1412,False,1412,0,0,0,0.06884237055666088,0.8500000000000001,45,604,0.9865439093484419,0.0,1,True,True,False,True,1.0,True,0.9999976543552134,0.04461756373937677,31.5,0.013120113314447596,1412
coverage_stratified,depmap_rna_only,AC106800.1,A2c_no_conf_consistency,Remove RNA-protein consistency; renormalise retained components,,0.6,1412,False,1412,0,0,0,0.06884237055665936,0.85,45,604,0.9865439093484419,5.828670879282072e-15,1,True,True,False,True,1.0,True,0.9999976543552134,0.04461756373937677,31.5,0.004379886685552405,1412
coverage_stratified,depmap_rna_only,AC106800.1,A3_equal_bio,Equal RNA/protein biological weights,,0.6,1412,False,1412,0,0,0,0.0688409562315065,0.8500000000000001,46,604,0.9858356940509915,1.099120794378905e-14,1,True,True,True,True,1.0,True,1.0,0.0,0.0,0.0,1412
coverage_stratified,depmap_rna_only,AC106800.1,A3b_reversed_bio,Protein biological weight greater than RNA,,0.6,1412,False,1412,0,0,0,0.0688409562315065,0.8500000000000001,46,604,0.9858356940509915,1.099120794378905e-14,1,True,True,True,True,1.0,True,1.0,0.0,0.0,0.0,1412
coverage_stratified,depmap_rna_only,AC106800.1,A4_adaptive_trust,Team baseline plus gene-level adaptive RNA trust,,0.6,1412,False,1412,0,0,0,0.0688409562315065,0.8500000000000001,46,604,0.9858356940509915,1.099120794378905e-14,1,True,True,True,True,1.0,True,1.0,0.0,0.0,0.0,1412
coverage_stratified,depmap_rna_only,AC106800.1,A5_v3_structure,Flat v3 RNA/protein/consistency/completeness structure,,0.6,1412,False,1412,0,0,0,0.0720010159688597,0.889,46,604,0.9858356940509915,1.099120794378905e-14,1,True,True,True,True,1.0,True,1.0,0.0,0.0,0.0050122521246458935,1412
coverage_stratified,depmap_rna_only,AC106800.1,A6_v3_full,Flat v3 structure plus adaptive trust,,0.6,1412,False,1412,0,0,0,0.0720010159688597,0.889,46,604,0.9858356940509915,1.099120794378905e-14,1,True,True,True,True,1.0,True,1.0,0.0,0.0,0.0050122521246458935,1412
coverage_stratified,depmap_rna_only,AC117525.1,B0_rna_mean,RNA-only mean ranking; no protein or confidence in final score,,0.6,1412,False,1412,0,0,0,0.03436972812957925,1.0,8,1398,0.9978753541076487,8.770761894538737e-15,1,True,True,True,True,1.0,True,0.9999999999999998,0.0,0.0,0.06168222379603399,1412
coverage_stratified,depmap_rna_only,AC117525.1,A0_team_baseline,"Team baseline: RNA .55, protein .30, confidence .15",,0.6,1412,False,1412,0,0,0,0.029213953877496663,0.8500000000000001,8,1398,0.9978753541076487,1.099120794378905e-14,1,True,True,True,True,1.0,True,0.9999999999999998,0.0,0.0,0.0,1412
coverage_stratified,depmap_rna_only,AC117525.1,A1a_no_direct_protein,Remove direct protein; retain protein-derived confidence,,0.6,1412,False,1412,0,0,0,0.029213953877496663,0.8500000000000001,8,1398,0.9978753541076487,1.099120794378905e-14,1,True,True,True,True,1.0,True,0.9999999999999998,0.0,0.0,0.0,1412
coverage_stratified,depmap_rna_only,AC117525.1,A1b_no_protein_evidence,Remove direct protein and all protein-derived confidence,,0.6,1412,False,1412,0,0,0,0.029216978355078863,0.8500000000000001,8,1398,0.9978753541076487,8.770761894538737e-15,1,True,True,True,True,1.0,True,0.9999999999999998,0.0,0.0,0.04140049575070821,1412
coverage_stratified,depmap_rna_only,AC117525.1,A1c_no_protein_confidence,Retain direct protein; remove protein-derived confidence only,,0.6,1412,False,1412,0,0,0,0.029216978355078863,0.8500000000000001,8,1398,0.9978753541076487,8.770761894538737e-15,1,True,True,True,True,1.0,True,0.9999999999999998,0.0,0.0,0.04140049575070821,1412
coverage_stratified,depmap_rna_only,AC117525.1,A2_no_confidence,Remove the full confidence block; renormalise RNA/protein,,0.6,1412,False,1412,0,0,0,0.03436972812957925,1.0,8,1398,0.9978753541076487,1.099120794378905e-14,1,True,True,True,True,1.0,True,0.9999999999999998,0.0,0.0,0.06168222379603399,1412
coverage_stratified,depmap_rna_only,AC117525.1,A2a_no_conf_completeness,Remove completeness from confidence; renormalise retained components,,0.6,1412,False,1412,0,0,0,0.02921697835507884,0.85,8,1398,0.9978753541076487,5.6066262743570405e-15,1,True,True,True,True,1.0,True,0.9999999999999998,0.0,0.0,0.008799504249291781,1412
coverage_stratified,depmap_rna_only,AC117525.1,A2b_no_conf_source_support,Remove source support from confidence; renormalise retained components,,0.6,1412,False,1412,0,0,0,0.02921533090195484,0.8500000000000001,8,1398,0.9978753541076487,0.0,1,True,True,True,True,1.0,True,0.9999999999999998,0.0,0.0,0.01310028328611898,1412
coverage_stratified,depmap_rna_only,AC117525.1,A2c_no_conf_consistency,Remove RNA-protein consistency; renormalise retained components,,0.6,1412,False,1412,0,0,0,0.02921533090195496,0.85,8,1398,0.9978753541076487,5.828670879282072e-15,1,True,True,True,True,1.0,True,0.9999999999999998,0.0,0.0,0.004399716713881014,1412
coverage_stratified,depmap_rna_only,AC117525.1,A3_equal_bio,Equal RNA/protein biological weights,,0.6,1412,False,1412,0,0,0,0.029213953877496663,0.8500000000000001,8,1398,0.9978753541076487,1.099120794378905e-14,1,True,True,True,True,1.0,True,0.9999999999999998,0.0,0.0,0.0,1412
coverage_stratified,depmap_rna_only,AC117525.1,A3b_reversed_bio,Protein biological weight greater than RNA,,0.6,1412,False,1412,0,0,0,0.029213953877496663,0.8500000000000001,8,1398,0.9978753541076487,1.099120794378905e-14,1,True,True,True,True,1.0,True,0.9999999999999998,0.0,0.0,0.0,1412
coverage_stratified,depmap_rna_only,AC117525.1,A4_adaptive_trust,Team baseline plus gene-level adaptive RNA trust,,0.6,1412,False,1412,0,0,0,0.029213953877496663,0.8500000000000001,8,1398,0.9978753541076487,1.099120794378905e-14,1,True,True,True,True,1.0,True,0.9999999999999998,0.0,0.0,0.0,1412
coverage_stratified,depmap_rna_only,AC117525.1,A5_v3_structure,Flat v3 RNA/protein/consistency/completeness structure,,0.6,1412,False,1412,0,0,0,0.0305560829736654,0.889,8,1398,0.9978753541076487,1.099120794378905e-14,1,True,True,True,True,1.0,True,0.9999999999999998,0.0,0.0,0.00638080736543909,1412
coverage_stratified,depmap_rna_only,AC117525.1,A6_v3_full,Flat v3 structure plus adaptive trust,,0.6,1412,False,1412,0,0,0,0.0305560829736654,0.889,8,1398,0.9978753541076487,1.099120794378905e-14,1,True,True,True,True,1.0,True,0.9999999999999998,0.0,0.0,0.00638080736543909,1412
coverage_stratified,depmap_rna_only,AC130456.4,B0_rna_mean,RNA-only mean ranking; no protein or confidence in final score,,0.6,1412,False,1412,0,0,0,0.07803103700537226,1.0,51,1209,0.9822946175637394,8.770761894538737e-15,1,True,True,True,True,1.0,True,1.0,0.0,0.0,0.05953944759206797,1412
coverage_stratified,depmap_rna_only,AC130456.4,A0_team_baseline,"Team baseline: RNA .55, protein .30, confidence .15",,0.6,1412,False,1412,0,0,0,0.06632029073044772,0.8500000000000001,51,1209,0.9822946175637394,1.099120794378905e-14,1,True,True,True,True,1.0,True,1.0,0.0,0.0,0.0,1412
coverage_stratified,depmap_rna_only,AC130456.4,A1a_no_direct_protein,Remove direct protein; retain protein-derived confidence,,0.6,1412,False,1412,0,0,0,0.06632029073044772,0.8500000000000001,51,1209,0.9822946175637394,1.099120794378905e-14,1,True,True,True,True,1.0,True,1.0,0.0,0.0,0.0,1412
coverage_stratified,depmap_rna_only,AC130456.4,A1b_no_protein_evidence,Remove direct protein and all protein-derived confidence,,0.6,1412,False,1412,0,0,0,0.0663335108478069,0.8500000000000001,51,1209,0.9822946175637394,8.770761894538737e-15,1,True,True,True,True,1.0,True,1.0,0.0,0.0,0.041409135977337114,1412
coverage_stratified,depmap_rna_only,AC130456.4,A1c_no_protein_confidence,Retain direct protein; remove protein-derived confidence only,,0.6,1412,False,1412,0,0,0,0.0663335108478069,0.8500000000000001,51,1209,0.9822946175637394,8.770761894538737e-15,1,True,True,True,True,1.0,True,1.0,0.0,0.0,0.041409135977337114,1412
coverage_stratified,depmap_rna_only,AC130456.4,A2_no_confidence,Remove the full confidence block; renormalise RNA/protein,,0.6,1412,False,1412,0,0,0,0.07803103700537226,1.0,51,1209,0.9822946175637394,1.099120794378905e-14,1,True,True,True,True,1.0,True,1.0,0.0,0.0,0.05953944759206797,1412
coverage_stratified,depmap_rna_only,AC130456.4,A2a_no_conf_completeness,Remove completeness from confidence; renormalise retained components,,0.6,1412,False,1412,0,0,0,0.06633020774231876,0.85,51,1209,0.9822946175637394,5.6066262743570405e-15,1,True,True,True,True,1.0,True,1.0,0.0,0.0,0.008792705382436258,1412
coverage_stratified,depmap_rna_only,AC130456.4,A2b_no_conf_source_support,Remove source support from confidence; renormalise retained components,,0.6,1412,False,1412,0,0,0,0.06632703233930755,0.8500000000000001,51,1209,0.9822946175637394,0.0,1,True,True,True,True,1.0,True,1.0,0.0,0.0,0.013105453257790368,1412
coverage_stratified,depmap_rna_only,AC130456.4,A2c_no_conf_consistency,Remove RNA-protein consistency; renormalise retained components,,0.6,1412,False,1412,0,0,0,0.0663270323393077,0.85,51,1209,0.9822946175637394,5.828670879282072e-15,1,True,True,True,True,1.0,True,1.0,0.0,0.0,0.004394546742209627,1412
coverage_stratified,depmap_rna_only,AC130456.4,A3_equal_bio,Equal RNA/protein biological weights,,0.6,1412,False,1412,0,0,0,0.06632029073044772,0.8500000000000001,51,1209,0.9822946175637394,1.099120794378905e-14,1,True,True,True,True,1.0,True,1.0,0.0,0.0,0.0,1412
coverage_stratified,depmap_rna_only,AC130456.4,A3b_reversed_bio,Protein biological weight greater than RNA,,0.6,1412,False,1412,0,0,0,0.06632029073044772,0.8500000000000001,51,1209,0.9822946175637394,1.099120794378905e-14,1,True,True,True,True,1.0,True,1.0,0.0,0.0,0.0,1412
coverage_stratified,depmap_rna_only,AC130456.4,A4_adaptive_trust,Team baseline plus gene-level adaptive RNA trust,,0.6,1412,False,1412,0,0,0,0.06632029073044772,0.8500000000000001,51,1209,0.9822946175637394,1.099120794378905e-14,1,True,True,True,True,1.0,True,1.0,0.0,0.0,0.0,1412
coverage_stratified,depmap_rna_only,AC130456.4,A5_v3_structure,Flat v3 RNA/protein/consistency/completeness structure,,0.6,1412,False,1412,0,0,0,0.06936889191953079,0.889,51,1209,0.9822946175637394,1.099120794378905e-14,1,True,True,True,True,1.0,True,1.0,0.0,0.0,0.006133569405099147,1412
coverage_stratified,depmap_rna_only,AC130456.4,A6_v3_full,Flat v3 structure plus adaptive trust,,0.6,1412,False,1412,0,0,0,0.06936889191953079,0.889,51,1209,0.9822946175637394,1.099120794378905e-14,1,True,True,True,True,1.0,True,1.0,0.0,0.0,0.006133569405099147,1412
coverage_stratified,depmap_rna_only,AL592295.1,B0_rna_mean,RNA-only mean ranking; no protein or confidence in final score,,0.6,1412,False,1412,0,0,0,0.06146984590510342,1.0,70,285,0.9837110481586402,8.770761894538737e-15,1,True,True,False,True,1.0,True,0.9999970932630275,0.051699716713881017,36.5,0.05441055240793201,1412
coverage_stratified,depmap_rna_only,AL592295.1,A0_team_baseline,"Team baseline: RNA .55, protein .30, confidence .15",,0.6,1412,False,1412,0,0,0,0.05224728887335398,0.8500000000000001,69,285,0.9844192634560907,1.099120794378905e-14,1,True,True,True,True,1.0,True,1.0,0.0,0.0,0.0,1412
coverage_stratified,depmap_rna_only,AL592295.1,A1a_no_direct_protein,Remove direct protein; retain protein-derived confidence,,0.6,1412,False,1412,0,0,0,0.05224728887335398,0.8500000000000001,69,285,0.9844192634560907,1.099120794378905e-14,1,True,True,True,True,1.0,True,1.0,0.0,0.0,0.0,1412
coverage_stratified,depmap_rna_only,AL592295.1,A1b_no_protein_evidence,Remove direct protein and all protein-derived confidence,,0.6,1412,False,1412,0,0,0,0.05225157736922356,0.8500000000000001,70,285,0.9837110481586402,8.770761894538737e-15,1,True,True,False,True,1.0,True,0.9999999020680567,0.009206798866855524,6.5,0.04145941926345609,1412
coverage_stratified,depmap_rna_only,AL592295.1,A1c_no_protein_confidence,Retain direct protein; remove protein-derived confidence only,,0.6,1412,False,1412,0,0,0,0.05225157736922356,0.8500000000000001,70,285,0.9837110481586402,8.770761894538737e-15,1,True,True,False,True,1.0,True,0.9999999020680567,0.009206798866855524,6.5,0.04145941926345609,1412
coverage_stratified,depmap_rna_only,AL592295.1,A2_no_confidence,Remove the full confidence block; renormalise RNA/protein,,0.6,1412,False,1412,0,0,0,0.06146984590510342,1.0,70,285,0.9837110481586402,1.099120794378905e-14,1,True,True,False,True,1.0,True,0.9999970932630275,0.051699716713881017,36.5,0.05441055240793201,1412
coverage_stratified,depmap_rna_only,AL592295.1,A2a_no_conf_completeness,Remove completeness from confidence; renormalise retained components,,0.6,1412,False,1412,0,0,0,0.0522495787203525,0.85,70,285,0.9837110481586402,5.6066262743570405e-15,1,True,True,False,True,1.0,True,0.9999999020680567,0.009206798866855524,6.5,0.008753328611898016,1412
coverage_stratified,depmap_rna_only,AL592295.1,A2b_no_conf_source_support,Remove source support from confidence; renormalise retained components,,0.6,1412,False,1412,0,0,0,0.052250863365218864,0.8500000000000001,70,285,0.9837110481586402,0.0,1,True,True,False,True,1.0,True,0.9999970932630275,0.051699716713881017,36.5,0.013117988668555241,1412
coverage_stratified,depmap_rna_only,AL592295.1,A2c_no_conf_consistency,Remove RNA-protein consistency; renormalise retained components,,0.6,1412,False,1412,0,0,0,0.05225086336521776,0.85,70,285,0.9837110481586402,5.828670879282072e-15,1,True,True,False,True,1.0,True,0.9999970932630275,0.051699716713881017,36.5,0.004382011331444758,1412
coverage_stratified,depmap_rna_only,AL592295.1,A3_equal_bio,Equal RNA/protein biological weights,,0.6,1412,False,1412,0,0,0,0.05224728887335398,0.8500000000000001,69,285,0.9844192634560907,1.099120794378905e-14,1,True,True,True,True,1.0,True,1.0,0.0,0.0,0.0,1412
coverage_stratified,depmap_rna_only,AL592295.1,A3b_reversed_bio,Protein biological weight greater than RNA,,0.6,1412,False,1412,0,0,0,0.05224728887335398,0.8500000000000001,69,285,0.9844192634560907,1.099120794378905e-14,1,True,True,True,True,1.0,True,1.0,0.0,0.0,0.0,1412
coverage_stratified,depmap_rna_only,AL592295.1,A4_adaptive_trust,Team baseline plus gene-level adaptive RNA trust,,0.6,1412,False,1412,0,0,0,0.05224728887335398,0.8500000000000001,69,285,0.9844192634560907,1.099120794378905e-14,1,True,True,True,True,1.0,True,1.0,0.0,0.0,0.0,1412
coverage_stratified,depmap_rna_only,AL592295.1,A5_v3_structure,Flat v3 RNA/protein/consistency/completeness structure,,0.6,1412,False,1412,0,0,0,0.05464475725480631,0.889,70,285,0.9837110481586402,1.099120794378905e-14,1,True,True,False,True,1.0,True,0.9999999020680567,0.009206798866855524,6.5,0.004602407932011329,1412
coverage_stratified,depmap_rna_only,AL592295.1,A6_v3_full,Flat v3 structure plus adaptive trust,,0.6,1412,False,1412,0,0,0,0.05464475725480631,0.889,70,285,0.9837110481586402,1.099120794378905e-14,1,True,True,False,True,1.0,True,0.9999999020680567,0.009206798866855524,6.5,0.004602407932011329,1412
coverage_stratified,depmap_rna_only,AL158013.1,B0_rna_mean,RNA-only mean ranking; no protein or confidence in final score,,0.6,1412,False,1412,0,0,0,0.11178572364552809,1.0,117,1129,0.9468838526912181,8.770761894538737e-15,1,True,True,True,True,1.0,True,1.0,0.0,0.0,0.058801699716713875,1412
coverage_stratified,depmap_rna_only,AL158013.1,A0_team_baseline,"Team baseline: RNA .55, protein .30, confidence .15",,0.6,1412,False,1412,0,0,0,0.09501349669188155,0.8500000000000001,117,1129,0.9468838526912181,1.099120794378905e-14,1,True,True,True,True,1.0,True,1.0,0.0,0.0,0.0,1412
coverage_stratified,depmap_rna_only,AL158013.1,A1a_no_direct_protein,Remove direct protein; retain protein-derived confidence,,0.6,1412,False,1412,0,0,0,0.09501349669188155,0.8500000000000001,117,1129,0.9468838526912181,1.099120794378905e-14,1,True,True,True,True,1.0,True,1.0,0.0,0.0,0.0,1412
coverage_stratified,depmap_rna_only,AL158013.1,A1b_no_protein_evidence,Remove direct protein and all protein-derived confidence,,0.6,1412,False,1412,0,0,0,0.0950236612039247,0.8500000000000001,117,1129,0.9468838526912181,8.770761894538737e-15,1,True,True,True,True,1.0,True,1.0,0.0,0.0,0.04141097733711048,1412
coverage_stratified,depmap_rna_only,AL158013.1,A1c_no_protein_confidence,Retain direct protein; remove protein-derived confidence only,,0.6,1412,False,1412,0,0,0,0.0950236612039247,0.8500000000000001,117,1129,0.9468838526912181,8.770761894538737e-15,1,True,True,True,True,1.0,True,1.0,0.0,0.0,0.04141097733711048,1412
coverage_stratified,depmap_rna_only,AL158013.1,A2_no_confidence,Remove the full confidence block; renormalise RNA/protein,,0.6,1412,False,1412,0,0,0,0.11178572364552809,1.0,117,1129,0.9468838526912181,1.099120794378905e-14,1,True,True,True,True,1.0,True,1.0,0.0,0.0,0.058801699716713875,1412
coverage_stratified,depmap_rna_only,AL158013.1,A2a_no_conf_completeness,Remove completeness from confidence; renormalise retained components,,0.6,1412,False,1412,0,0,0,0.09502159070698997,0.85,117,1129,0.9468838526912181,5.6066262743570405e-15,1,True,True,True,True,1.0,True,1.0,0.0,0.0,0.008790439093484417,1412
coverage_stratified,depmap_rna_only,AL158013.1,A2b_no_conf_source_support,Remove source support from confidence; renormalise retained components,,0.6,1412,False,1412,0,0,0,0.09501731265622299,0.8500000000000001,117,1129,0.9468838526912181,0.0,1,True,True,True,True,1.0,True,1.0,0.0,0.0,0.013106798866855522,1412
coverage_stratified,depmap_rna_only,AL158013.1,A2c_no_conf_consistency,Remove RNA-protein consistency; renormalise retained components,,0.6,1412,False,1412,0,0,0,0.09501731265622237,0.85,117,1129,0.9468838526912181,5.828670879282072e-15,1,True,True,True,True,1.0,True,1.0,0.0,0.0,0.004393201133144471,1412
coverage_stratified,depmap_rna_only,AL158013.1,A3_equal_bio,Equal RNA/protein biological weights,,0.6,1412,False,1412,0,0,0,0.09501349669188155,0.8500000000000001,117,1129,0.9468838526912181,1.099120794378905e-14,1,True,True,True,True,1.0,True,1.0,0.0,0.0,0.0,1412
coverage_stratified,depmap_rna_only,AL158013.1,A3b_reversed_bio,Protein biological weight greater than RNA,,0.6,1412,False,1412,0,0,0,0.09501349669188155,0.8500000000000001,117,1129,0.9468838526912181,1.099120794378905e-14,1,True,True,True,True,1.0,True,1.0,0.0,0.0,0.0,1412
coverage_stratified,depmap_rna_only,AL158013.1,A4_adaptive_trust,Team baseline plus gene-level adaptive RNA trust,,0.6,1412,False,1412,0,0,0,0.09501349669188155,0.8500000000000001,117,1129,0.9468838526912181,1.099120794378905e-14,1,True,True,True,True,1.0,True,1.0,0.0,0.0,0.0,1412
coverage_stratified,depmap_rna_only,AL158013.1,A5_v3_structure,Flat v3 RNA/protein/consistency/completeness structure,,0.6,1412,False,1412,0,0,0,0.09937653012500496,0.889,117,1129,0.9468838526912181,1.099120794378905e-14,1,True,True,True,True,1.0,True,1.0,0.0,0.0,0.006375991501416426,1412
coverage_stratified,depmap_rna_only,AL158013.1,A6_v3_full,Flat v3 structure plus adaptive trust,,0.6,1412,False,1412,0,0,0,0.09937653012500496,0.889,117,1129,0.9468838526912181,1.099120794378905e-14,1,True,True,True,True,1.0,True,1.0,0.0,0.0,0.006375991501416426,1412
coverage_stratified,depmap_rna_only,MTND2P12,B0_rna_mean,RNA-only mean ranking; no protein or confidence in final score,,0.6,1412,False,1412,0,0,0,0.07698607945487873,1.0,33,1193,0.990084985835694,8.770761894538737e-15,1,True,True,True,True,1.0,True,0.9999999999999998,0.0,0.0,0.05940587818696884,1412
coverage_stratified,depmap_rna_only,MTND2P12,A0_team_baseline,"Team baseline: RNA .55, protein .30, confidence .15",,0.6,1412,False,1412,0,0,0,0.06543142263220944,0.8500000000000001,33,1193,0.990084985835694,1.099120794378905e-14,1,True,True,True,True,1.0,True,0.9999999999999998,0.0,0.0,0.0,1412
coverage_stratified,depmap_rna_only,MTND2P12,A1a_no_direct_protein,Remove direct protein; retain protein-derived confidence,,0.6,1412,False,1412,0,0,0,0.06543142263220944,0.8500000000000001,33,1193,0.990084985835694,1.099120794378905e-14,1,True,True,True,True,1.0,True,0.9999999999999998,0.0,0.0,0.0,1412
coverage_stratified,depmap_rna_only,MTND2P12,A1b_no_protein_evidence,Remove direct protein and all protein-derived confidence,,0.6,1412,False,1412,0,0,0,0.06544385175880994,0.8500000000000001,33,1193,0.990084985835694,8.770761894538737e-15,1,True,True,True,True,1.0,True,0.9999999999999998,0.0,0.0,0.04140814447592068,1412
coverage_stratified,depmap_rna_only,MTND2P12,A1c_no_protein_confidence,Retain direct protein; remove protein-derived confidence only,,0.6,1412,False,1412,0,0,0,0.06544385175880994,0.8500000000000001,33,1193,0.990084985835694,8.770761894538737e-15,1,True,True,True,True,1.0,True,0.9999999999999998,0.0,0.0,0.04140814447592068,1412
coverage_stratified,depmap_rna_only,MTND2P12,A2_no_confidence,Remove the full confidence block; renormalise RNA/protein,,0.6,1412,False,1412,0,0,0,0.07698607945487873,1.0,33,1193,0.990084985835694,1.099120794378905e-14,1,True,True,True,True,1.0,True,0.9999999999999998,0.0,0.0,0.05940587818696884,1412
coverage_stratified,depmap_rna_only,MTND2P12,A2a_no_conf_completeness,Remove completeness from confidence; renormalise retained components,,0.6,1412,False,1412,0,0,0,0.06544259449980569,0.85,33,1193,0.990084985835694,5.6066262743570405e-15,1,True,True,True,True,1.0,True,0.9999999999999998,0.0,0.0,0.008793626062322944,1412
coverage_stratified,depmap_rna_only,MTND2P12,A2b_no_conf_source_support,Remove source support from confidence; renormalise retained components,,0.6,1412,False,1412,0,0,0,0.06544063164202008,0.8500000000000001,33,1193,0.990084985835694,0.0,1,True,True,True,True,1.0,True,0.9999999999999998,0.0,0.0,0.013105524079320113,1412
coverage_stratified,depmap_rna_only,MTND2P12,A2c_no_conf_consistency,Remove RNA-protein consistency; renormalise retained components,,0.6,1412,False,1412,0,0,0,0.06544063164202014,0.85,33,1193,0.990084985835694,5.828670879282072e-15,1,True,True,True,True,1.0,True,0.9999999999999998,0.0,0.0,0.004394475920679881,1412
coverage_stratified,depmap_rna_only,MTND2P12,A3_equal_bio,Equal RNA/protein biological weights,,0.6,1412,False,1412,0,0,0,0.06543142263220944,0.8500000000000001,33,1193,0.990084985835694,1.099120794378905e-14,1,True,True,True,True,1.0,True,0.9999999999999998,0.0,0.0,0.0,1412
coverage_stratified,depmap_rna_only,MTND2P12,A3b_reversed_bio,Protein biological weight greater than RNA,,0.6,1412,False,1412,0,0,0,0.06543142263220944,0.8500000000000001,33,1193,0.990084985835694,1.099120794378905e-14,1,True,True,True,True,1.0,True,0.9999999999999998,0.0,0.0,0.0,1412
coverage_stratified,depmap_rna_only,MTND2P12,A4_adaptive_trust,Team baseline plus gene-level adaptive RNA trust,,0.6,1412,False,1412,0,0,0,0.06543142263220944,0.8500000000000001,33,1193,0.990084985835694,1.099120794378905e-14,1,True,True,True,True,1.0,True,0.9999999999999998,0.0,0.0,0.0,1412
coverage_stratified,depmap_rna_only,MTND2P12,A5_v3_structure,Flat v3 RNA/protein/consistency/completeness structure,,0.6,1412,False,1412,0,0,0,0.06843755296586752,0.889,33,1193,0.990084985835694,1.099120794378905e-14,1,True,True,True,True,1.0,True,0.9999999999999998,0.0,0.0,0.006118909348441923,1412
coverage_stratified,depmap_rna_only,MTND2P12,A6_v3_full,Flat v3 structure plus adaptive trust,,0.6,1412,False,1412,0,0,0,0.06843755296586752,0.889,33,1193,0.990084985835694,1.099120794378905e-14,1,True,True,True,True,1.0,True,0.9999999999999998,0.0,0.0,0.006118909348441923,1412
coverage_stratified,depmap_rna_only,ZNF25-DT,B0_rna_mean,RNA-only mean ranking; no protein or confidence in final score,,0.6,1412,False,1412,0,0,0,0.03593383660022813,1.0,8,1404,0.9957507082152974,8.770761894538737e-15,1,True,True,True,True,1.0,True,1.0,0.0,0.0,0.06184433427762039,1412
coverage_stratified,depmap_rna_only,ZNF25-DT,A0_team_baseline,"Team baseline: RNA .55, protein .30, confidence .15",,0.6,1412,False,1412,0,0,0,0.030542633325897194,0.8500000000000001,8,1404,0.9957507082152974,1.099120794378905e-14,1,True,True,True,True,1.0,True,1.0,0.0,0.0,0.0,1412
coverage_stratified,depmap_rna_only,ZNF25-DT,A1a_no_direct_protein,Remove direct protein; retain protein-derived confidence,,0.6,1412,False,1412,0,0,0,0.030542633325897194,0.8500000000000001,8,1404,0.9957507082152974,1.099120794378905e-14,1,True,True,True,True,1.0,True,1.0,0.0,0.0,0.0,1412
coverage_stratified,depmap_rna_only,ZNF25-DT,A1b_no_protein_evidence,Remove direct protein and all protein-derived confidence,,0.6,1412,False,1412,0,0,0,0.030544786432774723,0.8500000000000001,8,1404,0.9957507082152974,8.770761894538737e-15,1,True,True,True,True,1.0,True,1.0,0.0,0.0,0.041400212464589234,1412
coverage_stratified,depmap_rna_only,ZNF25-DT,A1c_no_protein_confidence,Retain direct protein; remove protein-derived confidence only,,0.6,1412,False,1412,0,0,0,0.030544786432774723,0.8500000000000001,8,1404,0.9957507082152974,8.770761894538737e-15,1,True,True,True,True,1.0,True,1.0,0.0,0.0,0.041400212464589234,1412
coverage_stratified,depmap_rna_only,ZNF25-DT,A2_no_confidence,Remove the full confidence block; renormalise RNA/protein,,0.6,1412,False,1412,0,0,0,0.03593383660022813,1.0,8,1404,0.9957507082152974,1.099120794378905e-14,1,True,True,True,True,1.0,True,1.0,0.0,0.0,0.06184433427762039,1412
coverage_stratified,depmap_rna_only,ZNF25-DT,A2a_no_conf_completeness,Remove completeness from confidence; renormalise retained components,,0.6,1412,False,1412,0,0,0,0.0305447864327747,0.85,8,1404,0.9957507082152974,5.6066262743570405e-15,1,True,True,True,True,1.0,True,1.0,0.0,0.0,0.008799787535410762,1412
coverage_stratified,depmap_rna_only,ZNF25-DT,A2b_no_conf_source_support,Remove source support from confidence; renormalise retained components,,0.6,1412,False,1412,0,0,0,0.030544565247406563,0.8500000000000001,8,1404,0.9957507082152974,0.0,1,True,True,True,True,1.0,True,1.0,0.0,0.0,0.013100141643059489,1412
coverage_stratified,depmap_rna_only,ZNF25-DT,A2c_no_conf_consistency,Remove RNA-protein consistency; renormalise retained components,,0.6,1412,False,1412,0,0,0,0.03054456524740665,0.85,8,1404,0.9957507082152974,5.828670879282072e-15,1,True,True,True,True,1.0,True,1.0,0.0,0.0,0.004399858356940504,1412
coverage_stratified,depmap_rna_only,ZNF25-DT,A3_equal_bio,Equal RNA/protein biological weights,,0.6,1412,False,1412,0,0,0,0.030542633325897194,0.8500000000000001,8,1404,0.9957507082152974,1.099120794378905e-14,1,True,True,True,True,1.0,True,1.0,0.0,0.0,0.0,1412
coverage_stratified,depmap_rna_only,ZNF25-DT,A3b_reversed_bio,Protein biological weight greater than RNA,,0.6,1412,False,1412,0,0,0,0.030542633325897194,0.8500000000000001,8,1404,0.9957507082152974,1.099120794378905e-14,1,True,True,True,True,1.0,True,1.0,0.0,0.0,0.0,1412
coverage_stratified,depmap_rna_only,ZNF25-DT,A4_adaptive_trust,Team baseline plus gene-level adaptive RNA trust,,0.6,1412,False,1412,0,0,0,0.030542633325897194,0.8500000000000001,8,1404,0.9957507082152974,1.099120794378905e-14,1,True,True,True,True,1.0,True,1.0,0.0,0.0,0.0,1412
coverage_stratified,depmap_rna_only,ZNF25-DT,A5_v3_structure,Flat v3 RNA/protein/consistency/completeness structure,,0.6,1412,False,1412,0,0,0,0.031945466281512874,0.889,8,1404,0.9957507082152974,1.099120794378905e-14,1,True,True,True,True,1.0,True,1.0,0.0,0.0,0.006415297450424924,1412
coverage_stratified,depmap_rna_only,ZNF25-DT,A6_v3_full,Flat v3 structure plus adaptive trust,,0.6,1412,False,1412,0,0,0,0.031945466281512874,0.889,8,1404,0.9957507082152974,1.099120794378905e-14,1,True,True,True,True,1.0,True,1.0,0.0,0.0,0.006415297450424924,1412
coverage_stratified,depmap_rna_only,AL122008.2,B0_rna_mean,RNA-only mean ranking; no protein or confidence in final score,,0.6,1412,False,1412,0,0,0,0.06199191608459887,1.0,46,1211,0.9851274787535411,8.770761894538737e-15,1,True,True,True,True,1.0,True,0.9999999999999999,0.0,0.0,0.059513101983002824,1412
coverage_stratified,depmap_rna_only,AL122008.2,A0_team_baseline,"Team baseline: RNA .55, protein .30, confidence .15",,0.6,1412,False,1412,0,0,0,0.05268498528481199,0.8500000000000001,46,1211,0.9851274787535411,1.099120794378905e-14,1,True,True,True,True,1.0,True,0.9999999999999999,0.0,0.0,0.0,1412
coverage_stratified,depmap_rna_only,AL122008.2,A1a_no_direct_protein,Remove direct protein; retain protein-derived confidence,,0.6,1412,False,1412,0,0,0,0.05268498528481199,0.8500000000000001,46,1211,0.9851274787535411,1.099120794378905e-14,1,True,True,True,True,1.0,True,0.9999999999999999,0.0,0.0,0.0,1412
coverage_stratified,depmap_rna_only,AL122008.2,A1b_no_protein_evidence,Remove direct protein and all protein-derived confidence,,0.6,1412,False,1412,0,0,0,0.05269979501191043,0.8500000000000001,46,1211,0.9851274787535411,8.770761894538737e-15,1,True,True,True,True,1.0,True,0.9999999999999999,0.0,0.0,0.04141041076487252,1412
coverage_stratified,depmap_rna_only,AL122008.2,A1c_no_protein_confidence,Retain direct protein; remove protein-derived confidence only,,0.6,1412,False,1412,0,0,0,0.05269979501191043,0.8500000000000001,46,1211,0.9851274787535411,8.770761894538737e-15,1,True,True,True,True,1.0,True,0.9999999999999999,0.0,0.0,0.04141041076487252,1412
coverage_stratified,depmap_rna_only,AL122008.2,A2_no_confidence,Remove the full confidence block; renormalise RNA/protein,,0.6,1412,False,1412,0,0,0,0.06199191608459887,1.0,46,1211,0.9851274787535411,1.099120794378905e-14,1,True,True,True,True,1.0,True,0.9999999999999999,0.0,0.0,0.059513101983002824,1412
coverage_stratified,depmap_rna_only,AL122008.2,A2a_no_conf_completeness,Remove completeness from confidence; renormalise retained components,,0.6,1412,False,1412,0,0,0,0.0526984401189299,0.85,46,1211,0.9851274787535411,5.6066262743570405e-15,1,True,True,True,True,1.0,True,0.9999999999999999,0.0,0.0,0.008789872521246456,1412
coverage_stratified,depmap_rna_only,AL122008.2,A2b_no_conf_source_support,Remove source support from confidence; renormalise retained components,,0.6,1412,False,1412,0,0,0,0.052694364952325094,0.8500000000000001,46,1211,0.9851274787535411,0.0,1,True,True,True,True,1.0,True,0.9999999999999999,0.0,0.0,0.013108073654390935,1412
coverage_stratified,depmap_rna_only,AL122008.2,A2c_no_conf_consistency,Remove RNA-protein consistency; renormalise retained components,,0.6,1412,False,1412,0,0,0,0.052694364952325365,0.85,46,1211,0.9851274787535411,5.828670879282072e-15,1,True,True,True,True,1.0,True,0.9999999999999999,0.0,0.0,0.00439192634560906,1412
coverage_stratified,depmap_rna_only,AL122008.2,A3_equal_bio,Equal RNA/protein biological weights,,0.6,1412,False,1412,0,0,0,0.05268498528481199,0.8500000000000001,46,1211,0.9851274787535411,1.099120794378905e-14,1,True,True,True,True,1.0,True,0.9999999999999999,0.0,0.0,0.0,1412
coverage_stratified,depmap_rna_only,AL122008.2,A3b_reversed_bio,Protein biological weight greater than RNA,,0.6,1412,False,1412,0,0,0,0.05268498528481199,0.8500000000000001,46,1211,0.9851274787535411,1.099120794378905e-14,1,True,True,True,True,1.0,True,0.9999999999999999,0.0,0.0,0.0,1412
coverage_stratified,depmap_rna_only,AL122008.2,A4_adaptive_trust,Team baseline plus gene-level adaptive RNA trust,,0.6,1412,False,1412,0,0,0,0.05268498528481199,0.8500000000000001,46,1211,0.9851274787535411,1.099120794378905e-14,1,True,True,True,True,1.0,True,0.9999999999999999,0.0,0.0,0.0,1412
coverage_stratified,depmap_rna_only,AL122008.2,A5_v3_structure,Flat v3 RNA/protein/consistency/completeness structure,,0.6,1412,False,1412,0,0,0,0.05511096076451352,0.889,46,1211,0.9851274787535411,1.099120794378905e-14,1,True,True,True,True,1.0,True,0.9999999999999999,0.0,0.0,0.006018838526912177,1412
coverage_stratified,depmap_rna_only,AL122008.2,A6_v3_full,Flat v3 structure plus adaptive trust,,0.6,1412,False,1412,0,0,0,0.05511096076451352,0.889,46,1211,0.9851274787535411,1.099120794378905e-14,1,True,True,True,True,1.0,True,0.9999999999999999,0.0,0.0,0.006018838526912177,1412
coverage_stratified,depmap_rna_only,AC005339.1,B0_rna_mean,RNA-only mean ranking; no protein or confidence in final score,,0.6,1412,False,1412,0,0,0,0.17044080016721105,1.0,632,22,0.8038243626062322,8.770761894538737e-15,1,True,True,False,True,1.0,True,0.9999999595046251,0.007082152974504249,4.0,0.020205949008498585,1412
coverage_stratified,depmap_rna_only,AC005339.1,A0_team_baseline,"Team baseline: RNA .55, protein .30, confidence .15",,0.6,1412,False,1412,0,0,0,0.14487442375901613,0.8500000000000001,629,22,0.8073654390934845,1.099120794378905e-14,1,True,True,True,True,1.0,True,1.0,0.0,0.0,0.0,1412
coverage_stratified,depmap_rna_only,AC005339.1,A1a_no_direct_protein,Remove direct protein; retain protein-derived confidence,,0.6,1412,False,1412,0,0,0,0.14487442375901613,0.8500000000000001,629,22,0.8073654390934845,1.099120794378905e-14,1,True,True,True,True,1.0,True,1.0,0.0,0.0,0.0,1412
coverage_stratified,depmap_rna_only,AC005339.1,A1b_no_protein_evidence,Remove direct protein and all protein-derived confidence,,0.6,1412,False,1412,0,0,0,0.1448755399215039,0.8500000000000001,631,22,0.8052407932011332,8.770761894538737e-15,1,True,True,False,True,1.0,True,0.9999999605702927,0.006373937677053824,4.0,0.04145793201133144,1412
coverage_stratified,depmap_rna_only,AC005339.1,A1c_no_protein_confidence,Retain direct protein; remove protein-derived confidence only,,0.6,1412,False,1412,0,0,0,0.1448755399215039,0.8500000000000001,631,22,0.8052407932011332,8.770761894538737e-15,1,True,True,False,True,1.0,True,0.9999999605702927,0.006373937677053824,4.0,0.04145793201133144,1412
coverage_stratified,depmap_rna_only,AC005339.1,A2_no_confidence,Remove the full confidence block; renormalise RNA/protein,,0.6,1412,False,1412,0,0,0,0.17044080016721105,1.0,632,22,0.8038243626062322,1.099120794378905e-14,1,True,True,False,True,1.0,True,0.9999999595046251,0.007082152974504249,4.0,0.020205949008498585,1412
coverage_stratified,depmap_rna_only,AC005339.1,A2a_no_conf_completeness,Remove completeness from confidence; renormalise retained components,,0.6,1412,False,1412,0,0,0,0.1448763929171168,0.85,631,22,0.8052407932011332,5.6066262743570405e-15,1,True,True,False,True,1.0,True,0.9999999605702927,0.006373937677053824,4.0,0.00874844192634561,1412
coverage_stratified,depmap_rna_only,AC005339.1,A2b_no_conf_source_support,Remove source support from confidence; renormalise retained components,,0.6,1412,False,1412,0,0,0,0.1448760388722986,0.8500000000000001,632,22,0.8038243626062322,0.0,1,True,True,False,True,1.0,True,0.9999999595046251,0.007082152974504249,4.0,0.013127620396600564,1412
coverage_stratified,depmap_rna_only,AC005339.1,A2c_no_conf_consistency,Remove RNA-protein consistency; renormalise retained components,,0.6,1412,False,1412,0,0,0,0.1448760388722986,0.85,632,22,0.8038243626062322,5.828670879282072e-15,1,True,True,False,True,1.0,True,0.9999999595046251,0.007082152974504249,4.0,0.004372379603399432,1412
coverage_stratified,depmap_rna_only,AC005339.1,A3_equal_bio,Equal RNA/protein biological weights,,0.6,1412,False,1412,0,0,0,0.14487442375901613,0.8500000000000001,629,22,0.8073654390934845,1.099120794378905e-14,1,True,True,True,True,1.0,True,1.0,0.0,0.0,0.0,1412
coverage_stratified,depmap_rna_only,AC005339.1,A3b_reversed_bio,Protein biological weight greater than RNA,,0.6,1412,False,1412,0,0,0,0.14487442375901613,0.8500000000000001,629,22,0.8073654390934845,1.099120794378905e-14,1,True,True,True,True,1.0,True,1.0,0.0,0.0,0.0,1412
coverage_stratified,depmap_rna_only,AC005339.1,A4_adaptive_trust,Team baseline plus gene-level adaptive RNA trust,,0.6,1412,False,1412,0,0,0,0.14487442375901613,0.8500000000000001,629,22,0.8073654390934845,1.099120794378905e-14,1,True,True,True,True,1.0,True,1.0,0.0,0.0,0.0,1412
coverage_stratified,depmap_rna_only,AC005339.1,A5_v3_structure,Flat v3 RNA/protein/consistency/completeness structure,,0.6,1412,False,1412,0,0,0,0.15152176753484436,0.889,631,22,0.8052407932011332,1.099120794378905e-14,1,True,True,False,True,1.0,True,0.9999999605702927,0.006373937677053824,4.0,0.009410481586402265,1412
coverage_stratified,depmap_rna_only,AC005339.1,A6_v3_full,Flat v3 structure plus adaptive trust,,0.6,1412,False,1412,0,0,0,0.15152176753484436,0.889,631,22,0.8052407932011332,1.099120794378905e-14,1,True,True,False,True,1.0,True,0.9999999605702927,0.006373937677053824,4.0,0.009410481586402265,1412
coverage_stratified,depmap_rna_only,AC091304.2,B0_rna_mean,RNA-only mean ranking; no protein or confidence in final score,,0.6,1412,False,1412,0,0,0,0.04546352329506259,1.0,41,1265,0.9865439093484419,8.770761894538737e-15,1,True,True,True,True,1.0,True,1.0,0.0,0.0,0.06101005665722379,1412
coverage_stratified,depmap_rna_only,AC091304.2,A0_team_baseline,"Team baseline: RNA .55, protein .30, confidence .15",,0.6,1412,False,1412,0,0,0,0.03864133263897342,0.8500000000000001,41,1265,0.9865439093484419,1.099120794378905e-14,1,True,True,True,True,1.0,True,1.0,0.0,0.0,0.0,1412
coverage_stratified,depmap_rna_only,AC091304.2,A1a_no_direct_protein,Remove direct protein; retain protein-derived confidence,,0.6,1412,False,1412,0,0,0,0.03864133263897342,0.8500000000000001,41,1265,0.9865439093484419,1.099120794378905e-14,1,True,True,True,True,1.0,True,1.0,0.0,0.0,0.0,1412
coverage_stratified,depmap_rna_only,AC091304.2,A1b_no_protein_evidence,Remove direct protein and all protein-derived confidence,,0.6,1412,False,1412,0,0,0,0.03864910466531812,0.8500000000000001,41,1265,0.9865439093484419,8.770761894538737e-15,1,True,True,True,True,1.0,True,1.0,0.0,0.0,0.04140743626062322,1412
coverage_stratified,depmap_rna_only,AC091304.2,A1c_no_protein_confidence,Retain direct protein; remove protein-derived confidence only,,0.6,1412,False,1412,0,0,0,0.03864910466531812,0.8500000000000001,41,1265,0.9865439093484419,8.770761894538737e-15,1,True,True,True,True,1.0,True,1.0,0.0,0.0,0.04140743626062322,1412
coverage_stratified,depmap_rna_only,AC091304.2,A2_no_confidence,Remove the full confidence block; renormalise RNA/protein,,0.6,1412,False,1412,0,0,0,0.04546352329506259,1.0,41,1265,0.9865439093484419,1.099120794378905e-14,1,True,True,True,True,1.0,True,1.0,0.0,0.0,0.06101005665722379,1412
coverage_stratified,depmap_rna_only,AC091304.2,A2a_no_conf_completeness,Remove completeness from confidence; renormalise retained components,,0.6,1412,False,1412,0,0,0,0.03864815179228583,0.85,41,1265,0.9865439093484419,5.6066262743570405e-15,1,True,True,True,True,1.0,True,1.0,0.0,0.0,0.008792847025495749,1412
coverage_stratified,depmap_rna_only,AC091304.2,A2b_no_conf_source_support,Remove source support from confidence; renormalise retained components,,0.6,1412,False,1412,0,0,0,0.03864441926256935,0.8500000000000001,41,1265,0.9865439093484419,0.0,1,True,True,True,True,1.0,True,1.0,0.0,0.0,0.013101628895184134,1412
coverage_stratified,depmap_rna_only,AC091304.2,A2c_no_conf_consistency,Remove RNA-protein consistency; renormalise retained components,,0.6,1412,False,1412,0,0,0,0.038644419262569535,0.85,41,1265,0.9865439093484419,5.828670879282072e-15,1,True,True,True,True,1.0,True,1.0,0.0,0.0,0.004398371104815859,1412
coverage_stratified,depmap_rna_only,AC091304.2,A3_equal_bio,Equal RNA/protein biological weights,,0.6,1412,False,1412,0,0,0,0.03864133263897342,0.8500000000000001,41,1265,0.9865439093484419,1.099120794378905e-14,1,True,True,True,True,1.0,True,1.0,0.0,0.0,0.0,1412
coverage_stratified,depmap_rna_only,AC091304.2,A3b_reversed_bio,Protein biological weight greater than RNA,,0.6,1412,False,1412,0,0,0,0.03864133263897342,0.8500000000000001,41,1265,0.9865439093484419,1.099120794378905e-14,1,True,True,True,True,1.0,True,1.0,0.0,0.0,0.0,1412
coverage_stratified,depmap_rna_only,AC091304.2,A4_adaptive_trust,Team baseline plus gene-level adaptive RNA trust,,0.6,1412,False,1412,0,0,0,0.03864133263897342,0.8500000000000001,41,1265,0.9865439093484419,1.099120794378905e-14,1,True,True,True,True,1.0,True,1.0,0.0,0.0,0.0,1412
coverage_stratified,depmap_rna_only,AC091304.2,A5_v3_structure,Flat v3 RNA/protein/consistency/completeness structure,,0.6,1412,False,1412,0,0,0,0.04041716343019402,0.889,41,1265,0.9865439093484419,1.099120794378905e-14,1,True,True,True,True,1.0,True,1.0,0.0,0.0,0.006286189801699712,1412
coverage_stratified,depmap_rna_only,AC091304.2,A6_v3_full,Flat v3 structure plus adaptive trust,,0.6,1412,False,1412,0,0,0,0.04041716343019402,0.889,41,1265,0.9865439093484419,1.099120794378905e-14,1,True,True,True,True,1.0,True,1.0,0.0,0.0,0.006286189801699712,1412
