gene,DepMap_ID,cell_line,lineage,disease,candidate_origin,configs_retrieved,best_rank,rna_protein_correlation,rna_trust,rna_expr,protein_expr,n_rna_sources,has_depmap_rna,has_hpa_rna,has_geo_rna,has_protein,alteration_status,assay_ready_score,risk_flags,rank_B0_rna_mean,score_B0_rna_mean,rank_A0_team_baseline,score_A0_team_baseline,rank_A1a_no_direct_protein,score_A1a_no_direct_protein,rank_A1b_no_protein_evidence,score_A1b_no_protein_evidence,rank_A4_adaptive_trust,score_A4_adaptive_trust,current_gold_relation,current_gold_evidence_type,current_gold_verified,current_gold_source_hint,current_gold_notes,judgement,benchmark_task,evidence_type,source_url,evidence_summary,verified,review_notes
EGFR,ACH-000741,U-BLC1,urinary_tract,Bladder Cancer,top_k_union,B0_rna_mean;A0_team_baseline;A1a_no_direct_protein;A1b_no_protein_evidence;A4_adaptive_trust,1,0.8603799916945288,1,2.704970374764682,3.2731750691941484,2,TRUE,TRUE,FALSE,TRUE,FUSION,0.9,NO_GROWTH_DATA,2,0.9478437611574607,1,0.9562332096800081,1,0.9405863380272463,2,0.9323338636505083,1,0.9562332096800081,,,,,,unknown,unassigned,,,,no,
EGFR,ACH-001523,HSC-1,skin,Skin Cancer,top_k_union,B0_rna_mean;A0_team_baseline;A1a_no_direct_protein;A1b_no_protein_evidence;A4_adaptive_trust,1,0.8603799916945288,1,2.959873339101272,,1,TRUE,FALSE,FALSE,FALSE,NO ALTERATION,0.65,DISCONTINUED:JCRB; NO_GROWTH_DATA,1,1,2,0.9118750000000001,2,0.911875,1,0.9533333333333334,2,0.9118750000000001,,,,,,unknown,unassigned,,,,no,
EGFR,ACH-000012,HCC827,lung,Lung Cancer,top_k_union+existing_gold,B0_rna_mean;A0_team_baseline;A1a_no_direct_protein;A1b_no_protein_evidence;A4_adaptive_trust,3,0.8603799916945288,1,2.4344986223205627,1.7325324368065376,3,TRUE,TRUE,TRUE,TRUE,MUTATION,1,,7,0.8925019593963477,5,0.846480909,3,0.9017215814004116,5,0.9086266654868955,5,0.846480909,positive,mutation_dependency,yes,DepMap Portal cell line ACH-000012: EGFR deletion p.E746_A750del; https://depmap.org/portal/cell_line/ACH-000012; accessed 2026-08-15,rank 3/1412 top 0.1%; DepMap突变表可查,positive,both,activating_mutation;protein_expression,https://www.cellosaurus.org/CVCL_2063;https://pubmed.ncbi.nlm.nih.gov/17699773/,"Cellosaurus records the activating EGFR exon 19 deletion in HCC827, and an independent immunoblot study experimentally detected EGFR protein in this cell line.",yes,Suitable for both the alteration case set and the expression-suitability benchmark. DepMap RNA rank is retained only as an internal detectability check.
EGFR,ACH-000544,OE21,esophagus,Esophageal Cancer,top_k_union,B0_rna_mean;A0_team_baseline;A1a_no_direct_protein;A1b_no_protein_evidence;A4_adaptive_trust,3,0.8603799916945288,1,2.5011282517902607,,3,TRUE,TRUE,TRUE,FALSE,NO ALTERATION,0.9,NO_GROWTH_DATA,3,0.9061351898990052,3,0.8583399114141546,5,0.8583399114141544,3,0.9202149114141545,3,0.8583399114141546,,,,,,unknown,unassigned,,,,no,
EGFR,ACH-000109,NCI-H3255,lung,Lung Cancer,top_k_union,A1a_no_direct_protein;A1b_no_protein_evidence,4,0.8603799916945288,1,2.2388111061357967,1.5688440161527255,3,TRUE,TRUE,TRUE,TRUE,MUTATION,0.65,DISCONTINUED:ATCC; DepMap; NO_GROWTH_DATA,11,0.8524619196141549,12,0.8155028995398386,4,0.8680271058795657,8,0.8745926316720316,12,0.8155028995398386,,,,,,unknown,unassigned,,,,no,
EGFR,ACH-001328,A-431,skin,Skin Cancer,top_k_union+existing_gold,B0_rna_mean;A0_team_baseline;A1a_no_direct_protein;A1b_no_protein_evidence;A4_adaptive_trust,4,0.8603799916945288,1,2.4839492474969918,,3,TRUE,TRUE,TRUE,FALSE,FUSION,0.6,DISCONTINUED:ATCC; SLOW_GROWTH:100h,6,0.9026201572145929,4,0.855352134,6,0.8553521336324039,4,0.9172271336324039,4,0.855352134,positive,gene_fusion,yes,"Cellosaurus CVCL_0037: EGFR-PPARGC1A gene fusion, PubMed=23637631; DepMap RNA rank 29/1412 (top 2.0%); accessed 2026-08-16","Cellosaurus未记录EGFR扩增,记录的是EGFR融合;高表达由本地数据佐证",positive,both,gene_fusion;rna_expression;protein_expression,https://www.cellosaurus.org/CVCL_0037;https://pubmed.ncbi.nlm.nih.gov/3140602/,Cellosaurus records the EGFR-PPARGC1A fusion in A-431. An independent study experimentally assessed both EGFR mRNA and protein expression in this cell line.,yes,The previous gold evidence described the fusion only; the independent expression paper supports inclusion in the expression benchmark.
EGFR,ACH-001411,UM-UC-5,urinary_tract,Bladder Cancer,top_k_union,B0_rna_mean;A0_team_baseline;A1b_no_protein_evidence;A4_adaptive_trust,4,0.8603799916945288,1,2.4898547616110593,,1,TRUE,FALSE,FALSE,FALSE,NO ALTERATION,1,,4,0.9038284970447039,8,0.8301292224879985,11,0.8301292224879984,9,0.8715875558213317,8,0.8301292224879985,,,,,,unknown,unassigned,,,,no,
EGFR,ACH-000637,KYSE-520,esophagus,Esophageal Cancer,top_k_union,B0_rna_mean;A0_team_baseline;A1a_no_direct_protein;A1b_no_protein_evidence;A4_adaptive_trust,5,0.8603799916945288,1,2.4852228230250524,,2,TRUE,TRUE,FALSE,FALSE,NO ALTERATION,1,,5,0.9028807462179353,6,0.8424486342852451,10,0.842448634,6,0.8941153009519116,6,0.8424486342852451,,,,,,unknown,unassigned,,,,no,
EGFR,ACH-000472,HSC-2,upper_aerodigestive,Head and Neck Cancer,top_k_union,B0_rna_mean;A0_team_baseline;A1b_no_protein_evidence;A4_adaptive_trust,7,0.8603799916945288,1,2.2755992473908004,,3,TRUE,TRUE,TRUE,FALSE,NO ALTERATION,0.95,NO_GROWTH_PATTERN,9,0.8599892196079495,10,0.8191158366667571,12,0.819115837,7,0.880990837,10,0.8191158366667571,,,,,,unknown,unassigned,,,,no,
EGFR,ACH-000849,MDA-MB-468,breast,Breast Cancer,top_k_union,A1a_no_direct_protein,7,0.8603799916945288,1,2.1519995549518836,1.6850360231543344,3,TRUE,TRUE,TRUE,TRUE,FUSION,0.75,DISCONTINUED:CLS,13,0.8346992230930554,13,0.8138226242575965,7,0.8544197045878192,11,0.8594943396290972,13,0.8138226242575965,,,,,,unknown,unassigned,,,,no,
EGFR,ACH-000916,NCI-H1573,lung,Lung Cancer,top_k_union,A0_team_baseline;A4_adaptive_trust,7,0.8603799916945288,1,1.7301255182054294,3.1672082231634753,2,TRUE,TRUE,FALSE,TRUE,NO ALTERATION,0.9,NO_GROWTH_DATA,24,0.7483786772363993,7,0.8337820290036194,20,0.7643132823148422,27,0.762788542,7,0.8337820290036194,,,,,,unknown,unassigned,,,,no,
EGFR,ACH-000869,NCI-H1568,lung,Lung Cancer,top_k_union,A1a_no_direct_protein,8,0.8603799916945288,1,2.1126639407498016,1.689189781612098,3,TRUE,TRUE,TRUE,TRUE,MUTATION,1,,14,0.826650679,14,0.809963115,8,0.8479097481772712,12,0.8526530773453138,14,0.809963115,,,,,,unknown,unassigned,,,,no,
EGFR,ACH-001864,YSCCC,bile_duct,Bile Duct Cancer,top_k_union,B0_rna_mean;A1b_no_protein_evidence,8,0.8603799916945288,1,2.422532939585507,,1,TRUE,FALSE,FALSE,FALSE,FUSION,0.9,NO_GROWTH_DATA,8,0.8900536355478282,11,0.81842059,13,0.8184205902156539,10,0.8598789235489873,11,0.81842059,,,,,,unknown,unassigned,,,,no,
EGFR,ACH-000777,KYSE-30,esophagus,Esophageal Cancer,top_k_union,A0_team_baseline;A1a_no_direct_protein;A4_adaptive_trust,9,0.8603799916945288,1,2.073622152906273,1.9741518643659104,3,TRUE,TRUE,TRUE,TRUE,NO ALTERATION,1,,15,0.8186622558040023,9,0.8240742927145125,9,0.843441959,13,0.8458629174334019,9,0.8240742927145125,,,,,,unknown,unassigned,,,,no,
EGFR,ACH-002680,170MGBA,central_nervous_system,Brain Cancer,top_k_union,B0_rna_mean,10,0.8603799916945288,1,2.257654336410365,,1,TRUE,FALSE,FALSE,FALSE,FUSION,0.5,NOT_IN_CELLOSAURUS,10,0.856317473,15,0.789744852,15,0.7897448521552249,14,0.8312031854885583,15,0.789744852,,,,,,unknown,unassigned,,,,no,
EGFR,ACH-000779,PC-9,lung,Lung Cancer,existing_gold,,47,0.8603799916945288,1,1.390860309765271,,3,TRUE,TRUE,TRUE,FALSE,MUTATION,0.85,NO_GROWTH_DATA; NO_GROWTH_PATTERN,61,0.6789608998150138,70,0.6652417648427619,78,0.6652417648427618,47,0.7271167648427618,70,0.6652417648427619,positive,mutation_dependency,yes,DepMap Portal cell line ACH-000779: EGFR deletion p.E746_A750del; https://depmap.org/portal/cell_line/ACH-000779?tab=mutations; accessed 2026-08-15,rank 61/1412 top 4.3%; ID已修正(原ACH-000030错误),positive,both,activating_mutation;protein_expression,https://www.cellosaurus.org/CVCL_B260;https://pubmed.ncbi.nlm.nih.gov/17270025/,Cellosaurus confirms the activating EGFR exon 19 deletion and the correct DepMap identity. An independent study measured EGFR protein in PC-9 by immunoblotting.,yes,Eligible for both alteration and expression evaluation. Do not use the internal RNA rank as the external label.
EGFR,ACH-000551,K-562,blood,Leukemia,existing_gold,,1230,0.8603799916945288,1,-1.567546136,-1.949754726,3,TRUE,TRUE,TRUE,TRUE,NO ALTERATION,1,,1501,0.073635051,1267,0.1915629884029133,1230,0.21025348194436566,1383,0.21258979363704722,1267,0.1915629884029133,negative,no_expression,yes,"Cellosaurus CVCL_0004: chronic myelogenous leukaemia, haematopoietic lineage; DepMap RNA 0.10 log2(TPM+1); accessed 2026-08-16",谱系依据:造血系细胞不表达上皮受体EGFR。阴性判据用绝对表达值而非排名,negative,expression_suitability,low_expression,https://www.cellosaurus.org/CVCL_0004;https://pubmed.ncbi.nlm.nih.gov/17498200/;https://pmc.ncbi.nlm.nih.gov/articles/PMC11159318/,Cellosaurus confirms the identity and haematopoietic lineage of K-562. An independent comparative study reported very low cell-surface EGFR measurements relative to the EGFR-high A431 control.,yes,Suitable as an EGFR low-expression negative control. The local DepMap RNA value is used only as a consistency check.
ERBB2,ACH-000427,NCI-N87,gastric,Gastric Cancer,top_k_union+existing_gold,B0_rna_mean;A0_team_baseline;A1a_no_direct_protein;A1b_no_protein_evidence;A4_adaptive_trust,1,0.8523795144850833,1,4.1010104809769645,4.134906530327569,3,TRUE,TRUE,TRUE,TRUE,MIXED: MUTATION + FUSION,0.7,DISCONTINUED:KCLB; CAUTION,2,0.9585193399406541,1,0.9756301122151343,1,0.9631859141973305,2,0.964741439,1,0.9756301122151343,positive,amplification,yes,Cellosaurus CVCL_1603 ERBB2-amplified gastric + PMID:40642068;DepMap RNA rank 3/1412(top 0.1%);accessed 2026-08-16,"rank 3/1412 top 0.1%; 扩增型,DepMap突变表No rows found属预期",positive,both,gene_amplification;protein_expression,https://www.cellosaurus.org/CVCL_1603;https://pmc.ncbi.nlm.nih.gov/articles/PMC5891184/,Cellosaurus confirms the NCI-N87 identity and DepMap accession. An independent gastric cancer study reported remarkably high ERBB2 copy number and experimentally detected total and phosphorylated HER2 protein by western blotting in this cell line.,yes,Suitable as a gastric-cancer positive reference for both the ERBB2 amplification and HER2 protein-expression benchmarks. Cellosaurus is used for identity confirmation only.
ERBB2,ACH-000679,OE19,esophagus,Esophageal Cancer,top_k_union,B0_rna_mean;A0_team_baseline;A1a_no_direct_protein;A1b_no_protein_evidence;A4_adaptive_trust,1,0.8523795144850833,1,4.375137192628372,,2,TRUE,TRUE,FALSE,FALSE,FUSION,0.95,NO_GROWTH_PATTERN,1,1,4,0.925,4,0.9249999999999999,1,0.9766666666666666,4,0.925,,,,,,unknown,unassigned,,,,no,
ERBB2,ACH-000117,EFM-192A,breast,Breast Cancer,top_k_union,B0_rna_mean;A0_team_baseline;A1a_no_direct_protein;A1b_no_protein_evidence;A4_adaptive_trust,2,0.8523795144850833,1,3.872654977484764,3.482377458304126,3,TRUE,TRUE,TRUE,TRUE,NO ALTERATION,0.8,SLOW_GROWTH:148h; NO_GROWTH_PATTERN,4,0.9239647467163127,3,0.9287632966755137,2,0.934635953,3,0.9353700347088658,3,0.9287632966755137,,,,,,unknown,unassigned,,,,no,
ERBB2,ACH-000481,NCI-H2170,lung,Lung Cancer,top_k_union,B0_rna_mean;A0_team_baseline;A1a_no_direct_protein;A1b_no_protein_evidence;A4_adaptive_trust,2,0.8523795144850833,1,3.863371941532406,4.035563217698208,3,TRUE,TRUE,TRUE,TRUE,FUSION,0.9,NO_GROWTH_DATA,5,0.9225600442838546,2,0.9506830447279575,3,0.9318178937717505,4,0.9341760376412764,2,0.9506830447279575,,,,,,unknown,unassigned,,,,no,
ERBB2,ACH-001393,SUM190PT,breast,Breast Cancer,top_k_union,B0_rna_mean;A1a_no_direct_protein;A1b_no_protein_evidence,3,0.8523795144850833,1,4.051044542516575,,1,TRUE,FALSE,FALSE,FALSE,NO ALTERATION,0.85,SLOW_GROWTH:310h,3,0.9509585294842938,11,0.8701897500616499,10,0.8701897500616498,8,0.9116480833949832,11,0.8701897500616499,,,,,,unknown,unassigned,,,,no,
ERBB2,ACH-000828,ZR-75-30,breast,Breast Cancer,top_k_union,B0_rna_mean;A0_team_baseline;A1a_no_direct_protein;A1b_no_protein_evidence;A4_adaptive_trust,5,0.8523795144850833,1,3.8538067789907178,,3,TRUE,TRUE,TRUE,FALSE,FUSION,0.85,SLOW_GROWTH:110h,6,0.921112651,10,0.871070753,9,0.871070753,5,0.932945753,10,0.871070753,,,,,,unknown,unassigned,,,,no,
ERBB2,ACH-000859,HCC1954,breast,Breast Cancer,top_k_union,B0_rna_mean;A0_team_baseline;A1a_no_direct_protein;A1b_no_protein_evidence;A4_adaptive_trust,5,0.8523795144850833,1,3.7045005021047843,2.8999675315222913,3,TRUE,TRUE,TRUE,TRUE,FUSION,1,,7,0.8985197304730052,7,0.8869215969118456,5,0.9107617515698089,6,0.9137417709020543,7,0.8869215969118456,,,,,,unknown,unassigned,,,,no,
ERBB2,ACH-000917,TE-4,esophagus,Esophageal Cancer,top_k_union,B0_rna_mean;A0_team_baseline;A1a_no_direct_protein;A4_adaptive_trust,5,0.8523795144850833,1,3.649115953,3.864729017000742,2,TRUE,TRUE,FALSE,TRUE,NO ALTERATION,0.85,NO_GROWTH_DATA; NO_GROWTH_PATTERN,9,0.8901389797027981,5,0.9119399775401911,7,0.890857869,14,0.8832847994140449,5,0.9119399775401911,,,,,,unknown,unassigned,,,,no,
ERBB2,ACH-000678,MKN7,gastric,Gastric Cancer,top_k_union,B0_rna_mean;A0_team_baseline;A1a_no_direct_protein;A1b_no_protein_evidence;A4_adaptive_trust,6,0.8523795144850833,1,3.643982110549146,3.1481096782251248,3,TRUE,TRUE,TRUE,TRUE,FUSION,0.5,DISCONTINUED:JCRB; SLOW_GROWTH:66h; NO_GROWTH_PATTERN; CAUTION,10,0.8893621302802516,6,0.8944993641593355,6,0.9046846500072273,9,0.9059578107382138,6,0.8944993641593355,,,,,,unknown,unassigned,,,,no,
ERBB2,ACH-000930,HCC1569,breast,Breast Cancer,top_k_union,B0_rna_mean;A1b_no_protein_evidence,7,0.8523795144850833,1,3.7007460028588084,,3,TRUE,TRUE,TRUE,FALSE,NO ALTERATION,1,,8,0.8979516023034545,13,0.8513838619579364,13,0.8513838619579364,7,0.9132588619579364,13,0.8513838619579364,,,,,,unknown,unassigned,,,,no,
ERBB2,ACH-000248,AU565,breast,Breast Cancer,top_k_union,A1a_no_direct_protein,8,0.8523795144850833,1,3.469121527067351,2.647109724198549,3,TRUE,TRUE,TRUE,TRUE,NO ALTERATION,1,,14,0.8629023505036244,12,0.8561634551563342,8,0.8804332709534421,13,0.8834669979280807,12,0.8561634551563342,,,,,,unknown,unassigned,,,,no,
ERBB2,ACH-000809,KYSE-410,esophagus,Esophageal Cancer,top_k_union,A0_team_baseline;A4_adaptive_trust,8,0.8523795144850833,1,3.4062638386249366,3.670721493187352,2,TRUE,TRUE,FALSE,TRUE,NO ALTERATION,1,,15,0.85339077,8,0.8828884109315054,11,0.8593098317262267,19,0.8520488207935533,8,0.8828884109315054,,,,,,unknown,unassigned,,,,no,
ERBB2,ACH-000755,HCC2218,breast,Breast Cancer,top_k_union,A0_team_baseline;A4_adaptive_trust,9,0.8523795144850833,1,3.267717954465931,3.5526910038250756,3,TRUE,TRUE,TRUE,TRUE,NO ALTERATION,0.85,SLOW_GROWTH:120h,18,0.8324261043928802,9,0.8791569353666383,12,0.8544772249292781,16,0.8575621887339482,9,0.8791569353666383,,,,,,unknown,unassigned,,,,no,
ERBB2,ACH-000277,HCC1419,breast,Breast Cancer,top_k_union,A1b_no_protein_evidence,10,0.8523795144850833,1,3.5870368894553324,,3,TRUE,TRUE,TRUE,FALSE,FUSION,0.8,SLOW_GROWTH:161h; NO_GROWTH_PATTERN,11,0.8807452197137229,14,0.8367584367566645,14,0.8367584367566644,10,0.8986334367566644,14,0.8367584367566645,,,,,,unknown,unassigned,,,,no,
ERBB2,ACH-000017,SK-BR-3,breast,Breast Cancer,existing_gold,,18,0.8523795144850833,1,3.2564887576343438,,3,TRUE,TRUE,TRUE,FALSE,NO ALTERATION,0.7,DISCONTINUED:RCB; TKG; CAUTION,21,0.8307269102731082,19,0.7942428737321421,19,0.794242874,18,0.856117874,19,0.7942428737321421,positive,amplification,yes,Cellosaurus CVCL_0033 ERBB2 amplification + PMID：23033967;DepMap RNA rank 17/1412(top 1.1%); accessed 2026-08-16,rank 17/1412 top 1.1%; 扩增型,positive,both,gene_amplification;protein_expression,https://www.cellosaurus.org/CVCL_0033;https://pubmed.ncbi.nlm.nih.gov/19443566/,Cellosaurus confirms the SK-BR-3 identity and DepMap accession. An independent quantitative study demonstrated ERBB2 gene amplification by FISH and high HER2 protein production by immunohistochemistry in this cell line.,yes,Suitable as a strong positive reference for both the ERBB2 amplification and HER2 protein-expression benchmarks. Cellosaurus is used for identity confirmation only.
ERBB2,ACH-000927,BT-474,breast,Breast Cancer,existing_gold,,20,0.8523795144850833,1,3.052595827167604,,3,TRUE,TRUE,TRUE,FALSE,NO ALTERATION,0.55,DISCONTINUED:ATCC; SLOW_GROWTH:82h; CAUTION,22,0.7998739762914326,22,0.7680178798477179,22,0.7680178798477177,20,0.8298928798477178,22,0.7680178798477179,positive,amplification,yes,Cellosaurus CVCL_0179(BT-474) amplification; DepMap RNA rank 19/1412(top 1.3%);accessed 2026-08-16,rank 19/1412 top 1.3%; 扩增型,positive,both,gene_amplification;protein_expression,https://www.cellosaurus.org/CVCL_0179;https://pmc.ncbi.nlm.nih.gov/articles/PMC3665943/,Cellosaurus confirms the BT-474 identity and DepMap accession. An independent study demonstrated HER2 protein overexpression using antibody-based detection and confirmed ERBB2 gene amplification by FISH in this cell line.,yes,"Suitable for both the ERBB2 amplification and HER2 protein-expression benchmarks. Cellosaurus is used for identity confirmation only, and internal RNA or protein ranks are not used as external labels."
ESR1,ACH-001395,SUM44PE,breast,Breast Cancer,top_k_union,B0_rna_mean;A0_team_baseline;A1a_no_direct_protein;A1b_no_protein_evidence;A4_adaptive_trust,1,,0.6,6.799609771156086,,1,TRUE,FALSE,FALSE,FALSE,NO ALTERATION,0.85,SLOW_GROWTH:85h,1,1,1,0.9118750000000001,1,0.911875,1,0.9533333333333334,1,0.9118750000000001,,,,,,unknown,unassigned,,,,no,
ESR1,ACH-000349,HCC1500,breast,Breast Cancer,top_k_union,B0_rna_mean;A0_team_baseline;A1a_no_direct_protein;A1b_no_protein_evidence;A4_adaptive_trust,2,,0.6,5.426896875992516,,3,TRUE,TRUE,TRUE,FALSE,FUSION,1,,3,0.8303275194209375,2,0.793903392,2,0.7939033915077969,2,0.8557783915077969,2,0.793903392,,,,,,unknown,unassigned,,,,no,
ESR1,ACH-001358,MDA-MB-330,breast,Breast Cancer,top_k_union,B0_rna_mean;A0_team_baseline;A1a_no_direct_protein;A1b_no_protein_evidence;A4_adaptive_trust,2,,0.6,5.556320944335773,,1,FALSE,TRUE,FALSE,FALSE,NO ALTERATION,1,,2,0.8463248214057912,4,0.7812510981949227,4,0.7812510981949226,4,0.8227094315282559,4,0.7812510981949227,,,,,,unknown,unassigned,,,,no,
ESR1,ACH-000044,MDA-MB-134-VI,breast,Breast Cancer,top_k_union,B0_rna_mean;A0_team_baseline;A1a_no_direct_protein;A1b_no_protein_evidence;A4_adaptive_trust,3,,0.6,5.373997088915737,,3,TRUE,TRUE,TRUE,FALSE,NO ALTERATION,0.85,SLOW_GROWTH:118h,4,0.8237889066294027,3,0.7883455706349924,3,0.7883455706349923,3,0.8502205706349923,3,0.7883455706349924,,,,,,unknown,unassigned,,,,no,
ESR1,ACH-000019,MCF-7,breast,Breast Cancer,top_k_union+existing_gold,B0_rna_mean;A0_team_baseline;A1a_no_direct_protein;A1b_no_protein_evidence;A4_adaptive_trust,5,,0.6,4.904009167909126,,3,TRUE,TRUE,TRUE,FALSE,FUSION,0.7,DISCONTINUED:JCRB; CAUTION,5,0.7656966306113457,5,0.7389671360196439,5,0.7389671360196439,5,0.8008421360196439,5,0.7389671360196439,positive,receptor_status,yes,Cellosaurus CVCL_0031 ER-positive + PMID:3986805; DepMap RNA rank 7/1412(top 0.4%);accessed 2026-08-16,rank 7/1412 top 0.4%,positive,expression_suitability,protein_expression,https://www.cellosaurus.org/CVCL_0031;https://pmc.ncbi.nlm.nih.gov/articles/PMC2668600/,Cellosaurus confirms the MCF-7 identity and DepMap accession. An independent immunoblot study experimentally detected ER-alpha protein and classified MCF-7 as an ER-alpha-positive breast cancer cell line.,yes,Suitable as an ESR1 expression-positive reference. The external label is based on experimentally detected ER-alpha protein rather than the internal RNA rank.
ESR1,ACH-000352,HCC1428,breast,Breast Cancer,top_k_union,B0_rna_mean;A0_team_baseline;A1a_no_direct_protein;A1b_no_protein_evidence;A4_adaptive_trust,6,,0.6,4.868956810606962,,3,TRUE,TRUE,TRUE,FALSE,FUSION,0.8,SLOW_GROWTH:88h; NO_GROWTH_PATTERN,6,0.7613640273156704,6,0.735284423,6,0.7352844232183199,6,0.7971594232183199,6,0.735284423,,,,,,unknown,unassigned,,,,no,
ESR1,ACH-000330,EFM-19,breast,Breast Cancer,top_k_union,B0_rna_mean;A0_team_baseline;A1a_no_direct_protein;A1b_no_protein_evidence;A4_adaptive_trust,7,,0.6,4.794423157809137,,3,TRUE,TRUE,TRUE,FALSE,NO ALTERATION,0.95,NO_GROWTH_PATTERN,7,0.7521513872935786,7,0.7274536791995418,7,0.7274536791995417,7,0.7893286791995417,7,0.7274536791995418,,,,,,unknown,unassigned,,,,no,
ESR1,ACH-000147,T-47D,breast,Breast Cancer,top_k_union+existing_gold,B0_rna_mean;A0_team_baseline;A1a_no_direct_protein;A1b_no_protein_evidence;A4_adaptive_trust,8,,0.6,4.395535283798488,,3,TRUE,TRUE,TRUE,FALSE,NO ALTERATION,1,,8,0.7028473446967973,8,0.6855452429922778,8,0.6855452429922777,8,0.7474202429922777,8,0.6855452429922778,positive,receptor_status,yes,Cellosaurus CVCL_0553 ER-positive + PMID:7388945;DepMap RNA rank 6/1412(top 0.4%); accessed 2026-08-16,rank 6/1412 top 0.4%,positive,expression_suitability,protein_expression,https://www.cellosaurus.org/CVCL_0553;https://pmc.ncbi.nlm.nih.gov/articles/PMC2668600/,Cellosaurus confirms the T-47D identity and DepMap accession. An independent immunoblot study experimentally detected ER-alpha protein and classified T-47D as an ER-alpha-positive breast cancer cell line.,yes,Suitable as an ESR1 expression-positive reference. The external label is based on experimentally detected ER-alpha protein rather than the internal RNA rank.
ESR1,ACH-000818,BT-483,breast,Breast Cancer,top_k_union,B0_rna_mean;A0_team_baseline;A1a_no_direct_protein;A1b_no_protein_evidence;A4_adaptive_trust,9,,0.6,4.304231101491664,,3,TRUE,TRUE,TRUE,FALSE,NO ALTERATION,0.85,SLOW_GROWTH:140h,9,0.6915618041050076,9,0.6759525334892565,9,0.6759525334892564,9,0.7378275334892564,9,0.6759525334892565,,,,,,unknown,unassigned,,,,no,
ESR1,ACH-000961,Ishikawa (Heraklio) 02 ER-,uterus,Endometrial/Uterine Cancer,top_k_union,B0_rna_mean;A0_team_baseline;A1a_no_direct_protein;A1b_no_protein_evidence;A4_adaptive_trust,10,,0.6,4.220753908189801,,2,TRUE,TRUE,FALSE,FALSE,NO ALTERATION,0.6,DISCONTINUED:ECACC; NO_GROWTH_DATA; NO_GROWTH_PATTERN,10,0.6812437088141367,10,0.6540571524920161,10,0.6540571524920161,10,0.7057238191586828,10,0.6540571524920161,,,,,,unknown,unassigned,,,,no,
ESR1,ACH-000768,MDA-MB-231,breast,Breast Cancer,existing_gold,,350,,0.6,-0.056725432,,3,TRUE,TRUE,TRUE,FALSE,NO ALTERATION,0.7,DISCONTINUED:CLS; CAUTION,438,0.15253116245593787,380,0.21777648808754718,380,0.21777648808754715,350,0.27965148808754714,380,0.21777648808754718,negative,no_expression,yes,Cellosaurus CVCL_0062: triple-negative breast adenocarcinoma (三阴性定义即包含ER阴性); DepMap RNA 0.12 log2(TPM+1); accessed 2026-08-16,"表型定义依据。排名747/1412因大量细胞系并列为0而失真,按绝对值判定",negative,expression_suitability,low_expression,https://www.cellosaurus.org/CVCL_0062;https://pmc.ncbi.nlm.nih.gov/articles/PMC2668600/,Cellosaurus confirms the MDA-MB-231 identity and DepMap accession. An independent immunoblot study reported that ER-alpha protein was undetectable in MDA-MB-231 while it was detected in the ER-alpha-positive MCF-7 and T-47D controls.,yes,Suitable as an ESR1 low-expression negative reference. The negative judgement is supported by direct protein measurement and is not inferred solely from its triple-negative breast cancer classification or internal RNA value.
AR,ACH-000115,VCaP,prostate,Prostate Cancer,top_k_union+existing_gold,B0_rna_mean;A0_team_baseline;A1a_no_direct_protein;A1b_no_protein_evidence;A4_adaptive_trust,1,0.8093101893031815,1,6.450244072105214,3.523939765721998,3,TRUE,TRUE,TRUE,TRUE,NO ALTERATION,0.85,SLOW_GROWTH:90h,1,1,1,1,1,1,1,1,1,1,positive,amplification,yes,Cellosaurus CVCL_2235 AR-amplified prostate + PMID:34473519; DepMap RNA rank 1/1412(top 0.0%);accessed 2026-08-16,rank 1/1412 top 0.0%; ID已修正(原ACH-000926错误),positive,both,gene_amplification;protein_expression,https://www.cellosaurus.org/CVCL_2235;https://pmc.ncbi.nlm.nih.gov/articles/PMC8745706/;https://pmc.ncbi.nlm.nih.gov/articles/PMC4909395/,"Cellosaurus confirms the VCaP identity and DepMap accession. An independent droplet-digital PCR study confirmed high-level AR gene amplification in VCaP, while a separate study experimentally detected AR protein by western blotting.",yes,Suitable for both the AR amplification and AR protein-expression benchmarks. The positive judgement is supported by independent gene-copy and protein measurements.
AR,ACH-000956,22Rv1,prostate,Prostate Cancer,top_k_union,B0_rna_mean;A0_team_baseline;A1a_no_direct_protein;A1b_no_protein_evidence;A4_adaptive_trust,2,0.8093101893031815,1,4.809277928991322,3.370319737458557,3,TRUE,TRUE,TRUE,TRUE,MIXED: MUTATION + FUSION,1,,2,0.7835045726769926,2,0.8648979874483841,2,0.8089904438221664,2,0.8159788867754437,2,0.8648979874483841,,,,,,unknown,unassigned,,,,no,
AR,ACH-000977,LNCaP clone FGC,prostate,Prostate Cancer,top_k_union+existing_gold,B0_rna_mean;A0_team_baseline;A1a_no_direct_protein;A1b_no_protein_evidence;A4_adaptive_trust,3,0.8093101893031815,1,4.802025687,2.4935625863865485,2,TRUE,TRUE,FALSE,TRUE,MUTATION,1,,3,0.7825477722369467,3,0.8060606274369342,3,0.8014663176820433,3,0.7918322730680714,3,0.8060606274369342,positive,mutation_dependency,yes,DepMap Portal ACH-000977 Mutations tab: AR p.T877A; https://depmap.org/portal/cell_line/ACH-000977; DepMap RNA rank 3/1412 (top 0.1%); accessed 2026-08-16,证据类型由receptor_status改为mutation_dependency: Cellosaurus/DepMap记录的是AR点突变而非单纯受体状态,positive,both,activating_mutation;protein_expression,https://www.cellosaurus.org/CVCL_1379;https://pubmed.ncbi.nlm.nih.gov/24100013/,Cellosaurus confirms the LNCaP clone FGC identity and records the hemizygous AR p.Thr878Ala variant. An independent functional study characterized the historically named T877A variant as a nuclear-import gain-of-function mutation and experimentally detected endogenous AR protein in LNCaP cells.,yes,Suitable for both the activating-alteration and AR protein-expression benchmarks. AR p.Thr878Ala and the historical T877A designation refer to the same variant under different numbering conventions.
AR,ACH-000725,HCC202,breast,Breast Cancer,top_k_union,B0_rna_mean;A0_team_baseline;A1a_no_direct_protein;A1b_no_protein_evidence;A4_adaptive_trust,4,0.8093101893031815,1,3.879803864,,3,TRUE,TRUE,TRUE,FALSE,NO ALTERATION,0.85,SLOW_GROWTH:212h,5,0.6608774936420826,5,0.6498708695957702,5,0.6498708695957702,4,0.7117458695957702,5,0.6498708695957702,,,,,,unknown,unassigned,,,,no,
AR,ACH-000910,MDA-MB-453,breast,Breast Cancer,top_k_union,B0_rna_mean;A0_team_baseline;A1a_no_direct_protein;A1b_no_protein_evidence;A4_adaptive_trust,4,0.8093101893031815,1,3.797482680493397,3.2790193242568915,3,TRUE,TRUE,TRUE,TRUE,MUTATION,0.85,SLOW_GROWTH:61h,7,0.6500167212632638,4,0.7817721901993211,4,0.6911916449129818,6,0.7025142130737743,4,0.7817721901993211,,,,,,unknown,unassigned,,,,no,
AR,ACH-000952,MDA-PCa-2b,prostate,Prostate Cancer,top_k_union,B0_rna_mean;A0_team_baseline;A1a_no_direct_protein;A1b_no_protein_evidence;A4_adaptive_trust,4,0.8093101893031815,1,3.9821032211348175,,2,TRUE,TRUE,FALSE,FALSE,MUTATION,0.85,SLOW_GROWTH:73h,4,0.67437402,6,0.648217917,6,0.648217917,7,0.6998845838086336,6,0.648217917,,,,,,unknown,unassigned,,,,no,
AR,ACH-001819,MFM-223,breast,Breast Cancer,top_k_union,B0_rna_mean;A0_team_baseline;A1a_no_direct_protein;A1b_no_protein_evidence;A4_adaptive_trust,5,0.8093101893031815,1,3.8024328947070116,,3,TRUE,TRUE,TRUE,FALSE,NO ALTERATION,0.85,SLOW_GROWTH:168h,6,0.650669811,7,0.6411943396582637,7,0.6411943396582636,5,0.7030693396582636,7,0.6411943396582637,,,,,,unknown,unassigned,,,,no,
AR,ACH-000755,HCC2218,breast,Breast Cancer,top_k_union,A0_team_baseline;A1a_no_direct_protein;A4_adaptive_trust,8,0.8093101893031815,1,2.811388309266675,1.407290083036748,3,TRUE,TRUE,TRUE,TRUE,NO ALTERATION,0.85,SLOW_GROWTH:120h,18,0.5199196298787742,8,0.6089519714063168,9,0.5895002159670496,14,0.5919316853969581,8,0.6089519714063168,,,,,,unknown,unassigned,,,,no,
AR,ACH-000783,CAMA-1,breast,Breast Cancer,top_k_union,B0_rna_mean;A0_team_baseline;A1a_no_direct_protein;A1b_no_protein_evidence;A4_adaptive_trust,8,0.8093101893031815,1,3.402830769710024,,3,TRUE,TRUE,TRUE,FALSE,NO ALTERATION,0.85,SLOW_GROWTH:73h,8,0.5979496299174567,9,0.5963821854298382,8,0.5963821854298382,8,0.6582571854298382,9,0.5963821854298382,,,,,,unknown,unassigned,,,,no,
AR,ACH-000828,ZR-75-30,breast,Breast Cancer,top_k_union,B0_rna_mean;A1a_no_direct_protein;A1b_no_protein_evidence,9,0.8093101893031815,1,3.2259626433364006,,3,TRUE,TRUE,TRUE,FALSE,NO ALTERATION,0.85,SLOW_GROWTH:110h,9,0.5746151200863056,11,0.5765478520733598,10,0.5765478520733597,9,0.6384228520733597,11,0.5765478520733598,,,,,,unknown,unassigned,,,,no,
AR,ACH-000146,THP-1,blood,Leukemia,top_k_union,A0_team_baseline;A4_adaptive_trust,10,0.8093101893031815,1,2.544664555960532,1.3910016404061467,3,TRUE,TRUE,TRUE,TRUE,NO ALTERATION,0.95,CAUTION,33,0.4847303158325781,10,0.5874394457638821,13,0.5583895288425212,24,0.5620207684576913,10,0.5874394457638821,,,,,,unknown,unassigned,,,,no,
AR,ACH-000349,HCC1500,breast,Breast Cancer,top_k_union,B0_rna_mean;A1b_no_protein_evidence,10,0.8093101893031815,1,3.2090694082495763,,3,TRUE,TRUE,TRUE,FALSE,NO ALTERATION,1,,10,0.572386367,12,0.5746534120572224,11,0.5746534120572223,10,0.6365284120572223,12,0.5746534120572224,,,,,,unknown,unassigned,,,,no,
AR,ACH-000768,MDA-MB-231,breast,Breast Cancer,existing_gold,,541,0.8093101893031815,1,-0.397277146,,3,TRUE,TRUE,TRUE,FALSE,NO ALTERATION,0.7,DISCONTINUED:CLS; CAUTION,614,0.096594992,610,0.17023074287727213,610,0.17023074287727213,541,0.23210574287727215,610,0.17023074287727213,negative,no_expression,yes,Cellosaurus CVCL_0062: triple-negative breast adenocarcinoma; DepMap RNA 0.01 log2(TPM+1); accessed 2026-08-16,"AR阴性不属三阴性定义(三阴性指ER/PR/HER2),主要依据DepMap定量值近似0",unknown,expression_suitability,conflicting_expression,https://www.cellosaurus.org/CVCL_0062;https://pmc.ncbi.nlm.nih.gov/articles/PMC4021223/;https://pmc.ncbi.nlm.nih.gov/articles/PMC6418124/,"Cellosaurus confirms the MDA-MB-231 identity and DepMap accession. One independent western-blot study reported no detectable AR expression, whereas another detected a 110-kDa AR protein band and androgen-induced AR nuclear translocation in this cell line.",no,"Conflicting experimental evidence prevents classification as a reliable AR-negative reference. Exclude this entry from the verified benchmark until the source, passage and assay-dependent discrepancy is resolved."
MET,ACH-000356,MKN45,gastric,Gastric Cancer,top_k_union,B0_rna_mean;A0_team_baseline;A1a_no_direct_protein;A1b_no_protein_evidence;A4_adaptive_trust,1,0.8328680977941175,1,2.3662614194679126,2.645006320145764,3,TRUE,TRUE,TRUE,TRUE,FUSION,0.9,NO_GROWTH_PATTERN; CAUTION,5,0.9202430956950539,1,0.9422593596095264,3,0.9307705273024057,5,0.9322066313407958,1,0.9422593596095264,,,,,,unknown,unassigned,,,,no,
MET,ACH-000563,EBC-1,lung,Lung Cancer,top_k_union+existing_gold,B0_rna_mean;A0_team_baseline;A1a_no_direct_protein;A1b_no_protein_evidence;A4_adaptive_trust,1,0.8328680977941175,1,2.400304289291364,2.3142100948012563,3,TRUE,TRUE,TRUE,TRUE,NO ALTERATION,1,,4,0.927494198,3,0.9272741454107215,1,0.9371371880385098,4,0.9383700683669833,3,0.9272741454107215,positive,amplification,yes,Cellosaurus CVCL_2891 MET-amplified lung + PMID:36948240; DepMap RNA rank 2/1412(top 0.1%); accessed 2026-08-16,rank 2/1412 top 0.1%; ID已修正(原ACH-000439错误),positive,both,gene_amplification;protein_expression,https://www.cellosaurus.org/CVCL_2891;https://pmc.ncbi.nlm.nih.gov/articles/PMC6639226/;https://pubmed.ncbi.nlm.nih.gov/21208906/,Cellosaurus confirms the EBC-1 identity and DepMap accession. Independent studies identify EBC-1 as a MET-amplified lung cancer cell line and experimentally assessed MET protein by western blotting.,yes,Suitable for both the MET alteration and expression-suitability benchmarks. The label is supported by independent genomic and protein-level evidence.
MET,ACH-000616,Hs 746.T,gastric,Gastric Cancer,top_k_union+existing_gold,B0_rna_mean;A0_team_baseline;A1a_no_direct_protein;A1b_no_protein_evidence;A4_adaptive_trust,1,0.8328680977941175,1,2.717962921151329,,3,TRUE,TRUE,TRUE,FALSE,MIXED: MUTATION + FUSION,1,,2,0.995155217,2,0.934006935,2,0.9340069345359477,1,0.9958819345359478,2,0.934006935,positive,amplification,yes,Cellosaurus CVCL_0333 MET-amplified gastric + PMID:25504634; DepMap RNA rank 1/1412(top 0.0%); accessed 2026-08-16,rank 1/1412 top 0.0%; ID已修正(原ACH-000459错误),positive,both,gene_amplification;exon14_skipping;protein_expression,https://www.cellosaurus.org/CVCL_0333;https://pmc.ncbi.nlm.nih.gov/articles/PMC3719377/,"Cellosaurus confirms the Hs 746.T identity, DepMap accession and MET amplification. An independent sequencing study identified focal MET amplification, an intron-13 splice-site mutation, an exon-14-skipped transcript and high MET protein expression in this cell line.",yes,Suitable for both the MET alteration and expression-suitability benchmarks. The exon 14 skipping and amplification should be treated as distinct alteration evidence.
MET,ACH-001137,NCI-H1993,lung,Lung Cancer,top_k_union,B0_rna_mean;A0_team_baseline;A1a_no_direct_protein;A1b_no_protein_evidence;A4_adaptive_trust,1,0.8328680977941175,1,2.7407084713892123,,1,FALSE,FALSE,TRUE,FALSE,NO ALTERATION,0.95,NO_GROWTH_PATTERN,1,1,5,0.9118750000000001,4,0.911875,2,0.9533333333333334,5,0.9118750000000001,,,,,,unknown,unassigned,,,,no,
MET,ACH-000303,SNU-5,gastric,Gastric Cancer,top_k_union,B0_rna_mean;A0_team_baseline;A1a_no_direct_protein;A1b_no_protein_evidence;A4_adaptive_trust,3,0.8328680977941175,1,2.4136291202258042,,3,TRUE,TRUE,TRUE,FALSE,NO ALTERATION,0.95,NO_GROWTH_PATTERN,3,0.9303323757604408,6,0.8789075193963748,6,0.8789075193963747,3,0.9407825193963747,6,0.8789075193963748,,,,,,unknown,unassigned,,,,no,
MET,ACH-000383,OE33,esophagus,Esophageal Cancer,top_k_union,B0_rna_mean;A0_team_baseline;A1a_no_direct_protein;A1b_no_protein_evidence;A4_adaptive_trust,4,0.8328680977941175,1,2.1869631856165728,2.859566485877572,2,TRUE,TRUE,FALSE,TRUE,MUTATION,1,,8,0.882052724,4,0.9175809753714391,5,0.8821967925823867,8,0.8764114820976849,4,0.9175809753714391,,,,,,unknown,unassigned,,,,no,
MET,ACH-000325,SNU-620,gastric,Gastric Cancer,top_k_union,B0_rna_mean;A0_team_baseline;A1b_no_protein_evidence;A4_adaptive_trust,6,0.8328680977941175,1,2.193409396340407,,3,TRUE,TRUE,TRUE,FALSE,NO ALTERATION,0.95,NO_GROWTH_PATTERN,7,0.8834257614504398,9,0.8390368972328739,11,0.8390368972328739,6,0.9009118972328739,9,0.8390368972328739,,,,,,unknown,unassigned,,,,no,
MET,ACH-001497,ESO-51,esophagus,Esophageal Cancer,top_k_union,B0_rna_mean;A0_team_baseline;A1a_no_direct_protein;A1b_no_protein_evidence;A4_adaptive_trust,6,0.8328680977941175,1,2.3507280992634776,,1,TRUE,FALSE,FALSE,FALSE,NO ALTERATION,0.9,NO_GROWTH_DATA,6,0.9169345116730234,8,0.841269335,8,0.8412693349220699,7,0.8827276682554033,8,0.841269335,,,,,,unknown,unassigned,,,,no,
MET,ACH-000638,NCI-H441,lung,Lung Cancer,top_k_union,A0_team_baseline;A1a_no_direct_protein;A1b_no_protein_evidence;A4_adaptive_trust,7,0.8328680977941175,1,1.9251265360516427,1.961516452763441,3,TRUE,TRUE,TRUE,TRUE,NO ALTERATION,0.85,SLOW_GROWTH:80h,12,0.8262817398727096,7,0.8523873749636691,7,0.8523326365958223,10,0.8523394788918032,7,0.8523873749636691,,,,,,unknown,unassigned,,,,no,
MET,ACH-000029,HCC827 GR5,lung,Lung Cancer,top_k_union,B0_rna_mean;A1b_no_protein_evidence,9,0.8328680977941175,1,2.1099318719522087,,2,TRUE,TRUE,FALSE,FALSE,FUSION,0.95,NO_GROWTH_PATTERN,9,0.8656451195944512,12,0.8107983516552836,13,0.8107983516552835,9,0.8624650183219502,12,0.8107983516552836,,,,,,unknown,unassigned,,,,no,
MET,ACH-000484,VMRC-RCW,kidney,Kidney Cancer,top_k_union,B0_rna_mean;A0_team_baseline;A1a_no_direct_protein;A4_adaptive_trust,9,0.8328680977941175,1,1.9479718715799674,1.6592056045314354,2,TRUE,TRUE,FALSE,TRUE,FUSION,1,,10,0.8311477769537812,10,0.8220540285943463,9,0.8409843235422286,13,0.8331422770773806,10,0.8220540285943463,,,,,,unknown,unassigned,,,,no,
MET,ACH-000207,Detroit 562,upper_aerodigestive,Head and Neck Cancer,top_k_union,A1a_no_direct_protein,10,0.8328680977941175,1,1.8803612450195466,1.445427285383383,3,TRUE,TRUE,TRUE,TRUE,NO ALTERATION,0.7,DISCONTINUED:ATCC; NO_GROWTH_PATTERN,14,0.8167467708705224,11,0.8138564839847573,10,0.8408593917671455,11,0.8442347552399441,11,0.8138564839847573,,,,,,unknown,unassigned,,,,no,
MET,ACH-000551,K-562,blood,Leukemia,existing_gold,,1168,0.8328680977941175,1,-1.238867047,-1.587782806,3,TRUE,TRUE,TRUE,TRUE,NO ALTERATION,1,,1228,0.152353792,1174,0.2755375335413468,1168,0.27906036846574184,1203,0.27950072283129124,1174,0.2755375335413468,negative,no_expression,yes,"Cellosaurus CVCL_0004: haematopoietic lineage; DepMap RNA 1.90 log2(TPM+1), bottom 21.5%; accessed 2026-08-16","谱系依据:MET为上皮细胞受体。此条数值相对偏高,是五条阴性中最弱的一条",negative,expression_suitability,low_expression,https://www.cellosaurus.org/CVCL_0004;https://pmc.ncbi.nlm.nih.gov/articles/PMC3421954/,"Cellosaurus confirms the K-562 identity and DepMap accession. An independent study detected c-MET mRNA and low cell-surface c-MET in K-562, with lower surface expression than KU812.",yes,"Suitable only as a MET low-expression comparator, not as a complete MET-null control. Do not describe K-562 as entirely lacking MET expression."
ALB,ACH-000625,Hep 3B2.1-7,liver,Liver Cancer,top_k_union,B0_rna_mean;A0_team_baseline;A1a_no_direct_protein;A1b_no_protein_evidence;A4_adaptive_trust,1,,0.6,9.215530940216865,,3,TRUE,TRUE,TRUE,FALSE,NO ALTERATION,0.75,DISCONTINUED:RCB,1,1,1,0.9381250000000001,1,0.938125,1,1,1,0.9381250000000001,,,,,,unknown,unassigned,,,,no,
ALB,ACH-000734,JHH-5,liver,Liver Cancer,top_k_union,B0_rna_mean;A0_team_baseline;A1a_no_direct_protein;A1b_no_protein_evidence;A4_adaptive_trust,2,,0.6,8.781801114871039,,2,TRUE,TRUE,FALSE,FALSE,NO ALTERATION,0.7,DISCONTINUED:JCRB; NO_GROWTH_PATTERN,2,0.9563837963435117,2,0.887926227,2,0.8879262268919849,2,0.9395928935586515,2,0.887926227,,,,,,unknown,unassigned,,,,no,
ALB,ACH-000848,JHH-7,liver,Liver Cancer,top_k_union,B0_rna_mean;A0_team_baseline;A1a_no_direct_protein;A1b_no_protein_evidence;A4_adaptive_trust,3,,0.6,8.640050623193648,,2,TRUE,TRUE,FALSE,FALSE,NO ALTERATION,0.7,DISCONTINUED:JCRB; VIRUS:HBV; NO_GROWTH_PATTERN,3,0.9421292582598583,3,0.8758098695208796,3,0.8758098695208795,3,0.9274765361875461,3,0.8758098695208796,,,,,,unknown,unassigned,,,,no,
ALB,ACH-000475,HuH-1,liver,Liver Cancer,top_k_union,B0_rna_mean;A0_team_baseline;A1a_no_direct_protein;A1b_no_protein_evidence;A4_adaptive_trust,4,,0.6,8.352876408463226,,3,TRUE,TRUE,TRUE,FALSE,NO ALTERATION,1,VIRUS:HBV,4,0.9132507991301747,4,0.8643881792606486,4,0.8643881792606485,4,0.9262631792606485,4,0.8643881792606486,,,,,,unknown,unassigned,,,,no,
ALB,ACH-000480,Huh-7,liver,Liver Cancer,top_k_union,B0_rna_mean;A0_team_baseline;A1a_no_direct_protein;A1b_no_protein_evidence;A4_adaptive_trust,5,,0.6,8.334476721652402,,3,TRUE,TRUE,TRUE,FALSE,NO ALTERATION,0.95,NO_GROWTH_PATTERN,5,0.9114005125225692,5,0.8628154356441838,5,0.8628154356441837,5,0.9246904356441837,5,0.8628154356441838,,,,,,unknown,unassigned,,,,no,
ALB,ACH-001845,ICC5,bile_duct,Bile Duct Cancer,top_k_union,B0_rna_mean;A0_team_baseline;A1a_no_direct_protein;A1b_no_protein_evidence;A4_adaptive_trust,6,,0.6,7.726579551009585,,1,TRUE,FALSE,FALSE,FALSE,NO ALTERATION,0.85,SLOW_GROWTH:120h,6,0.8502699071374782,6,0.7846044210668566,6,0.7846044210668565,6,0.8260627544001898,6,0.7846044210668566,,,,,,unknown,unassigned,,,,no,
ALB,ACH-000143,HCC2429,lung,Lung Cancer,top_k_union,B0_rna_mean;A0_team_baseline;A1a_no_direct_protein;A1b_no_protein_evidence;A4_adaptive_trust,7,,0.6,7.352617928,,2,TRUE,TRUE,FALSE,FALSE,NO ALTERATION,0.85,NO_GROWTH_DATA; NO_GROWTH_PATTERN,7,0.8126640396673258,7,0.765764434,7,0.7657644337172269,7,0.8174311003838937,7,0.765764434,,,,,,unknown,unassigned,,,,no,
ALB,ACH-000739,Hep-G2,liver,Liver Cancer,top_k_union+existing_gold,B0_rna_mean;A0_team_baseline;A1a_no_direct_protein;A1b_no_protein_evidence;A4_adaptive_trust,8,,0.6,6.544727311860008,,3,TRUE,TRUE,TRUE,FALSE,NO ALTERATION,0.35,PROBLEMATIC:misclassified; DISCONTINUED:JCRB; RCB,10,0.7314219401720431,9,0.7098336491462367,9,0.7098336491462366,8,0.7717086491462366,9,0.7098336491462367,positive,tissue_specific,yes,PMID 6300044: Hep G2 secretes predominantly fully processed serum albumin; DepMap RNA rank 1/1412 (top 0.0%); accessed 2026-08-16,"文献证据为蛋白分泌层面,断言为RNA表达层面,同一生物学事实的不同测量层",positive,expression_suitability,protein_secretion,https://www.cellosaurus.org/CVCL_0027;https://www.sciencedirect.com/science/article/pii/S0021925818326814,Cellosaurus confirms the Hep-G2 identity and DepMap accession and classifies the cell line as hepatoblastoma rather than hepatocellular carcinoma. An independent study showed that untreated Hep-G2 cells secreted predominantly fully processed serum albumin.,yes,"Valid as an ALB secretion-positive reference, but not as a lineage-clean hepatocellular carcinoma model. Retain the Cellosaurus misclassification warning when interpreting disease-specific suitability."
ALB,ACH-001377,PaCaDD-137,pancreas,Pancreatic Cancer,top_k_union,B0_rna_mean;A0_team_baseline;A1a_no_direct_protein;A1b_no_protein_evidence;A4_adaptive_trust,8,,0.6,6.857601118266925,,1,TRUE,FALSE,FALSE,FALSE,NO ALTERATION,1,,8,0.7628847699374255,8,0.7103270544468118,8,0.7103270544468117,9,0.751785388,8,0.7103270544468118,,,,,,unknown,unassigned,,,,no,
ALB,ACH-001839,ICC13-7,bile_duct,Bile Duct Cancer,top_k_union,B0_rna_mean;A0_team_baseline;A1a_no_direct_protein;A1b_no_protein_evidence;A4_adaptive_trust,9,,0.6,6.8397476162249085,,1,TRUE,FALSE,FALSE,FALSE,NO ALTERATION,0.9,NO_GROWTH_DATA,9,0.7610894080887788,10,0.708800997,10,0.7088009968754619,10,0.7502593302087953,10,0.708800997,,,,,,unknown,unassigned,,,,no,
ALB,ACH-000551,K-562,blood,Leukemia,existing_gold,,109,,0.6,0.29198775239068825,,3,TRUE,TRUE,TRUE,FALSE,NO ALTERATION,1,,179,0.10264165783995732,129,0.1753704091639637,129,0.1753704091639637,109,0.23724540916396372,129,0.1753704091639637,negative,no_expression,yes,Cellosaurus CVCL_0004: haematopoietic lineage; DepMap RNA 0.11 log2(TPM+1); accessed 2026-08-16,"谱系依据:白蛋白由肝细胞分泌,造血系不表达",unknown,expression_suitability,insufficient_external_evidence,https://www.cellosaurus.org/CVCL_0004,"Cellosaurus confirms the K-562 identity and haematopoietic lineage, but the previous ALB-negative label relies on lineage and internal expression data. No independent direct evidence of absent or very low ALB RNA or protein expression was verified.",no,Exclude from the verified ALB benchmark until an independent assay directly demonstrates absent or very low ALB expression. Haematopoietic lineage alone is not sufficient negative evidence.
DES,ACH-001189,Rh30,soft_tissue,Sarcoma,top_k_union,B0_rna_mean;A0_team_baseline;A1a_no_direct_protein;A1b_no_protein_evidence;A4_adaptive_trust,1,0.258430153,0.32360442712023196,9.577938162,,2,FALSE,TRUE,TRUE,FALSE,NO ALTERATION,0.7,DISCONTINUED:DepMap; NO_GROWTH_PATTERN,1,1,1,0.925,1,0.9249999999999999,1,0.9766666666666666,1,0.925,,,,,,unknown,expression_suitability,duplicate_model,https://www.cellosaurus.org/CVCL_0041;https://depmap.org/portal/cell_line/ACH-000833,"Cellosaurus maps both DepMap ACH-001189 and ACH-000833 to the same Rh30 identity, CVCL_0041. DepMap also lists ACH-001189 as a related model of ACH-000833. This record is excluded from benchmark labelling to prevent duplicate credit for the same biological cell line.",no,Duplicate-model exclusion rather than a biological unknown or negative. Retain this row for audit purposes only and use ACH-000833 as the canonical Rh30 benchmark entry. Do not export ACH-001189 as a separate gold-standard record.
DES,ACH-000169,RD,soft_tissue,Sarcoma,top_k_union,B0_rna_mean;A0_team_baseline;A1a_no_direct_protein;A1b_no_protein_evidence;A4_adaptive_trust,2,0.258430153,0.32360442712023196,7.723520161839704,2.985858426,3,TRUE,TRUE,TRUE,TRUE,FUSION,0.75,DISCONTINUED:ATCC,4,0.8363840200865289,3,0.8858538556221527,4,0.8573653544237491,4,0.8609264170735496,2,0.9211812651178828,,,,,,positive,expression_suitability,protein_expression,https://www.cellosaurus.org/CVCL_1649;https://pmc.ncbi.nlm.nih.gov/articles/PMC3618045/,"Cellosaurus confirms the RD identity, rhabdomyosarcoma diagnosis and DepMap accession. An independent immunocytochemical study directly found RD cells positive for desmin protein expression.",yes,Suitable as a DES protein-expression positive reference. The candidate-pool ATCC discontinuation flag appears outdated and should not be used as evidence against biological suitability.
DES,ACH-000689,Rh18,soft_tissue,Sarcoma,top_k_union,B0_rna_mean;A0_team_baseline;A1a_no_direct_protein;A1b_no_protein_evidence;A4_adaptive_trust,2,0.258430153,0.32360442712023196,9.047039273902863,,3,TRUE,TRUE,TRUE,FALSE,NO ALTERATION,0.8,SLOW_GROWTH:68h; NO_GROWTH_PATTERN,2,0.9531585965101055,2,0.8983098070335898,2,0.8983098070335896,2,0.9601848070335897,3,0.8983098070335898,,,,,,positive,expression_suitability,protein_expression,https://www.cellosaurus.org/CVCL_1659;https://scholars.uthscsa.edu/en/publications/characterization-of-cell-lines-derived-from-xenografts-of-childho/,"Cellosaurus identifies Rh18 as CVCL_1659 and maps it to DepMap ACH-000689. The original characterization study of Rh10, Rh18 and Rh28 reported antibody reactivity to desmin and vimentin, directly supporting Desmin protein expression in Rh18.",yes,"Suitable as a DES protein-expression positive reference. The original study establishes antibody reactivity but does not quantify Desmin abundance. Rh18 has reported fusion-positive and fusion-negative variants, so this expression label must not be used to infer fusion status."
DES,ACH-000100,Rh41,soft_tissue,Sarcoma,top_k_union,B0_rna_mean;A0_team_baseline;A1a_no_direct_protein;A1b_no_protein_evidence;A4_adaptive_trust,3,0.258430153,0.32360442712023196,7.800804740521131,2.6177062884180593,3,TRUE,TRUE,TRUE,TRUE,MUTATION (HIGH-IMPACT),1,,3,0.8432028667940237,4,0.8725045080065816,3,0.8658964265989684,3,0.8667224367749201,4,0.8806989158570362,,,,,,positive,expression_suitability,rna_expression,https://www.cellosaurus.org/CVCL_2176;https://pmc.ncbi.nlm.nih.gov/articles/PMC5356880/,"Cellosaurus confirms the Rh41 identity, alveolar rhabdomyosarcoma diagnosis and DepMap accession. An independent qRT-PCR study directly measured DESMIN RNA expression in Rh41 cells.",yes,Suitable as a DES RNA-expression positive reference. The external study supports transcript expression but does not independently establish Desmin protein expression; the local proteomics value is retained only as a consistency check.
DES,ACH-000393,HLF,liver,Liver Cancer,top_k_union,A4_adaptive_trust,5,0.258430153,0.32360442712023196,-0.383140367,3.3681452289817164,3,TRUE,TRUE,TRUE,TRUE,NO ALTERATION,1,,1274,0.1211303899872922,26,0.4836641041175342,643,0.22000322111372184,689,0.25296083148919835,5,0.8106190364606742,,,,,,unknown,expression_suitability,insufficient_external_evidence,https://www.cellosaurus.org/CVCL_2947,"Cellosaurus confirms the HLF identity, adult hepatocellular carcinoma diagnosis and DepMap ACH-000393 mapping, but does not report a direct DES expression result. No independent study directly establishing Desmin positivity or negativity in HLF was verified.",no,Do not classify HLF as DES-negative from the low internal RNA value or as DES-positive from the local proteomics value. The discordant internal RNA and protein measurements make this a targeted validation case; exclude it from the gold standard until an independent DES assay is available.
DES,ACH-000833,Rh30,soft_tissue,Sarcoma,top_k_union,B0_rna_mean;A0_team_baseline;A1a_no_direct_protein;A1b_no_protein_evidence;A4_adaptive_trust,5,0.258430153,0.32360442712023196,6.936571793512299,2.2438002181960393,1,TRUE,FALSE,FALSE,TRUE,NO ALTERATION,0.75,DISCONTINUED:DepMap,8,0.7669512770750536,5,0.7838300272063229,5,0.7744912367005774,8,0.755241919,6,0.7954106742222423,,,,,,positive,expression_suitability,protein_expression,https://www.cellosaurus.org/CVCL_0041;https://www.proteinatlas.org/ENSG00000175084-DES/subcellular/Rh30,Cellosaurus identifies Rh30 as CVCL_0041 and maps it to DepMap ACH-000833. An independent Human Protein Atlas immunofluorescence assay detected Desmin protein in Rh30 cells with localization to intermediate filaments.,yes,Use ACH-000833 as the canonical Rh30 representation in the benchmark. Human Protein Atlas immunofluorescence provides direct protein-expression evidence independent of the local CCLE-Gygi protein score. ACH-001189 represents the same Cellosaurus cell line and should not be counted as a second independent positive.
DES,ACH-001802,LPS853,soft_tissue,Liposarcoma,top_k_union,B0_rna_mean;A0_team_baseline;A1a_no_direct_protein;A1b_no_protein_evidence;A4_adaptive_trust,5,0.258430153,0.32360442712023196,7.626412529,,1,TRUE,FALSE,FALSE,FALSE,NO ALTERATION,0.9,NO_GROWTH_DATA,5,0.8278161780148251,6,0.7655187513126014,6,0.7655187513126013,5,0.8069770846459347,8,0.7655187513126014,,,,,,unknown,expression_suitability,insufficient_external_evidence,https://www.cellosaurus.org/CVCL_V415,"Cellosaurus confirms the LPS853 identity, dedifferentiated liposarcoma diagnosis and DepMap ACH-001802 mapping, but does not report a direct DES expression result. No independent study directly establishing Desmin RNA or protein expression in LPS853 was verified.",no,"The high internal DES RNA value is derived from a single available RNA source and cannot serve as its own external benchmark label. Do not infer DES negativity from the liposarcoma diagnosis. Exclude this record from the gold standard until an independent qPCR, immunoblot, immunofluorescence or flow-cytometry result is available."
DES,ACH-002048,RMSYM,soft_tissue,Sarcoma,top_k_union,B0_rna_mean;A0_team_baseline;A1a_no_direct_protein;A1b_no_protein_evidence;A4_adaptive_trust,6,0.258430153,0.32360442712023196,7.609675303,,1,TRUE,FALSE,FALSE,FALSE,NO ALTERATION,0.5,NOT_IN_CELLOSAURUS,6,0.8263394464684549,7,0.7642635294981868,7,0.7642635294981867,6,0.805721863,9,0.7642635294981868,,,,,,positive,expression_suitability,protein_expression,https://www.cellosaurus.org/CVCL_A792;https://pmc.ncbi.nlm.nih.gov/articles/PMC1972520/,"Cellosaurus identifies RMS-YM, also named RMSYM, as CVCL_A792 and maps it to DepMap ACH-002048. The original cell-line characterization study directly reported expression of desmin and human myoglobin in RMS-YM.",yes,Suitable as a DES protein-expression positive reference. The original study establishes Desmin expression but does not provide a modern standardized abundance measurement. The candidate-pool NOT_IN_CELLOSAURUS risk flag is outdated because RMS-YM now has the Cellosaurus accession CVCL_A792.
DES,ACH-000524,Kuramochi,ovary,Ovarian Cancer,top_k_union,A4_adaptive_trust,7,0.258430153,0.32360442712023196,0.747683119,2.791716585248687,3,TRUE,TRUE,TRUE,TRUE,NO ALTERATION,0.95,NO_GROWTH_PATTERN,129,0.22090336066665964,23,0.5151067377900677,91,0.3124337306776025,103,0.33776785656666064,7,0.7664331331707531,,,,,,unknown,expression_suitability,insufficient_external_evidence,https://www.cellosaurus.org/CVCL_1345,"Cellosaurus confirms the Kuramochi identity, high-grade ovarian serous adenocarcinoma diagnosis and DepMap ACH-000524 mapping, but does not report a direct DES expression result. No independent study directly establishing Desmin RNA or protein expression in Kuramochi was verified.",no,"Do not classify Kuramochi as DES-positive from the local RNA and proteomics values, because those measurements are model inputs rather than independent benchmark evidence. Do not infer DES negativity from ovarian lineage. Exclude this record from the gold standard until an independent gene-specific qPCR, immunoblot, immunofluorescence or flow-cytometry result is available."
DES,ACH-001751,Rh36,soft_tissue,Sarcoma,top_k_union,B0_rna_mean;A0_team_baseline;A1a_no_direct_protein;A1b_no_protein_evidence,7,0.258430153,0.32360442712023196,7.212161015331135,,1,TRUE,FALSE,FALSE,FALSE,NO ALTERATION,0.9,NO_GROWTH_DATA,7,0.7912666151396708,8,0.7344516228687202,8,0.7344516228687201,7,0.7759099562020535,11,0.7344516228687202,,,,,,positive,expression_suitability,protein_expression,https://www.cellosaurus.org/CVCL_M599;https://pmc.ncbi.nlm.nih.gov/articles/PMC3094354/,"Cellosaurus confirms that Rh36 is CVCL_M599, maps it to DepMap ACH-001751 and identifies it as an embryonal rhabdomyosarcoma cell line. An independent study including Rh36 reported positive immunohistochemical staining for Desmin in xenografts generated from adherent and sphere-derived cells.",yes,"Suitable as a DES protein-expression positive reference. This candidate is particularly useful because the local candidate-pool record has RNA evidence but no local proteomics measurement, while independent immunohistochemistry demonstrates detectable Desmin protein. The study supports protein detectability but does not provide a standardized quantitative abundance value."
DES,ACH-001743,RMZ-RC2,soft_tissue,Sarcoma,top_k_union,B0_rna_mean;A0_team_baseline;A1a_no_direct_protein;A1b_no_protein_evidence,9,0.258430153,0.32360442712023196,6.872994560259593,,1,TRUE,FALSE,FALSE,FALSE,NO ALTERATION,1,,9,0.7613418344794763,9,0.709015559,9,0.7090155593075549,9,0.7504738926408883,14,0.709015559,,,,,,positive,expression_suitability,protein_expression,https://www.cellosaurus.org/CVCL_L510;https://pmc.ncbi.nlm.nih.gov/articles/PMC2001589/,"Cellosaurus confirms that RMZ-RC2 is CVCL_L510, maps it to DepMap ACH-001743 and identifies it as an alveolar rhabdomyosarcoma cell line derived as an RC2 subclone of RMZ. The original characterization study detected Desmin by immunofluorescence and reported that approximately 71.7% of RC2 cells expressed Desmin.",yes,"Suitable as a DES protein-expression positive reference. The candidate-pool record has RNA evidence but no local proteomics value, while independent immunofluorescence directly establishes Desmin protein expression. The reported percentage comes from cytocentrifuged preparations and should not be treated as a standardized proteomic abundance."
DES,ACH-000699,HCC1395,breast,Breast Cancer,top_k_union,A4_adaptive_trust,10,0.258430153,0.32360442712023196,0.071190132,2.8004442514986883,3,TRUE,TRUE,TRUE,TRUE,NO ALTERATION,0.85,SLOW_GROWTH:78h,361,0.16121613644132335,27,0.48045193301045647,285,0.25940254211293456,270,0.28703371597512484,10,0.7545661202270205,,,,,,unknown,expression_suitability,insufficient_external_evidence,https://www.cellosaurus.org/CVCL_1249;https://www.atcc.org/products/crl-2324,"Cellosaurus and ATCC confirm the identity of HCC1395 as CVCL_1249 and DepMap ACH-000699, a triple-negative breast cancer cell line. Neither source reports a direct DES expression result, and no independent gene-specific experiment directly establishing Desmin RNA or protein expression in HCC1395 was verified.",no,"The local candidate-pool record shows low RNA but high proteomics evidence for DES, creating a modality discrepancy that cannot be resolved using the model inputs themselves. Do not classify HCC1395 as positive from the local protein value or as negative from its breast lineage or low RNA value. Exclude it from the gold standard until an independent DES-specific assay is available."
DES,ACH-001096,JR,soft_tissue,Sarcoma,top_k_union,B0_rna_mean;A0_team_baseline;A1a_no_direct_protein;A1b_no_protein_evidence,10,0.258430153,0.32360442712023196,6.122674154023282,,1,TRUE,FALSE,FALSE,FALSE,NO ALTERATION,0.9,NO_GROWTH_DATA,10,0.6951407899901166,10,0.6527446714915992,10,0.6527446714915991,10,0.6942030048249325,23,0.6527446714915992,,,,,,positive,expression_suitability,protein_expression,https://www.cellosaurus.org/CVCL_RT33;https://pmc.ncbi.nlm.nih.gov/articles/PMC2593800/,"Cellosaurus identifies JR as CVCL_RT33, maps it to DepMap ACH-001096 and classifies it as an alveolar rhabdomyosarcoma cell line. An independent xenograft study explicitly reported that JR alveolar rhabdomyosarcoma tumors stained positive for Desmin and skeletal muscle-specific actin.",yes,Suitable as a DES protein-expression positive reference. JR CVCL_RT33 must not be confused with the distinct JR-1 CVCL_J063 embryonal rhabdomyosarcoma cell line. The independent evidence is Desmin immunohistochemistry in JR-derived xenograft tumors; it demonstrates protein detectability but not a standardized quantitative abundance.
AFP,ACH-000480,Huh-7,liver,Liver Cancer,top_k_union,B0_rna_mean;A0_team_baseline;A1a_no_direct_protein;A1b_no_protein_evidence;A4_adaptive_trust,1,0.4890621527619184,0.9693740277333713,10.68094374,5.218548255410471,3,TRUE,TRUE,TRUE,TRUE,NO ALTERATION,0.95,NO_GROWTH_PATTERN,1,1,1,1,1,1,1,1,1,1,,,,,,positive,expression_suitability,protein_expression,https://www.cellosaurus.org/CVCL_0336;https://pubmed.ncbi.nlm.nih.gov/2422726/,"Cellosaurus confirms that Huh-7 is CVCL_0336, maps it to DepMap ACH-000480 and identifies it as an adult hepatocellular carcinoma cell line. An independent flow-cytometry study described Huh-7 as an AFP-producing human hepatoma cell line and directly detected intracellular AFP using indirect immunofluorescence.",yes,Suitable as an AFP protein-expression positive reference. The study directly demonstrates intracellular AFP and discusses AFP production and secretion. The local RNA and proteomics values are retained only as consistency checks and are not used as the external benchmark label.
AFP,ACH-000633,Fu97,gastric,Gastric Cancer,top_k_union,B0_rna_mean;A0_team_baseline;A1a_no_direct_protein;A1b_no_protein_evidence;A4_adaptive_trust,2,0.4890621527619184,0.9693740277333713,10.48685001048269,,3,TRUE,TRUE,TRUE,FALSE,NO ALTERATION,0.7,DISCONTINUED:JCRB; NO_GROWTH_PATTERN,2,0.9841932414732103,3,0.9246892552522289,3,0.9246892552522288,2,0.9865642552522288,3,0.9246892552522289,,,,,,positive,expression_suitability,rna_expression;protein_expression,https://www.cellosaurus.org/CVCL_2908;https://pmc.ncbi.nlm.nih.gov/articles/PMC10375854/,"Cellosaurus confirms that Fu97 is CVCL_2908, maps it to DepMap ACH-000633 and identifies it as a gastric adenocarcinoma cell line that produces high levels of AFP. An independent study found significantly higher AFP expression in Fu97 than in comparator gastric cancer cell lines at both the mRNA and protein levels and confirmed cytoplasmic AFP by immunofluorescence.",yes,Suitable as a strong AFP expression-positive gastric cancer reference. The independent study directly measured AFP RNA and protein and confirmed its cellular localization. The absence of a local proteomics value represents missing internal coverage and does not contradict the external protein evidence. Local RNA values are retained only as consistency checks.
AFP,ACH-000848,JHH-7,liver,Liver Cancer,top_k_union,B0_rna_mean;A0_team_baseline;A1a_no_direct_protein;A1b_no_protein_evidence;A4_adaptive_trust,2,0.4890621527619184,0.9693740277333713,10.432597091426924,4.659259489560698,2,TRUE,TRUE,FALSE,TRUE,NO ALTERATION,0.7,DISCONTINUED:JCRB; VIRUS:HBV; NO_GROWTH_PATTERN,3,0.9797749492879015,2,0.9503097013075206,2,0.9675310396072501,3,0.959475374,2,0.9493427642207242,,,,,,positive,expression_suitability,protein_expression,https://www.cellosaurus.org/CVCL_2805;https://pubmed.ncbi.nlm.nih.gov/1707654/,"Cellosaurus confirms that JHH-7 is CVCL_2805, maps it to DepMap ACH-000848 and identifies it as an adult hepatocellular carcinoma cell line. The original characterization study reported that JHH-7 functionally synthesized and secreted AFP together with albumin, CEA and ferritin.",yes,Suitable as an AFP protein-expression positive reference. The original study directly establishes AFP synthesis and secretion. JHH-7 contains integrated incomplete HBV genomes but does not secrete HBsAg; this annotation does not invalidate the AFP expression label. Local RNA and proteomics values are retained only as consistency checks.
AFP,ACH-000734,JHH-5,liver,Liver Cancer,top_k_union,B0_rna_mean;A0_team_baseline;A1a_no_direct_protein;A1b_no_protein_evidence;A4_adaptive_trust,4,0.4890621527619184,0.9693740277333713,8.361209629807105,4.595712596942884,2,TRUE,TRUE,FALSE,TRUE,NO ALTERATION,0.7,DISCONTINUED:JCRB; NO_GROWTH_PATTERN,4,0.8110836568430831,4,0.8531935636485692,4,0.8224536146977708,4,0.8160877749832873,4,0.8549195384926513,,,,,,positive,expression_suitability,protein_expression,https://www.cellosaurus.org/CVCL_0364;https://cellbank.nibn.go.jp/~cellbank/en/search_res_det.cgi?ID=2134,"Cellosaurus confirms that JHH-5 is CVCL_0364, maps it to DepMap ACH-000734 and identifies it as an adult hepatocellular carcinoma cell line. The JCRB cell-bank record reports AFP at 110 ng/mL over 48 hours in the cell-culture supernatant, directly demonstrating AFP secretion.",yes,Suitable as an AFP protein-expression positive reference. The reported AFP concentration in culture supernatant provides direct quantitative secretion evidence. Distribution restrictions or discontinued-provider annotations do not invalidate the biological expression label. Local RNA and proteomics values are retained only as consistency checks.
AFP,ACH-000143,HCC2429,lung,Lung Cancer,top_k_union,B0_rna_mean;A0_team_baseline;A1a_no_direct_protein;A1b_no_protein_evidence;A4_adaptive_trust,5,0.4890621527619184,0.9693740277333713,7.787099524037775,,2,TRUE,TRUE,FALSE,FALSE,NO ALTERATION,0.85,NO_GROWTH_DATA; NO_GROWTH_PATTERN,5,0.7643288234078526,6,0.7246794998966747,6,0.7246794998966746,5,0.7763461665633413,6,0.7246794998966747,,,,,,unknown,expression_suitability,insufficient_external_evidence,https://www.cellosaurus.org/CVCL_5132,"Cellosaurus confirms that HCC2429 is CVCL_5132, maps it to DepMap ACH-000143 and identifies it as a lung non-small cell carcinoma and NUT carcinoma cell line. Cellosaurus does not report AFP expression, and no independent AFP-specific experiment directly establishing AFP RNA or protein expression in HCC2429 was verified.",no,"The local candidate-pool record contains high AFP RNA values but no protein measurement. These model inputs cannot be reused as an external benchmark label. Do not classify HCC2429 as AFP-positive until an independent AFP-specific qPCR, immunoblot, immunofluorescence or secretion assay is available."
AFP,ACH-000739,Hep-G2,liver,Liver Cancer,top_k_union,B0_rna_mean;A0_team_baseline;A1a_no_direct_protein;A1b_no_protein_evidence;A4_adaptive_trust,5,0.4890621527619184,0.9693740277333713,7.107554777604626,4.585734418794547,3,TRUE,TRUE,TRUE,TRUE,NO ALTERATION,0.35,PROBLEMATIC:misclassified; DISCONTINUED:JCRB; RCB,6,0.7089875202118531,5,0.8059735273750107,5,0.74502023,6,0.7526393921800751,5,0.8093959096985902,,,,,,positive,expression_suitability,protein_expression,https://www.cellosaurus.org/CVCL_0027;https://pubmed.ncbi.nlm.nih.gov/2990578/,"Cellosaurus confirms that Hep-G2 is CVCL_0027 and maps it to DepMap ACH-000739, while noting that the line is misclassified and is now considered hepatoblastoma rather than hepatocellular carcinoma. An independent pulse-chase and immunoisolation study directly demonstrated rapid secretion of alpha-fetoprotein by Hep-G2 cells.",yes,"Suitable as an AFP protein-expression positive reference, but not as an adult hepatocellular carcinoma-specific model. Reports must disclose that Hep-G2 is a hepatoblastoma-derived, historically misclassified cell line. Local RNA and proteomics values are used only as consistency checks."
AFP,ACH-000625,Hep 3B2.1-7,liver,Liver Cancer,top_k_union,B0_rna_mean;A0_team_baseline;A1a_no_direct_protein;A1b_no_protein_evidence;A4_adaptive_trust,7,0.4890621527619184,0.9693740277333713,5.675079124,1.8297358458345032,3,TRUE,TRUE,TRUE,TRUE,NO ALTERATION,0.75,DISCONTINUED:RCB,7,0.5923284335408143,7,0.6323189324538918,7,0.6511280311701588,7,0.6534791685096922,7,0.6312628464052098,,,,,,positive,expression_suitability,rna_expression;protein_expression,https://www.cellosaurus.org/CVCL_0326;https://pmc.ncbi.nlm.nih.gov/articles/PMC7473475/,"Cellosaurus confirms that Hep 3B2.1-7 is CVCL_0326 and maps it to DepMap ACH-000625. An independent study described Hep3B as expressing AFP at a high level and directly evaluated AFP using western blotting, ELISA and qRT-PCR.",yes,"Suitable as a strong AFP RNA- and protein-expression positive reference. The independent study directly measured AFP using three complementary assays. Hep 3B2.1-7 contains an integrated hepatitis B virus genome, which should be disclosed as biological context but does not invalidate the AFP-positive label. Local RNA and proteomics values are retained only as consistency checks."
AFP,ACH-000047,GCIY,gastric,Gastric Cancer,top_k_union,B0_rna_mean;A0_team_baseline;A1a_no_direct_protein;A1b_no_protein_evidence;A4_adaptive_trust,8,0.4890621527619184,0.9693740277333713,5.411007728170092,,1,FALSE,TRUE,FALSE,FALSE,NO ALTERATION,0.7,DISCONTINUED:RCB; NO_GROWTH_PATTERN,8,0.570822778,8,0.5470743613792031,10,0.5470743613792031,8,0.5885326947125364,8,0.5470743613792031,,,,,,positive,expression_suitability,rna_expression;protein_expression,https://www.cellosaurus.org/CVCL_1228;https://pmc.ncbi.nlm.nih.gov/articles/PMC8805175/,"Cellosaurus confirms that GCIY is CVCL_1228, maps it to DepMap ACH-000047 and identifies it as a gastric adenocarcinoma cell line that produces AFP. An independent study described abundant AFP expression in GCIY and directly evaluated AFP at the mRNA and protein levels using RT-qPCR and western blotting.",yes,Suitable as an AFP RNA- and protein-expression positive gastric cancer reference. The independent experimental study directly measured both expression modalities. The absence of a local proteomics value represents missing internal coverage and does not contradict the external protein evidence. Local RNA values are retained only as consistency checks.
AFP,ACH-000487,F-36P,blood,Leukemia,top_k_union,B0_rna_mean;A1a_no_direct_protein;A1b_no_protein_evidence,8,0.4890621527619184,0.9693740277333713,4.474219630060186,-0.186773634,3,TRUE,TRUE,TRUE,TRUE,NO ALTERATION,1,,10,0.494531887,13,0.4877345347290632,8,0.5611723741201406,9,0.5703521040440253,13,0.483611175,,,,,,unknown,expression_suitability,insufficient_external_evidence,https://www.cellosaurus.org/CVCL_2037;https://celldive.dsmz.de/celllines/F-36P,"Cellosaurus and DSMZ confirm that F-36P is CVCL_2037, maps to DepMap ACH-000487 and is an acute erythroid leukemia cell line. Neither source reports a direct AFP expression result, and no independent gene-specific experiment directly establishing AFP RNA or protein expression in F-36P was verified.",no,"The local candidate-pool record shows high AFP RNA but low proteomics evidence, creating a modality discrepancy that cannot be resolved using the model inputs themselves. Do not classify F-36P as AFP-positive from the local RNA value or as negative from its leukemia lineage or low protein value. Exclude it from the gold standard until an independent AFP-specific assay is available."
AFP,ACH-000003,Caco-2,colorectal,Colon/Colorectal Cancer,top_k_union,A0_team_baseline;A4_adaptive_trust,9,0.4890621527619184,0.9693740277333713,4.315283839928586,,3,TRUE,TRUE,TRUE,FALSE,NO ALTERATION,0.55,DISCONTINUED:Abcam; SLOW_GROWTH:70h; NO_GROWTH_PATTERN,12,0.481588348,9,0.4974750961158413,11,0.4974750961158413,11,0.5593500961158413,9,0.4974750961158413,,,,,,unknown,unassigned,,,,no,
AFP,ACH-000349,HCC1500,breast,Breast Cancer,top_k_union,A1a_no_direct_protein;A1b_no_protein_evidence,9,0.4890621527619184,0.9693740277333713,4.339358442478122,-0.214973856,3,TRUE,TRUE,TRUE,TRUE,NO ALTERATION,1,,11,0.483548955,14,0.48078473861930415,9,0.5521019591186048,10,0.5610166116810174,14,0.4767804467212057,,,,,,unknown,unassigned,,,,no,
AFP,ACH-001377,PaCaDD-137,pancreas,Pancreatic Cancer,top_k_union,B0_rna_mean,9,0.4890621527619184,0.9693740277333713,4.5754214016983905,,1,TRUE,FALSE,FALSE,FALSE,NO ALTERATION,1,,9,0.502773637,12,0.4892325915618958,12,0.48923259156189575,12,0.5306909248952291,12,0.4892325915618958,,,,,,unknown,unassigned,,,,no,
AFP,ACH-000833,Rh30,soft_tissue,Sarcoma,top_k_union,A0_team_baseline;A4_adaptive_trust,10,0.4890621527619184,0.9693740277333713,2.8906630951963774,2.201251449,1,TRUE,FALSE,FALSE,TRUE,NO ALTERATION,0.75,DISCONTINUED:DepMap,25,0.3655689559954913,10,0.4910862253696214,19,0.4263975250571027,26,0.4140669459295009,10,0.494718342,,,,,,unknown,unassigned,,,,no,
GFAP,ACH-000027,GOS-3,central_nervous_system,Brain Cancer,top_k_union,B0_rna_mean;A0_team_baseline;A1a_no_direct_protein;A1b_no_protein_evidence;A4_adaptive_trust,1,0.4672320364674756,0.9082497021089315,12.895449758310516,,2,TRUE,TRUE,FALSE,FALSE,FUSION,0.6,PROBLEMATIC:contaminated,1,1,2,0.925,2,0.9249999999999999,1,0.9766666666666666,2,0.925,,,,,,unknown,unassigned,,,,no,
GFAP,ACH-000622,KNS-42,central_nervous_system,Brain Cancer,top_k_union,B0_rna_mean;A0_team_baseline;A1a_no_direct_protein;A1b_no_protein_evidence;A4_adaptive_trust,1,0.4672320364674756,0.9082497021089315,12.69346374310776,3.7634482672941463,2,TRUE,TRUE,FALSE,TRUE,FUSION,1,,2,0.9863055882296232,1,0.9788295330849037,1,0.9747212095537906,2,0.9650264166618463,1,0.9795205895825599,,,,,,positive,expression_suitability,protein_expression,https://www.cellosaurus.org/CVCL_0378;https://www.jstage.jst.go.jp/article/nmc1959/27/7/27_7_581/_article,"Cellosaurus confirms that KNS-42 is CVCL_0378 and maps it to DepMap ACH-000622. The original characterization study directly detected GFAP in KNS-42, reporting expression in most cells under sparse-culture conditions and quantifying GFAP at 530 to 990 ng per mg of protein.",yes,"Suitable as a GFAP protein-expression positive reference. The original study provides direct immunochemical and quantitative protein evidence. GFAP abundance depended on cell density, so culture conditions should be disclosed when interpreting experimental suitability. Local RNA and proteomics values are retained only as consistency checks."
GFAP,ACH-000623,SNU-201,central_nervous_system,Brain Cancer,top_k_union,B0_rna_mean;A0_team_baseline;A1a_no_direct_protein;A1b_no_protein_evidence;A4_adaptive_trust,3,0.4672320364674756,0.9082497021089315,11.77927311476013,,2,TRUE,TRUE,FALSE,FALSE,FUSION,0.95,NO_GROWTH_PATTERN,3,0.9243245501431752,3,0.8606758676216989,3,0.8606758676216988,3,0.9123425342883655,3,0.8606758676216989,,,,,,unknown,expression_suitability,insufficient_external_evidence,https://www.cellosaurus.org/CVCL_5033,"Cellosaurus confirms that SNU-201 is CVCL_5033, maps it to DepMap ACH-000623 and identifies it as a glioblastoma cell line. The retained accessible source does not report a direct GFAP assay in SNU-201, and no independent cell-line-specific GFAP RNA or protein result was verified.",no,The local candidate-pool record contains high GFAP RNA values but no protein measurement. These internal model inputs cannot create an external benchmark label. Do not classify SNU-201 as GFAP-positive solely from its glioblastoma lineage or local RNA value. Exclude it from the gold standard until a direct cell-line-specific GFAP assay is verified.
GFAP,ACH-000232,U-251MG,central_nervous_system,Brain Cancer,top_k_union,B0_rna_mean;A0_team_baseline;A1a_no_direct_protein;A1b_no_protein_evidence;A4_adaptive_trust,4,0.4672320364674756,0.9082497021089315,9.351964407,,3,TRUE,TRUE,TRUE,FALSE,NO ALTERATION,0.7,DISCONTINUED:RCB; NO_GROWTH_PATTERN,4,0.7597559045835867,5,0.7339175188960487,5,0.7339175188960486,4,0.7957925188960486,5,0.7339175188960487,,,,,,unknown,expression_suitability,conflicting_expression_evidence,https://www.cellosaurus.org/CVCL_0021;https://pmc.ncbi.nlm.nih.gov/articles/PMC7868757/;https://aacrjournals.org/clincancerres/article/11/10/3624/186136/Proteins-and-Protein-Pattern-Differences-between,"Cellosaurus confirms that U-251MG is CVCL_0021 and maps it to DepMap ACH-000232. One independent study directly confirmed GFAP expression in U-251MG by western blotting, whereas another western blot study reported no detectable GFAP in U251, demonstrating conflicting cell-line-specific protein evidence.",no,"Do not use U-251MG as a stable GFAP positive or negative gold label. The conflicting results may reflect differences in cell stocks, passage history, culture conditions or assay sensitivity. It remains a useful condition-dependent audit case, but should be excluded from formal metric calculation until the relevant stock and experimental conditions are specified."
GFAP,ACH-000479,KNS-81,central_nervous_system,Brain Cancer,top_k_union,B0_rna_mean;A0_team_baseline;A1a_no_direct_protein;A1b_no_protein_evidence;A4_adaptive_trust,4,0.4672320364674756,0.9082497021089315,8.728911772740634,3.352542014377563,2,TRUE,TRUE,FALSE,TRUE,NO ALTERATION,0.8,SLOW_GROWTH:82h; NO_GROWTH_PATTERN,5,0.7175136765085731,4,0.8003575958737947,4,0.7391050577692146,5,0.7365532916989539,4,0.8106608166728735,,,,,,positive,expression_suitability,protein_expression,https://www.cellosaurus.org/CVCL_2799;https://doi.org/10.1007/s12031-014-0362-z,Cellosaurus confirms that KNS-81 is CVCL_2799 and maps it to DepMap ACH-000479. An independent study directly immunostained cultured astrocytoma cell lines and reported GFAP immunoreactivity in KNS-81 cells.,yes,"Suitable as a GFAP protein-expression positive reference. The evidence is cell-line-specific and based on direct immunostaining of cultured KNS-81 cells. Its slow growth should be considered when assessing assay practicality, but does not invalidate the GFAP-positive biological label. Local RNA and proteomics values are retained only as consistency checks."
GFAP,ACH-000370,SNU-626,central_nervous_system,Brain Cancer,top_k_union,B0_rna_mean;A0_team_baseline;A1a_no_direct_protein;A1b_no_protein_evidence;A4_adaptive_trust,6,0.4672320364674756,0.9082497021089315,8.256350015,,2,TRUE,TRUE,FALSE,FALSE,NO ALTERATION,0.8,SLOW_GROWTH:92h; NO_GROWTH_PATTERN,6,0.6854745509670992,6,0.6576533683220344,6,0.6576533683220342,6,0.709320035,6,0.6576533683220344,,,,,,unknown,unassigned,,,,no,
GFAP,ACH-001164,CCLF-PEDS-0003-T,soft_tissue,Sarcoma,top_k_union,B0_rna_mean;A0_team_baseline;A1a_no_direct_protein;A1b_no_protein_evidence;A4_adaptive_trust,7,0.4672320364674756,0.9082497021089315,6.758448642419902,,1,TRUE,FALSE,FALSE,FALSE,NO ALTERATION,0.85,NO_GROWTH_DATA; NO_GROWTH_PATTERN,7,0.5839186181681706,7,0.5582058254429451,7,0.558205825,7,0.5996641587762783,7,0.5582058254429451,,,,,,unknown,unassigned,,,,no,
GFAP,ACH-000800,NCI-H446,lung,Lung Cancer,top_k_union,A0_team_baseline;A1a_no_direct_protein;A4_adaptive_trust,8,0.4672320364674756,0.9082497021089315,2.9650817395248916,2.110180144412626,2,TRUE,TRUE,FALSE,TRUE,NO ALTERATION,0.9,NO_GROWTH_DATA,12,0.32673285056828466,8,0.5086213708671175,9,0.40116600185674545,12,0.4043895896497086,8,0.5266963180810609,,,,,,unknown,unassigned,,,,no,
GFAP,ACH-001148,OCI-Ly13.2,lymphocyte,Lymphoma,top_k_union,B0_rna_mean;A1a_no_direct_protein;A1b_no_protein_evidence,8,0.4672320364674756,0.9082497021089315,4.871794761878147,,1,TRUE,FALSE,FALSE,FALSE,NO ALTERATION,0.85,NO_GROWTH_DATA; NO_GROWTH_PATTERN,8,0.45600572735549283,11,0.44947986825216896,8,0.4494798682521689,8,0.4909382015855022,12,0.44947986825216896,,,,,,unknown,unassigned,,,,no,
GFAP,ACH-000410,SaOS-2,bone,Bone Cancer,top_k_union,A0_team_baseline;A4_adaptive_trust,9,0.4672320364674756,0.9082497021089315,-0.446741226,3.731531337170816,2,TRUE,TRUE,FALSE,TRUE,NO ALTERATION,0.75,DISCONTINUED:ATCC; KCLB,1245,0.095415308,10,0.4538347635358091,669,0.18428419053717968,1110,0.20776967882867503,9,0.4991755633795853,,,,,,unknown,unassigned,,,,no,
GFAP,ACH-001198,SNB-19,central_nervous_system,Brain Cancer,top_k_union,A0_team_baseline;A4_adaptive_trust,9,0.4672320364674756,0.9082497021089315,0.3839022734919735,3.410474726025057,1,FALSE,FALSE,TRUE,TRUE,NO ALTERATION,0.3,PROBLEMATIC:contaminated; DISCONTINUED:ATCC; JCRB; NO_GROWTH_PATTERN,226,0.1517319505029337,9,0.45773407136399896,204,0.2234347417222786,755,0.232305491,10,0.49714529906289234,,,,,,unknown,unassigned,,,,no,
GFAP,ACH-001380,PaCaDD-165,pancreas,Pancreatic Cancer,top_k_union,B0_rna_mean;A1a_no_direct_protein;A1b_no_protein_evidence,9,0.4672320364674756,0.9082497021089315,3.923118416,,1,TRUE,FALSE,FALSE,FALSE,NO ALTERATION,1,,9,0.3916865985756095,13,0.3948086087892681,10,0.3948086087892681,9,0.4362669421226014,14,0.3948086087892681,,,,,,unknown,unassigned,,,,no,
GFAP,ACH-001605,Onda 10,central_nervous_system,Brain Cancer,top_k_union,B0_rna_mean;A1b_no_protein_evidence,10,0.4672320364674756,0.9082497021089315,3.711328378,,1,TRUE,FALSE,FALSE,FALSE,NO ALTERATION,0.9,NO_GROWTH_DATA,10,0.37732748573064123,14,0.38260336287104507,12,0.38260336287104507,10,0.4240616962043784,17,0.38260336287104507,,,,,,unknown,unassigned,,,,no,
PTPRC,ACH-000068,REC-1,lymphocyte,Lymphoma,top_k_union,B0_rna_mean;A0_team_baseline;A1a_no_direct_protein;A1b_no_protein_evidence;A4_adaptive_trust,1,0.8913273507674984,1,3.5002896998896773,3.874635295216797,3,TRUE,TRUE,TRUE,TRUE,NO ALTERATION,0.9,NO_GROWTH_PATTERN; CAUTION,10,0.8859022823363313,1,0.9283734070128185,3,0.899394588,8,0.9030169399858816,1,0.9283734070128185,,,,,,unknown,expression_suitability,insufficient_external_evidence,https://www.cellosaurus.org/CVCL_1884,"Cellosaurus confirms that REC-1 is CVCL_1884, maps it to DepMap ACH-000068 and identifies it as a mantle cell lymphoma cell line. No direct external REC-1-specific CD45/PTPRC RNA or protein assay was verified in the accessible sources reviewed.",no,"Do not classify REC-1 as PTPRC-positive solely from its lymphoma lineage, CD19/CD20 phenotype or local RNA/protein values. Exclude it from the formal gold standard until a direct REC-1 CD45 RNA or protein assay is verified."
PTPRC,ACH-000918,MOLT-16,blood,Leukemia,top_k_union,B0_rna_mean;A0_team_baseline;A1a_no_direct_protein;A1b_no_protein_evidence;A4_adaptive_trust,1,0.8913273507674984,1,4.040079216943603,,2,TRUE,TRUE,FALSE,FALSE,FUSION,0.9,NO_GROWTH_PATTERN; CAUTION,1,1,2,0.925,1,0.9249999999999999,1,0.9766666666666666,2,0.925,,,,,,unknown,expression_suitability,insufficient_external_evidence,https://www.cellosaurus.org/CVCL_1424;https://www.dsmz.de/collection/catalogue/details/culture/ACC-29,"Cellosaurus confirms that MOLT-16 is CVCL_1424 and identifies it as a T-cell acute lymphoblastic leukaemia cell line. DSMZ reports multiple T-cell immunophenotypic markers, but the accessible immunology panel does not report CD45/PTPRC, and no direct cell-line-specific CD45 assay was verified.",no,T-cell lineage alone is insufficient to create a PTPRC-positive gold label. Keep MOLT-16 as unknown and exclude it from formal metric calculation until direct CD45 RNA or protein evidence is verified.
PTPRC,ACH-000371,RL,lymphocyte,Lymphoma,top_k_union,B0_rna_mean;A0_team_baseline;A1a_no_direct_protein;A1b_no_protein_evidence;A4_adaptive_trust,2,0.8913273507674984,1,3.553933429624667,3.0495088658186624,3,TRUE,TRUE,TRUE,TRUE,FUSION,0.85,SLOW_GROWTH:192h,7,0.8972411967397348,3,0.8931783078620721,2,0.9104909384102521,6,0.9126550172287746,3,0.8931783078620721,,,,,,positive,expression_suitability,protein_expression,https://www.cellosaurus.org/CVCL_1660;https://www.atcc.org/products/crl-2261;https://doc.abcam.com/legacy-unpublished/datasheets/com/datasheet_18613.pdf,"Cellosaurus confirms that RL is CVCL_1660 and maps it to DepMap ACH-000371. ATCC reports Hle-1-positive antigen expression in RL, and the Hle-1 antibody is an anti-CD45 antibody, providing direct evidence of cell-surface CD45/PTPRC expression.",yes,Suitable as a PTPRC/CD45 protein-expression positive reference. The label is supported by direct cell-surface antigen testing rather than inferred from lymphoma lineage or internal RNA/proteomics values.
PTPRC,ACH-001197,SMZ-1,lymphocyte,Lymphoma,top_k_union,B0_rna_mean;A0_team_baseline;A1a_no_direct_protein;A1b_no_protein_evidence;A4_adaptive_trust,2,0.8913273507674984,1,3.9111443265576593,,1,TRUE,FALSE,FALSE,FALSE,NO ALTERATION,0.95,NO_GROWTH_PATTERN,2,0.9727464571736361,5,0.8887094885975908,4,0.8887094885975907,2,0.9301678219309241,5,0.8887094885975908,,,,,,unknown,expression_suitability,insufficient_external_evidence,https://www.cellosaurus.org/CVCL_RL84;https://pubmed.ncbi.nlm.nih.gov/1316225/,"Cellosaurus confirms that SMZ-1 is CVCL_RL84 and maps it to DepMap ACH-001197. The original cell-line characterization reported several T-cell antigens, including CD2, CD3 and CD4, but did not report a direct CD45/PTPRC result. No independent SMZ-1-specific CD45 RNA or protein assay was verified.",no,Do not infer PTPRC positivity solely from the T-cell lymphoma lineage or the expression of other T-cell markers. Keep SMZ-1 as unknown and exclude it from formal metric calculation until a direct cell-line-specific CD45 assay is verified.
PTPRC,ACH-000122,SUP-T11,blood,Leukemia,top_k_union,B0_rna_mean;A0_team_baseline;A1a_no_direct_protein;A1b_no_protein_evidence;A4_adaptive_trust,3,0.8913273507674984,1,3.7647229337380077,,2,TRUE,TRUE,FALSE,FALSE,NO ALTERATION,1,,3,0.9417967143386177,8,0.8755272071878251,5,0.875527207,3,0.9271938738544916,8,0.8755272071878251,,,,,,positive,expression_suitability,protein_expression,https://www.cellosaurus.org/CVCL_2210;https://pmc.ncbi.nlm.nih.gov/articles/PMC7585232/,"Cellosaurus confirms that SUP-T11 is CVCL_2210 and maps it to DepMap ACH-000122. An independent immunophenotyping study reported intense CD45RA expression in SUP-T11 cells and used anti-human CD45 antibodies to identify SUP-T11 cells, providing direct evidence of CD45/PTPRC protein expression.",yes,Suitable as a PTPRC/CD45 protein-expression positive reference. CD45RA is a cell-surface isoform of the PTPRC gene product. The external immunophenotyping evidence is independent of the local RNA ranking.
PTPRC,ACH-000104,Loucy,blood,Leukemia,top_k_union,B0_rna_mean;A0_team_baseline;A1a_no_direct_protein;A1b_no_protein_evidence;A4_adaptive_trust,4,0.8913273507674984,1,3.653226681668242,,2,TRUE,TRUE,FALSE,FALSE,NO ALTERATION,1,,4,0.9182292542689133,10,0.8554948661285765,6,0.8554948661285763,7,0.9071615327952429,10,0.8554948661285765,,,,,,positive,expression_suitability,protein_expression,https://www.cellosaurus.org/CVCL_1380;https://jci.org/articles/view/141566,"Cellosaurus confirms that Loucy is CVCL_1380 and maps it to DepMap ACH-000104. An independent xenograft study quantified human CD45-positive cells by flow cytometry after inoculation with transduced LOUCY cells, providing direct evidence that the Loucy cells express cell-surface CD45/PTPRC protein.",yes,Suitable as a PTPRC/CD45 protein-expression positive reference. The evidence comes from anti-human CD45 flow cytometry in a Loucy xenograft model. Local RNA values are retained only as an internal consistency check.
PTPRC,ACH-000534,WSU-DLCL2,lymphocyte,Lymphoma,top_k_union,B0_rna_mean;A1a_no_direct_protein;A1b_no_protein_evidence,4,0.8913273507674984,1,3.579557120800061,,3,TRUE,TRUE,TRUE,FALSE,NO ALTERATION,0.95,NO_GROWTH_PATTERN,5,0.9026573906243208,11,0.8553837820306728,7,0.8553837820306727,4,0.9172587820306727,11,0.8553837820306728,,,,,,unknown,expression_suitability,insufficient_external_evidence,https://www.cellosaurus.org/CVCL_1902,"Cellosaurus confirms that WSU-DLCL2 is CVCL_1902, maps it to DepMap ACH-000534 and identifies it as a diffuse large B-cell lymphoma cell line. No direct external WSU-DLCL2-specific CD45/PTPRC RNA or protein assay was verified in the accessible sources reviewed.",no,Do not infer PTPRC positivity solely from the B-cell lymphoma lineage or expression of other B-cell markers such as CD20. Keep WSU-DLCL2 as unknown and exclude it from formal metric calculation until a direct cell-line-specific CD45 assay is verified.
PTPRC,ACH-000641,CMK,blood,Leukemia,top_k_union,A0_team_baseline;A4_adaptive_trust,4,0.8913273507674984,1,3.1491447282633174,3.975645916407338,3,TRUE,TRUE,TRUE,TRUE,NO ALTERATION,1,,30,0.8116792035883258,4,0.8893615321081415,14,0.8328652931846391,23,0.8399273230500769,4,0.8893615321081415,,,,,,unknown,expression_suitability,insufficient_external_evidence,https://www.cellosaurus.org/CVCL_0216,"Cellosaurus confirms that CMK is CVCL_0216, maps it to DepMap ACH-000641 and identifies it as an acute megakaryocytic leukemia cell line. Accessible CMK studies primarily used megakaryocytic, myeloid or c-kit markers, and no unambiguous CMK-specific CD45/PTPRC result was verified.",no,Do not infer CD45 status from the acute megakaryocytic leukemia diagnosis because CD45 expression can be heterogeneous in this disease. The local RNA and protein values cannot independently create an external gold label. Exclude CMK from formal metric calculation until a direct assay is verified.
PTPRC,ACH-000338,SR,lymphocyte,Lymphoma,top_k_union,B0_rna_mean;A1a_no_direct_protein;A1b_no_protein_evidence,5,0.8913273507674984,1,3.5643210697086416,,3,TRUE,TRUE,TRUE,FALSE,NO ALTERATION,0.7,DISCONTINUED:DepMap; NO_GROWTH_PATTERN,6,0.8994368785528272,12,0.8526463467699031,8,0.852646347,5,0.914521347,12,0.8526463467699031,,,,,,positive,expression_suitability,protein_expression,https://www.cellosaurus.org/CVCL_1711;https://www.atcc.org/products/crl-2262;https://doc.abcam.com/legacy-unpublished/datasheets/com/datasheet_18613.pdf,"Cellosaurus confirms that SR is CVCL_1711 and maps it to DepMap ACH-000338. ATCC reports Hle-1-positive antigen expression in SR, and Hle-1 is an anti-CD45 antibody, providing direct evidence of cell-surface CD45/PTPRC protein expression.",yes,Suitable as a PTPRC/CD45 protein-expression positive reference. The discontinued DepMap identifier and absent growth-pattern information affect practical assay suitability but do not invalidate the external CD45-positive biological label.
PTPRC,ACH-000365,SU-DHL-4,lymphocyte,Lymphoma,top_k_union,A0_team_baseline;A1a_no_direct_protein;A4_adaptive_trust,6,0.8913273507674984,1,3.2164515686463306,3.6007865379650768,3,TRUE,TRUE,TRUE,TRUE,MUTATION (HIGH-IMPACT),0.75,DISCONTINUED:ICLC,26,0.8259061506264385,6,0.8806704395232845,9,0.8479273406766423,16,0.8520202280324727,6,0.8806704395232845,,,,,,unknown,expression_suitability,conflicting_external_evidence,https://www.cellosaurus.org/CVCL_0539;https://acsjournals.onlinelibrary.wiley.com/doi/full/10.1002/%28SICI%291097-0142%2819971215%2980%3A12%2B%3C2425%3A%3AAID-CNCR14%3E3.0.CO%3B2-E;https://pmc.ncbi.nlm.nih.gov/articles/PMC5338041/,"Cellosaurus confirms SU-DHL-4 as CVCL_0539 and maps it to DepMap ACH-000365. One antibody-binding study reported strong binding of the anti-CD45 antibody YTH24.5 to the tested cell lines including SU-DHL-4, whereas an independent immunohistochemical study reported no CD45 staining in SU-DHL-4. These assay-specific results are conflicting.",no,Exclude SU-DHL-4 from formal metric calculation because direct external CD45 results conflict across antibody-binding and immunohistochemical assays. An additional authenticated flow-cytometry or western-blot result is required before assigning a positive or negative label.
PTPRC,ACH-000315,Karpas-422,lymphocyte,Lymphoma,top_k_union,A0_team_baseline;A4_adaptive_trust,7,0.8913273507674984,1,3.162634486512507,3.735784756445545,3,TRUE,TRUE,TRUE,TRUE,NO ALTERATION,0.55,DISCONTINUED:DSMZ; SLOW_GROWTH:90h; NO_GROWTH_PATTERN,29,0.8145305939533473,7,0.8801273140588535,11,0.8369543892605582,22,0.8423510048603452,7,0.8801273140588535,,,,,,positive,expression_suitability,protein_expression,https://www.cellosaurus.org/CVCL_1325;https://pubmed.ncbi.nlm.nih.gov/2297573/;https://www.researchgate.net/publication/20857657_A_New_Human_B-Cell_Non-Hodgkin%27s_Lymphoma_Cell_Line_Karpas_422_Exhibiting_Both_t_1418_and_t4ll_Chromosomal_Translocations,"Cellosaurus confirms Karpas-422 as CVCL_1325 and maps it to DepMap ACH-000315. The original cell-line characterization study used flow cytometry and reported strong CD45 and CD45R expression, with both markers scored as strongly positive in Table 1.",yes,"Suitable as a PTPRC/CD45 protein-expression positive reference. The discontinued DSMZ record, slow growth and missing growth-pattern information affect practical assay suitability but do not invalidate the biological positive label."
PTPRC,ACH-000612,HuT 102,lymphocyte,Lymphoma,top_k_union,B0_rna_mean;A1b_no_protein_evidence,8,0.8913273507674984,1,3.549881012532391,,2,TRUE,TRUE,FALSE,FALSE,NO ALTERATION,0.7,DISCONTINUED:ATCC; KCLB; RCB; CAUTION,8,0.8963846192652899,14,0.8369269263754965,12,0.8369269263754964,9,0.8885935930421631,14,0.8369269263754965,,,,,,positive,expression_suitability,protein_expression,https://www.cellosaurus.org/CVCL_3526;https://www.oncotarget.com/article/21619/text/,Cellosaurus confirms HuT 102 as CVCL_3526 and maps it to DepMap ACH-000612. An independent CTCL cell-line study included Hut102 and reported that the CD45RO protein isoform was strongly expressed in all examined cell lines using immunohistochemical analysis of xenograft tumors.,yes,Suitable as a PTPRC/CD45 protein-expression positive reference. The external result specifically measures the CD45RO protein isoform in xenograft tissue rather than total CD45 in cultured cells; this distinction should be retained in the audit record.
PTPRC,ACH-000487,F-36P,blood,Leukemia,top_k_union,A0_team_baseline;A4_adaptive_trust,9,0.8913273507674984,1,3.1339707673844637,3.528239919362165,3,TRUE,TRUE,TRUE,TRUE,NO ALTERATION,1,,31,0.8084718158019822,9,0.8671281890138007,13,0.8329257369199541,24,0.8372010434316849,9,0.8671281890138007,,,,,,positive,expression_suitability,protein_expression,https://www.cellosaurus.org/CVCL_2037;https://www.culturecollections.org.uk/nop/product/f-36p,"Cellosaurus confirms F-36P as CVCL_2037 and maps it to DepMap ACH-000487. The authenticated ECACC cell-bank record reports that F-36P is positive for leukocyte common antigen CD45, together with CD13, CD33 and CD34.",yes,"Suitable as a PTPRC/CD45 protein-expression positive reference based on the authenticated ECACC immunophenotype record. F-36P is cytokine-dependent, but this culture requirement does not invalidate the CD45-positive biological label."
PTPRC,ACH-001060,DL-40,lymphocyte,Lymphoma,top_k_union,B0_rna_mean,9,0.8913273507674984,1,3.501044535309791,,1,TRUE,FALSE,FALSE,FALSE,NO ALTERATION,0.55,DISCONTINUED:JCRB; SLOW_GROWTH:72h; NO_GROWTH_PATTERN,9,0.8860618352656225,17,0.8150275599757792,17,0.8150275599757791,14,0.8564858933091125,17,0.8150275599757792,,,,,,unknown,expression_suitability,insufficient_external_evidence,https://www.cellosaurus.org/CVCL_2889;https://cellbank.nibn.go.jp/~cellbank/en/search_res_det.cgi?ID=6208,"Cellosaurus and JCRB confirm DL-40 as CVCL_2889, map it to DepMap ACH-001060 and identify it as an ALK-negative anaplastic large-cell lymphoma line. The accessible authenticated cell-bank record documents CD30-associated and T-cell characteristics but does not provide a direct DL-40-specific CD45/PTPRC assay result.",no,Do not infer CD45 positivity solely from the T-cell lymphoma lineage or from commercial descriptions without a traceable assay. Exclude DL-40 from formal metric calculation until a primary study or authenticated cell-bank record directly reports CD45/PTPRC measurement.
PTPRC,ACH-000611,SU-DHL-6,lymphocyte,Lymphoma,top_k_union,A1a_no_direct_protein,10,0.8913273507674984,1,3.1686344548010084,2.905247563671117,3,TRUE,TRUE,TRUE,TRUE,NO ALTERATION,1,,28,0.8157988340101544,13,0.8430031149093583,10,0.8433816873531564,21,0.8434290089086313,13,0.8430031149093583,,,,,,positive,expression_suitability,protein_expression,https://www.cellosaurus.org/CVCL_2206;https://pmc.ncbi.nlm.nih.gov/articles/PMC5338041/,"Cellosaurus confirms SU-DHL-6 as CVCL_2206 and maps it to DepMap ACH-000611. An independent immunohistochemical study detected CD45 in SU-DHL-6 at all tested antibody concentrations with or without antigen retrieval, and Table 5 reports a strong LCA/CD45 staining score of +3.",yes,Suitable as a PTPRC/CD45 protein-expression positive reference based on direct immunohistochemical detection. The result contrasts with the CD45-negative staining reported for SU-DHL-4 in the same experiment.
PTPRC,ACH-000914,HT,lymphocyte,Lymphoma,top_k_union,A1b_no_protein_evidence,10,0.8913273507674984,1,3.384848722854951,,3,TRUE,TRUE,TRUE,FALSE,NO ALTERATION,0.95,NO_GROWTH_PATTERN,11,0.861501008,15,0.8204008569338207,15,0.8204008569338206,10,0.8822758569338206,15,0.8204008569338207,,,,,,positive,expression_suitability,protein_expression,https://www.cellosaurus.org/CVCL_1290;https://www.atcc.org/products/crl-2260;https://doc.abcam.com/legacy-unpublished/datasheets/com/datasheet_18613.pdf,"Cellosaurus confirms HT as CVCL_1290 and maps it to DepMap ACH-000914. ATCC reports Hle-1-positive antigen expression in HT, and Hle-1 is an anti-CD45 antibody, providing direct evidence of cell-surface CD45/PTPRC protein expression.",yes,Suitable as a PTPRC/CD45 protein-expression positive reference based on the authenticated ATCC immunophenotype. Missing growth-pattern information affects practical assay documentation but does not invalidate the biological positive label.
MSLN,ACH-002027,HOUA-I,uterus,Endometrial/Uterine Cancer,top_k_union,B0_rna_mean;A0_team_baseline;A1a_no_direct_protein;A1b_no_protein_evidence;A4_adaptive_trust,1,0.855017226,1,3.547555576,,1,TRUE,FALSE,FALSE,FALSE,NO ALTERATION,1,,1,1,1,0.9118750000000001,1,0.911875,1,0.9533333333333334,1,0.9118750000000001,,,,,,unknown,expression_suitability,insufficient_external_evidence,https://www.cellosaurus.org/CVCL_3867;https://cellbank.brc.riken.jp/cell_bank/CellInfo/?cellNo=RCB0659,Cellosaurus and RIKEN BRC confirm the identity of HOUA-I as CVCL_3867 and an endometrial carcinoma cell line. These sources provide identity and provenance information only; neither source reports a direct HOUA-I-specific MSLN/mesothelin assay result.,no,"Identity verified, but MSLN expression status remains unknown. Exclude this row from formal metric calculation."
MSLN,ACH-000247,OCUM-1,gastric,Gastric Cancer,top_k_union,A0_team_baseline;A1a_no_direct_protein;A1b_no_protein_evidence;A4_adaptive_trust,2,0.855017226,1,2.873143257356066,2.4052869843445484,3,TRUE,TRUE,TRUE,TRUE,NO ALTERATION,0.95,NO_GROWTH_PATTERN,11,0.8558871844204391,2,0.8747257082849229,3,0.8771953958159898,6,0.8775041067573732,2,0.8747257082849229,,,,,,unknown,expression_suitability,insufficient_external_evidence,https://www.cellosaurus.org/CVCL_3084;https://cellbank.nibn.go.jp/~cellbank/en/search_res_det.cgi?ID=2035,Cellosaurus and JCRB confirm the identity of OCUM-1 as CVCL_3084 and JCRB0192 and identify it as a gastric cancer cell line. The authenticated JCRB record reports several other tumor markers but does not report a direct OCUM-1-specific MSLN/mesothelin assay result.,no,"Identity verified, but MSLN expression status remains unknown. Do not use the local DepMap-derived expression values as external evidence. Exclude this row from formal metric calculation."
MSLN,ACH-000443,OVKATE,ovary,Ovarian Cancer,top_k_union,B0_rna_mean;A0_team_baseline;A1a_no_direct_protein;A1b_no_protein_evidence;A4_adaptive_trust,2,0.855017226,1,3.078297844719035,,2,TRUE,TRUE,FALSE,FALSE,NO ALTERATION,0.5,DISCONTINUED:JCRB; SLOW_GROWTH:96h; NO_GROWTH_PATTERN; CAUTION,2,0.8997259524845342,6,0.8397670596118542,7,0.83976706,2,0.8914337262785208,6,0.8397670596118542,,,,,,unknown,expression_suitability,insufficient_external_evidence,https://www.cellosaurus.org/CVCL_3110,"Cellosaurus confirms the identity of OVKATE as CVCL_3110 and DepMap ACH-000443. However, no directly traceable OVKATE-specific MSLN/mesothelin protein or RNA assay result was identified from the reviewed external sources.",no,"Identity verified, but MSLN expression status remains unknown. Exclude this row from formal metric calculation."
MSLN,ACH-000635,SNU-119,ovary,Ovarian Cancer,top_k_union,B0_rna_mean;A0_team_baseline;A1a_no_direct_protein;A1b_no_protein_evidence;A4_adaptive_trust,2,0.855017226,1,3.0383099100724813,1.9841987760926776,2,TRUE,TRUE,FALSE,TRUE,NO ALTERATION,0.95,NO_GROWTH_PATTERN,3,0.8911810702332253,5,0.8484113564911858,2,0.8892714037863465,4,0.8841705763649081,5,0.8484113564911858,,,,,,unknown,expression_suitability,insufficient_external_evidence,https://www.cellosaurus.org/CVCL_5014,"Cellosaurus confirms SNU-119 as CVCL_5014 and maps it to DepMap ACH-000635. Although the entry lists transcriptomic and proteomic datasets, it does not report a directly interpretable SNU-119-specific MSLN/mesothelin assay result.",no,"Identity verified, but MSLN expression status remains unknown. Dataset participation alone is not treated as external expression evidence. Exclude this row from formal metric calculation."
MSLN,ACH-000107,Capan-2,pancreas,Pancreatic Cancer,top_k_union,B0_rna_mean;A0_team_baseline;A1a_no_direct_protein;A1b_no_protein_evidence;A4_adaptive_trust,3,0.855017226,1,2.923627256,,3,TRUE,TRUE,TRUE,FALSE,NO ALTERATION,0.8,SLOW_GROWTH:70h; CAUTION,8,0.8666749339539165,8,0.824798694,9,0.824798694,3,0.8866736938608291,8,0.824798694,,,,,,positive,expression_suitability,protein_expression;cell_surface_expression,https://www.cellosaurus.org/CVCL_0026;https://pmc.ncbi.nlm.nih.gov/articles/PMC7912898/,"Cellosaurus confirms Capan-2 as CVCL_0026 and maps it to DepMap ACH-000107. An independent study measured mesothelin by western blotting, FACS and immunocytochemistry and reported that Capan-2 showed the strongest mesothelin expression among four pancreatic cancer cell lines.",yes,Suitable as an MSLN-high expression positive reference. The slow-growth warning affects practical assay planning but does not invalidate the biological positive label.
MSLN,ACH-000400,SK-CO-1,colorectal,Colon/Colorectal Cancer,top_k_union,A0_team_baseline;A1a_no_direct_protein;A1b_no_protein_evidence;A4_adaptive_trust,3,0.855017226,1,2.852273944104365,2.341342841892456,3,TRUE,TRUE,TRUE,TRUE,NO ALTERATION,1,,12,0.8514276936771021,3,0.8676905947404865,4,0.8730443235271979,7,0.8737135396255368,3,0.8676905947404865,,,,,,unknown,unassigned,,,,no,
MSLN,ACH-000427,NCI-N87,gastric,Gastric Cancer,top_k_union,A0_team_baseline;A1a_no_direct_protein;A4_adaptive_trust,4,0.855017226,1,2.7040867221859552,2.3414279163793403,3,TRUE,TRUE,TRUE,TRUE,NO ALTERATION,0.7,DISCONTINUED:KCLB; CAUTION,22,0.8197620831965031,4,0.8504303956650457,6,0.8462788242958822,15,0.8467977707170277,4,0.8504303956650457,,,,,,unknown,unassigned,,,,no,
MSLN,ACH-002172,NCI-H322M,lung,Lung Cancer,top_k_union,B0_rna_mean;A1b_no_protein_evidence,4,0.855017226,1,3.022799834561127,,1,FALSE,FALSE,TRUE,FALSE,NO ALTERATION,0.9,NO_GROWTH_PATTERN; CAUTION,4,0.8878667763061981,12,0.8165617598602685,11,0.8165617598602685,8,0.8580200931936018,12,0.8165617598602685,,,,,,unknown,unassigned,,,,no,
MSLN,ACH-000235,Panc 04.03,pancreas,Pancreatic Cancer,top_k_union,A0_team_baseline;A1a_no_direct_protein;A4_adaptive_trust,5,0.855017226,1,2.752425315416827,2.0085827925819464,3,TRUE,TRUE,TRUE,TRUE,NO ALTERATION,1,,17,0.8300913885482943,7,0.8320390835594802,5,0.8529622806319868,11,0.8555776802660502,7,0.8320390835594802,,,,,,unknown,unassigned,,,,no,
MSLN,ACH-000608,COV644,ovary,Ovarian Cancer,top_k_union,B0_rna_mean;A0_team_baseline;A1a_no_direct_protein;A1b_no_protein_evidence;A4_adaptive_trust,5,0.855017226,1,2.887453834238629,,3,TRUE,TRUE,TRUE,FALSE,NO ALTERATION,0.85,SLOW_GROWTH:188h,10,0.858945162,10,0.8182283874195792,10,0.818228387,5,0.880103387,10,0.8182283874195792,,,,,,unknown,unassigned,,,,no,
MSLN,ACH-002038,HSKT-C,ovary,Ovarian Cancer,top_k_union,B0_rna_mean,5,0.855017226,1,2.9978878403699314,,1,TRUE,FALSE,FALSE,FALSE,NO ALTERATION,1,,5,0.8825434191763393,13,0.8120369062998885,13,0.8120369062998883,12,0.8534952396332217,13,0.8120369062998885,,,,,,unknown,unassigned,,,,no,
MSLN,ACH-001562,Mero-95,lung,Lung Cancer,top_k_union,B0_rna_mean,6,0.855017226,1,2.9776411603001978,,1,TRUE,FALSE,FALSE,FALSE,NO ALTERATION,1,,6,0.8782169767455169,14,0.8083594302336895,14,0.8083594302336894,14,0.8498177635670228,14,0.8083594302336895,,,,,,unknown,unassigned,,,,no,
MSLN,ACH-001786,SNU-1544,colorectal,Colon/Colorectal Cancer,top_k_union,B0_rna_mean,7,0.855017226,1,2.9428793026144686,,1,TRUE,FALSE,FALSE,FALSE,NO ALTERATION,1,,7,0.8707888366480908,15,0.8020455111508773,15,0.8020455111508772,17,0.8435038444842106,15,0.8020455111508773,,,,,,unknown,unassigned,,,,no,
MSLN,ACH-000222,AsPC-1,pancreas,Pancreatic Cancer,top_k_union,A1a_no_direct_protein,8,0.855017226,1,2.633838612187801,1.994976156079633,3,TRUE,TRUE,TRUE,TRUE,NO ALTERATION,0.95,CAUTION,30,0.80475101,11,0.8180414695545786,8,0.8322609261237246,22,0.8340383581948678,11,0.8180414695545786,,,,,,unknown,unassigned,,,,no,
MSLN,ACH-000118,HuP-T3,pancreas,Pancreatic Cancer,top_k_union,A0_team_baseline;A4_adaptive_trust,9,0.855017226,1,2.222925232381034,2.8845652961040646,3,TRUE,TRUE,TRUE,TRUE,NO ALTERATION,1,,78,0.716944363,9,0.8214028750252229,39,0.7505455419465854,57,0.7594027085814151,9,0.8214028750252229,,,,,,unknown,unassigned,,,,no,
MSLN,ACH-000628,NCI-H596,lung,Lung Cancer,top_k_union,A1b_no_protein_evidence,9,0.855017226,1,2.761370150396804,,3,TRUE,TRUE,TRUE,FALSE,NO ALTERATION,1,,14,0.8320027791299003,17,0.7953273622604153,16,0.7953273622604152,9,0.8572023622604152,17,0.7953273622604153,,,,,,unknown,unassigned,,,,no,
MSLN,ACH-001084,HCT 8,colorectal,Colon/Colorectal Cancer,top_k_union,B0_rna_mean,9,0.855017226,1,2.9023548442817284,,1,FALSE,FALSE,TRUE,FALSE,NO ALTERATION,0.95,NO_GROWTH_PATTERN,9,0.8621293065220159,18,0.7946849105437136,17,0.7946849105437135,20,0.8361432438770469,18,0.7946849105437136,,,,,,unknown,unassigned,,,,no,
MSLN,ACH-000489,SW1116,colorectal,Colon/Colorectal Cancer,top_k_union,A1b_no_protein_evidence,10,0.855017226,1,2.7550804573604544,,3,TRUE,TRUE,TRUE,FALSE,NO ALTERATION,0.85,SLOW_GROWTH:116h,15,0.8306587565674066,19,0.7941849430822957,18,0.7941849430822956,10,0.8560599430822956,19,0.7941849430822957,,,,,,unknown,unassigned,,,,no,
MITF,ACH-000579,UACC-257,skin,Skin Cancer,top_k_union,B0_rna_mean;A0_team_baseline;A1a_no_direct_protein;A1b_no_protein_evidence;A4_adaptive_trust,1,0.5741562492978772,1,3.4845454070997675,3.4712737513348935,3,TRUE,TRUE,TRUE,TRUE,NO ALTERATION,0.95,NO_GROWTH_PATTERN,3,0.9906029455875545,1,0.9846086726681226,1,0.9911898558514992,1,0.9920125037494213,1,0.9846086726681226,,,,,,positive,expression_suitability,gene_amplification;protein_expression,https://www.cellosaurus.org/CVCL_1779;https://pmc.ncbi.nlm.nih.gov/articles/PMC3203758/;https://pmc.ncbi.nlm.nih.gov/articles/PMC4823922/,Cellosaurus confirms UACC-257 as CVCL_1779 and maps it to DepMap ACH-000579. Independent studies describe UACC-257 as an MITF-amplified melanoma cell line and directly assessed MITF protein in UACC-257 by immunoblotting.,yes,Suitable as an MITF-positive reference supported by both gene amplification and direct protein measurement. The no-growth-pattern flag affects assay documentation but not the biological positive label.
MITF,ACH-000650,IGR-37,skin,Skin Cancer,top_k_union,B0_rna_mean;A0_team_baseline;A1a_no_direct_protein;A1b_no_protein_evidence;A4_adaptive_trust,1,0.5741562492978772,1,3.534004153898435,2.0240954242025504,2,TRUE,TRUE,FALSE,TRUE,NO ALTERATION,0.8,SLOW_GROWTH:72h; NO_GROWTH_PATTERN,1,1,8,0.9010706327216071,3,0.9773411814135119,4,0.9766666666666666,8,0.9010706327216071,,,,,,positive,expression_suitability,protein_expression,https://www.cellosaurus.org/CVCL_2075;https://genesdev.cshlp.org/content/38/1-2/70.full;https://ora.ox.ac.uk/objects/uuid%3A9265ac45-63b2-47e0-9739-af09900b095f/files/rq811kj88d,Cellosaurus confirms IGR-37 as CVCL_2075 and maps it to DepMap ACH-000650. Independent studies classify IGR-37 as an MITF-high or MITF-positive melanoma cell line and directly detect MITF protein by western blotting.,yes,Suitable as an MITF protein-expression positive reference. Its slow growth should be retained as a practical assay-planning consideration.
MITF,ACH-000423,SK-MEL-3,skin,Skin Cancer,top_k_union,A0_team_baseline;A1a_no_direct_protein;A4_adaptive_trust,2,0.5741562492978772,1,3.3311772866099263,3.6747111525871103,2,TRUE,TRUE,FALSE,TRUE,NO ALTERATION,1,,11,0.9614633359802935,2,0.9642347098884224,6,0.9526737106825105,12,0.9439105022499161,2,0.9642347098884224,,,,,,positive,expression_suitability,rna_expression;protein_expression,https://www.cellosaurus.org/CVCL_0550;https://pmc.ncbi.nlm.nih.gov/articles/PMC6704444/;https://www.spandidos-publications.com/10.3892/ijo.2016.3596/download,"Cellosaurus confirms SK-MEL-3 as CVCL_0550 and maps it to DepMap ACH-000423. Independent studies measured endogenous MITF in SK-MEL-3, including MITF protein by western blotting and treatment-associated changes at both mRNA and protein levels.",yes,Suitable as an MITF expression-positive reference based on direct protein and RNA measurements.
MITF,ACH-000730,SK-MEL-5,skin,Skin Cancer,top_k_union,B0_rna_mean;A0_team_baseline;A1a_no_direct_protein;A1b_no_protein_evidence;A4_adaptive_trust,2,0.5741562492978772,1,3.430984640521301,2.779761742517536,3,TRUE,TRUE,TRUE,TRUE,NO ALTERATION,1,,5,0.9804265163310877,3,0.943446212,2,0.9789273914732914,2,0.9833625388814246,3,0.943446212,,,,,,unknown,unassigned,,,,no,
MITF,ACH-000801,Hs 936.T,skin,Skin Cancer,top_k_union,B0_rna_mean;A0_team_baseline;A1a_no_direct_protein;A1b_no_protein_evidence;A4_adaptive_trust,2,0.5741562492978772,1,3.5184362384747683,,2,TRUE,TRUE,FALSE,FALSE,NO ALTERATION,0.65,DISCONTINUED:ATCC; NO_GROWTH_DATA,2,0.9970421299002973,5,0.9224858104152527,9,0.9224858104152526,6,0.9741524770819192,5,0.9224858104152527,,,,,,unknown,unassigned,,,,no,
MITF,ACH-000987,MeWo,skin,Skin Cancer,top_k_union,B0_rna_mean;A1a_no_direct_protein;A1b_no_protein_evidence,3,0.5741562492978772,1,3.4056430061531198,1.4603110355182671,3,TRUE,TRUE,TRUE,TRUE,NO ALTERATION,1,,7,0.9756116608712944,16,0.8723892650460289,5,0.9673942843300922,3,0.9792699117406002,16,0.8723892650460289,,,,,,unknown,unassigned,,,,no,
MITF,ACH-000615,SK-MEL-28,skin,Skin Cancer,top_k_union,B0_rna_mean;A0_team_baseline;A1a_no_direct_protein;A1b_no_protein_evidence;A4_adaptive_trust,4,0.5741562492978772,1,3.374541801516988,2.5260846046694163,3,TRUE,TRUE,TRUE,TRUE,NO ALTERATION,0.75,DISCONTINUED:RCB; TKG,10,0.9697024995767708,4,0.9247631919734828,4,0.9687489098995027,5,0.9742471246402552,4,0.9247631919734828,,,,,,unknown,unassigned,,,,no,
MITF,ACH-001522,HMY-1,skin,Skin Cancer,top_k_union,B0_rna_mean;A0_team_baseline;A1b_no_protein_evidence;A4_adaptive_trust,4,0.5741562492978772,1,3.4691730634689595,,2,TRUE,TRUE,FALSE,FALSE,FUSION,0.75,DISCONTINUED:JCRB,4,0.987682234,6,0.9145298986479716,11,0.9145298986479715,7,0.9661965653146383,6,0.9145298986479716,,,,,,unknown,unassigned,,,,no,
MITF,ACH-000450,Mel Ho,skin,Skin Cancer,top_k_union,B0_rna_mean;A0_team_baseline;A1b_no_protein_evidence;A4_adaptive_trust,6,0.5741562492978772,1,3.4100974787028977,,2,TRUE,TRUE,FALSE,FALSE,NO ALTERATION,0.6,PROBLEMATIC:contaminated,6,0.976458001,7,0.9049893008293391,12,0.904989301,9,0.9566559674960058,7,0.9049893008293391,,,,,,unknown,unassigned,,,,no,
MITF,ACH-000582,COLO 741,skin,Skin Cancer,top_k_union,A1a_no_direct_protein;A1b_no_protein_evidence,7,0.5741562492978772,1,3.239883513418736,1.2991903564415428,3,TRUE,TRUE,TRUE,TRUE,NO ALTERATION,0.6,PROBLEMATIC:misclassified,17,0.9441177174653864,24,0.8478730427816541,7,0.9408748357273646,10,0.9525000598455785,24,0.8478730427816541,,,,,,unknown,unassigned,,,,no,
MITF,ACH-000572,G-361,skin,Skin Cancer,top_k_union,A0_team_baseline;A1b_no_protein_evidence;A4_adaptive_trust,8,0.5741562492978772,1,3.300303989554502,,3,TRUE,TRUE,TRUE,FALSE,NO ALTERATION,0.9,NO_GROWTH_DATA,13,0.9555974766308362,9,0.9003828551362107,14,0.9003828551362107,8,0.9622578551362108,9,0.9003828551362107,,,,,,unknown,unassigned,,,,no,
MITF,ACH-000614,RVH-421,skin,Skin Cancer,top_k_union,A1a_no_direct_protein,8,0.5741562492978772,1,3.2595675181462678,0.578274802,2,TRUE,TRUE,FALSE,TRUE,NO ALTERATION,1,,16,0.9478576355881084,44,0.7991892185343862,8,0.9266245711703914,14,0.9323456569165587,44,0.7991892185343862,,,,,,unknown,unassigned,,,,no,
MITF,ACH-002084,MMAc,skin,Skin Cancer,top_k_union,B0_rna_mean,8,0.5741562492978772,1,3.3916370117736827,,1,TRUE,FALSE,FALSE,FALSE,NO ALTERATION,0.9,NO_GROWTH_DATA,8,0.9729505523757689,11,0.8888829695194036,16,0.8888829695194036,15,0.930341303,11,0.8888829695194036,,,,,,unknown,unassigned,,,,no,
MITF,ACH-002017,OMM-1,eye,Eye Cancer,top_k_union,B0_rna_mean,9,0.5741562492978772,1,3.3771523665512593,,1,TRUE,FALSE,FALSE,FALSE,NO ALTERATION,1,,9,0.9701985012602372,13,0.8865437260712017,18,0.8865437260712016,16,0.928002059,13,0.8865437260712017,,,,,,unknown,unassigned,,,,no,
MITF,ACH-000810,SK-MEL-30,skin,Skin Cancer,top_k_union,A1a_no_direct_protein,10,0.5741562492978772,1,3.2067995033213665,-0.014051418,2,TRUE,TRUE,FALSE,TRUE,NO ALTERATION,1,,19,0.9378318274420822,55,0.7632599508943293,10,0.9150573752778319,17,0.9238237199924364,55,0.7632599508943293,,,,,,unknown,unassigned,,,,no,
MITF,ACH-000882,IGR-1,skin,Skin Cancer,top_k_union,A0_team_baseline;A4_adaptive_trust,10,0.5741562492978772,1,2.991459492383525,2.919797296344483,2,TRUE,TRUE,FALSE,TRUE,NO ALTERATION,0.85,SLOW_GROWTH:100h,29,0.8969176933214412,10,0.8948024433830548,15,0.8987603064409839,30,0.8890467059898917,10,0.8948024433830548,,,,,,unknown,unassigned,,,,no,